candidate,fold,series_key,date,y,p
reference_2025,1,2025|Rounds 1-2|2025-05-04|KT Rolster|T1,2025-05-04 06:06:00,0,0.2842910885810852
reference_2025,1,2025|Rounds 1-2|2025-05-04|DN SOOPers|HANJIN BRION,2025-05-04 08:20:59,0,0.4662427306175232
reference_2025,1,2025|Rounds 1-2|2025-05-07|BNK FEARX|HANJIN BRION,2025-05-07 08:03:23,1,0.4489316940307617
reference_2025,1,2025|Rounds 1-2|2025-05-07|Dplus Kia|KT Rolster,2025-05-07 11:02:40,0,0.4113207459449768
reference_2025,1,2025|Rounds 1-2|2025-05-08|Kiwoom DRX|T1,2025-05-08 08:06:11,0,0.43218278884887695
reference_2025,1,2025|Rounds 1-2|2025-05-08|Gen.G|Nongshim RedForce,2025-05-08 10:16:11,1,0.8149535655975342
reference_2025,1,2025|Rounds 1-2|2025-05-09|DN SOOPers|KT Rolster,2025-05-09 08:06:29,0,0.538745641708374
reference_2025,1,2025|Rounds 1-2|2025-05-09|HANJIN BRION|Hanwha Life Esports,2025-05-09 10:06:12,0,0.1771286129951477
reference_2025,1,2025|Rounds 1-2|2025-05-10|Dplus Kia|T1,2025-05-10 06:05:23,0,0.1346387416124344
reference_2025,1,2025|Rounds 1-2|2025-05-10|BNK FEARX|Gen.G,2025-05-10 08:12:35,0,0.29294660687446594
reference_2025,1,2025|Rounds 1-2|2025-05-11|DN SOOPers|Nongshim RedForce,2025-05-11 06:05:43,1,0.6250684261322021
reference_2025,1,2025|Rounds 1-2|2025-05-11|Hanwha Life Esports|Kiwoom DRX,2025-05-11 09:23:56,1,0.7431769967079163
reference_2025,1,2025|Rounds 1-2|2025-05-14|BNK FEARX|Nongshim RedForce,2025-05-14 08:04:35,0,0.3593677878379822
reference_2025,1,2025|Rounds 1-2|2025-05-14|Dplus Kia|Kiwoom DRX,2025-05-14 10:57:54,1,0.41529351472854614
reference_2025,1,2025|Rounds 1-2|2025-05-15|Hanwha Life Esports|KT Rolster,2025-05-15 08:06:53,0,0.6371450424194336
reference_2025,1,2025|Rounds 1-2|2025-05-15|HANJIN BRION|T1,2025-05-15 11:18:14,0,0.20662209391593933
reference_2025,1,2025|Rounds 1-2|2025-05-16|BNK FEARX|Dplus Kia,2025-05-16 08:07:23,0,0.36893028020858765
reference_2025,1,2025|Rounds 1-2|2025-05-16|DN SOOPers|Gen.G,2025-05-16 10:15:50,0,0.20950207114219666
reference_2025,1,2025|Rounds 1-2|2025-05-17|Kiwoom DRX|Nongshim RedForce,2025-05-17 06:06:29,0,0.4198751449584961
reference_2025,1,2025|Rounds 1-2|2025-05-17|HANJIN BRION|KT Rolster,2025-05-17 09:01:31,0,0.4577571749687195
reference_2025,1,2025|Rounds 1-2|2025-05-18|DN SOOPers|Hanwha Life Esports,2025-05-18 06:04:32,0,0.2297331839799881
reference_2025,1,2025|Rounds 1-2|2025-05-18|Gen.G|T1,2025-05-18 08:21:01,1,0.5300480127334595
reference_2025,1,2025|Rounds 1-2|2025-05-21|Gen.G|Hanwha Life Esports,2025-05-21 08:06:27,1,0.5648953914642334
reference_2025,1,2025|Rounds 1-2|2025-05-21|DN SOOPers|Kiwoom DRX,2025-05-21 11:23:37,0,0.3155037760734558
reference_2025,1,2025|Rounds 1-2|2025-05-22|Dplus Kia|HANJIN BRION,2025-05-22 08:07:11,0,0.7738332748413086
reference_2025,1,2025|Rounds 1-2|2025-05-22|BNK FEARX|T1,2025-05-22 10:12:41,0,0.3147065043449402
reference_2025,1,2025|Rounds 1-2|2025-05-23|Gen.G|Kiwoom DRX,2025-05-23 08:07:24,1,0.6494783759117126
reference_2025,1,2025|Rounds 1-2|2025-05-23|KT Rolster|Nongshim RedForce,2025-05-23 10:20:15,1,0.5848293304443359
reference_2025,1,2025|Rounds 1-2|2025-05-24|Dplus Kia|Hanwha Life Esports,2025-05-24 06:04:59,1,0.5700688362121582
reference_2025,1,2025|Rounds 1-2|2025-05-24|DN SOOPers|T1,2025-05-24 09:07:30,0,0.2565411925315857
reference_2025,1,2025|Rounds 1-2|2025-05-25|HANJIN BRION|Nongshim RedForce,2025-05-25 06:04:05,0,0.5246389508247375
reference_2025,1,2025|Rounds 1-2|2025-05-25|BNK FEARX|KT Rolster,2025-05-25 09:10:27,0,0.47997817397117615
reference_2025,1,2025|Rounds 1-2|2025-05-28|BNK FEARX|DN SOOPers,2025-05-28 08:03:32,1,0.5974133014678955
reference_2025,1,2025|Rounds 1-2|2025-05-28|Hanwha Life Esports|T1,2025-05-28 11:13:02,1,0.41581207513809204
reference_2025,1,2025|Rounds 1-2|2025-05-29|HANJIN BRION|Kiwoom DRX,2025-05-29 08:06:13,0,0.4969261884689331
reference_2025,1,2025|Rounds 1-2|2025-05-29|Gen.G|KT Rolster,2025-05-29 11:54:37,1,0.6598362922668457
reference_2025,1,2025|Rounds 1-2|2025-05-30|Nongshim RedForce|T1,2025-05-30 08:06:20,1,0.5888856649398804
reference_2025,1,2025|Rounds 1-2|2025-05-30|DN SOOPers|Dplus Kia,2025-05-30 10:17:54,0,0.4732719659805298
reference_2025,1,2025|Rounds 1-2|2025-05-31|KT Rolster|Kiwoom DRX,2025-05-31 06:05:53,1,0.6694846153259277
reference_2025,1,2025|Rounds 1-2|2025-05-31|Gen.G|HANJIN BRION,2025-05-31 08:16:20,1,0.6721563339233398
reference_2025,1,2025|Rounds 1-2|2025-06-01|BNK FEARX|Hanwha Life Esports,2025-06-01 06:05:16,0,0.496570348739624
reference_2025,1,2025|Rounds 1-2|2025-06-01|Dplus Kia|Nongshim RedForce,2025-06-01 08:07:40,1,0.363217294216156
reference_2025,1,2025|Rounds 1-2|2025-06-04|Dplus Kia|KT Rolster,2025-06-04 08:08:19,0,0.5986670255661011
reference_2025,1,2025|Rounds 1-2|2025-06-07|Dplus Kia|KT Rolster,2025-06-07 06:06:28,0,0.31165143847465515
reference_2025,1,2025|Rounds 1-2|2025-06-08|KT Rolster|Nongshim RedForce,2025-06-08 06:07:06,1,0.7335433959960938
reference_2025,2,2025|Rounds 1-2|2025-06-13|Gen.G|Hanwha Life Esports,2025-06-13 08:18:23,1,0.38055554032325745
reference_2025,2,2025|Rounds 1-2|2025-06-14|KT Rolster|T1,2025-06-14 06:20:04,0,0.976956844329834
reference_2025,2,2025|Rounds 1-2|2025-06-15|Hanwha Life Esports|T1,2025-06-15 06:17:37,0,0.2990554869174957
reference_2025,2,2025|Rounds 3-5|2025-07-23|Dplus Kia|HANJIN BRION,2025-07-23 08:07:58,0,0.5069078207015991
reference_2025,2,2025|Rounds 3-5|2025-07-23|Gen.G|Hanwha Life Esports,2025-07-23 11:17:36,1,0.6419856548309326
reference_2025,2,2025|Rounds 3-5|2025-07-24|BNK FEARX|DN SOOPers,2025-07-24 08:05:02,1,0.5833356380462646
reference_2025,2,2025|Rounds 3-5|2025-07-24|KT Rolster|Nongshim RedForce,2025-07-24 10:11:20,1,0.49859368801116943
reference_2025,2,2025|Rounds 3-5|2025-07-25|Gen.G|T1,2025-07-25 08:11:59,0,0.49123838543891907
reference_2025,2,2025|Rounds 3-5|2025-07-25|HANJIN BRION|Kiwoom DRX,2025-07-25 11:15:42,1,0.40043073892593384
reference_2025,2,2025|Rounds 3-5|2025-07-26|BNK FEARX|Dplus Kia,2025-07-26 06:07:12,0,0.6791956424713135
reference_2025,2,2025|Rounds 3-5|2025-07-26|Hanwha Life Esports|KT Rolster,2025-07-26 08:31:59,1,0.5301909446716309
reference_2025,2,2025|Rounds 3-5|2025-07-27|DN SOOPers|Kiwoom DRX,2025-07-27 06:05:40,0,0.2658727169036865
reference_2025,2,2025|Rounds 3-5|2025-07-27|Nongshim RedForce|T1,2025-07-27 09:29:10,0,0.41600093245506287
reference_2025,2,2025|Rounds 3-5|2025-07-30|Dplus Kia|Kiwoom DRX,2025-07-30 08:07:21,1,0.8088961243629456
reference_2025,2,2025|Rounds 3-5|2025-07-30|KT Rolster|T1,2025-07-30 11:48:43,0,0.3498782217502594
reference_2025,2,2025|Rounds 3-5|2025-07-31|BNK FEARX|HANJIN BRION,2025-07-31 08:06:28,1,0.20606854557991028
reference_2025,2,2025|Rounds 3-5|2025-07-31|Hanwha Life Esports|Nongshim RedForce,2025-07-31 10:31:25,1,0.7483887672424316
reference_2025,2,2025|Rounds 3-5|2025-08-01|Gen.G|KT Rolster,2025-08-01 08:04:50,1,0.6659839749336243
reference_2025,2,2025|Rounds 3-5|2025-08-01|DN SOOPers|Dplus Kia,2025-08-01 10:25:35,0,0.11311408132314682
reference_2025,2,2025|Rounds 3-5|2025-08-02|Hanwha Life Esports|T1,2025-08-02 06:07:06,0,0.3499530553817749
reference_2025,2,2025|Rounds 3-5|2025-08-02|BNK FEARX|Kiwoom DRX,2025-08-02 08:31:55,0,0.6253701448440552
reference_2025,2,2025|Rounds 3-5|2025-08-03|DN SOOPers|HANJIN BRION,2025-08-03 06:07:00,0,0.7701175808906555
reference_2025,2,2025|Rounds 3-5|2025-08-03|Gen.G|Nongshim RedForce,2025-08-03 08:33:38,1,0.37988120317459106
reference_2025,2,2025|Rounds 3-5|2025-08-06|Hanwha Life Esports|Nongshim RedForce,2025-08-06 08:06:02,1,0.6897972226142883
reference_2025,2,2025|Rounds 3-5|2025-08-06|BNK FEARX|HANJIN BRION,2025-08-06 10:22:21,1,0.5530563592910767
reference_2025,2,2025|Rounds 3-5|2025-08-07|DN SOOPers|Kiwoom DRX,2025-08-07 08:06:22,1,0.4001671075820923
reference_2025,2,2025|Rounds 3-5|2025-08-07|Gen.G|T1,2025-08-07 11:20:03,1,0.4582228362560272
reference_2025,2,2025|Rounds 3-5|2025-08-08|BNK FEARX|Dplus Kia,2025-08-08 08:08:25,1,0.2403809130191803
reference_2025,2,2025|Rounds 3-5|2025-08-08|Hanwha Life Esports|KT Rolster,2025-08-08 10:27:25,1,0.5098778009414673
reference_2025,2,2025|Rounds 3-5|2025-08-09|HANJIN BRION|Kiwoom DRX,2025-08-09 06:11:11,1,0.26430660486221313
reference_2025,2,2025|Rounds 3-5|2025-08-09|Nongshim RedForce|T1,2025-08-09 09:16:24,0,0.36575764417648315
reference_2025,2,2025|Rounds 3-5|2025-08-10|Gen.G|KT Rolster,2025-08-10 06:06:45,1,0.78357994556427
reference_2025,2,2025|Rounds 3-5|2025-08-10|DN SOOPers|Dplus Kia,2025-08-10 08:19:07,0,0.18144086003303528
reference_2025,2,2025|Rounds 3-5|2025-08-13|KT Rolster|T1,2025-08-13 08:10:10,0,0.29953885078430176
reference_2025,2,2025|Rounds 3-5|2025-08-13|BNK FEARX|DN SOOPers,2025-08-13 10:08:55,1,0.609097421169281
reference_2025,2,2025|Rounds 3-5|2025-08-14|Gen.G|Nongshim RedForce,2025-08-14 08:07:37,1,0.7358801364898682
reference_2025,2,2025|Rounds 3-5|2025-08-14|Dplus Kia|Kiwoom DRX,2025-08-14 10:09:25,1,0.5386776328086853
reference_2025,2,2025|Rounds 3-5|2025-08-15|DN SOOPers|HANJIN BRION,2025-08-15 08:06:45,1,0.7801737189292908
reference_2025,2,2025|Rounds 3-5|2025-08-15|Hanwha Life Esports|T1,2025-08-15 11:15:30,0,0.31833282113075256
reference_2025,2,2025|Rounds 3-5|2025-08-16|KT Rolster|Nongshim RedForce,2025-08-16 06:05:19,1,0.2767617702484131
reference_2025,2,2025|Rounds 3-5|2025-08-16|BNK FEARX|Kiwoom DRX,2025-08-16 09:05:30,0,0.790839672088623
reference_2025,2,2025|Rounds 3-5|2025-08-17|Gen.G|Hanwha Life Esports,2025-08-17 06:07:44,1,0.9209274053573608
reference_2025,2,2025|Rounds 3-5|2025-08-17|Dplus Kia|HANJIN BRION,2025-08-17 09:10:43,0,0.5786867141723633
reference_2025,2,2025|Rounds 3-5|2025-08-20|DN SOOPers|Kiwoom DRX,2025-08-20 08:06:31,0,0.7253832817077637
reference_2025,2,2025|Rounds 3-5|2025-08-20|Gen.G|Nongshim RedForce,2025-08-20 10:33:21,1,0.7444226741790771
reference_2025,3,2025|Rounds 3-5|2025-08-21|Hanwha Life Esports|KT Rolster,2025-08-21 08:05:15,1,0.4045649468898773
reference_2025,3,2025|Rounds 3-5|2025-08-21|BNK FEARX|HANJIN BRION,2025-08-21 11:27:46,1,0.5145223140716553
reference_2025,3,2025|Rounds 3-5|2025-08-22|Nongshim RedForce|T1,2025-08-22 08:05:01,0,0.10251551121473312
reference_2025,3,2025|Rounds 3-5|2025-08-22|Dplus Kia|Kiwoom DRX,2025-08-22 10:59:29,1,0.4011302888393402
reference_2025,3,2025|Rounds 3-5|2025-08-23|Gen.G|Hanwha Life Esports,2025-08-23 06:06:52,1,0.6253084540367126
reference_2025,3,2025|Rounds 3-5|2025-08-23|DN SOOPers|HANJIN BRION,2025-08-23 09:20:22,1,0.42270949482917786
reference_2025,3,2025|Rounds 3-5|2025-08-24|BNK FEARX|Dplus Kia,2025-08-24 06:06:54,0,0.6144510507583618
reference_2025,3,2025|Rounds 3-5|2025-08-24|KT Rolster|T1,2025-08-24 08:27:55,1,0.40174123644828796
reference_2025,3,2025|Rounds 3-5|2025-08-27|Hanwha Life Esports|T1,2025-08-27 08:04:11,0,0.6351555585861206
reference_2025,3,2025|Rounds 3-5|2025-08-27|BNK FEARX|DN SOOPers,2025-08-27 11:21:15,1,0.5075933933258057
reference_2025,3,2025|Rounds 3-5|2025-08-28|Dplus Kia|HANJIN BRION,2025-08-28 08:08:10,1,0.7900459170341492
reference_2025,3,2025|Rounds 3-5|2025-08-28|Gen.G|KT Rolster,2025-08-28 10:12:22,1,0.5027645826339722
reference_2025,3,2025|Rounds 3-5|2025-08-29|BNK FEARX|Kiwoom DRX,2025-08-29 08:07:17,1,0.5978434085845947
reference_2025,3,2025|Rounds 3-5|2025-08-29|Hanwha Life Esports|Nongshim RedForce,2025-08-29 11:12:12,1,0.5352456569671631
reference_2025,3,2025|Rounds 3-5|2025-08-30|Gen.G|T1,2025-08-30 06:12:29,1,0.6551936864852905
reference_2025,3,2025|Rounds 3-5|2025-08-30|DN SOOPers|Dplus Kia,2025-08-30 09:32:44,0,0.26243674755096436
reference_2025,3,2025|Rounds 3-5|2025-08-31|KT Rolster|Nongshim RedForce,2025-08-31 06:06:31,1,0.6330228447914124
reference_2025,3,2025|Rounds 3-5|2025-08-31|HANJIN BRION|Kiwoom DRX,2025-08-31 08:29:18,1,0.4787343144416809
reference_2025,3,2025|Rounds 3-5|2025-09-03|HANJIN BRION|Nongshim RedForce,2025-09-03 08:08:06,0,0.617181658744812
reference_2025,3,2025|Rounds 3-5|2025-09-04|BNK FEARX|Dplus Kia,2025-09-04 08:08:41,1,0.577373743057251
reference_2025,3,2025|Rounds 3-5|2025-09-05|BNK FEARX|Nongshim RedForce,2025-09-05 08:07:35,1,0.5242025256156921
reference_2025,3,2025|Rounds 3-5|2025-09-06|Dplus Kia|HANJIN BRION,2025-09-06 06:09:11,1,0.492068886756897
reference_2025,3,2025|Rounds 3-5|2025-09-07|Dplus Kia|Nongshim RedForce,2025-09-07 06:09:43,1,0.6620200872421265
reference_2025,3,2025|Rounds 3-5|2025-09-10|Dplus Kia|T1,2025-09-10 08:11:38,0,0.8136471509933472
reference_2025,3,2025|Rounds 3-5|2025-09-11|BNK FEARX|KT Rolster,2025-09-11 08:09:47,0,0.5661721229553223
reference_2025,3,2025|Rounds 3-5|2025-09-13|Gen.G|KT Rolster,2025-09-13 06:11:13,0,0.6547110676765442
reference_2025,3,2025|Rounds 3-5|2025-09-14|Hanwha Life Esports|T1,2025-09-14 06:11:34,1,0.43264350295066833
reference_2025,3,2025|Rounds 3-5|2025-09-17|BNK FEARX|Dplus Kia,2025-09-17 08:12:41,0,0.5989577770233154
reference_2025,3,2025|Rounds 3-5|2025-09-18|Dplus Kia|T1,2025-09-18 08:13:43,0,0.6401767134666443
reference_2025,3,2025|Rounds 3-5|2025-09-20|Hanwha Life Esports|KT Rolster,2025-09-20 06:07:09,1,0.7021942138671875
reference_2025,3,2025|Rounds 3-5|2025-09-21|Gen.G|T1,2025-09-21 06:08:55,1,0.3196456730365753
reference_2025,3,2025|Rounds 3-5|2025-09-27|Gen.G|KT Rolster,2025-09-27 05:23:49,1,0.7429219484329224
reference_2025,3,2025|Rounds 3-5|2025-09-28|Gen.G|Hanwha Life Esports,2025-09-28 05:30:31,1,0.6252443790435791
pooled_2023_2025,1,2025|Rounds 1-2|2025-05-04|KT Rolster|T1,2025-05-04 06:06:00,0,0.20751599967479706
pooled_2023_2025,1,2025|Rounds 1-2|2025-05-04|DN SOOPers|HANJIN BRION,2025-05-04 08:20:59,0,0.37147757411003113
pooled_2023_2025,1,2025|Rounds 1-2|2025-05-07|BNK FEARX|HANJIN BRION,2025-05-07 08:03:23,1,0.30178701877593994
pooled_2023_2025,1,2025|Rounds 1-2|2025-05-07|Dplus Kia|KT Rolster,2025-05-07 11:02:40,0,0.4335991144180298
pooled_2023_2025,1,2025|Rounds 1-2|2025-05-08|Kiwoom DRX|T1,2025-05-08 08:06:11,0,0.3925834894180298
pooled_2023_2025,1,2025|Rounds 1-2|2025-05-08|Gen.G|Nongshim RedForce,2025-05-08 10:16:11,1,0.9505445957183838
pooled_2023_2025,1,2025|Rounds 1-2|2025-05-09|DN SOOPers|KT Rolster,2025-05-09 08:06:29,0,0.5424892902374268
pooled_2023_2025,1,2025|Rounds 1-2|2025-05-09|HANJIN BRION|Hanwha Life Esports,2025-05-09 10:06:12,0,0.07788009941577911
pooled_2023_2025,1,2025|Rounds 1-2|2025-05-10|Dplus Kia|T1,2025-05-10 06:05:23,0,0.03923293575644493
pooled_2023_2025,1,2025|Rounds 1-2|2025-05-10|BNK FEARX|Gen.G,2025-05-10 08:12:35,0,0.19332505762577057
pooled_2023_2025,1,2025|Rounds 1-2|2025-05-11|DN SOOPers|Nongshim RedForce,2025-05-11 06:05:43,1,0.63963782787323
pooled_2023_2025,1,2025|Rounds 1-2|2025-05-11|Hanwha Life Esports|Kiwoom DRX,2025-05-11 09:23:56,1,0.8864830732345581
pooled_2023_2025,1,2025|Rounds 1-2|2025-05-14|BNK FEARX|Nongshim RedForce,2025-05-14 08:04:35,0,0.5742567777633667
pooled_2023_2025,1,2025|Rounds 1-2|2025-05-14|Dplus Kia|Kiwoom DRX,2025-05-14 10:57:54,1,0.5213181972503662
pooled_2023_2025,1,2025|Rounds 1-2|2025-05-15|Hanwha Life Esports|KT Rolster,2025-05-15 08:06:53,0,0.6700834035873413
pooled_2023_2025,1,2025|Rounds 1-2|2025-05-15|HANJIN BRION|T1,2025-05-15 11:18:14,0,0.10912564396858215
pooled_2023_2025,1,2025|Rounds 1-2|2025-05-16|BNK FEARX|Dplus Kia,2025-05-16 08:07:23,0,0.33234748244285583
pooled_2023_2025,1,2025|Rounds 1-2|2025-05-16|DN SOOPers|Gen.G,2025-05-16 10:15:50,0,0.12491768598556519
pooled_2023_2025,1,2025|Rounds 1-2|2025-05-17|Kiwoom DRX|Nongshim RedForce,2025-05-17 06:06:29,0,0.2994314432144165
pooled_2023_2025,1,2025|Rounds 1-2|2025-05-17|HANJIN BRION|KT Rolster,2025-05-17 09:01:31,0,0.21816593408584595
pooled_2023_2025,1,2025|Rounds 1-2|2025-05-18|DN SOOPers|Hanwha Life Esports,2025-05-18 06:04:32,0,0.12384726107120514
pooled_2023_2025,1,2025|Rounds 1-2|2025-05-18|Gen.G|T1,2025-05-18 08:21:01,1,0.712122917175293
pooled_2023_2025,1,2025|Rounds 1-2|2025-05-21|Gen.G|Hanwha Life Esports,2025-05-21 08:06:27,1,0.62282794713974
pooled_2023_2025,1,2025|Rounds 1-2|2025-05-21|DN SOOPers|Kiwoom DRX,2025-05-21 11:23:37,0,0.3757878243923187
pooled_2023_2025,1,2025|Rounds 1-2|2025-05-22|Dplus Kia|HANJIN BRION,2025-05-22 08:07:11,0,0.803377091884613
pooled_2023_2025,1,2025|Rounds 1-2|2025-05-22|BNK FEARX|T1,2025-05-22 10:12:41,0,0.2296617329120636
pooled_2023_2025,1,2025|Rounds 1-2|2025-05-23|Gen.G|Kiwoom DRX,2025-05-23 08:07:24,1,0.7697044610977173
pooled_2023_2025,1,2025|Rounds 1-2|2025-05-23|KT Rolster|Nongshim RedForce,2025-05-23 10:20:15,1,0.4642731249332428
pooled_2023_2025,1,2025|Rounds 1-2|2025-05-24|Dplus Kia|Hanwha Life Esports,2025-05-24 06:04:59,1,0.5591840744018555
pooled_2023_2025,1,2025|Rounds 1-2|2025-05-24|DN SOOPers|T1,2025-05-24 09:07:30,0,0.20693717896938324
pooled_2023_2025,1,2025|Rounds 1-2|2025-05-25|HANJIN BRION|Nongshim RedForce,2025-05-25 06:04:05,0,0.621976375579834
pooled_2023_2025,1,2025|Rounds 1-2|2025-05-25|BNK FEARX|KT Rolster,2025-05-25 09:10:27,0,0.24921683967113495
pooled_2023_2025,1,2025|Rounds 1-2|2025-05-28|BNK FEARX|DN SOOPers,2025-05-28 08:03:32,1,0.6101986169815063
pooled_2023_2025,1,2025|Rounds 1-2|2025-05-28|Hanwha Life Esports|T1,2025-05-28 11:13:02,1,0.28798261284828186
pooled_2023_2025,1,2025|Rounds 1-2|2025-05-29|HANJIN BRION|Kiwoom DRX,2025-05-29 08:06:13,0,0.7162476778030396
pooled_2023_2025,1,2025|Rounds 1-2|2025-05-29|Gen.G|KT Rolster,2025-05-29 11:54:37,1,0.6613224744796753
pooled_2023_2025,1,2025|Rounds 1-2|2025-05-30|Nongshim RedForce|T1,2025-05-30 08:06:20,1,0.5109736323356628
pooled_2023_2025,1,2025|Rounds 1-2|2025-05-30|DN SOOPers|Dplus Kia,2025-05-30 10:17:54,0,0.3560236692428589
pooled_2023_2025,1,2025|Rounds 1-2|2025-05-31|KT Rolster|Kiwoom DRX,2025-05-31 06:05:53,1,0.7429485321044922
pooled_2023_2025,1,2025|Rounds 1-2|2025-05-31|Gen.G|HANJIN BRION,2025-05-31 08:16:20,1,0.8157467246055603
pooled_2023_2025,1,2025|Rounds 1-2|2025-06-01|BNK FEARX|Hanwha Life Esports,2025-06-01 06:05:16,0,0.4585026502609253
pooled_2023_2025,1,2025|Rounds 1-2|2025-06-01|Dplus Kia|Nongshim RedForce,2025-06-01 08:07:40,1,0.2555716931819916
pooled_2023_2025,1,2025|Rounds 1-2|2025-06-04|Dplus Kia|KT Rolster,2025-06-04 08:08:19,0,0.6394644975662231
pooled_2023_2025,1,2025|Rounds 1-2|2025-06-07|Dplus Kia|KT Rolster,2025-06-07 06:06:28,0,0.2892470359802246
pooled_2023_2025,1,2025|Rounds 1-2|2025-06-08|KT Rolster|Nongshim RedForce,2025-06-08 06:07:06,1,0.7907505035400391
pooled_2023_2025,2,2025|Rounds 1-2|2025-06-13|Gen.G|Hanwha Life Esports,2025-06-13 08:18:23,1,0.5612950921058655
pooled_2023_2025,2,2025|Rounds 1-2|2025-06-14|KT Rolster|T1,2025-06-14 06:20:04,0,0.9290974140167236
pooled_2023_2025,2,2025|Rounds 1-2|2025-06-15|Hanwha Life Esports|T1,2025-06-15 06:17:37,0,0.22906939685344696
pooled_2023_2025,2,2025|Rounds 3-5|2025-07-23|Dplus Kia|HANJIN BRION,2025-07-23 08:07:58,0,0.4422035217285156
pooled_2023_2025,2,2025|Rounds 3-5|2025-07-23|Gen.G|Hanwha Life Esports,2025-07-23 11:17:36,1,0.7926713228225708
pooled_2023_2025,2,2025|Rounds 3-5|2025-07-24|BNK FEARX|DN SOOPers,2025-07-24 08:05:02,1,0.4138574004173279
pooled_2023_2025,2,2025|Rounds 3-5|2025-07-24|KT Rolster|Nongshim RedForce,2025-07-24 10:11:20,1,0.7265993356704712
pooled_2023_2025,2,2025|Rounds 3-5|2025-07-25|Gen.G|T1,2025-07-25 08:11:59,0,0.47523266077041626
pooled_2023_2025,2,2025|Rounds 3-5|2025-07-25|HANJIN BRION|Kiwoom DRX,2025-07-25 11:15:42,1,0.6189342141151428
pooled_2023_2025,2,2025|Rounds 3-5|2025-07-26|BNK FEARX|Dplus Kia,2025-07-26 06:07:12,0,0.6190564036369324
pooled_2023_2025,2,2025|Rounds 3-5|2025-07-26|Hanwha Life Esports|KT Rolster,2025-07-26 08:31:59,1,0.30958861112594604
pooled_2023_2025,2,2025|Rounds 3-5|2025-07-27|DN SOOPers|Kiwoom DRX,2025-07-27 06:05:40,0,0.5720463395118713
pooled_2023_2025,2,2025|Rounds 3-5|2025-07-27|Nongshim RedForce|T1,2025-07-27 09:29:10,0,0.1322672814130783
pooled_2023_2025,2,2025|Rounds 3-5|2025-07-30|Dplus Kia|Kiwoom DRX,2025-07-30 08:07:21,1,0.6421188712120056
pooled_2023_2025,2,2025|Rounds 3-5|2025-07-30|KT Rolster|T1,2025-07-30 11:48:43,0,0.33515793085098267
pooled_2023_2025,2,2025|Rounds 3-5|2025-07-31|BNK FEARX|HANJIN BRION,2025-07-31 08:06:28,1,0.18725323677062988
pooled_2023_2025,2,2025|Rounds 3-5|2025-07-31|Hanwha Life Esports|Nongshim RedForce,2025-07-31 10:31:25,1,0.5865907669067383
pooled_2023_2025,2,2025|Rounds 3-5|2025-08-01|Gen.G|KT Rolster,2025-08-01 08:04:50,1,0.7257229685783386
pooled_2023_2025,2,2025|Rounds 3-5|2025-08-01|DN SOOPers|Dplus Kia,2025-08-01 10:25:35,0,0.3004617691040039
pooled_2023_2025,2,2025|Rounds 3-5|2025-08-02|Hanwha Life Esports|T1,2025-08-02 06:07:06,0,0.54624342918396
pooled_2023_2025,2,2025|Rounds 3-5|2025-08-02|BNK FEARX|Kiwoom DRX,2025-08-02 08:31:55,0,0.5683844089508057
pooled_2023_2025,2,2025|Rounds 3-5|2025-08-03|DN SOOPers|HANJIN BRION,2025-08-03 06:07:00,0,0.4000310003757477
pooled_2023_2025,2,2025|Rounds 3-5|2025-08-03|Gen.G|Nongshim RedForce,2025-08-03 08:33:38,1,0.7739530205726624
pooled_2023_2025,2,2025|Rounds 3-5|2025-08-06|Hanwha Life Esports|Nongshim RedForce,2025-08-06 08:06:02,1,0.8658926486968994
pooled_2023_2025,2,2025|Rounds 3-5|2025-08-06|BNK FEARX|HANJIN BRION,2025-08-06 10:22:21,1,0.5327733755111694
pooled_2023_2025,2,2025|Rounds 3-5|2025-08-07|DN SOOPers|Kiwoom DRX,2025-08-07 08:06:22,1,0.31673604249954224
pooled_2023_2025,2,2025|Rounds 3-5|2025-08-07|Gen.G|T1,2025-08-07 11:20:03,1,0.39644426107406616
pooled_2023_2025,2,2025|Rounds 3-5|2025-08-08|BNK FEARX|Dplus Kia,2025-08-08 08:08:25,1,0.3960638642311096
pooled_2023_2025,2,2025|Rounds 3-5|2025-08-08|Hanwha Life Esports|KT Rolster,2025-08-08 10:27:25,1,0.7525657415390015
pooled_2023_2025,2,2025|Rounds 3-5|2025-08-09|HANJIN BRION|Kiwoom DRX,2025-08-09 06:11:11,1,0.3014528155326843
pooled_2023_2025,2,2025|Rounds 3-5|2025-08-09|Nongshim RedForce|T1,2025-08-09 09:16:24,0,0.28222107887268066
pooled_2023_2025,2,2025|Rounds 3-5|2025-08-10|Gen.G|KT Rolster,2025-08-10 06:06:45,1,0.8813819885253906
pooled_2023_2025,2,2025|Rounds 3-5|2025-08-10|DN SOOPers|Dplus Kia,2025-08-10 08:19:07,0,0.31511634588241577
pooled_2023_2025,2,2025|Rounds 3-5|2025-08-13|KT Rolster|T1,2025-08-13 08:10:10,0,0.28321266174316406
pooled_2023_2025,2,2025|Rounds 3-5|2025-08-13|BNK FEARX|DN SOOPers,2025-08-13 10:08:55,1,0.6607204675674438
pooled_2023_2025,2,2025|Rounds 3-5|2025-08-14|Gen.G|Nongshim RedForce,2025-08-14 08:07:37,1,0.8745502829551697
pooled_2023_2025,2,2025|Rounds 3-5|2025-08-14|Dplus Kia|Kiwoom DRX,2025-08-14 10:09:25,1,0.7163310647010803
pooled_2023_2025,2,2025|Rounds 3-5|2025-08-15|DN SOOPers|HANJIN BRION,2025-08-15 08:06:45,1,0.3893352150917053
pooled_2023_2025,2,2025|Rounds 3-5|2025-08-15|Hanwha Life Esports|T1,2025-08-15 11:15:30,0,0.34834587574005127
pooled_2023_2025,2,2025|Rounds 3-5|2025-08-16|KT Rolster|Nongshim RedForce,2025-08-16 06:05:19,1,0.49388450384140015
pooled_2023_2025,2,2025|Rounds 3-5|2025-08-16|BNK FEARX|Kiwoom DRX,2025-08-16 09:05:30,0,0.8161611557006836
pooled_2023_2025,2,2025|Rounds 3-5|2025-08-17|Gen.G|Hanwha Life Esports,2025-08-17 06:07:44,1,0.820854663848877
pooled_2023_2025,2,2025|Rounds 3-5|2025-08-17|Dplus Kia|HANJIN BRION,2025-08-17 09:10:43,0,0.6701792478561401
pooled_2023_2025,2,2025|Rounds 3-5|2025-08-20|DN SOOPers|Kiwoom DRX,2025-08-20 08:06:31,0,0.6911993622779846
pooled_2023_2025,2,2025|Rounds 3-5|2025-08-20|Gen.G|Nongshim RedForce,2025-08-20 10:33:21,1,0.8969451189041138
pooled_2023_2025,3,2025|Rounds 3-5|2025-08-21|Hanwha Life Esports|KT Rolster,2025-08-21 08:05:15,1,0.43361979722976685
pooled_2023_2025,3,2025|Rounds 3-5|2025-08-21|BNK FEARX|HANJIN BRION,2025-08-21 11:27:46,1,0.5369476079940796
pooled_2023_2025,3,2025|Rounds 3-5|2025-08-22|Nongshim RedForce|T1,2025-08-22 08:05:01,0,0.10049884021282196
pooled_2023_2025,3,2025|Rounds 3-5|2025-08-22|Dplus Kia|Kiwoom DRX,2025-08-22 10:59:29,1,0.4176903963088989
pooled_2023_2025,3,2025|Rounds 3-5|2025-08-23|Gen.G|Hanwha Life Esports,2025-08-23 06:06:52,1,0.5913406610488892
pooled_2023_2025,3,2025|Rounds 3-5|2025-08-23|DN SOOPers|HANJIN BRION,2025-08-23 09:20:22,1,0.45607513189315796
pooled_2023_2025,3,2025|Rounds 3-5|2025-08-24|BNK FEARX|Dplus Kia,2025-08-24 06:06:54,0,0.6216849088668823
pooled_2023_2025,3,2025|Rounds 3-5|2025-08-24|KT Rolster|T1,2025-08-24 08:27:55,1,0.40134578943252563
pooled_2023_2025,3,2025|Rounds 3-5|2025-08-27|Hanwha Life Esports|T1,2025-08-27 08:04:11,0,0.6608120203018188
pooled_2023_2025,3,2025|Rounds 3-5|2025-08-27|BNK FEARX|DN SOOPers,2025-08-27 11:21:15,1,0.49035975337028503
pooled_2023_2025,3,2025|Rounds 3-5|2025-08-28|Dplus Kia|HANJIN BRION,2025-08-28 08:08:10,1,0.7988101243972778
pooled_2023_2025,3,2025|Rounds 3-5|2025-08-28|Gen.G|KT Rolster,2025-08-28 10:12:22,1,0.5396268367767334
pooled_2023_2025,3,2025|Rounds 3-5|2025-08-29|BNK FEARX|Kiwoom DRX,2025-08-29 08:07:17,1,0.6077010631561279
pooled_2023_2025,3,2025|Rounds 3-5|2025-08-29|Hanwha Life Esports|Nongshim RedForce,2025-08-29 11:12:12,1,0.5418910980224609
pooled_2023_2025,3,2025|Rounds 3-5|2025-08-30|Gen.G|T1,2025-08-30 06:12:29,1,0.651421070098877
pooled_2023_2025,3,2025|Rounds 3-5|2025-08-30|DN SOOPers|Dplus Kia,2025-08-30 09:32:44,0,0.2675241231918335
pooled_2023_2025,3,2025|Rounds 3-5|2025-08-31|KT Rolster|Nongshim RedForce,2025-08-31 06:06:31,1,0.6228668689727783
pooled_2023_2025,3,2025|Rounds 3-5|2025-08-31|HANJIN BRION|Kiwoom DRX,2025-08-31 08:29:18,1,0.4822990596294403
pooled_2023_2025,3,2025|Rounds 3-5|2025-09-03|HANJIN BRION|Nongshim RedForce,2025-09-03 08:08:06,0,0.5767872333526611
pooled_2023_2025,3,2025|Rounds 3-5|2025-09-04|BNK FEARX|Dplus Kia,2025-09-04 08:08:41,1,0.582530677318573
pooled_2023_2025,3,2025|Rounds 3-5|2025-09-05|BNK FEARX|Nongshim RedForce,2025-09-05 08:07:35,1,0.5708082914352417
pooled_2023_2025,3,2025|Rounds 3-5|2025-09-06|Dplus Kia|HANJIN BRION,2025-09-06 06:09:11,1,0.4855148196220398
pooled_2023_2025,3,2025|Rounds 3-5|2025-09-07|Dplus Kia|Nongshim RedForce,2025-09-07 06:09:43,1,0.625058650970459
pooled_2023_2025,3,2025|Rounds 3-5|2025-09-10|Dplus Kia|T1,2025-09-10 08:11:38,0,0.8341227173805237
pooled_2023_2025,3,2025|Rounds 3-5|2025-09-11|BNK FEARX|KT Rolster,2025-09-11 08:09:47,0,0.581057608127594
pooled_2023_2025,3,2025|Rounds 3-5|2025-09-13|Gen.G|KT Rolster,2025-09-13 06:11:13,0,0.6477748155593872
pooled_2023_2025,3,2025|Rounds 3-5|2025-09-14|Hanwha Life Esports|T1,2025-09-14 06:11:34,1,0.4329075813293457
pooled_2023_2025,3,2025|Rounds 3-5|2025-09-17|BNK FEARX|Dplus Kia,2025-09-17 08:12:41,0,0.6456426382064819
pooled_2023_2025,3,2025|Rounds 3-5|2025-09-18|Dplus Kia|T1,2025-09-18 08:13:43,0,0.6284621953964233
pooled_2023_2025,3,2025|Rounds 3-5|2025-09-20|Hanwha Life Esports|KT Rolster,2025-09-20 06:07:09,1,0.712195634841919
pooled_2023_2025,3,2025|Rounds 3-5|2025-09-21|Gen.G|T1,2025-09-21 06:08:55,1,0.2844230532646179
pooled_2023_2025,3,2025|Rounds 3-5|2025-09-27|Gen.G|KT Rolster,2025-09-27 05:23:49,1,0.7179446220397949
pooled_2023_2025,3,2025|Rounds 3-5|2025-09-28|Gen.G|Hanwha Life Esports,2025-09-28 05:30:31,1,0.5975484251976013
pooled_2025_scaler,1,2025|Rounds 1-2|2025-05-04|KT Rolster|T1,2025-05-04 06:06:00,0,0.24275736510753632
pooled_2025_scaler,1,2025|Rounds 1-2|2025-05-04|DN SOOPers|HANJIN BRION,2025-05-04 08:20:59,0,0.3506244421005249
pooled_2025_scaler,1,2025|Rounds 1-2|2025-05-07|BNK FEARX|HANJIN BRION,2025-05-07 08:03:23,1,0.24935829639434814
pooled_2025_scaler,1,2025|Rounds 1-2|2025-05-07|Dplus Kia|KT Rolster,2025-05-07 11:02:40,0,0.5097759366035461
pooled_2025_scaler,1,2025|Rounds 1-2|2025-05-08|Kiwoom DRX|T1,2025-05-08 08:06:11,0,0.4826693832874298
pooled_2025_scaler,1,2025|Rounds 1-2|2025-05-08|Gen.G|Nongshim RedForce,2025-05-08 10:16:11,1,0.9260299205780029
pooled_2025_scaler,1,2025|Rounds 1-2|2025-05-09|DN SOOPers|KT Rolster,2025-05-09 08:06:29,0,0.38816988468170166
pooled_2025_scaler,1,2025|Rounds 1-2|2025-05-09|HANJIN BRION|Hanwha Life Esports,2025-05-09 10:06:12,0,0.09506697207689285
pooled_2025_scaler,1,2025|Rounds 1-2|2025-05-10|Dplus Kia|T1,2025-05-10 06:05:23,0,0.052556656301021576
pooled_2025_scaler,1,2025|Rounds 1-2|2025-05-10|BNK FEARX|Gen.G,2025-05-10 08:12:35,0,0.1770087629556656
pooled_2025_scaler,1,2025|Rounds 1-2|2025-05-11|DN SOOPers|Nongshim RedForce,2025-05-11 06:05:43,1,0.5300605297088623
pooled_2025_scaler,1,2025|Rounds 1-2|2025-05-11|Hanwha Life Esports|Kiwoom DRX,2025-05-11 09:23:56,1,0.8649798035621643
pooled_2025_scaler,1,2025|Rounds 1-2|2025-05-14|BNK FEARX|Nongshim RedForce,2025-05-14 08:04:35,0,0.6530502438545227
pooled_2025_scaler,1,2025|Rounds 1-2|2025-05-14|Dplus Kia|Kiwoom DRX,2025-05-14 10:57:54,1,0.49755311012268066
pooled_2025_scaler,1,2025|Rounds 1-2|2025-05-15|Hanwha Life Esports|KT Rolster,2025-05-15 08:06:53,0,0.6254864931106567
pooled_2025_scaler,1,2025|Rounds 1-2|2025-05-15|HANJIN BRION|T1,2025-05-15 11:18:14,0,0.07496130466461182
pooled_2025_scaler,1,2025|Rounds 1-2|2025-05-16|BNK FEARX|Dplus Kia,2025-05-16 08:07:23,0,0.3581712245941162
pooled_2025_scaler,1,2025|Rounds 1-2|2025-05-16|DN SOOPers|Gen.G,2025-05-16 10:15:50,0,0.11925472319126129
pooled_2025_scaler,1,2025|Rounds 1-2|2025-05-17|Kiwoom DRX|Nongshim RedForce,2025-05-17 06:06:29,0,0.33643925189971924
pooled_2025_scaler,1,2025|Rounds 1-2|2025-05-17|HANJIN BRION|KT Rolster,2025-05-17 09:01:31,0,0.18849126994609833
pooled_2025_scaler,1,2025|Rounds 1-2|2025-05-18|DN SOOPers|Hanwha Life Esports,2025-05-18 06:04:32,0,0.19403812289237976
pooled_2025_scaler,1,2025|Rounds 1-2|2025-05-18|Gen.G|T1,2025-05-18 08:21:01,1,0.7041752338409424
pooled_2025_scaler,1,2025|Rounds 1-2|2025-05-21|Gen.G|Hanwha Life Esports,2025-05-21 08:06:27,1,0.6747206449508667
pooled_2025_scaler,1,2025|Rounds 1-2|2025-05-21|DN SOOPers|Kiwoom DRX,2025-05-21 11:23:37,0,0.4011226296424866
pooled_2025_scaler,1,2025|Rounds 1-2|2025-05-22|Dplus Kia|HANJIN BRION,2025-05-22 08:07:11,0,0.8269514441490173
pooled_2025_scaler,1,2025|Rounds 1-2|2025-05-22|BNK FEARX|T1,2025-05-22 10:12:41,0,0.30507397651672363
pooled_2025_scaler,1,2025|Rounds 1-2|2025-05-23|Gen.G|Kiwoom DRX,2025-05-23 08:07:24,1,0.8063895106315613
pooled_2025_scaler,1,2025|Rounds 1-2|2025-05-23|KT Rolster|Nongshim RedForce,2025-05-23 10:20:15,1,0.5086448788642883
pooled_2025_scaler,1,2025|Rounds 1-2|2025-05-24|Dplus Kia|Hanwha Life Esports,2025-05-24 06:04:59,1,0.5865213871002197
pooled_2025_scaler,1,2025|Rounds 1-2|2025-05-24|DN SOOPers|T1,2025-05-24 09:07:30,0,0.20552295446395874
pooled_2025_scaler,1,2025|Rounds 1-2|2025-05-25|HANJIN BRION|Nongshim RedForce,2025-05-25 06:04:05,0,0.6999683976173401
pooled_2025_scaler,1,2025|Rounds 1-2|2025-05-25|BNK FEARX|KT Rolster,2025-05-25 09:10:27,0,0.2622760534286499
pooled_2025_scaler,1,2025|Rounds 1-2|2025-05-28|BNK FEARX|DN SOOPers,2025-05-28 08:03:32,1,0.5154659152030945
pooled_2025_scaler,1,2025|Rounds 1-2|2025-05-28|Hanwha Life Esports|T1,2025-05-28 11:13:02,1,0.24724900722503662
pooled_2025_scaler,1,2025|Rounds 1-2|2025-05-29|HANJIN BRION|Kiwoom DRX,2025-05-29 08:06:13,0,0.7479683756828308
pooled_2025_scaler,1,2025|Rounds 1-2|2025-05-29|Gen.G|KT Rolster,2025-05-29 11:54:37,1,0.713441789150238
pooled_2025_scaler,1,2025|Rounds 1-2|2025-05-30|Nongshim RedForce|T1,2025-05-30 08:06:20,1,0.5467228293418884
pooled_2025_scaler,1,2025|Rounds 1-2|2025-05-30|DN SOOPers|Dplus Kia,2025-05-30 10:17:54,0,0.40131449699401855
pooled_2025_scaler,1,2025|Rounds 1-2|2025-05-31|KT Rolster|Kiwoom DRX,2025-05-31 06:05:53,1,0.6959649920463562
pooled_2025_scaler,1,2025|Rounds 1-2|2025-05-31|Gen.G|HANJIN BRION,2025-05-31 08:16:20,1,0.7917355298995972
pooled_2025_scaler,1,2025|Rounds 1-2|2025-06-01|BNK FEARX|Hanwha Life Esports,2025-06-01 06:05:16,0,0.38393843173980713
pooled_2025_scaler,1,2025|Rounds 1-2|2025-06-01|Dplus Kia|Nongshim RedForce,2025-06-01 08:07:40,1,0.3116758465766907
pooled_2025_scaler,1,2025|Rounds 1-2|2025-06-04|Dplus Kia|KT Rolster,2025-06-04 08:08:19,0,0.5750683546066284
pooled_2025_scaler,1,2025|Rounds 1-2|2025-06-07|Dplus Kia|KT Rolster,2025-06-07 06:06:28,0,0.30910998582839966
pooled_2025_scaler,1,2025|Rounds 1-2|2025-06-08|KT Rolster|Nongshim RedForce,2025-06-08 06:07:06,1,0.82574462890625
pooled_2025_scaler,2,2025|Rounds 1-2|2025-06-13|Gen.G|Hanwha Life Esports,2025-06-13 08:18:23,1,0.49199461936950684
pooled_2025_scaler,2,2025|Rounds 1-2|2025-06-14|KT Rolster|T1,2025-06-14 06:20:04,0,0.9629321098327637
pooled_2025_scaler,2,2025|Rounds 1-2|2025-06-15|Hanwha Life Esports|T1,2025-06-15 06:17:37,0,0.22441396117210388
pooled_2025_scaler,2,2025|Rounds 3-5|2025-07-23|Dplus Kia|HANJIN BRION,2025-07-23 08:07:58,0,0.44794440269470215
pooled_2025_scaler,2,2025|Rounds 3-5|2025-07-23|Gen.G|Hanwha Life Esports,2025-07-23 11:17:36,1,0.8285733461380005
pooled_2025_scaler,2,2025|Rounds 3-5|2025-07-24|BNK FEARX|DN SOOPers,2025-07-24 08:05:02,1,0.4012829065322876
pooled_2025_scaler,2,2025|Rounds 3-5|2025-07-24|KT Rolster|Nongshim RedForce,2025-07-24 10:11:20,1,0.7655838131904602
pooled_2025_scaler,2,2025|Rounds 3-5|2025-07-25|Gen.G|T1,2025-07-25 08:11:59,0,0.49890443682670593
pooled_2025_scaler,2,2025|Rounds 3-5|2025-07-25|HANJIN BRION|Kiwoom DRX,2025-07-25 11:15:42,1,0.6467081308364868
pooled_2025_scaler,2,2025|Rounds 3-5|2025-07-26|BNK FEARX|Dplus Kia,2025-07-26 06:07:12,0,0.6193138360977173
pooled_2025_scaler,2,2025|Rounds 3-5|2025-07-26|Hanwha Life Esports|KT Rolster,2025-07-26 08:31:59,1,0.2831231951713562
pooled_2025_scaler,2,2025|Rounds 3-5|2025-07-27|DN SOOPers|Kiwoom DRX,2025-07-27 06:05:40,0,0.5942403078079224
pooled_2025_scaler,2,2025|Rounds 3-5|2025-07-27|Nongshim RedForce|T1,2025-07-27 09:29:10,0,0.11184733361005783
pooled_2025_scaler,2,2025|Rounds 3-5|2025-07-30|Dplus Kia|Kiwoom DRX,2025-07-30 08:07:21,1,0.6523942351341248
pooled_2025_scaler,2,2025|Rounds 3-5|2025-07-30|KT Rolster|T1,2025-07-30 11:48:43,0,0.31699931621551514
pooled_2025_scaler,2,2025|Rounds 3-5|2025-07-31|BNK FEARX|HANJIN BRION,2025-07-31 08:06:28,1,0.15850958228111267
pooled_2025_scaler,2,2025|Rounds 3-5|2025-07-31|Hanwha Life Esports|Nongshim RedForce,2025-07-31 10:31:25,1,0.6098883152008057
pooled_2025_scaler,2,2025|Rounds 3-5|2025-08-01|Gen.G|KT Rolster,2025-08-01 08:04:50,1,0.7425398230552673
pooled_2025_scaler,2,2025|Rounds 3-5|2025-08-01|DN SOOPers|Dplus Kia,2025-08-01 10:25:35,0,0.24927739799022675
pooled_2025_scaler,2,2025|Rounds 3-5|2025-08-02|Hanwha Life Esports|T1,2025-08-02 06:07:06,0,0.5641415119171143
pooled_2025_scaler,2,2025|Rounds 3-5|2025-08-02|BNK FEARX|Kiwoom DRX,2025-08-02 08:31:55,0,0.5678892135620117
pooled_2025_scaler,2,2025|Rounds 3-5|2025-08-03|DN SOOPers|HANJIN BRION,2025-08-03 06:07:00,0,0.37722474336624146
pooled_2025_scaler,2,2025|Rounds 3-5|2025-08-03|Gen.G|Nongshim RedForce,2025-08-03 08:33:38,1,0.759971559047699
pooled_2025_scaler,2,2025|Rounds 3-5|2025-08-06|Hanwha Life Esports|Nongshim RedForce,2025-08-06 08:06:02,1,0.8948034048080444
pooled_2025_scaler,2,2025|Rounds 3-5|2025-08-06|BNK FEARX|HANJIN BRION,2025-08-06 10:22:21,1,0.5470873117446899
pooled_2025_scaler,2,2025|Rounds 3-5|2025-08-07|DN SOOPers|Kiwoom DRX,2025-08-07 08:06:22,1,0.2946307063102722
pooled_2025_scaler,2,2025|Rounds 3-5|2025-08-07|Gen.G|T1,2025-08-07 11:20:03,1,0.36256152391433716
pooled_2025_scaler,2,2025|Rounds 3-5|2025-08-08|BNK FEARX|Dplus Kia,2025-08-08 08:08:25,1,0.389018177986145
pooled_2025_scaler,2,2025|Rounds 3-5|2025-08-08|Hanwha Life Esports|KT Rolster,2025-08-08 10:27:25,1,0.7899976968765259
pooled_2025_scaler,2,2025|Rounds 3-5|2025-08-09|HANJIN BRION|Kiwoom DRX,2025-08-09 06:11:11,1,0.27205920219421387
pooled_2025_scaler,2,2025|Rounds 3-5|2025-08-09|Nongshim RedForce|T1,2025-08-09 09:16:24,0,0.2863771319389343
pooled_2025_scaler,2,2025|Rounds 3-5|2025-08-10|Gen.G|KT Rolster,2025-08-10 06:06:45,1,0.9049338102340698
pooled_2025_scaler,2,2025|Rounds 3-5|2025-08-10|DN SOOPers|Dplus Kia,2025-08-10 08:19:07,0,0.27548080682754517
pooled_2025_scaler,2,2025|Rounds 3-5|2025-08-13|KT Rolster|T1,2025-08-13 08:10:10,0,0.27920252084732056
pooled_2025_scaler,2,2025|Rounds 3-5|2025-08-13|BNK FEARX|DN SOOPers,2025-08-13 10:08:55,1,0.63941490650177
pooled_2025_scaler,2,2025|Rounds 3-5|2025-08-14|Gen.G|Nongshim RedForce,2025-08-14 08:07:37,1,0.8971982002258301
pooled_2025_scaler,2,2025|Rounds 3-5|2025-08-14|Dplus Kia|Kiwoom DRX,2025-08-14 10:09:25,1,0.7187607288360596
pooled_2025_scaler,2,2025|Rounds 3-5|2025-08-15|DN SOOPers|HANJIN BRION,2025-08-15 08:06:45,1,0.39746469259262085
pooled_2025_scaler,2,2025|Rounds 3-5|2025-08-15|Hanwha Life Esports|T1,2025-08-15 11:15:30,0,0.3869915008544922
pooled_2025_scaler,2,2025|Rounds 3-5|2025-08-16|KT Rolster|Nongshim RedForce,2025-08-16 06:05:19,1,0.4972573518753052
pooled_2025_scaler,2,2025|Rounds 3-5|2025-08-16|BNK FEARX|Kiwoom DRX,2025-08-16 09:05:30,0,0.8216961622238159
pooled_2025_scaler,2,2025|Rounds 3-5|2025-08-17|Gen.G|Hanwha Life Esports,2025-08-17 06:07:44,1,0.8297807574272156
pooled_2025_scaler,2,2025|Rounds 3-5|2025-08-17|Dplus Kia|HANJIN BRION,2025-08-17 09:10:43,0,0.6715408563613892
pooled_2025_scaler,2,2025|Rounds 3-5|2025-08-20|DN SOOPers|Kiwoom DRX,2025-08-20 08:06:31,0,0.6816510558128357
pooled_2025_scaler,2,2025|Rounds 3-5|2025-08-20|Gen.G|Nongshim RedForce,2025-08-20 10:33:21,1,0.9140498638153076
pooled_2025_scaler,3,2025|Rounds 3-5|2025-08-21|Hanwha Life Esports|KT Rolster,2025-08-21 08:05:15,1,0.4716189503669739
pooled_2025_scaler,3,2025|Rounds 3-5|2025-08-21|BNK FEARX|HANJIN BRION,2025-08-21 11:27:46,1,0.5554651021957397
pooled_2025_scaler,3,2025|Rounds 3-5|2025-08-22|Nongshim RedForce|T1,2025-08-22 08:05:01,0,0.13531717658042908
pooled_2025_scaler,3,2025|Rounds 3-5|2025-08-22|Dplus Kia|Kiwoom DRX,2025-08-22 10:59:29,1,0.46360084414482117
pooled_2025_scaler,3,2025|Rounds 3-5|2025-08-23|Gen.G|Hanwha Life Esports,2025-08-23 06:06:52,1,0.5655451416969299
pooled_2025_scaler,3,2025|Rounds 3-5|2025-08-23|DN SOOPers|HANJIN BRION,2025-08-23 09:20:22,1,0.4742594361305237
pooled_2025_scaler,3,2025|Rounds 3-5|2025-08-24|BNK FEARX|Dplus Kia,2025-08-24 06:06:54,0,0.6191200613975525
pooled_2025_scaler,3,2025|Rounds 3-5|2025-08-24|KT Rolster|T1,2025-08-24 08:27:55,1,0.4065416157245636
pooled_2025_scaler,3,2025|Rounds 3-5|2025-08-27|Hanwha Life Esports|T1,2025-08-27 08:04:11,0,0.6812868118286133
pooled_2025_scaler,3,2025|Rounds 3-5|2025-08-27|BNK FEARX|DN SOOPers,2025-08-27 11:21:15,1,0.47172051668167114
pooled_2025_scaler,3,2025|Rounds 3-5|2025-08-28|Dplus Kia|HANJIN BRION,2025-08-28 08:08:10,1,0.7985078692436218
pooled_2025_scaler,3,2025|Rounds 3-5|2025-08-28|Gen.G|KT Rolster,2025-08-28 10:12:22,1,0.5212355852127075
pooled_2025_scaler,3,2025|Rounds 3-5|2025-08-29|BNK FEARX|Kiwoom DRX,2025-08-29 08:07:17,1,0.5812012553215027
pooled_2025_scaler,3,2025|Rounds 3-5|2025-08-29|Hanwha Life Esports|Nongshim RedForce,2025-08-29 11:12:12,1,0.5684843063354492
pooled_2025_scaler,3,2025|Rounds 3-5|2025-08-30|Gen.G|T1,2025-08-30 06:12:29,1,0.6713588833808899
pooled_2025_scaler,3,2025|Rounds 3-5|2025-08-30|DN SOOPers|Dplus Kia,2025-08-30 09:32:44,0,0.276246577501297
pooled_2025_scaler,3,2025|Rounds 3-5|2025-08-31|KT Rolster|Nongshim RedForce,2025-08-31 06:06:31,1,0.6032321453094482
pooled_2025_scaler,3,2025|Rounds 3-5|2025-08-31|HANJIN BRION|Kiwoom DRX,2025-08-31 08:29:18,1,0.47139304876327515
pooled_2025_scaler,3,2025|Rounds 3-5|2025-09-03|HANJIN BRION|Nongshim RedForce,2025-09-03 08:08:06,0,0.553978681564331
pooled_2025_scaler,3,2025|Rounds 3-5|2025-09-04|BNK FEARX|Dplus Kia,2025-09-04 08:08:41,1,0.5863519310951233
pooled_2025_scaler,3,2025|Rounds 3-5|2025-09-05|BNK FEARX|Nongshim RedForce,2025-09-05 08:07:35,1,0.5699925422668457
pooled_2025_scaler,3,2025|Rounds 3-5|2025-09-06|Dplus Kia|HANJIN BRION,2025-09-06 06:09:11,1,0.5060259103775024
pooled_2025_scaler,3,2025|Rounds 3-5|2025-09-07|Dplus Kia|Nongshim RedForce,2025-09-07 06:09:43,1,0.6408926844596863
pooled_2025_scaler,3,2025|Rounds 3-5|2025-09-10|Dplus Kia|T1,2025-09-10 08:11:38,0,0.8351391553878784
pooled_2025_scaler,3,2025|Rounds 3-5|2025-09-11|BNK FEARX|KT Rolster,2025-09-11 08:09:47,0,0.5777838230133057
pooled_2025_scaler,3,2025|Rounds 3-5|2025-09-13|Gen.G|KT Rolster,2025-09-13 06:11:13,0,0.6038553714752197
pooled_2025_scaler,3,2025|Rounds 3-5|2025-09-14|Hanwha Life Esports|T1,2025-09-14 06:11:34,1,0.4634118676185608
pooled_2025_scaler,3,2025|Rounds 3-5|2025-09-17|BNK FEARX|Dplus Kia,2025-09-17 08:12:41,0,0.617746889591217
pooled_2025_scaler,3,2025|Rounds 3-5|2025-09-18|Dplus Kia|T1,2025-09-18 08:13:43,0,0.6530129313468933
pooled_2025_scaler,3,2025|Rounds 3-5|2025-09-20|Hanwha Life Esports|KT Rolster,2025-09-20 06:07:09,1,0.7022970914840698
pooled_2025_scaler,3,2025|Rounds 3-5|2025-09-21|Gen.G|T1,2025-09-21 06:08:55,1,0.27766531705856323
pooled_2025_scaler,3,2025|Rounds 3-5|2025-09-27|Gen.G|KT Rolster,2025-09-27 05:23:49,1,0.6874624490737915
pooled_2025_scaler,3,2025|Rounds 3-5|2025-09-28|Gen.G|Hanwha Life Esports,2025-09-28 05:30:31,1,0.5832529067993164
pooled_recent_weights,1,2025|Rounds 1-2|2025-05-04|KT Rolster|T1,2025-05-04 06:06:00,0,0.1621093899011612
pooled_recent_weights,1,2025|Rounds 1-2|2025-05-04|DN SOOPers|HANJIN BRION,2025-05-04 08:20:59,0,0.39444732666015625
pooled_recent_weights,1,2025|Rounds 1-2|2025-05-07|BNK FEARX|HANJIN BRION,2025-05-07 08:03:23,1,0.2748299837112427
pooled_recent_weights,1,2025|Rounds 1-2|2025-05-07|Dplus Kia|KT Rolster,2025-05-07 11:02:40,0,0.39998894929885864
pooled_recent_weights,1,2025|Rounds 1-2|2025-05-08|Kiwoom DRX|T1,2025-05-08 08:06:11,0,0.41067034006118774
pooled_recent_weights,1,2025|Rounds 1-2|2025-05-08|Gen.G|Nongshim RedForce,2025-05-08 10:16:11,1,0.9566518068313599
pooled_recent_weights,1,2025|Rounds 1-2|2025-05-09|DN SOOPers|KT Rolster,2025-05-09 08:06:29,0,0.5654415488243103
pooled_recent_weights,1,2025|Rounds 1-2|2025-05-09|HANJIN BRION|Hanwha Life Esports,2025-05-09 10:06:12,0,0.08412253111600876
pooled_recent_weights,1,2025|Rounds 1-2|2025-05-10|Dplus Kia|T1,2025-05-10 06:05:23,0,0.04404564946889877
pooled_recent_weights,1,2025|Rounds 1-2|2025-05-10|BNK FEARX|Gen.G,2025-05-10 08:12:35,0,0.20539474487304688
pooled_recent_weights,1,2025|Rounds 1-2|2025-05-11|DN SOOPers|Nongshim RedForce,2025-05-11 06:05:43,1,0.7035760283470154
pooled_recent_weights,1,2025|Rounds 1-2|2025-05-11|Hanwha Life Esports|Kiwoom DRX,2025-05-11 09:23:56,1,0.8528282642364502
pooled_recent_weights,1,2025|Rounds 1-2|2025-05-14|BNK FEARX|Nongshim RedForce,2025-05-14 08:04:35,0,0.5888164043426514
pooled_recent_weights,1,2025|Rounds 1-2|2025-05-14|Dplus Kia|Kiwoom DRX,2025-05-14 10:57:54,1,0.4235692024230957
pooled_recent_weights,1,2025|Rounds 1-2|2025-05-15|Hanwha Life Esports|KT Rolster,2025-05-15 08:06:53,0,0.7006672620773315
pooled_recent_weights,1,2025|Rounds 1-2|2025-05-15|HANJIN BRION|T1,2025-05-15 11:18:14,0,0.09266392886638641
pooled_recent_weights,1,2025|Rounds 1-2|2025-05-16|BNK FEARX|Dplus Kia,2025-05-16 08:07:23,0,0.2635469436645508
pooled_recent_weights,1,2025|Rounds 1-2|2025-05-16|DN SOOPers|Gen.G,2025-05-16 10:15:50,0,0.13408853113651276
pooled_recent_weights,1,2025|Rounds 1-2|2025-05-17|Kiwoom DRX|Nongshim RedForce,2025-05-17 06:06:29,0,0.4096262454986572
pooled_recent_weights,1,2025|Rounds 1-2|2025-05-17|HANJIN BRION|KT Rolster,2025-05-17 09:01:31,0,0.19107581675052643
pooled_recent_weights,1,2025|Rounds 1-2|2025-05-18|DN SOOPers|Hanwha Life Esports,2025-05-18 06:04:32,0,0.13016410171985626
pooled_recent_weights,1,2025|Rounds 1-2|2025-05-18|Gen.G|T1,2025-05-18 08:21:01,1,0.6603703498840332
pooled_recent_weights,1,2025|Rounds 1-2|2025-05-21|Gen.G|Hanwha Life Esports,2025-05-21 08:06:27,1,0.6517195701599121
pooled_recent_weights,1,2025|Rounds 1-2|2025-05-21|DN SOOPers|Kiwoom DRX,2025-05-21 11:23:37,0,0.2718179225921631
pooled_recent_weights,1,2025|Rounds 1-2|2025-05-22|Dplus Kia|HANJIN BRION,2025-05-22 08:07:11,0,0.8443665504455566
pooled_recent_weights,1,2025|Rounds 1-2|2025-05-22|BNK FEARX|T1,2025-05-22 10:12:41,0,0.20647954940795898
pooled_recent_weights,1,2025|Rounds 1-2|2025-05-23|Gen.G|Kiwoom DRX,2025-05-23 08:07:24,1,0.7243257164955139
pooled_recent_weights,1,2025|Rounds 1-2|2025-05-23|KT Rolster|Nongshim RedForce,2025-05-23 10:20:15,1,0.5531610250473022
pooled_recent_weights,1,2025|Rounds 1-2|2025-05-24|Dplus Kia|Hanwha Life Esports,2025-05-24 06:04:59,1,0.5701221227645874
pooled_recent_weights,1,2025|Rounds 1-2|2025-05-24|DN SOOPers|T1,2025-05-24 09:07:30,0,0.1915220022201538
pooled_recent_weights,1,2025|Rounds 1-2|2025-05-25|HANJIN BRION|Nongshim RedForce,2025-05-25 06:04:05,0,0.5638946294784546
pooled_recent_weights,1,2025|Rounds 1-2|2025-05-25|BNK FEARX|KT Rolster,2025-05-25 09:10:27,0,0.28536099195480347
pooled_recent_weights,1,2025|Rounds 1-2|2025-05-28|BNK FEARX|DN SOOPers,2025-05-28 08:03:32,1,0.6375837922096252
pooled_recent_weights,1,2025|Rounds 1-2|2025-05-28|Hanwha Life Esports|T1,2025-05-28 11:13:02,1,0.30367374420166016
pooled_recent_weights,1,2025|Rounds 1-2|2025-05-29|HANJIN BRION|Kiwoom DRX,2025-05-29 08:06:13,0,0.6764438152313232
pooled_recent_weights,1,2025|Rounds 1-2|2025-05-29|Gen.G|KT Rolster,2025-05-29 11:54:37,1,0.6612380146980286
pooled_recent_weights,1,2025|Rounds 1-2|2025-05-30|Nongshim RedForce|T1,2025-05-30 08:06:20,1,0.5354122519493103
pooled_recent_weights,1,2025|Rounds 1-2|2025-05-30|DN SOOPers|Dplus Kia,2025-05-30 10:17:54,0,0.31361153721809387
pooled_recent_weights,1,2025|Rounds 1-2|2025-05-31|KT Rolster|Kiwoom DRX,2025-05-31 06:05:53,1,0.7438730001449585
pooled_recent_weights,1,2025|Rounds 1-2|2025-05-31|Gen.G|HANJIN BRION,2025-05-31 08:16:20,1,0.7941578030586243
pooled_recent_weights,1,2025|Rounds 1-2|2025-06-01|BNK FEARX|Hanwha Life Esports,2025-06-01 06:05:16,0,0.5241994857788086
pooled_recent_weights,1,2025|Rounds 1-2|2025-06-01|Dplus Kia|Nongshim RedForce,2025-06-01 08:07:40,1,0.2593732476234436
pooled_recent_weights,1,2025|Rounds 1-2|2025-06-04|Dplus Kia|KT Rolster,2025-06-04 08:08:19,0,0.7096657156944275
pooled_recent_weights,1,2025|Rounds 1-2|2025-06-07|Dplus Kia|KT Rolster,2025-06-07 06:06:28,0,0.30350327491760254
pooled_recent_weights,1,2025|Rounds 1-2|2025-06-08|KT Rolster|Nongshim RedForce,2025-06-08 06:07:06,1,0.7351171970367432
pooled_recent_weights,2,2025|Rounds 1-2|2025-06-13|Gen.G|Hanwha Life Esports,2025-06-13 08:18:23,1,0.47556596994400024
pooled_recent_weights,2,2025|Rounds 1-2|2025-06-14|KT Rolster|T1,2025-06-14 06:20:04,0,0.9540371894836426
pooled_recent_weights,2,2025|Rounds 1-2|2025-06-15|Hanwha Life Esports|T1,2025-06-15 06:17:37,0,0.2625758945941925
pooled_recent_weights,2,2025|Rounds 3-5|2025-07-23|Dplus Kia|HANJIN BRION,2025-07-23 08:07:58,0,0.49127477407455444
pooled_recent_weights,2,2025|Rounds 3-5|2025-07-23|Gen.G|Hanwha Life Esports,2025-07-23 11:17:36,1,0.7995079159736633
pooled_recent_weights,2,2025|Rounds 3-5|2025-07-24|BNK FEARX|DN SOOPers,2025-07-24 08:05:02,1,0.44826656579971313
pooled_recent_weights,2,2025|Rounds 3-5|2025-07-24|KT Rolster|Nongshim RedForce,2025-07-24 10:11:20,1,0.7604604363441467
pooled_recent_weights,2,2025|Rounds 3-5|2025-07-25|Gen.G|T1,2025-07-25 08:11:59,0,0.4748774766921997
pooled_recent_weights,2,2025|Rounds 3-5|2025-07-25|HANJIN BRION|Kiwoom DRX,2025-07-25 11:15:42,1,0.6324024200439453
pooled_recent_weights,2,2025|Rounds 3-5|2025-07-26|BNK FEARX|Dplus Kia,2025-07-26 06:07:12,0,0.6434036493301392
pooled_recent_weights,2,2025|Rounds 3-5|2025-07-26|Hanwha Life Esports|KT Rolster,2025-07-26 08:31:59,1,0.2746387720108032
pooled_recent_weights,2,2025|Rounds 3-5|2025-07-27|DN SOOPers|Kiwoom DRX,2025-07-27 06:05:40,0,0.5491214394569397
pooled_recent_weights,2,2025|Rounds 3-5|2025-07-27|Nongshim RedForce|T1,2025-07-27 09:29:10,0,0.12069956958293915
pooled_recent_weights,2,2025|Rounds 3-5|2025-07-30|Dplus Kia|Kiwoom DRX,2025-07-30 08:07:21,1,0.6659360527992249
pooled_recent_weights,2,2025|Rounds 3-5|2025-07-30|KT Rolster|T1,2025-07-30 11:48:43,0,0.3382183313369751
pooled_recent_weights,2,2025|Rounds 3-5|2025-07-31|BNK FEARX|HANJIN BRION,2025-07-31 08:06:28,1,0.18140164017677307
pooled_recent_weights,2,2025|Rounds 3-5|2025-07-31|Hanwha Life Esports|Nongshim RedForce,2025-07-31 10:31:25,1,0.5865046977996826
pooled_recent_weights,2,2025|Rounds 3-5|2025-08-01|Gen.G|KT Rolster,2025-08-01 08:04:50,1,0.7780251502990723
pooled_recent_weights,2,2025|Rounds 3-5|2025-08-01|DN SOOPers|Dplus Kia,2025-08-01 10:25:35,0,0.27182039618492126
pooled_recent_weights,2,2025|Rounds 3-5|2025-08-02|Hanwha Life Esports|T1,2025-08-02 06:07:06,0,0.5204252004623413
pooled_recent_weights,2,2025|Rounds 3-5|2025-08-02|BNK FEARX|Kiwoom DRX,2025-08-02 08:31:55,0,0.5983974933624268
pooled_recent_weights,2,2025|Rounds 3-5|2025-08-03|DN SOOPers|HANJIN BRION,2025-08-03 06:07:00,0,0.40223145484924316
pooled_recent_weights,2,2025|Rounds 3-5|2025-08-03|Gen.G|Nongshim RedForce,2025-08-03 08:33:38,1,0.7598100900650024
pooled_recent_weights,2,2025|Rounds 3-5|2025-08-06|Hanwha Life Esports|Nongshim RedForce,2025-08-06 08:06:02,1,0.8880130052566528
pooled_recent_weights,2,2025|Rounds 3-5|2025-08-06|BNK FEARX|HANJIN BRION,2025-08-06 10:22:21,1,0.5049049258232117
pooled_recent_weights,2,2025|Rounds 3-5|2025-08-07|DN SOOPers|Kiwoom DRX,2025-08-07 08:06:22,1,0.29833006858825684
pooled_recent_weights,2,2025|Rounds 3-5|2025-08-07|Gen.G|T1,2025-08-07 11:20:03,1,0.3838622272014618
pooled_recent_weights,2,2025|Rounds 3-5|2025-08-08|BNK FEARX|Dplus Kia,2025-08-08 08:08:25,1,0.3960873484611511
pooled_recent_weights,2,2025|Rounds 3-5|2025-08-08|Hanwha Life Esports|KT Rolster,2025-08-08 10:27:25,1,0.7517595291137695
pooled_recent_weights,2,2025|Rounds 3-5|2025-08-09|HANJIN BRION|Kiwoom DRX,2025-08-09 06:11:11,1,0.3119993507862091
pooled_recent_weights,2,2025|Rounds 3-5|2025-08-09|Nongshim RedForce|T1,2025-08-09 09:16:24,0,0.25993821024894714
pooled_recent_weights,2,2025|Rounds 3-5|2025-08-10|Gen.G|KT Rolster,2025-08-10 06:06:45,1,0.8898730874061584
pooled_recent_weights,2,2025|Rounds 3-5|2025-08-10|DN SOOPers|Dplus Kia,2025-08-10 08:19:07,0,0.2881007790565491
pooled_recent_weights,2,2025|Rounds 3-5|2025-08-13|KT Rolster|T1,2025-08-13 08:10:10,0,0.2571137845516205
pooled_recent_weights,2,2025|Rounds 3-5|2025-08-13|BNK FEARX|DN SOOPers,2025-08-13 10:08:55,1,0.6612604856491089
pooled_recent_weights,2,2025|Rounds 3-5|2025-08-14|Gen.G|Nongshim RedForce,2025-08-14 08:07:37,1,0.8890975117683411
pooled_recent_weights,2,2025|Rounds 3-5|2025-08-14|Dplus Kia|Kiwoom DRX,2025-08-14 10:09:25,1,0.7097541093826294
pooled_recent_weights,2,2025|Rounds 3-5|2025-08-15|DN SOOPers|HANJIN BRION,2025-08-15 08:06:45,1,0.3903161287307739
pooled_recent_weights,2,2025|Rounds 3-5|2025-08-15|Hanwha Life Esports|T1,2025-08-15 11:15:30,0,0.3307526111602783
pooled_recent_weights,2,2025|Rounds 3-5|2025-08-16|KT Rolster|Nongshim RedForce,2025-08-16 06:05:19,1,0.42770183086395264
pooled_recent_weights,2,2025|Rounds 3-5|2025-08-16|BNK FEARX|Kiwoom DRX,2025-08-16 09:05:30,0,0.8115543127059937
pooled_recent_weights,2,2025|Rounds 3-5|2025-08-17|Gen.G|Hanwha Life Esports,2025-08-17 06:07:44,1,0.8442193865776062
pooled_recent_weights,2,2025|Rounds 3-5|2025-08-17|Dplus Kia|HANJIN BRION,2025-08-17 09:10:43,0,0.6377025842666626
pooled_recent_weights,2,2025|Rounds 3-5|2025-08-20|DN SOOPers|Kiwoom DRX,2025-08-20 08:06:31,0,0.6542887687683105
pooled_recent_weights,2,2025|Rounds 3-5|2025-08-20|Gen.G|Nongshim RedForce,2025-08-20 10:33:21,1,0.8898270130157471
pooled_recent_weights,3,2025|Rounds 3-5|2025-08-21|Hanwha Life Esports|KT Rolster,2025-08-21 08:05:15,1,0.4282371401786804
pooled_recent_weights,3,2025|Rounds 3-5|2025-08-21|BNK FEARX|HANJIN BRION,2025-08-21 11:27:46,1,0.5259463787078857
pooled_recent_weights,3,2025|Rounds 3-5|2025-08-22|Nongshim RedForce|T1,2025-08-22 08:05:01,0,0.10239475220441818
pooled_recent_weights,3,2025|Rounds 3-5|2025-08-22|Dplus Kia|Kiwoom DRX,2025-08-22 10:59:29,1,0.40735921263694763
pooled_recent_weights,3,2025|Rounds 3-5|2025-08-23|Gen.G|Hanwha Life Esports,2025-08-23 06:06:52,1,0.5885497331619263
pooled_recent_weights,3,2025|Rounds 3-5|2025-08-23|DN SOOPers|HANJIN BRION,2025-08-23 09:20:22,1,0.4461973309516907
pooled_recent_weights,3,2025|Rounds 3-5|2025-08-24|BNK FEARX|Dplus Kia,2025-08-24 06:06:54,0,0.6172746419906616
pooled_recent_weights,3,2025|Rounds 3-5|2025-08-24|KT Rolster|T1,2025-08-24 08:27:55,1,0.4035167396068573
pooled_recent_weights,3,2025|Rounds 3-5|2025-08-27|Hanwha Life Esports|T1,2025-08-27 08:04:11,0,0.6503008604049683
pooled_recent_weights,3,2025|Rounds 3-5|2025-08-27|BNK FEARX|DN SOOPers,2025-08-27 11:21:15,1,0.4884834885597229
pooled_recent_weights,3,2025|Rounds 3-5|2025-08-28|Dplus Kia|HANJIN BRION,2025-08-28 08:08:10,1,0.789899468421936
pooled_recent_weights,3,2025|Rounds 3-5|2025-08-28|Gen.G|KT Rolster,2025-08-28 10:12:22,1,0.5381035208702087
pooled_recent_weights,3,2025|Rounds 3-5|2025-08-29|BNK FEARX|Kiwoom DRX,2025-08-29 08:07:17,1,0.6071727275848389
pooled_recent_weights,3,2025|Rounds 3-5|2025-08-29|Hanwha Life Esports|Nongshim RedForce,2025-08-29 11:12:12,1,0.5421929955482483
pooled_recent_weights,3,2025|Rounds 3-5|2025-08-30|Gen.G|T1,2025-08-30 06:12:29,1,0.6407927870750427
pooled_recent_weights,3,2025|Rounds 3-5|2025-08-30|DN SOOPers|Dplus Kia,2025-08-30 09:32:44,0,0.27686256170272827
pooled_recent_weights,3,2025|Rounds 3-5|2025-08-31|KT Rolster|Nongshim RedForce,2025-08-31 06:06:31,1,0.6204143762588501
pooled_recent_weights,3,2025|Rounds 3-5|2025-08-31|HANJIN BRION|Kiwoom DRX,2025-08-31 08:29:18,1,0.47862178087234497
pooled_recent_weights,3,2025|Rounds 3-5|2025-09-03|HANJIN BRION|Nongshim RedForce,2025-09-03 08:08:06,0,0.5790293216705322
pooled_recent_weights,3,2025|Rounds 3-5|2025-09-04|BNK FEARX|Dplus Kia,2025-09-04 08:08:41,1,0.580883264541626
pooled_recent_weights,3,2025|Rounds 3-5|2025-09-05|BNK FEARX|Nongshim RedForce,2025-09-05 08:07:35,1,0.5531105399131775
pooled_recent_weights,3,2025|Rounds 3-5|2025-09-06|Dplus Kia|HANJIN BRION,2025-09-06 06:09:11,1,0.4848174750804901
pooled_recent_weights,3,2025|Rounds 3-5|2025-09-07|Dplus Kia|Nongshim RedForce,2025-09-07 06:09:43,1,0.6177921891212463
pooled_recent_weights,3,2025|Rounds 3-5|2025-09-10|Dplus Kia|T1,2025-09-10 08:11:38,0,0.826749324798584
pooled_recent_weights,3,2025|Rounds 3-5|2025-09-11|BNK FEARX|KT Rolster,2025-09-11 08:09:47,0,0.5719131231307983
pooled_recent_weights,3,2025|Rounds 3-5|2025-09-13|Gen.G|KT Rolster,2025-09-13 06:11:13,0,0.6446576118469238
pooled_recent_weights,3,2025|Rounds 3-5|2025-09-14|Hanwha Life Esports|T1,2025-09-14 06:11:34,1,0.44354188442230225
pooled_recent_weights,3,2025|Rounds 3-5|2025-09-17|BNK FEARX|Dplus Kia,2025-09-17 08:12:41,0,0.6326617002487183
pooled_recent_weights,3,2025|Rounds 3-5|2025-09-18|Dplus Kia|T1,2025-09-18 08:13:43,0,0.6369395852088928
pooled_recent_weights,3,2025|Rounds 3-5|2025-09-20|Hanwha Life Esports|KT Rolster,2025-09-20 06:07:09,1,0.7069985866546631
pooled_recent_weights,3,2025|Rounds 3-5|2025-09-21|Gen.G|T1,2025-09-21 06:08:55,1,0.29826465249061584
pooled_recent_weights,3,2025|Rounds 3-5|2025-09-27|Gen.G|KT Rolster,2025-09-27 05:23:49,1,0.7188870906829834
pooled_recent_weights,3,2025|Rounds 3-5|2025-09-28|Gen.G|Hanwha Life Esports,2025-09-28 05:30:31,1,0.5950645208358765
pooled_matched_epochs,1,2025|Rounds 1-2|2025-05-04|KT Rolster|T1,2025-05-04 06:06:00,0,0.3058014214038849
pooled_matched_epochs,1,2025|Rounds 1-2|2025-05-04|DN SOOPers|HANJIN BRION,2025-05-04 08:20:59,0,0.4208861291408539
pooled_matched_epochs,1,2025|Rounds 1-2|2025-05-07|BNK FEARX|HANJIN BRION,2025-05-07 08:03:23,1,0.3258814811706543
pooled_matched_epochs,1,2025|Rounds 1-2|2025-05-07|Dplus Kia|KT Rolster,2025-05-07 11:02:40,0,0.514931857585907
pooled_matched_epochs,1,2025|Rounds 1-2|2025-05-08|Kiwoom DRX|T1,2025-05-08 08:06:11,0,0.49533000588417053
pooled_matched_epochs,1,2025|Rounds 1-2|2025-05-08|Gen.G|Nongshim RedForce,2025-05-08 10:16:11,1,0.8459336161613464
pooled_matched_epochs,1,2025|Rounds 1-2|2025-05-09|DN SOOPers|KT Rolster,2025-05-09 08:06:29,0,0.41077953577041626
pooled_matched_epochs,1,2025|Rounds 1-2|2025-05-09|HANJIN BRION|Hanwha Life Esports,2025-05-09 10:06:12,0,0.19324399530887604
pooled_matched_epochs,1,2025|Rounds 1-2|2025-05-10|Dplus Kia|T1,2025-05-10 06:05:23,0,0.14333027601242065
pooled_matched_epochs,1,2025|Rounds 1-2|2025-05-10|BNK FEARX|Gen.G,2025-05-10 08:12:35,0,0.24268116056919098
pooled_matched_epochs,1,2025|Rounds 1-2|2025-05-11|DN SOOPers|Nongshim RedForce,2025-05-11 06:05:43,1,0.5026477575302124
pooled_matched_epochs,1,2025|Rounds 1-2|2025-05-11|Hanwha Life Esports|Kiwoom DRX,2025-05-11 09:23:56,1,0.7625696063041687
pooled_matched_epochs,1,2025|Rounds 1-2|2025-05-14|BNK FEARX|Nongshim RedForce,2025-05-14 08:04:35,0,0.6231964826583862
pooled_matched_epochs,1,2025|Rounds 1-2|2025-05-14|Dplus Kia|Kiwoom DRX,2025-05-14 10:57:54,1,0.47085681557655334
pooled_matched_epochs,1,2025|Rounds 1-2|2025-05-15|Hanwha Life Esports|KT Rolster,2025-05-15 08:06:53,0,0.5197935104370117
pooled_matched_epochs,1,2025|Rounds 1-2|2025-05-15|HANJIN BRION|T1,2025-05-15 11:18:14,0,0.15264716744422913
pooled_matched_epochs,1,2025|Rounds 1-2|2025-05-16|BNK FEARX|Dplus Kia,2025-05-16 08:07:23,0,0.4486958980560303
pooled_matched_epochs,1,2025|Rounds 1-2|2025-05-16|DN SOOPers|Gen.G,2025-05-16 10:15:50,0,0.18444277346134186
pooled_matched_epochs,1,2025|Rounds 1-2|2025-05-17|Kiwoom DRX|Nongshim RedForce,2025-05-17 06:06:29,0,0.3986956477165222
pooled_matched_epochs,1,2025|Rounds 1-2|2025-05-17|HANJIN BRION|KT Rolster,2025-05-17 09:01:31,0,0.21888849139213562
pooled_matched_epochs,1,2025|Rounds 1-2|2025-05-18|DN SOOPers|Hanwha Life Esports,2025-05-18 06:04:32,0,0.32243582606315613
pooled_matched_epochs,1,2025|Rounds 1-2|2025-05-18|Gen.G|T1,2025-05-18 08:21:01,1,0.6162135004997253
pooled_matched_epochs,1,2025|Rounds 1-2|2025-05-21|Gen.G|Hanwha Life Esports,2025-05-21 08:06:27,1,0.6723663806915283
pooled_matched_epochs,1,2025|Rounds 1-2|2025-05-21|DN SOOPers|Kiwoom DRX,2025-05-21 11:23:37,0,0.45633769035339355
pooled_matched_epochs,1,2025|Rounds 1-2|2025-05-22|Dplus Kia|HANJIN BRION,2025-05-22 08:07:11,0,0.743377685546875
pooled_matched_epochs,1,2025|Rounds 1-2|2025-05-22|BNK FEARX|T1,2025-05-22 10:12:41,0,0.34743261337280273
pooled_matched_epochs,1,2025|Rounds 1-2|2025-05-23|Gen.G|Kiwoom DRX,2025-05-23 08:07:24,1,0.7246405482292175
pooled_matched_epochs,1,2025|Rounds 1-2|2025-05-23|KT Rolster|Nongshim RedForce,2025-05-23 10:20:15,1,0.5085344314575195
pooled_matched_epochs,1,2025|Rounds 1-2|2025-05-24|Dplus Kia|Hanwha Life Esports,2025-05-24 06:04:59,1,0.5912172198295593
pooled_matched_epochs,1,2025|Rounds 1-2|2025-05-24|DN SOOPers|T1,2025-05-24 09:07:30,0,0.2575739026069641
pooled_matched_epochs,1,2025|Rounds 1-2|2025-05-25|HANJIN BRION|Nongshim RedForce,2025-05-25 06:04:05,0,0.6896227598190308
pooled_matched_epochs,1,2025|Rounds 1-2|2025-05-25|BNK FEARX|KT Rolster,2025-05-25 09:10:27,0,0.3337711691856384
pooled_matched_epochs,1,2025|Rounds 1-2|2025-05-28|BNK FEARX|DN SOOPers,2025-05-28 08:03:32,1,0.5066057443618774
pooled_matched_epochs,1,2025|Rounds 1-2|2025-05-28|Hanwha Life Esports|T1,2025-05-28 11:13:02,1,0.2772461175918579
pooled_matched_epochs,1,2025|Rounds 1-2|2025-05-29|HANJIN BRION|Kiwoom DRX,2025-05-29 08:06:13,0,0.7136630415916443
pooled_matched_epochs,1,2025|Rounds 1-2|2025-05-29|Gen.G|KT Rolster,2025-05-29 11:54:37,1,0.6905138492584229
pooled_matched_epochs,1,2025|Rounds 1-2|2025-05-30|Nongshim RedForce|T1,2025-05-30 08:06:20,1,0.5094133615493774
pooled_matched_epochs,1,2025|Rounds 1-2|2025-05-30|DN SOOPers|Dplus Kia,2025-05-30 10:17:54,0,0.4500734508037567
pooled_matched_epochs,1,2025|Rounds 1-2|2025-05-31|KT Rolster|Kiwoom DRX,2025-05-31 06:05:53,1,0.6790027022361755
pooled_matched_epochs,1,2025|Rounds 1-2|2025-05-31|Gen.G|HANJIN BRION,2025-05-31 08:16:20,1,0.7398056983947754
pooled_matched_epochs,1,2025|Rounds 1-2|2025-06-01|BNK FEARX|Hanwha Life Esports,2025-06-01 06:05:16,0,0.4286101460456848
pooled_matched_epochs,1,2025|Rounds 1-2|2025-06-01|Dplus Kia|Nongshim RedForce,2025-06-01 08:07:40,1,0.36641812324523926
pooled_matched_epochs,1,2025|Rounds 1-2|2025-06-04|Dplus Kia|KT Rolster,2025-06-04 08:08:19,0,0.5377261638641357
pooled_matched_epochs,1,2025|Rounds 1-2|2025-06-07|Dplus Kia|KT Rolster,2025-06-07 06:06:28,0,0.37338149547576904
pooled_matched_epochs,1,2025|Rounds 1-2|2025-06-08|KT Rolster|Nongshim RedForce,2025-06-08 06:07:06,1,0.7532643675804138
pooled_matched_epochs,2,2025|Rounds 1-2|2025-06-13|Gen.G|Hanwha Life Esports,2025-06-13 08:18:23,1,0.575801432132721
pooled_matched_epochs,2,2025|Rounds 1-2|2025-06-14|KT Rolster|T1,2025-06-14 06:20:04,0,0.9325003623962402
pooled_matched_epochs,2,2025|Rounds 1-2|2025-06-15|Hanwha Life Esports|T1,2025-06-15 06:17:37,0,0.24324487149715424
pooled_matched_epochs,2,2025|Rounds 3-5|2025-07-23|Dplus Kia|HANJIN BRION,2025-07-23 08:07:58,0,0.4809664487838745
pooled_matched_epochs,2,2025|Rounds 3-5|2025-07-23|Gen.G|Hanwha Life Esports,2025-07-23 11:17:36,1,0.7945995926856995
pooled_matched_epochs,2,2025|Rounds 3-5|2025-07-24|BNK FEARX|DN SOOPers,2025-07-24 08:05:02,1,0.4200124442577362
pooled_matched_epochs,2,2025|Rounds 3-5|2025-07-24|KT Rolster|Nongshim RedForce,2025-07-24 10:11:20,1,0.6401993036270142
pooled_matched_epochs,2,2025|Rounds 3-5|2025-07-25|Gen.G|T1,2025-07-25 08:11:59,0,0.503636360168457
pooled_matched_epochs,2,2025|Rounds 3-5|2025-07-25|HANJIN BRION|Kiwoom DRX,2025-07-25 11:15:42,1,0.5328239798545837
pooled_matched_epochs,2,2025|Rounds 3-5|2025-07-26|BNK FEARX|Dplus Kia,2025-07-26 06:07:12,0,0.5513428449630737
pooled_matched_epochs,2,2025|Rounds 3-5|2025-07-26|Hanwha Life Esports|KT Rolster,2025-07-26 08:31:59,1,0.3665713369846344
pooled_matched_epochs,2,2025|Rounds 3-5|2025-07-27|DN SOOPers|Kiwoom DRX,2025-07-27 06:05:40,0,0.48518627882003784
pooled_matched_epochs,2,2025|Rounds 3-5|2025-07-27|Nongshim RedForce|T1,2025-07-27 09:29:10,0,0.20094753801822662
pooled_matched_epochs,2,2025|Rounds 3-5|2025-07-30|Dplus Kia|Kiwoom DRX,2025-07-30 08:07:21,1,0.7195702195167542
pooled_matched_epochs,2,2025|Rounds 3-5|2025-07-30|KT Rolster|T1,2025-07-30 11:48:43,0,0.37251612544059753
pooled_matched_epochs,2,2025|Rounds 3-5|2025-07-31|BNK FEARX|HANJIN BRION,2025-07-31 08:06:28,1,0.16584762930870056
pooled_matched_epochs,2,2025|Rounds 3-5|2025-07-31|Hanwha Life Esports|Nongshim RedForce,2025-07-31 10:31:25,1,0.5941005349159241
pooled_matched_epochs,2,2025|Rounds 3-5|2025-08-01|Gen.G|KT Rolster,2025-08-01 08:04:50,1,0.7679404020309448
pooled_matched_epochs,2,2025|Rounds 3-5|2025-08-01|DN SOOPers|Dplus Kia,2025-08-01 10:25:35,0,0.23088303208351135
pooled_matched_epochs,2,2025|Rounds 3-5|2025-08-02|Hanwha Life Esports|T1,2025-08-02 06:07:06,0,0.4920608401298523
pooled_matched_epochs,2,2025|Rounds 3-5|2025-08-02|BNK FEARX|Kiwoom DRX,2025-08-02 08:31:55,0,0.4657710790634155
pooled_matched_epochs,2,2025|Rounds 3-5|2025-08-03|DN SOOPers|HANJIN BRION,2025-08-03 06:07:00,0,0.47569215297698975
pooled_matched_epochs,2,2025|Rounds 3-5|2025-08-03|Gen.G|Nongshim RedForce,2025-08-03 08:33:38,1,0.7195308208465576
pooled_matched_epochs,2,2025|Rounds 3-5|2025-08-06|Hanwha Life Esports|Nongshim RedForce,2025-08-06 08:06:02,1,0.8171860575675964
pooled_matched_epochs,2,2025|Rounds 3-5|2025-08-06|BNK FEARX|HANJIN BRION,2025-08-06 10:22:21,1,0.5351012349128723
pooled_matched_epochs,2,2025|Rounds 3-5|2025-08-07|DN SOOPers|Kiwoom DRX,2025-08-07 08:06:22,1,0.2725995182991028
pooled_matched_epochs,2,2025|Rounds 3-5|2025-08-07|Gen.G|T1,2025-08-07 11:20:03,1,0.4230368137359619
pooled_matched_epochs,2,2025|Rounds 3-5|2025-08-08|BNK FEARX|Dplus Kia,2025-08-08 08:08:25,1,0.2910262942314148
pooled_matched_epochs,2,2025|Rounds 3-5|2025-08-08|Hanwha Life Esports|KT Rolster,2025-08-08 10:27:25,1,0.7511303424835205
pooled_matched_epochs,2,2025|Rounds 3-5|2025-08-09|HANJIN BRION|Kiwoom DRX,2025-08-09 06:11:11,1,0.2333621382713318
pooled_matched_epochs,2,2025|Rounds 3-5|2025-08-09|Nongshim RedForce|T1,2025-08-09 09:16:24,0,0.3129841983318329
pooled_matched_epochs,2,2025|Rounds 3-5|2025-08-10|Gen.G|KT Rolster,2025-08-10 06:06:45,1,0.9407551288604736
pooled_matched_epochs,2,2025|Rounds 3-5|2025-08-10|DN SOOPers|Dplus Kia,2025-08-10 08:19:07,0,0.20758342742919922
pooled_matched_epochs,2,2025|Rounds 3-5|2025-08-13|KT Rolster|T1,2025-08-13 08:10:10,0,0.30478161573410034
pooled_matched_epochs,2,2025|Rounds 3-5|2025-08-13|BNK FEARX|DN SOOPers,2025-08-13 10:08:55,1,0.6247574090957642
pooled_matched_epochs,2,2025|Rounds 3-5|2025-08-14|Gen.G|Nongshim RedForce,2025-08-14 08:07:37,1,0.8841564655303955
pooled_matched_epochs,2,2025|Rounds 3-5|2025-08-14|Dplus Kia|Kiwoom DRX,2025-08-14 10:09:25,1,0.7374434471130371
pooled_matched_epochs,2,2025|Rounds 3-5|2025-08-15|DN SOOPers|HANJIN BRION,2025-08-15 08:06:45,1,0.38116711378097534
pooled_matched_epochs,2,2025|Rounds 3-5|2025-08-15|Hanwha Life Esports|T1,2025-08-15 11:15:30,0,0.3260766565799713
pooled_matched_epochs,2,2025|Rounds 3-5|2025-08-16|KT Rolster|Nongshim RedForce,2025-08-16 06:05:19,1,0.2999206483364105
pooled_matched_epochs,2,2025|Rounds 3-5|2025-08-16|BNK FEARX|Kiwoom DRX,2025-08-16 09:05:30,0,0.8446324467658997
pooled_matched_epochs,2,2025|Rounds 3-5|2025-08-17|Gen.G|Hanwha Life Esports,2025-08-17 06:07:44,1,0.8979918956756592
pooled_matched_epochs,2,2025|Rounds 3-5|2025-08-17|Dplus Kia|HANJIN BRION,2025-08-17 09:10:43,0,0.6832665205001831
pooled_matched_epochs,2,2025|Rounds 3-5|2025-08-20|DN SOOPers|Kiwoom DRX,2025-08-20 08:06:31,0,0.7414865493774414
pooled_matched_epochs,2,2025|Rounds 3-5|2025-08-20|Gen.G|Nongshim RedForce,2025-08-20 10:33:21,1,0.869623601436615
pooled_matched_epochs,3,2025|Rounds 3-5|2025-08-21|Hanwha Life Esports|KT Rolster,2025-08-21 08:05:15,1,0.4340718984603882
pooled_matched_epochs,3,2025|Rounds 3-5|2025-08-21|BNK FEARX|HANJIN BRION,2025-08-21 11:27:46,1,0.5647968053817749
pooled_matched_epochs,3,2025|Rounds 3-5|2025-08-22|Nongshim RedForce|T1,2025-08-22 08:05:01,0,0.0648980438709259
pooled_matched_epochs,3,2025|Rounds 3-5|2025-08-22|Dplus Kia|Kiwoom DRX,2025-08-22 10:59:29,1,0.4165528416633606
pooled_matched_epochs,3,2025|Rounds 3-5|2025-08-23|Gen.G|Hanwha Life Esports,2025-08-23 06:06:52,1,0.6137288808822632
pooled_matched_epochs,3,2025|Rounds 3-5|2025-08-23|DN SOOPers|HANJIN BRION,2025-08-23 09:20:22,1,0.44691744446754456
pooled_matched_epochs,3,2025|Rounds 3-5|2025-08-24|BNK FEARX|Dplus Kia,2025-08-24 06:06:54,0,0.6552656888961792
pooled_matched_epochs,3,2025|Rounds 3-5|2025-08-24|KT Rolster|T1,2025-08-24 08:27:55,1,0.37578725814819336
pooled_matched_epochs,3,2025|Rounds 3-5|2025-08-27|Hanwha Life Esports|T1,2025-08-27 08:04:11,0,0.6839370727539062
pooled_matched_epochs,3,2025|Rounds 3-5|2025-08-27|BNK FEARX|DN SOOPers,2025-08-27 11:21:15,1,0.46194660663604736
pooled_matched_epochs,3,2025|Rounds 3-5|2025-08-28|Dplus Kia|HANJIN BRION,2025-08-28 08:08:10,1,0.8520461916923523
pooled_matched_epochs,3,2025|Rounds 3-5|2025-08-28|Gen.G|KT Rolster,2025-08-28 10:12:22,1,0.5341507792472839
pooled_matched_epochs,3,2025|Rounds 3-5|2025-08-29|BNK FEARX|Kiwoom DRX,2025-08-29 08:07:17,1,0.6226419806480408
pooled_matched_epochs,3,2025|Rounds 3-5|2025-08-29|Hanwha Life Esports|Nongshim RedForce,2025-08-29 11:12:12,1,0.5583720803260803
pooled_matched_epochs,3,2025|Rounds 3-5|2025-08-30|Gen.G|T1,2025-08-30 06:12:29,1,0.7043110132217407
pooled_matched_epochs,3,2025|Rounds 3-5|2025-08-30|DN SOOPers|Dplus Kia,2025-08-30 09:32:44,0,0.2257838249206543
pooled_matched_epochs,3,2025|Rounds 3-5|2025-08-31|KT Rolster|Nongshim RedForce,2025-08-31 06:06:31,1,0.6440227031707764
pooled_matched_epochs,3,2025|Rounds 3-5|2025-08-31|HANJIN BRION|Kiwoom DRX,2025-08-31 08:29:18,1,0.46534621715545654
pooled_matched_epochs,3,2025|Rounds 3-5|2025-09-03|HANJIN BRION|Nongshim RedForce,2025-09-03 08:08:06,0,0.5917516350746155
pooled_matched_epochs,3,2025|Rounds 3-5|2025-09-04|BNK FEARX|Dplus Kia,2025-09-04 08:08:41,1,0.5908822417259216
pooled_matched_epochs,3,2025|Rounds 3-5|2025-09-05|BNK FEARX|Nongshim RedForce,2025-09-05 08:07:35,1,0.5432355403900146
pooled_matched_epochs,3,2025|Rounds 3-5|2025-09-06|Dplus Kia|HANJIN BRION,2025-09-06 06:09:11,1,0.5050525665283203
pooled_matched_epochs,3,2025|Rounds 3-5|2025-09-07|Dplus Kia|Nongshim RedForce,2025-09-07 06:09:43,1,0.6652230024337769
pooled_matched_epochs,3,2025|Rounds 3-5|2025-09-10|Dplus Kia|T1,2025-09-10 08:11:38,0,0.8868616819381714
pooled_matched_epochs,3,2025|Rounds 3-5|2025-09-11|BNK FEARX|KT Rolster,2025-09-11 08:09:47,0,0.575879693031311
pooled_matched_epochs,3,2025|Rounds 3-5|2025-09-13|Gen.G|KT Rolster,2025-09-13 06:11:13,0,0.6614335179328918
pooled_matched_epochs,3,2025|Rounds 3-5|2025-09-14|Hanwha Life Esports|T1,2025-09-14 06:11:34,1,0.43424510955810547
pooled_matched_epochs,3,2025|Rounds 3-5|2025-09-17|BNK FEARX|Dplus Kia,2025-09-17 08:12:41,0,0.6663675308227539
pooled_matched_epochs,3,2025|Rounds 3-5|2025-09-18|Dplus Kia|T1,2025-09-18 08:13:43,0,0.6794722080230713
pooled_matched_epochs,3,2025|Rounds 3-5|2025-09-20|Hanwha Life Esports|KT Rolster,2025-09-20 06:07:09,1,0.7524380683898926
pooled_matched_epochs,3,2025|Rounds 3-5|2025-09-21|Gen.G|T1,2025-09-21 06:08:55,1,0.24192175269126892
pooled_matched_epochs,3,2025|Rounds 3-5|2025-09-27|Gen.G|KT Rolster,2025-09-27 05:23:49,1,0.7815694808959961
pooled_matched_epochs,3,2025|Rounds 3-5|2025-09-28|Gen.G|Hanwha Life Esports,2025-09-28 05:30:31,1,0.6340460777282715
selected_2025,1,2025|Rounds 1-2|2025-05-04|KT Rolster|T1,2025-05-04 06:06:00,0,0.24313868582248688
selected_2025,1,2025|Rounds 1-2|2025-05-04|DN SOOPers|HANJIN BRION,2025-05-04 08:20:59,0,0.46196869015693665
selected_2025,1,2025|Rounds 1-2|2025-05-07|BNK FEARX|HANJIN BRION,2025-05-07 08:03:23,1,0.35866570472717285
selected_2025,1,2025|Rounds 1-2|2025-05-07|Dplus Kia|KT Rolster,2025-05-07 11:02:40,0,0.45676812529563904
selected_2025,1,2025|Rounds 1-2|2025-05-08|Kiwoom DRX|T1,2025-05-08 08:06:11,0,0.46278923749923706
selected_2025,1,2025|Rounds 1-2|2025-05-08|Gen.G|Nongshim RedForce,2025-05-08 10:16:11,1,0.8938103914260864
selected_2025,1,2025|Rounds 1-2|2025-05-09|DN SOOPers|KT Rolster,2025-05-09 08:06:29,0,0.4740821123123169
selected_2025,1,2025|Rounds 1-2|2025-05-09|HANJIN BRION|Hanwha Life Esports,2025-05-09 10:06:12,0,0.15163232386112213
selected_2025,1,2025|Rounds 1-2|2025-05-10|Dplus Kia|T1,2025-05-10 06:05:23,0,0.07574521750211716
selected_2025,1,2025|Rounds 1-2|2025-05-10|BNK FEARX|Gen.G,2025-05-10 08:12:35,0,0.23766034841537476
selected_2025,1,2025|Rounds 1-2|2025-05-11|DN SOOPers|Nongshim RedForce,2025-05-11 06:05:43,1,0.5544562339782715
selected_2025,1,2025|Rounds 1-2|2025-05-11|Hanwha Life Esports|Kiwoom DRX,2025-05-11 09:23:56,1,0.8192837834358215
selected_2025,1,2025|Rounds 1-2|2025-05-14|BNK FEARX|Nongshim RedForce,2025-05-14 08:04:35,0,0.4897177219390869
selected_2025,1,2025|Rounds 1-2|2025-05-14|Dplus Kia|Kiwoom DRX,2025-05-14 10:57:54,1,0.4545633792877197
selected_2025,1,2025|Rounds 1-2|2025-05-15|Hanwha Life Esports|KT Rolster,2025-05-15 08:06:53,0,0.6366442441940308
selected_2025,1,2025|Rounds 1-2|2025-05-15|HANJIN BRION|T1,2025-05-15 11:18:14,0,0.12167739123106003
selected_2025,1,2025|Rounds 1-2|2025-05-16|BNK FEARX|Dplus Kia,2025-05-16 08:07:23,0,0.38811805844306946
selected_2025,1,2025|Rounds 1-2|2025-05-16|DN SOOPers|Gen.G,2025-05-16 10:15:50,0,0.12879139184951782
selected_2025,1,2025|Rounds 1-2|2025-05-17|Kiwoom DRX|Nongshim RedForce,2025-05-17 06:06:29,0,0.416526734828949
selected_2025,1,2025|Rounds 1-2|2025-05-17|HANJIN BRION|KT Rolster,2025-05-17 09:01:31,0,0.21160665154457092
selected_2025,1,2025|Rounds 1-2|2025-05-18|DN SOOPers|Hanwha Life Esports,2025-05-18 06:04:32,0,0.21393142640590668
selected_2025,1,2025|Rounds 1-2|2025-05-18|Gen.G|T1,2025-05-18 08:21:01,1,0.5974909067153931
selected_2025,1,2025|Rounds 1-2|2025-05-21|Gen.G|Hanwha Life Esports,2025-05-21 08:06:27,1,0.6814345121383667
selected_2025,1,2025|Rounds 1-2|2025-05-21|DN SOOPers|Kiwoom DRX,2025-05-21 11:23:37,0,0.27363377809524536
selected_2025,1,2025|Rounds 1-2|2025-05-22|Dplus Kia|HANJIN BRION,2025-05-22 08:07:11,0,0.8127897381782532
selected_2025,1,2025|Rounds 1-2|2025-05-22|BNK FEARX|T1,2025-05-22 10:12:41,0,0.3014927804470062
selected_2025,1,2025|Rounds 1-2|2025-05-23|Gen.G|Kiwoom DRX,2025-05-23 08:07:24,1,0.658972978591919
selected_2025,1,2025|Rounds 1-2|2025-05-23|KT Rolster|Nongshim RedForce,2025-05-23 10:20:15,1,0.6409326195716858
selected_2025,1,2025|Rounds 1-2|2025-05-24|Dplus Kia|Hanwha Life Esports,2025-05-24 06:04:59,1,0.5853251218795776
selected_2025,1,2025|Rounds 1-2|2025-05-24|DN SOOPers|T1,2025-05-24 09:07:30,0,0.2090511918067932
selected_2025,1,2025|Rounds 1-2|2025-05-25|HANJIN BRION|Nongshim RedForce,2025-05-25 06:04:05,0,0.6978821754455566
selected_2025,1,2025|Rounds 1-2|2025-05-25|BNK FEARX|KT Rolster,2025-05-25 09:10:27,0,0.3481369614601135
selected_2025,1,2025|Rounds 1-2|2025-05-28|BNK FEARX|DN SOOPers,2025-05-28 08:03:32,1,0.5635237693786621
selected_2025,1,2025|Rounds 1-2|2025-05-28|Hanwha Life Esports|T1,2025-05-28 11:13:02,1,0.31089121103286743
selected_2025,1,2025|Rounds 1-2|2025-05-29|HANJIN BRION|Kiwoom DRX,2025-05-29 08:06:13,0,0.6337019205093384
selected_2025,1,2025|Rounds 1-2|2025-05-29|Gen.G|KT Rolster,2025-05-29 11:54:37,1,0.6955733299255371
selected_2025,1,2025|Rounds 1-2|2025-05-30|Nongshim RedForce|T1,2025-05-30 08:06:20,1,0.5120818018913269
selected_2025,1,2025|Rounds 1-2|2025-05-30|DN SOOPers|Dplus Kia,2025-05-30 10:17:54,0,0.46468040347099304
selected_2025,1,2025|Rounds 1-2|2025-05-31|KT Rolster|Kiwoom DRX,2025-05-31 06:05:53,1,0.7328452467918396
selected_2025,1,2025|Rounds 1-2|2025-05-31|Gen.G|HANJIN BRION,2025-05-31 08:16:20,1,0.7935264706611633
selected_2025,1,2025|Rounds 1-2|2025-06-01|BNK FEARX|Hanwha Life Esports,2025-06-01 06:05:16,0,0.4416190981864929
selected_2025,1,2025|Rounds 1-2|2025-06-01|Dplus Kia|Nongshim RedForce,2025-06-01 08:07:40,1,0.3017897605895996
selected_2025,1,2025|Rounds 1-2|2025-06-04|Dplus Kia|KT Rolster,2025-06-04 08:08:19,0,0.6353991627693176
selected_2025,1,2025|Rounds 1-2|2025-06-07|Dplus Kia|KT Rolster,2025-06-07 06:06:28,0,0.2792169153690338
selected_2025,1,2025|Rounds 1-2|2025-06-08|KT Rolster|Nongshim RedForce,2025-06-08 06:07:06,1,0.7649109363555908
selected_2025,2,2025|Rounds 1-2|2025-06-13|Gen.G|Hanwha Life Esports,2025-06-13 08:18:23,1,0.3678709864616394
selected_2025,2,2025|Rounds 1-2|2025-06-14|KT Rolster|T1,2025-06-14 06:20:04,0,0.9808471202850342
selected_2025,2,2025|Rounds 1-2|2025-06-15|Hanwha Life Esports|T1,2025-06-15 06:17:37,0,0.3051321804523468
selected_2025,2,2025|Rounds 3-5|2025-07-23|Dplus Kia|HANJIN BRION,2025-07-23 08:07:58,0,0.5454467535018921
selected_2025,2,2025|Rounds 3-5|2025-07-23|Gen.G|Hanwha Life Esports,2025-07-23 11:17:36,1,0.7825929522514343
selected_2025,2,2025|Rounds 3-5|2025-07-24|BNK FEARX|DN SOOPers,2025-07-24 08:05:02,1,0.48572415113449097
selected_2025,2,2025|Rounds 3-5|2025-07-24|KT Rolster|Nongshim RedForce,2025-07-24 10:11:20,1,0.7252602577209473
selected_2025,2,2025|Rounds 3-5|2025-07-25|Gen.G|T1,2025-07-25 08:11:59,0,0.4409430921077728
selected_2025,2,2025|Rounds 3-5|2025-07-25|HANJIN BRION|Kiwoom DRX,2025-07-25 11:15:42,1,0.604514479637146
selected_2025,2,2025|Rounds 3-5|2025-07-26|BNK FEARX|Dplus Kia,2025-07-26 06:07:12,0,0.7284192442893982
selected_2025,2,2025|Rounds 3-5|2025-07-26|Hanwha Life Esports|KT Rolster,2025-07-26 08:31:59,1,0.30340248346328735
selected_2025,2,2025|Rounds 3-5|2025-07-27|DN SOOPers|Kiwoom DRX,2025-07-27 06:05:40,0,0.4294281005859375
selected_2025,2,2025|Rounds 3-5|2025-07-27|Nongshim RedForce|T1,2025-07-27 09:29:10,0,0.12753711640834808
selected_2025,2,2025|Rounds 3-5|2025-07-30|Dplus Kia|Kiwoom DRX,2025-07-30 08:07:21,1,0.6835367679595947
selected_2025,2,2025|Rounds 3-5|2025-07-30|KT Rolster|T1,2025-07-30 11:48:43,0,0.413769006729126
selected_2025,2,2025|Rounds 3-5|2025-07-31|BNK FEARX|HANJIN BRION,2025-07-31 08:06:28,1,0.17882753908634186
selected_2025,2,2025|Rounds 3-5|2025-07-31|Hanwha Life Esports|Nongshim RedForce,2025-07-31 10:31:25,1,0.7031938433647156
selected_2025,2,2025|Rounds 3-5|2025-08-01|Gen.G|KT Rolster,2025-08-01 08:04:50,1,0.6584751605987549
selected_2025,2,2025|Rounds 3-5|2025-08-01|DN SOOPers|Dplus Kia,2025-08-01 10:25:35,0,0.17611847817897797
selected_2025,2,2025|Rounds 3-5|2025-08-02|Hanwha Life Esports|T1,2025-08-02 06:07:06,0,0.46505701541900635
selected_2025,2,2025|Rounds 3-5|2025-08-02|BNK FEARX|Kiwoom DRX,2025-08-02 08:31:55,0,0.5450885891914368
selected_2025,2,2025|Rounds 3-5|2025-08-03|DN SOOPers|HANJIN BRION,2025-08-03 06:07:00,0,0.4980638027191162
selected_2025,2,2025|Rounds 3-5|2025-08-03|Gen.G|Nongshim RedForce,2025-08-03 08:33:38,1,0.5737016201019287
selected_2025,2,2025|Rounds 3-5|2025-08-06|Hanwha Life Esports|Nongshim RedForce,2025-08-06 08:06:02,1,0.8734732270240784
selected_2025,2,2025|Rounds 3-5|2025-08-06|BNK FEARX|HANJIN BRION,2025-08-06 10:22:21,1,0.5142996907234192
selected_2025,2,2025|Rounds 3-5|2025-08-07|DN SOOPers|Kiwoom DRX,2025-08-07 08:06:22,1,0.29267770051956177
selected_2025,2,2025|Rounds 3-5|2025-08-07|Gen.G|T1,2025-08-07 11:20:03,1,0.37253105640411377
selected_2025,2,2025|Rounds 3-5|2025-08-08|BNK FEARX|Dplus Kia,2025-08-08 08:08:25,1,0.2627277076244354
selected_2025,2,2025|Rounds 3-5|2025-08-08|Hanwha Life Esports|KT Rolster,2025-08-08 10:27:25,1,0.7059282064437866
selected_2025,2,2025|Rounds 3-5|2025-08-09|HANJIN BRION|Kiwoom DRX,2025-08-09 06:11:11,1,0.3508472740650177
selected_2025,2,2025|Rounds 3-5|2025-08-09|Nongshim RedForce|T1,2025-08-09 09:16:24,0,0.1858682632446289
selected_2025,2,2025|Rounds 3-5|2025-08-10|Gen.G|KT Rolster,2025-08-10 06:06:45,1,0.9009871482849121
selected_2025,2,2025|Rounds 3-5|2025-08-10|DN SOOPers|Dplus Kia,2025-08-10 08:19:07,0,0.27117741107940674
selected_2025,2,2025|Rounds 3-5|2025-08-13|KT Rolster|T1,2025-08-13 08:10:10,0,0.20434272289276123
selected_2025,2,2025|Rounds 3-5|2025-08-13|BNK FEARX|DN SOOPers,2025-08-13 10:08:55,1,0.6698178052902222
selected_2025,2,2025|Rounds 3-5|2025-08-14|Gen.G|Nongshim RedForce,2025-08-14 08:07:37,1,0.8734252452850342
selected_2025,2,2025|Rounds 3-5|2025-08-14|Dplus Kia|Kiwoom DRX,2025-08-14 10:09:25,1,0.7158309817314148
selected_2025,2,2025|Rounds 3-5|2025-08-15|DN SOOPers|HANJIN BRION,2025-08-15 08:06:45,1,0.44694453477859497
selected_2025,2,2025|Rounds 3-5|2025-08-15|Hanwha Life Esports|T1,2025-08-15 11:15:30,0,0.4212687015533447
selected_2025,2,2025|Rounds 3-5|2025-08-16|KT Rolster|Nongshim RedForce,2025-08-16 06:05:19,1,0.3463783264160156
selected_2025,2,2025|Rounds 3-5|2025-08-16|BNK FEARX|Kiwoom DRX,2025-08-16 09:05:30,0,0.8970000743865967
selected_2025,2,2025|Rounds 3-5|2025-08-17|Gen.G|Hanwha Life Esports,2025-08-17 06:07:44,1,0.8439536094665527
selected_2025,2,2025|Rounds 3-5|2025-08-17|Dplus Kia|HANJIN BRION,2025-08-17 09:10:43,0,0.6352167129516602
selected_2025,2,2025|Rounds 3-5|2025-08-20|DN SOOPers|Kiwoom DRX,2025-08-20 08:06:31,0,0.5819939970970154
selected_2025,2,2025|Rounds 3-5|2025-08-20|Gen.G|Nongshim RedForce,2025-08-20 10:33:21,1,0.8457090854644775
selected_2025,3,2025|Rounds 3-5|2025-08-21|Hanwha Life Esports|KT Rolster,2025-08-21 08:05:15,1,0.3976913094520569
selected_2025,3,2025|Rounds 3-5|2025-08-21|BNK FEARX|HANJIN BRION,2025-08-21 11:27:46,1,0.524143636226654
selected_2025,3,2025|Rounds 3-5|2025-08-22|Nongshim RedForce|T1,2025-08-22 08:05:01,0,0.1180155873298645
selected_2025,3,2025|Rounds 3-5|2025-08-22|Dplus Kia|Kiwoom DRX,2025-08-22 10:59:29,1,0.4197145104408264
selected_2025,3,2025|Rounds 3-5|2025-08-23|Gen.G|Hanwha Life Esports,2025-08-23 06:06:52,1,0.5995739698410034
selected_2025,3,2025|Rounds 3-5|2025-08-23|DN SOOPers|HANJIN BRION,2025-08-23 09:20:22,1,0.44302570819854736
selected_2025,3,2025|Rounds 3-5|2025-08-24|BNK FEARX|Dplus Kia,2025-08-24 06:06:54,0,0.5997753739356995
selected_2025,3,2025|Rounds 3-5|2025-08-24|KT Rolster|T1,2025-08-24 08:27:55,1,0.4204041361808777
selected_2025,3,2025|Rounds 3-5|2025-08-27|Hanwha Life Esports|T1,2025-08-27 08:04:11,0,0.6282085180282593
selected_2025,3,2025|Rounds 3-5|2025-08-27|BNK FEARX|DN SOOPers,2025-08-27 11:21:15,1,0.5499525666236877
selected_2025,3,2025|Rounds 3-5|2025-08-28|Dplus Kia|HANJIN BRION,2025-08-28 08:08:10,1,0.7556402683258057
selected_2025,3,2025|Rounds 3-5|2025-08-28|Gen.G|KT Rolster,2025-08-28 10:12:22,1,0.5200983285903931
selected_2025,3,2025|Rounds 3-5|2025-08-29|BNK FEARX|Kiwoom DRX,2025-08-29 08:07:17,1,0.6051334142684937
selected_2025,3,2025|Rounds 3-5|2025-08-29|Hanwha Life Esports|Nongshim RedForce,2025-08-29 11:12:12,1,0.5495432615280151
selected_2025,3,2025|Rounds 3-5|2025-08-30|Gen.G|T1,2025-08-30 06:12:29,1,0.612761914730072
selected_2025,3,2025|Rounds 3-5|2025-08-30|DN SOOPers|Dplus Kia,2025-08-30 09:32:44,0,0.2873581349849701
selected_2025,3,2025|Rounds 3-5|2025-08-31|KT Rolster|Nongshim RedForce,2025-08-31 06:06:31,1,0.6399435997009277
selected_2025,3,2025|Rounds 3-5|2025-08-31|HANJIN BRION|Kiwoom DRX,2025-08-31 08:29:18,1,0.47427600622177124
selected_2025,3,2025|Rounds 3-5|2025-09-03|HANJIN BRION|Nongshim RedForce,2025-09-03 08:08:06,0,0.6067962646484375
selected_2025,3,2025|Rounds 3-5|2025-09-04|BNK FEARX|Dplus Kia,2025-09-04 08:08:41,1,0.5839589238166809
selected_2025,3,2025|Rounds 3-5|2025-09-05|BNK FEARX|Nongshim RedForce,2025-09-05 08:07:35,1,0.5676115155220032
selected_2025,3,2025|Rounds 3-5|2025-09-06|Dplus Kia|HANJIN BRION,2025-09-06 06:09:11,1,0.4823961853981018
selected_2025,3,2025|Rounds 3-5|2025-09-07|Dplus Kia|Nongshim RedForce,2025-09-07 06:09:43,1,0.6404410600662231
selected_2025,3,2025|Rounds 3-5|2025-09-10|Dplus Kia|T1,2025-09-10 08:11:38,0,0.7588589191436768
selected_2025,3,2025|Rounds 3-5|2025-09-11|BNK FEARX|KT Rolster,2025-09-11 08:09:47,0,0.5948404669761658
selected_2025,3,2025|Rounds 3-5|2025-09-13|Gen.G|KT Rolster,2025-09-13 06:11:13,0,0.6389928460121155
selected_2025,3,2025|Rounds 3-5|2025-09-14|Hanwha Life Esports|T1,2025-09-14 06:11:34,1,0.4280802309513092
selected_2025,3,2025|Rounds 3-5|2025-09-17|BNK FEARX|Dplus Kia,2025-09-17 08:12:41,0,0.6320532560348511
selected_2025,3,2025|Rounds 3-5|2025-09-18|Dplus Kia|T1,2025-09-18 08:13:43,0,0.6191495060920715
selected_2025,3,2025|Rounds 3-5|2025-09-20|Hanwha Life Esports|KT Rolster,2025-09-20 06:07:09,1,0.6792104244232178
selected_2025,3,2025|Rounds 3-5|2025-09-21|Gen.G|T1,2025-09-21 06:08:55,1,0.3230336010456085
selected_2025,3,2025|Rounds 3-5|2025-09-27|Gen.G|KT Rolster,2025-09-27 05:23:49,1,0.6824371814727783
selected_2025,3,2025|Rounds 3-5|2025-09-28|Gen.G|Hanwha Life Esports,2025-09-28 05:30:31,1,0.5725423693656921
selected_2024_2025,1,2025|Rounds 1-2|2025-05-04|KT Rolster|T1,2025-05-04 06:06:00,0,0.25865939259529114
selected_2024_2025,1,2025|Rounds 1-2|2025-05-04|DN SOOPers|HANJIN BRION,2025-05-04 08:20:59,0,0.36029064655303955
selected_2024_2025,1,2025|Rounds 1-2|2025-05-07|BNK FEARX|HANJIN BRION,2025-05-07 08:03:23,1,0.3100343644618988
selected_2024_2025,1,2025|Rounds 1-2|2025-05-07|Dplus Kia|KT Rolster,2025-05-07 11:02:40,0,0.5117002725601196
selected_2024_2025,1,2025|Rounds 1-2|2025-05-08|Kiwoom DRX|T1,2025-05-08 08:06:11,0,0.4870188236236572
selected_2024_2025,1,2025|Rounds 1-2|2025-05-08|Gen.G|Nongshim RedForce,2025-05-08 10:16:11,1,0.9313879013061523
selected_2024_2025,1,2025|Rounds 1-2|2025-05-09|DN SOOPers|KT Rolster,2025-05-09 08:06:29,0,0.4540954828262329
selected_2024_2025,1,2025|Rounds 1-2|2025-05-09|HANJIN BRION|Hanwha Life Esports,2025-05-09 10:06:12,0,0.07668014615774155
selected_2024_2025,1,2025|Rounds 1-2|2025-05-10|Dplus Kia|T1,2025-05-10 06:05:23,0,0.039378877729177475
selected_2024_2025,1,2025|Rounds 1-2|2025-05-10|BNK FEARX|Gen.G,2025-05-10 08:12:35,0,0.15524375438690186
selected_2024_2025,1,2025|Rounds 1-2|2025-05-11|DN SOOPers|Nongshim RedForce,2025-05-11 06:05:43,1,0.5780041813850403
selected_2024_2025,1,2025|Rounds 1-2|2025-05-11|Hanwha Life Esports|Kiwoom DRX,2025-05-11 09:23:56,1,0.8948159217834473
selected_2024_2025,1,2025|Rounds 1-2|2025-05-14|BNK FEARX|Nongshim RedForce,2025-05-14 08:04:35,0,0.6566957235336304
selected_2024_2025,1,2025|Rounds 1-2|2025-05-14|Dplus Kia|Kiwoom DRX,2025-05-14 10:57:54,1,0.4979546070098877
selected_2024_2025,1,2025|Rounds 1-2|2025-05-15|Hanwha Life Esports|KT Rolster,2025-05-15 08:06:53,0,0.6826393604278564
selected_2024_2025,1,2025|Rounds 1-2|2025-05-15|HANJIN BRION|T1,2025-05-15 11:18:14,0,0.07573738694190979
selected_2024_2025,1,2025|Rounds 1-2|2025-05-16|BNK FEARX|Dplus Kia,2025-05-16 08:07:23,0,0.3948563039302826
selected_2024_2025,1,2025|Rounds 1-2|2025-05-16|DN SOOPers|Gen.G,2025-05-16 10:15:50,0,0.09970882534980774
selected_2024_2025,1,2025|Rounds 1-2|2025-05-17|Kiwoom DRX|Nongshim RedForce,2025-05-17 06:06:29,0,0.3676770329475403
selected_2024_2025,1,2025|Rounds 1-2|2025-05-17|HANJIN BRION|KT Rolster,2025-05-17 09:01:31,0,0.2015363723039627
selected_2024_2025,1,2025|Rounds 1-2|2025-05-18|DN SOOPers|Hanwha Life Esports,2025-05-18 06:04:32,0,0.16966484487056732
selected_2024_2025,1,2025|Rounds 1-2|2025-05-18|Gen.G|T1,2025-05-18 08:21:01,1,0.7339074611663818
selected_2024_2025,1,2025|Rounds 1-2|2025-05-21|Gen.G|Hanwha Life Esports,2025-05-21 08:06:27,1,0.6675401926040649
selected_2024_2025,1,2025|Rounds 1-2|2025-05-21|DN SOOPers|Kiwoom DRX,2025-05-21 11:23:37,0,0.3901793956756592
selected_2024_2025,1,2025|Rounds 1-2|2025-05-22|Dplus Kia|HANJIN BRION,2025-05-22 08:07:11,0,0.7942826747894287
selected_2024_2025,1,2025|Rounds 1-2|2025-05-22|BNK FEARX|T1,2025-05-22 10:12:41,0,0.2687467038631439
selected_2024_2025,1,2025|Rounds 1-2|2025-05-23|Gen.G|Kiwoom DRX,2025-05-23 08:07:24,1,0.8288795351982117
selected_2024_2025,1,2025|Rounds 1-2|2025-05-23|KT Rolster|Nongshim RedForce,2025-05-23 10:20:15,1,0.47183114290237427
selected_2024_2025,1,2025|Rounds 1-2|2025-05-24|Dplus Kia|Hanwha Life Esports,2025-05-24 06:04:59,1,0.5494871139526367
selected_2024_2025,1,2025|Rounds 1-2|2025-05-24|DN SOOPers|T1,2025-05-24 09:07:30,0,0.2100650817155838
selected_2024_2025,1,2025|Rounds 1-2|2025-05-25|HANJIN BRION|Nongshim RedForce,2025-05-25 06:04:05,0,0.6231977343559265
selected_2024_2025,1,2025|Rounds 1-2|2025-05-25|BNK FEARX|KT Rolster,2025-05-25 09:10:27,0,0.22753092646598816
selected_2024_2025,1,2025|Rounds 1-2|2025-05-28|BNK FEARX|DN SOOPers,2025-05-28 08:03:32,1,0.48720046877861023
selected_2024_2025,1,2025|Rounds 1-2|2025-05-28|Hanwha Life Esports|T1,2025-05-28 11:13:02,1,0.2327936738729477
selected_2024_2025,1,2025|Rounds 1-2|2025-05-29|HANJIN BRION|Kiwoom DRX,2025-05-29 08:06:13,0,0.7145512104034424
selected_2024_2025,1,2025|Rounds 1-2|2025-05-29|Gen.G|KT Rolster,2025-05-29 11:54:37,1,0.7452176809310913
selected_2024_2025,1,2025|Rounds 1-2|2025-05-30|Nongshim RedForce|T1,2025-05-30 08:06:20,1,0.5325343012809753
selected_2024_2025,1,2025|Rounds 1-2|2025-05-30|DN SOOPers|Dplus Kia,2025-05-30 10:17:54,0,0.4259706735610962
selected_2024_2025,1,2025|Rounds 1-2|2025-05-31|KT Rolster|Kiwoom DRX,2025-05-31 06:05:53,1,0.7315006256103516
selected_2024_2025,1,2025|Rounds 1-2|2025-05-31|Gen.G|HANJIN BRION,2025-05-31 08:16:20,1,0.8359633684158325
selected_2024_2025,1,2025|Rounds 1-2|2025-06-01|BNK FEARX|Hanwha Life Esports,2025-06-01 06:05:16,0,0.3378392457962036
selected_2024_2025,1,2025|Rounds 1-2|2025-06-01|Dplus Kia|Nongshim RedForce,2025-06-01 08:07:40,1,0.24155426025390625
selected_2024_2025,1,2025|Rounds 1-2|2025-06-04|Dplus Kia|KT Rolster,2025-06-04 08:08:19,0,0.563872218132019
selected_2024_2025,1,2025|Rounds 1-2|2025-06-07|Dplus Kia|KT Rolster,2025-06-07 06:06:28,0,0.3201631009578705
selected_2024_2025,1,2025|Rounds 1-2|2025-06-08|KT Rolster|Nongshim RedForce,2025-06-08 06:07:06,1,0.8839778900146484
selected_2024_2025,2,2025|Rounds 1-2|2025-06-13|Gen.G|Hanwha Life Esports,2025-06-13 08:18:23,1,0.4601954519748688
selected_2024_2025,2,2025|Rounds 1-2|2025-06-14|KT Rolster|T1,2025-06-14 06:20:04,0,0.9499962329864502
selected_2024_2025,2,2025|Rounds 1-2|2025-06-15|Hanwha Life Esports|T1,2025-06-15 06:17:37,0,0.3089500069618225
selected_2024_2025,2,2025|Rounds 3-5|2025-07-23|Dplus Kia|HANJIN BRION,2025-07-23 08:07:58,0,0.47011587023735046
selected_2024_2025,2,2025|Rounds 3-5|2025-07-23|Gen.G|Hanwha Life Esports,2025-07-23 11:17:36,1,0.7845290899276733
selected_2024_2025,2,2025|Rounds 3-5|2025-07-24|BNK FEARX|DN SOOPers,2025-07-24 08:05:02,1,0.4538087844848633
selected_2024_2025,2,2025|Rounds 3-5|2025-07-24|KT Rolster|Nongshim RedForce,2025-07-24 10:11:20,1,0.711887538433075
selected_2024_2025,2,2025|Rounds 3-5|2025-07-25|Gen.G|T1,2025-07-25 08:11:59,0,0.4551435112953186
selected_2024_2025,2,2025|Rounds 3-5|2025-07-25|HANJIN BRION|Kiwoom DRX,2025-07-25 11:15:42,1,0.6267517805099487
selected_2024_2025,2,2025|Rounds 3-5|2025-07-26|BNK FEARX|Dplus Kia,2025-07-26 06:07:12,0,0.6529898643493652
selected_2024_2025,2,2025|Rounds 3-5|2025-07-26|Hanwha Life Esports|KT Rolster,2025-07-26 08:31:59,1,0.3249102830886841
selected_2024_2025,2,2025|Rounds 3-5|2025-07-27|DN SOOPers|Kiwoom DRX,2025-07-27 06:05:40,0,0.553383469581604
selected_2024_2025,2,2025|Rounds 3-5|2025-07-27|Nongshim RedForce|T1,2025-07-27 09:29:10,0,0.1355142742395401
selected_2024_2025,2,2025|Rounds 3-5|2025-07-30|Dplus Kia|Kiwoom DRX,2025-07-30 08:07:21,1,0.5899944305419922
selected_2024_2025,2,2025|Rounds 3-5|2025-07-30|KT Rolster|T1,2025-07-30 11:48:43,0,0.34789764881134033
selected_2024_2025,2,2025|Rounds 3-5|2025-07-31|BNK FEARX|HANJIN BRION,2025-07-31 08:06:28,1,0.214089497923851
selected_2024_2025,2,2025|Rounds 3-5|2025-07-31|Hanwha Life Esports|Nongshim RedForce,2025-07-31 10:31:25,1,0.592231273651123
selected_2024_2025,2,2025|Rounds 3-5|2025-08-01|Gen.G|KT Rolster,2025-08-01 08:04:50,1,0.7102570533752441
selected_2024_2025,2,2025|Rounds 3-5|2025-08-01|DN SOOPers|Dplus Kia,2025-08-01 10:25:35,0,0.28744348883628845
selected_2024_2025,2,2025|Rounds 3-5|2025-08-02|Hanwha Life Esports|T1,2025-08-02 06:07:06,0,0.49777019023895264
selected_2024_2025,2,2025|Rounds 3-5|2025-08-02|BNK FEARX|Kiwoom DRX,2025-08-02 08:31:55,0,0.5850927829742432
selected_2024_2025,2,2025|Rounds 3-5|2025-08-03|DN SOOPers|HANJIN BRION,2025-08-03 06:07:00,0,0.3712455928325653
selected_2024_2025,2,2025|Rounds 3-5|2025-08-03|Gen.G|Nongshim RedForce,2025-08-03 08:33:38,1,0.7452440857887268
selected_2024_2025,2,2025|Rounds 3-5|2025-08-06|Hanwha Life Esports|Nongshim RedForce,2025-08-06 08:06:02,1,0.8419494032859802
selected_2024_2025,2,2025|Rounds 3-5|2025-08-06|BNK FEARX|HANJIN BRION,2025-08-06 10:22:21,1,0.5153040885925293
selected_2024_2025,2,2025|Rounds 3-5|2025-08-07|DN SOOPers|Kiwoom DRX,2025-08-07 08:06:22,1,0.30988025665283203
selected_2024_2025,2,2025|Rounds 3-5|2025-08-07|Gen.G|T1,2025-08-07 11:20:03,1,0.3573192358016968
selected_2024_2025,2,2025|Rounds 3-5|2025-08-08|BNK FEARX|Dplus Kia,2025-08-08 08:08:25,1,0.41358983516693115
selected_2024_2025,2,2025|Rounds 3-5|2025-08-08|Hanwha Life Esports|KT Rolster,2025-08-08 10:27:25,1,0.7327107787132263
selected_2024_2025,2,2025|Rounds 3-5|2025-08-09|HANJIN BRION|Kiwoom DRX,2025-08-09 06:11:11,1,0.34440335631370544
selected_2024_2025,2,2025|Rounds 3-5|2025-08-09|Nongshim RedForce|T1,2025-08-09 09:16:24,0,0.27499014139175415
selected_2024_2025,2,2025|Rounds 3-5|2025-08-10|Gen.G|KT Rolster,2025-08-10 06:06:45,1,0.8469281196594238
selected_2024_2025,2,2025|Rounds 3-5|2025-08-10|DN SOOPers|Dplus Kia,2025-08-10 08:19:07,0,0.3708934187889099
selected_2024_2025,2,2025|Rounds 3-5|2025-08-13|KT Rolster|T1,2025-08-13 08:10:10,0,0.2594688832759857
selected_2024_2025,2,2025|Rounds 3-5|2025-08-13|BNK FEARX|DN SOOPers,2025-08-13 10:08:55,1,0.6842489242553711
selected_2024_2025,2,2025|Rounds 3-5|2025-08-14|Gen.G|Nongshim RedForce,2025-08-14 08:07:37,1,0.8347766399383545
selected_2024_2025,2,2025|Rounds 3-5|2025-08-14|Dplus Kia|Kiwoom DRX,2025-08-14 10:09:25,1,0.6633497476577759
selected_2024_2025,2,2025|Rounds 3-5|2025-08-15|DN SOOPers|HANJIN BRION,2025-08-15 08:06:45,1,0.3881301283836365
selected_2024_2025,2,2025|Rounds 3-5|2025-08-15|Hanwha Life Esports|T1,2025-08-15 11:15:30,0,0.40106284618377686
selected_2024_2025,2,2025|Rounds 3-5|2025-08-16|KT Rolster|Nongshim RedForce,2025-08-16 06:05:19,1,0.5005134344100952
selected_2024_2025,2,2025|Rounds 3-5|2025-08-16|BNK FEARX|Kiwoom DRX,2025-08-16 09:05:30,0,0.8057184219360352
selected_2024_2025,2,2025|Rounds 3-5|2025-08-17|Gen.G|Hanwha Life Esports,2025-08-17 06:07:44,1,0.7744868397712708
selected_2024_2025,2,2025|Rounds 3-5|2025-08-17|Dplus Kia|HANJIN BRION,2025-08-17 09:10:43,0,0.625741183757782
selected_2024_2025,2,2025|Rounds 3-5|2025-08-20|DN SOOPers|Kiwoom DRX,2025-08-20 08:06:31,0,0.6181133985519409
selected_2024_2025,2,2025|Rounds 3-5|2025-08-20|Gen.G|Nongshim RedForce,2025-08-20 10:33:21,1,0.8773571252822876
selected_2024_2025,3,2025|Rounds 3-5|2025-08-21|Hanwha Life Esports|KT Rolster,2025-08-21 08:05:15,1,0.4139440655708313
selected_2024_2025,3,2025|Rounds 3-5|2025-08-21|BNK FEARX|HANJIN BRION,2025-08-21 11:27:46,1,0.5104864835739136
selected_2024_2025,3,2025|Rounds 3-5|2025-08-22|Nongshim RedForce|T1,2025-08-22 08:05:01,0,0.12599578499794006
selected_2024_2025,3,2025|Rounds 3-5|2025-08-22|Dplus Kia|Kiwoom DRX,2025-08-22 10:59:29,1,0.40572649240493774
selected_2024_2025,3,2025|Rounds 3-5|2025-08-23|Gen.G|Hanwha Life Esports,2025-08-23 06:06:52,1,0.5943719148635864
selected_2024_2025,3,2025|Rounds 3-5|2025-08-23|DN SOOPers|HANJIN BRION,2025-08-23 09:20:22,1,0.44086629152297974
selected_2024_2025,3,2025|Rounds 3-5|2025-08-24|BNK FEARX|Dplus Kia,2025-08-24 06:06:54,0,0.6051644086837769
selected_2024_2025,3,2025|Rounds 3-5|2025-08-24|KT Rolster|T1,2025-08-24 08:27:55,1,0.42157405614852905
selected_2024_2025,3,2025|Rounds 3-5|2025-08-27|Hanwha Life Esports|T1,2025-08-27 08:04:11,0,0.640934944152832
selected_2024_2025,3,2025|Rounds 3-5|2025-08-27|BNK FEARX|DN SOOPers,2025-08-27 11:21:15,1,0.5096308588981628
selected_2024_2025,3,2025|Rounds 3-5|2025-08-28|Dplus Kia|HANJIN BRION,2025-08-28 08:08:10,1,0.7607150673866272
selected_2024_2025,3,2025|Rounds 3-5|2025-08-28|Gen.G|KT Rolster,2025-08-28 10:12:22,1,0.5422735214233398
selected_2024_2025,3,2025|Rounds 3-5|2025-08-29|BNK FEARX|Kiwoom DRX,2025-08-29 08:07:17,1,0.5972640514373779
selected_2024_2025,3,2025|Rounds 3-5|2025-08-29|Hanwha Life Esports|Nongshim RedForce,2025-08-29 11:12:12,1,0.5423021912574768
selected_2024_2025,3,2025|Rounds 3-5|2025-08-30|Gen.G|T1,2025-08-30 06:12:29,1,0.6225059032440186
selected_2024_2025,3,2025|Rounds 3-5|2025-08-30|DN SOOPers|Dplus Kia,2025-08-30 09:32:44,0,0.29774823784828186
selected_2024_2025,3,2025|Rounds 3-5|2025-08-31|KT Rolster|Nongshim RedForce,2025-08-31 06:06:31,1,0.6157845258712769
selected_2024_2025,3,2025|Rounds 3-5|2025-08-31|HANJIN BRION|Kiwoom DRX,2025-08-31 08:29:18,1,0.4813224673271179
selected_2024_2025,3,2025|Rounds 3-5|2025-09-03|HANJIN BRION|Nongshim RedForce,2025-09-03 08:08:06,0,0.5909059643745422
selected_2024_2025,3,2025|Rounds 3-5|2025-09-04|BNK FEARX|Dplus Kia,2025-09-04 08:08:41,1,0.5710635185241699
selected_2024_2025,3,2025|Rounds 3-5|2025-09-05|BNK FEARX|Nongshim RedForce,2025-09-05 08:07:35,1,0.5786957740783691
selected_2024_2025,3,2025|Rounds 3-5|2025-09-06|Dplus Kia|HANJIN BRION,2025-09-06 06:09:11,1,0.48986679315567017
selected_2024_2025,3,2025|Rounds 3-5|2025-09-07|Dplus Kia|Nongshim RedForce,2025-09-07 06:09:43,1,0.6055570840835571
selected_2024_2025,3,2025|Rounds 3-5|2025-09-10|Dplus Kia|T1,2025-09-10 08:11:38,0,0.780436635017395
selected_2024_2025,3,2025|Rounds 3-5|2025-09-11|BNK FEARX|KT Rolster,2025-09-11 08:09:47,0,0.5845195055007935
selected_2024_2025,3,2025|Rounds 3-5|2025-09-13|Gen.G|KT Rolster,2025-09-13 06:11:13,0,0.6256518363952637
selected_2024_2025,3,2025|Rounds 3-5|2025-09-14|Hanwha Life Esports|T1,2025-09-14 06:11:34,1,0.44691795110702515
selected_2024_2025,3,2025|Rounds 3-5|2025-09-17|BNK FEARX|Dplus Kia,2025-09-17 08:12:41,0,0.6078415513038635
selected_2024_2025,3,2025|Rounds 3-5|2025-09-18|Dplus Kia|T1,2025-09-18 08:13:43,0,0.6181346774101257
selected_2024_2025,3,2025|Rounds 3-5|2025-09-20|Hanwha Life Esports|KT Rolster,2025-09-20 06:07:09,1,0.6811535954475403
selected_2024_2025,3,2025|Rounds 3-5|2025-09-21|Gen.G|T1,2025-09-21 06:08:55,1,0.3326813876628876
selected_2024_2025,3,2025|Rounds 3-5|2025-09-27|Gen.G|KT Rolster,2025-09-27 05:23:49,1,0.7027406096458435
selected_2024_2025,3,2025|Rounds 3-5|2025-09-28|Gen.G|Hanwha Life Esports,2025-09-28 05:30:31,1,0.5801727175712585
selected_2023_2025,1,2025|Rounds 1-2|2025-05-04|KT Rolster|T1,2025-05-04 06:06:00,0,0.24416819214820862
selected_2023_2025,1,2025|Rounds 1-2|2025-05-04|DN SOOPers|HANJIN BRION,2025-05-04 08:20:59,0,0.35626283288002014
selected_2023_2025,1,2025|Rounds 1-2|2025-05-07|BNK FEARX|HANJIN BRION,2025-05-07 08:03:23,1,0.28436142206192017
selected_2023_2025,1,2025|Rounds 1-2|2025-05-07|Dplus Kia|KT Rolster,2025-05-07 11:02:40,0,0.4984271228313446
selected_2023_2025,1,2025|Rounds 1-2|2025-05-08|Kiwoom DRX|T1,2025-05-08 08:06:11,0,0.4485589861869812
selected_2023_2025,1,2025|Rounds 1-2|2025-05-08|Gen.G|Nongshim RedForce,2025-05-08 10:16:11,1,0.9289180040359497
selected_2023_2025,1,2025|Rounds 1-2|2025-05-09|DN SOOPers|KT Rolster,2025-05-09 08:06:29,0,0.4238930344581604
selected_2023_2025,1,2025|Rounds 1-2|2025-05-09|HANJIN BRION|Hanwha Life Esports,2025-05-09 10:06:12,0,0.09143552929162979
selected_2023_2025,1,2025|Rounds 1-2|2025-05-10|Dplus Kia|T1,2025-05-10 06:05:23,0,0.053678736090660095
selected_2023_2025,1,2025|Rounds 1-2|2025-05-10|BNK FEARX|Gen.G,2025-05-10 08:12:35,0,0.159712016582489
selected_2023_2025,1,2025|Rounds 1-2|2025-05-11|DN SOOPers|Nongshim RedForce,2025-05-11 06:05:43,1,0.5638805627822876
selected_2023_2025,1,2025|Rounds 1-2|2025-05-11|Hanwha Life Esports|Kiwoom DRX,2025-05-11 09:23:56,1,0.8787094354629517
selected_2023_2025,1,2025|Rounds 1-2|2025-05-14|BNK FEARX|Nongshim RedForce,2025-05-14 08:04:35,0,0.6436625719070435
selected_2023_2025,1,2025|Rounds 1-2|2025-05-14|Dplus Kia|Kiwoom DRX,2025-05-14 10:57:54,1,0.5101736783981323
selected_2023_2025,1,2025|Rounds 1-2|2025-05-15|Hanwha Life Esports|KT Rolster,2025-05-15 08:06:53,0,0.6233426332473755
selected_2023_2025,1,2025|Rounds 1-2|2025-05-15|HANJIN BRION|T1,2025-05-15 11:18:14,0,0.09170252084732056
selected_2023_2025,1,2025|Rounds 1-2|2025-05-16|BNK FEARX|Dplus Kia,2025-05-16 08:07:23,0,0.387362539768219
selected_2023_2025,1,2025|Rounds 1-2|2025-05-16|DN SOOPers|Gen.G,2025-05-16 10:15:50,0,0.10369975119829178
selected_2023_2025,1,2025|Rounds 1-2|2025-05-17|Kiwoom DRX|Nongshim RedForce,2025-05-17 06:06:29,0,0.34235823154449463
selected_2023_2025,1,2025|Rounds 1-2|2025-05-17|HANJIN BRION|KT Rolster,2025-05-17 09:01:31,0,0.18677034974098206
selected_2023_2025,1,2025|Rounds 1-2|2025-05-18|DN SOOPers|Hanwha Life Esports,2025-05-18 06:04:32,0,0.20345887541770935
selected_2023_2025,1,2025|Rounds 1-2|2025-05-18|Gen.G|T1,2025-05-18 08:21:01,1,0.7253705263137817
selected_2023_2025,1,2025|Rounds 1-2|2025-05-21|Gen.G|Hanwha Life Esports,2025-05-21 08:06:27,1,0.6582746505737305
selected_2023_2025,1,2025|Rounds 1-2|2025-05-21|DN SOOPers|Kiwoom DRX,2025-05-21 11:23:37,0,0.4218117594718933
selected_2023_2025,1,2025|Rounds 1-2|2025-05-22|Dplus Kia|HANJIN BRION,2025-05-22 08:07:11,0,0.7744024991989136
selected_2023_2025,1,2025|Rounds 1-2|2025-05-22|BNK FEARX|T1,2025-05-22 10:12:41,0,0.29450342059135437
selected_2023_2025,1,2025|Rounds 1-2|2025-05-23|Gen.G|Kiwoom DRX,2025-05-23 08:07:24,1,0.8054901957511902
selected_2023_2025,1,2025|Rounds 1-2|2025-05-23|KT Rolster|Nongshim RedForce,2025-05-23 10:20:15,1,0.4228115677833557
selected_2023_2025,1,2025|Rounds 1-2|2025-05-24|Dplus Kia|Hanwha Life Esports,2025-05-24 06:04:59,1,0.5728491544723511
selected_2023_2025,1,2025|Rounds 1-2|2025-05-24|DN SOOPers|T1,2025-05-24 09:07:30,0,0.19813218712806702
selected_2023_2025,1,2025|Rounds 1-2|2025-05-25|HANJIN BRION|Nongshim RedForce,2025-05-25 06:04:05,0,0.6412836313247681
selected_2023_2025,1,2025|Rounds 1-2|2025-05-25|BNK FEARX|KT Rolster,2025-05-25 09:10:27,0,0.24822956323623657
selected_2023_2025,1,2025|Rounds 1-2|2025-05-28|BNK FEARX|DN SOOPers,2025-05-28 08:03:32,1,0.5188794136047363
selected_2023_2025,1,2025|Rounds 1-2|2025-05-28|Hanwha Life Esports|T1,2025-05-28 11:13:02,1,0.23694273829460144
selected_2023_2025,1,2025|Rounds 1-2|2025-05-29|HANJIN BRION|Kiwoom DRX,2025-05-29 08:06:13,0,0.760620653629303
selected_2023_2025,1,2025|Rounds 1-2|2025-05-29|Gen.G|KT Rolster,2025-05-29 11:54:37,1,0.743302583694458
selected_2023_2025,1,2025|Rounds 1-2|2025-05-30|Nongshim RedForce|T1,2025-05-30 08:06:20,1,0.5081969499588013
selected_2023_2025,1,2025|Rounds 1-2|2025-05-30|DN SOOPers|Dplus Kia,2025-05-30 10:17:54,0,0.40762460231781006
selected_2023_2025,1,2025|Rounds 1-2|2025-05-31|KT Rolster|Kiwoom DRX,2025-05-31 06:05:53,1,0.7109557390213013
selected_2023_2025,1,2025|Rounds 1-2|2025-05-31|Gen.G|HANJIN BRION,2025-05-31 08:16:20,1,0.795369029045105
selected_2023_2025,1,2025|Rounds 1-2|2025-06-01|BNK FEARX|Hanwha Life Esports,2025-06-01 06:05:16,0,0.39246824383735657
selected_2023_2025,1,2025|Rounds 1-2|2025-06-01|Dplus Kia|Nongshim RedForce,2025-06-01 08:07:40,1,0.30015861988067627
selected_2023_2025,1,2025|Rounds 1-2|2025-06-04|Dplus Kia|KT Rolster,2025-06-04 08:08:19,0,0.5891653299331665
selected_2023_2025,1,2025|Rounds 1-2|2025-06-07|Dplus Kia|KT Rolster,2025-06-07 06:06:28,0,0.31214889883995056
selected_2023_2025,1,2025|Rounds 1-2|2025-06-08|KT Rolster|Nongshim RedForce,2025-06-08 06:07:06,1,0.8599200248718262
selected_2023_2025,2,2025|Rounds 1-2|2025-06-13|Gen.G|Hanwha Life Esports,2025-06-13 08:18:23,1,0.5766069889068604
selected_2023_2025,2,2025|Rounds 1-2|2025-06-14|KT Rolster|T1,2025-06-14 06:20:04,0,0.9322860240936279
selected_2023_2025,2,2025|Rounds 1-2|2025-06-15|Hanwha Life Esports|T1,2025-06-15 06:17:37,0,0.20950664579868317
selected_2023_2025,2,2025|Rounds 3-5|2025-07-23|Dplus Kia|HANJIN BRION,2025-07-23 08:07:58,0,0.4538137912750244
selected_2023_2025,2,2025|Rounds 3-5|2025-07-23|Gen.G|Hanwha Life Esports,2025-07-23 11:17:36,1,0.7968457341194153
selected_2023_2025,2,2025|Rounds 3-5|2025-07-24|BNK FEARX|DN SOOPers,2025-07-24 08:05:02,1,0.41280537843704224
selected_2023_2025,2,2025|Rounds 3-5|2025-07-24|KT Rolster|Nongshim RedForce,2025-07-24 10:11:20,1,0.7506868243217468
selected_2023_2025,2,2025|Rounds 3-5|2025-07-25|Gen.G|T1,2025-07-25 08:11:59,0,0.4864189624786377
selected_2023_2025,2,2025|Rounds 3-5|2025-07-25|HANJIN BRION|Kiwoom DRX,2025-07-25 11:15:42,1,0.6371386051177979
selected_2023_2025,2,2025|Rounds 3-5|2025-07-26|BNK FEARX|Dplus Kia,2025-07-26 06:07:12,0,0.6271908283233643
selected_2023_2025,2,2025|Rounds 3-5|2025-07-26|Hanwha Life Esports|KT Rolster,2025-07-26 08:31:59,1,0.29507118463516235
selected_2023_2025,2,2025|Rounds 3-5|2025-07-27|DN SOOPers|Kiwoom DRX,2025-07-27 06:05:40,0,0.5805425643920898
selected_2023_2025,2,2025|Rounds 3-5|2025-07-27|Nongshim RedForce|T1,2025-07-27 09:29:10,0,0.12082653492689133
selected_2023_2025,2,2025|Rounds 3-5|2025-07-30|Dplus Kia|Kiwoom DRX,2025-07-30 08:07:21,1,0.6454201936721802
selected_2023_2025,2,2025|Rounds 3-5|2025-07-30|KT Rolster|T1,2025-07-30 11:48:43,0,0.3332684636116028
selected_2023_2025,2,2025|Rounds 3-5|2025-07-31|BNK FEARX|HANJIN BRION,2025-07-31 08:06:28,1,0.17600303888320923
selected_2023_2025,2,2025|Rounds 3-5|2025-07-31|Hanwha Life Esports|Nongshim RedForce,2025-07-31 10:31:25,1,0.574760913848877
selected_2023_2025,2,2025|Rounds 3-5|2025-08-01|Gen.G|KT Rolster,2025-08-01 08:04:50,1,0.7451032996177673
selected_2023_2025,2,2025|Rounds 3-5|2025-08-01|DN SOOPers|Dplus Kia,2025-08-01 10:25:35,0,0.29629865288734436
selected_2023_2025,2,2025|Rounds 3-5|2025-08-02|Hanwha Life Esports|T1,2025-08-02 06:07:06,0,0.5374881625175476
selected_2023_2025,2,2025|Rounds 3-5|2025-08-02|BNK FEARX|Kiwoom DRX,2025-08-02 08:31:55,0,0.5837898850440979
selected_2023_2025,2,2025|Rounds 3-5|2025-08-03|DN SOOPers|HANJIN BRION,2025-08-03 06:07:00,0,0.404959499835968
selected_2023_2025,2,2025|Rounds 3-5|2025-08-03|Gen.G|Nongshim RedForce,2025-08-03 08:33:38,1,0.7894194722175598
selected_2023_2025,2,2025|Rounds 3-5|2025-08-06|Hanwha Life Esports|Nongshim RedForce,2025-08-06 08:06:02,1,0.8730358481407166
selected_2023_2025,2,2025|Rounds 3-5|2025-08-06|BNK FEARX|HANJIN BRION,2025-08-06 10:22:21,1,0.556969940662384
selected_2023_2025,2,2025|Rounds 3-5|2025-08-07|DN SOOPers|Kiwoom DRX,2025-08-07 08:06:22,1,0.3127079904079437
selected_2023_2025,2,2025|Rounds 3-5|2025-08-07|Gen.G|T1,2025-08-07 11:20:03,1,0.3927938640117645
selected_2023_2025,2,2025|Rounds 3-5|2025-08-08|BNK FEARX|Dplus Kia,2025-08-08 08:08:25,1,0.39057815074920654
selected_2023_2025,2,2025|Rounds 3-5|2025-08-08|Hanwha Life Esports|KT Rolster,2025-08-08 10:27:25,1,0.7707721590995789
selected_2023_2025,2,2025|Rounds 3-5|2025-08-09|HANJIN BRION|Kiwoom DRX,2025-08-09 06:11:11,1,0.31776684522628784
selected_2023_2025,2,2025|Rounds 3-5|2025-08-09|Nongshim RedForce|T1,2025-08-09 09:16:24,0,0.29143214225769043
selected_2023_2025,2,2025|Rounds 3-5|2025-08-10|Gen.G|KT Rolster,2025-08-10 06:06:45,1,0.8800860047340393
selected_2023_2025,2,2025|Rounds 3-5|2025-08-10|DN SOOPers|Dplus Kia,2025-08-10 08:19:07,0,0.32879945635795593
selected_2023_2025,2,2025|Rounds 3-5|2025-08-13|KT Rolster|T1,2025-08-13 08:10:10,0,0.28514769673347473
selected_2023_2025,2,2025|Rounds 3-5|2025-08-13|BNK FEARX|DN SOOPers,2025-08-13 10:08:55,1,0.6536339521408081
selected_2023_2025,2,2025|Rounds 3-5|2025-08-14|Gen.G|Nongshim RedForce,2025-08-14 08:07:37,1,0.8762277960777283
selected_2023_2025,2,2025|Rounds 3-5|2025-08-14|Dplus Kia|Kiwoom DRX,2025-08-14 10:09:25,1,0.7002165913581848
selected_2023_2025,2,2025|Rounds 3-5|2025-08-15|DN SOOPers|HANJIN BRION,2025-08-15 08:06:45,1,0.41290920972824097
selected_2023_2025,2,2025|Rounds 3-5|2025-08-15|Hanwha Life Esports|T1,2025-08-15 11:15:30,0,0.3962351083755493
selected_2023_2025,2,2025|Rounds 3-5|2025-08-16|KT Rolster|Nongshim RedForce,2025-08-16 06:05:19,1,0.4966374635696411
selected_2023_2025,2,2025|Rounds 3-5|2025-08-16|BNK FEARX|Kiwoom DRX,2025-08-16 09:05:30,0,0.8130713105201721
selected_2023_2025,2,2025|Rounds 3-5|2025-08-17|Gen.G|Hanwha Life Esports,2025-08-17 06:07:44,1,0.8155925869941711
selected_2023_2025,2,2025|Rounds 3-5|2025-08-17|Dplus Kia|HANJIN BRION,2025-08-17 09:10:43,0,0.6482386589050293
selected_2023_2025,2,2025|Rounds 3-5|2025-08-20|DN SOOPers|Kiwoom DRX,2025-08-20 08:06:31,0,0.6995824575424194
selected_2023_2025,2,2025|Rounds 3-5|2025-08-20|Gen.G|Nongshim RedForce,2025-08-20 10:33:21,1,0.9007042646408081
selected_2023_2025,3,2025|Rounds 3-5|2025-08-21|Hanwha Life Esports|KT Rolster,2025-08-21 08:05:15,1,0.42068618535995483
selected_2023_2025,3,2025|Rounds 3-5|2025-08-21|BNK FEARX|HANJIN BRION,2025-08-21 11:27:46,1,0.523317813873291
selected_2023_2025,3,2025|Rounds 3-5|2025-08-22|Nongshim RedForce|T1,2025-08-22 08:05:01,0,0.11461906135082245
selected_2023_2025,3,2025|Rounds 3-5|2025-08-22|Dplus Kia|Kiwoom DRX,2025-08-22 10:59:29,1,0.40347975492477417
selected_2023_2025,3,2025|Rounds 3-5|2025-08-23|Gen.G|Hanwha Life Esports,2025-08-23 06:06:52,1,0.6048897504806519
selected_2023_2025,3,2025|Rounds 3-5|2025-08-23|DN SOOPers|HANJIN BRION,2025-08-23 09:20:22,1,0.44248509407043457
selected_2023_2025,3,2025|Rounds 3-5|2025-08-24|BNK FEARX|Dplus Kia,2025-08-24 06:06:54,0,0.6095629930496216
selected_2023_2025,3,2025|Rounds 3-5|2025-08-24|KT Rolster|T1,2025-08-24 08:27:55,1,0.414190411567688
selected_2023_2025,3,2025|Rounds 3-5|2025-08-27|Hanwha Life Esports|T1,2025-08-27 08:04:11,0,0.6501710414886475
selected_2023_2025,3,2025|Rounds 3-5|2025-08-27|BNK FEARX|DN SOOPers,2025-08-27 11:21:15,1,0.503577470779419
selected_2023_2025,3,2025|Rounds 3-5|2025-08-28|Dplus Kia|HANJIN BRION,2025-08-28 08:08:10,1,0.7795228958129883
selected_2023_2025,3,2025|Rounds 3-5|2025-08-28|Gen.G|KT Rolster,2025-08-28 10:12:22,1,0.5423076152801514
selected_2023_2025,3,2025|Rounds 3-5|2025-08-29|BNK FEARX|Kiwoom DRX,2025-08-29 08:07:17,1,0.6085506081581116
selected_2023_2025,3,2025|Rounds 3-5|2025-08-29|Hanwha Life Esports|Nongshim RedForce,2025-08-29 11:12:12,1,0.5397231578826904
selected_2023_2025,3,2025|Rounds 3-5|2025-08-30|Gen.G|T1,2025-08-30 06:12:29,1,0.6294310092926025
selected_2023_2025,3,2025|Rounds 3-5|2025-08-30|DN SOOPers|Dplus Kia,2025-08-30 09:32:44,0,0.2833215892314911
selected_2023_2025,3,2025|Rounds 3-5|2025-08-31|KT Rolster|Nongshim RedForce,2025-08-31 06:06:31,1,0.6166385412216187
selected_2023_2025,3,2025|Rounds 3-5|2025-08-31|HANJIN BRION|Kiwoom DRX,2025-08-31 08:29:18,1,0.4793022871017456
selected_2023_2025,3,2025|Rounds 3-5|2025-09-03|HANJIN BRION|Nongshim RedForce,2025-09-03 08:08:06,0,0.5789607763290405
selected_2023_2025,3,2025|Rounds 3-5|2025-09-04|BNK FEARX|Dplus Kia,2025-09-04 08:08:41,1,0.576109766960144
selected_2023_2025,3,2025|Rounds 3-5|2025-09-05|BNK FEARX|Nongshim RedForce,2025-09-05 08:07:35,1,0.578666627407074
selected_2023_2025,3,2025|Rounds 3-5|2025-09-06|Dplus Kia|HANJIN BRION,2025-09-06 06:09:11,1,0.5035763382911682
selected_2023_2025,3,2025|Rounds 3-5|2025-09-07|Dplus Kia|Nongshim RedForce,2025-09-07 06:09:43,1,0.618044376373291
selected_2023_2025,3,2025|Rounds 3-5|2025-09-10|Dplus Kia|T1,2025-09-10 08:11:38,0,0.8051716089248657
selected_2023_2025,3,2025|Rounds 3-5|2025-09-11|BNK FEARX|KT Rolster,2025-09-11 08:09:47,0,0.5915339589118958
selected_2023_2025,3,2025|Rounds 3-5|2025-09-13|Gen.G|KT Rolster,2025-09-13 06:11:13,0,0.6383993625640869
selected_2023_2025,3,2025|Rounds 3-5|2025-09-14|Hanwha Life Esports|T1,2025-09-14 06:11:34,1,0.4357389509677887
selected_2023_2025,3,2025|Rounds 3-5|2025-09-17|BNK FEARX|Dplus Kia,2025-09-17 08:12:41,0,0.6338406801223755
selected_2023_2025,3,2025|Rounds 3-5|2025-09-18|Dplus Kia|T1,2025-09-18 08:13:43,0,0.6222926378250122
selected_2023_2025,3,2025|Rounds 3-5|2025-09-20|Hanwha Life Esports|KT Rolster,2025-09-20 06:07:09,1,0.6963709592819214
selected_2023_2025,3,2025|Rounds 3-5|2025-09-21|Gen.G|T1,2025-09-21 06:08:55,1,0.31899645924568176
selected_2023_2025,3,2025|Rounds 3-5|2025-09-27|Gen.G|KT Rolster,2025-09-27 05:23:49,1,0.709398090839386
selected_2023_2025,3,2025|Rounds 3-5|2025-09-28|Gen.G|Hanwha Life Esports,2025-09-28 05:30:31,1,0.5869946479797363
