candidate,series_key,date,team1,team2,y,p
reference_2025,2026|Cup|2026-01-14|DN SOOPers|KT Rolster,2026-01-14 08:13:43,DN SOOPers,KT Rolster,0,0.4990738034248352
reference_2025,2026|Cup|2026-01-14|Dplus Kia|HANJIN BRION,2026-01-14 11:22:18,Dplus Kia,HANJIN BRION,1,0.5165107250213623
reference_2025,2026|Cup|2026-01-15|Gen.G|Kiwoom DRX,2026-01-15 08:05:23,Gen.G,Kiwoom DRX,1,0.5751776695251465
reference_2025,2026|Cup|2026-01-15|BNK FEARX|Nongshim RedForce,2026-01-15 10:15:24,BNK FEARX,Nongshim RedForce,1,0.5003859400749207
reference_2025,2026|Cup|2026-01-16|DN SOOPers|Dplus Kia,2026-01-16 08:05:40,DN SOOPers,Dplus Kia,0,0.46770793199539185
reference_2025,2026|Cup|2026-01-16|Hanwha Life Esports|T1,2026-01-16 10:08:16,Hanwha Life Esports,T1,0,0.5323849320411682
reference_2025,2026|Cup|2026-01-17|BNK FEARX|HANJIN BRION,2026-01-17 08:05:53,BNK FEARX,HANJIN BRION,1,0.5513138771057129
reference_2025,2026|Cup|2026-01-17|Gen.G|KT Rolster,2026-01-17 11:10:45,Gen.G,KT Rolster,1,0.559673547744751
reference_2025,2026|Cup|2026-01-18|Hanwha Life Esports|Nongshim RedForce,2026-01-18 08:05:24,Hanwha Life Esports,Nongshim RedForce,0,0.5234274864196777
reference_2025,2026|Cup|2026-01-18|Kiwoom DRX|T1,2026-01-18 10:20:18,Kiwoom DRX,T1,0,0.4578590393066406
reference_2025,2026|Cup|2026-01-21|Dplus Kia|Nongshim RedForce,2026-01-21 08:05:24,Dplus Kia,Nongshim RedForce,1,0.55255126953125
reference_2025,2026|Cup|2026-01-21|DN SOOPers|Kiwoom DRX,2026-01-21 11:14:52,DN SOOPers,Kiwoom DRX,1,0.4899226725101471
reference_2025,2026|Cup|2026-01-22|HANJIN BRION|Hanwha Life Esports,2026-01-22 08:05:25,HANJIN BRION,Hanwha Life Esports,0,0.49848613142967224
reference_2025,2026|Cup|2026-01-22|BNK FEARX|Gen.G,2026-01-22 11:14:53,BNK FEARX,Gen.G,0,0.44233083724975586
reference_2025,2026|Cup|2026-01-23|KT Rolster|T1,2026-01-23 08:04:55,KT Rolster,T1,0,0.4480547308921814
reference_2025,2026|Cup|2026-01-23|Kiwoom DRX|Nongshim RedForce,2026-01-23 10:33:19,Kiwoom DRX,Nongshim RedForce,1,0.4766419529914856
reference_2025,2026|Cup|2026-01-24|DN SOOPers|Hanwha Life Esports,2026-01-24 08:04:56,DN SOOPers,Hanwha Life Esports,0,0.48164886236190796
reference_2025,2026|Cup|2026-01-24|Dplus Kia|Gen.G,2026-01-24 11:24:48,Dplus Kia,Gen.G,0,0.4534386396408081
reference_2025,2026|Cup|2026-01-25|BNK FEARX|T1,2026-01-25 08:05:39,BNK FEARX,T1,0,0.4800301194190979
reference_2025,2026|Cup|2026-01-25|HANJIN BRION|KT Rolster,2026-01-25 11:28:02,HANJIN BRION,KT Rolster,0,0.5155521631240845
reference_2025,2026|Cup|2026-01-28|HANJIN BRION|Kiwoom DRX,2026-01-28 08:04:54,HANJIN BRION,Kiwoom DRX,0,0.4963371753692627
reference_2025,2026|Cup|2026-01-29|BNK FEARX|DN SOOPers,2026-01-29 08:07:19,BNK FEARX,DN SOOPers,1,0.46096837520599365
reference_2025,2026|Cup|2026-01-30|KT Rolster|Nongshim RedForce,2026-01-30 08:05:48,KT Rolster,Nongshim RedForce,0,0.4691619873046875
reference_2025,2026|Cup|2026-01-31|Dplus Kia|T1,2026-01-31 08:17:53,Dplus Kia,T1,0,0.4803500473499298
reference_2025,2026|Cup|2026-02-01|Gen.G|Hanwha Life Esports,2026-02-01 08:08:08,Gen.G,Hanwha Life Esports,1,0.5614312887191772
reference_2025,2026|Cup|2026-02-06|HANJIN BRION|Kiwoom DRX,2026-02-06 08:05:10,HANJIN BRION,Kiwoom DRX,0,0.4857756495475769
reference_2025,2026|Cup|2026-02-06|DN SOOPers|KT Rolster,2026-02-06 10:59:51,DN SOOPers,KT Rolster,1,0.48874104022979736
reference_2025,2026|Cup|2026-02-07|Dplus Kia|Kiwoom DRX,2026-02-07 08:07:00,Dplus Kia,Kiwoom DRX,1,0.4258382320404053
reference_2025,2026|Cup|2026-02-07|DN SOOPers|Nongshim RedForce,2026-02-07 10:09:22,DN SOOPers,Nongshim RedForce,1,0.4865703284740448
reference_2025,2026|Cup|2026-02-08|Kiwoom DRX|Nongshim RedForce,2026-02-08 08:06:06,Kiwoom DRX,Nongshim RedForce,1,0.48163461685180664
reference_2025,2026|Cup|2026-02-12|BNK FEARX|DN SOOPers,2026-02-12 08:04:05,BNK FEARX,DN SOOPers,1,0.5030170679092407
reference_2025,2026|Cup|2026-02-13|Dplus Kia|Kiwoom DRX,2026-02-13 08:06:47,Dplus Kia,Kiwoom DRX,1,0.5215004086494446
reference_2025,2026|Cup|2026-02-14|Dplus Kia|Gen.G,2026-02-14 08:07:25,Dplus Kia,Gen.G,0,0.48044830560684204
reference_2025,2026|Cup|2026-02-15|BNK FEARX|T1,2026-02-15 08:05:24,BNK FEARX,T1,1,0.5144084692001343
reference_2025,2026|Cup|2026-02-19|DN SOOPers|Kiwoom DRX,2026-02-19 08:06:05,DN SOOPers,Kiwoom DRX,1,0.5127987861633301
reference_2025,2026|Cup|2026-02-20|DN SOOPers|Dplus Kia,2026-02-20 08:06:25,DN SOOPers,Dplus Kia,0,0.5492452383041382
reference_2025,2026|Cup|2026-02-21|BNK FEARX|Gen.G,2026-02-21 08:08:52,BNK FEARX,Gen.G,0,0.49376893043518066
reference_2025,2026|Cup|2026-02-22|Dplus Kia|T1,2026-02-22 08:08:41,Dplus Kia,T1,1,0.522528886795044
reference_2025,2026|Cup|2026-02-28|BNK FEARX|Dplus Kia,2026-02-28 08:23:00,BNK FEARX,Dplus Kia,1,0.5093469619750977
reference_2025,2026|Cup|2026-03-01|BNK FEARX|Gen.G,2026-03-01 08:22:46,BNK FEARX,Gen.G,0,0.49694550037384033
reference_2025,2026|Rounds 1-2|2026-04-01|HANJIN BRION|Hanwha Life Esports,2026-04-01 08:11:43,HANJIN BRION,Hanwha Life Esports,0,0.48921313881874084
reference_2025,2026|Rounds 1-2|2026-04-01|KT Rolster|T1,2026-04-01 10:23:34,KT Rolster,T1,1,0.5037863254547119
reference_2025,2026|Rounds 1-2|2026-04-02|Dplus Kia|Nongshim RedForce,2026-04-02 08:08:29,Dplus Kia,Nongshim RedForce,0,0.5050352215766907
reference_2025,2026|Rounds 1-2|2026-04-02|DN SOOPers|Kiwoom DRX,2026-04-02 10:15:16,DN SOOPers,Kiwoom DRX,1,0.5157216191291809
reference_2025,2026|Rounds 1-2|2026-04-03|Gen.G|KT Rolster,2026-04-03 08:10:24,Gen.G,KT Rolster,0,0.5633481740951538
reference_2025,2026|Rounds 1-2|2026-04-03|BNK FEARX|HANJIN BRION,2026-04-03 11:10:37,BNK FEARX,HANJIN BRION,0,0.5117902159690857
reference_2025,2026|Rounds 1-2|2026-04-04|Hanwha Life Esports|T1,2026-04-04 08:08:38,Hanwha Life Esports,T1,0,0.5267113447189331
reference_2025,2026|Rounds 1-2|2026-04-04|Dplus Kia|Kiwoom DRX,2026-04-04 10:30:33,Dplus Kia,Kiwoom DRX,1,0.49665629863739014
reference_2025,2026|Rounds 1-2|2026-04-05|DN SOOPers|Nongshim RedForce,2026-04-05 08:10:33,DN SOOPers,Nongshim RedForce,0,0.4822784662246704
reference_2025,2026|Rounds 1-2|2026-04-05|BNK FEARX|Gen.G,2026-04-05 10:22:53,BNK FEARX,Gen.G,0,0.4573666453361511
reference_2025,2026|Rounds 1-2|2026-04-08|Dplus Kia|Hanwha Life Esports,2026-04-08 08:06:29,Dplus Kia,Hanwha Life Esports,0,0.48108604550361633
reference_2025,2026|Rounds 1-2|2026-04-08|Gen.G|T1,2026-04-08 10:19:02,Gen.G,T1,1,0.5472650527954102
reference_2025,2026|Rounds 1-2|2026-04-09|HANJIN BRION|Kiwoom DRX,2026-04-09 08:06:21,HANJIN BRION,Kiwoom DRX,0,0.5267012119293213
reference_2025,2026|Rounds 1-2|2026-04-09|KT Rolster|Nongshim RedForce,2026-04-09 11:25:00,KT Rolster,Nongshim RedForce,1,0.4571884274482727
reference_2025,2026|Rounds 1-2|2026-04-10|DN SOOPers|T1,2026-04-10 08:09:34,DN SOOPers,T1,0,0.5189598202705383
reference_2025,2026|Rounds 1-2|2026-04-10|BNK FEARX|Hanwha Life Esports,2026-04-10 10:10:47,BNK FEARX,Hanwha Life Esports,0,0.4382733106613159
reference_2025,2026|Rounds 1-2|2026-04-11|Kiwoom DRX|Nongshim RedForce,2026-04-11 08:06:17,Kiwoom DRX,Nongshim RedForce,1,0.4574257433414459
reference_2025,2026|Rounds 1-2|2026-04-11|Dplus Kia|Gen.G,2026-04-11 10:14:53,Dplus Kia,Gen.G,1,0.4209541082382202
reference_2025,2026|Rounds 1-2|2026-04-12|BNK FEARX|DN SOOPers,2026-04-12 08:05:05,BNK FEARX,DN SOOPers,1,0.495120108127594
reference_2025,2026|Rounds 1-2|2026-04-12|HANJIN BRION|KT Rolster,2026-04-12 10:09:24,HANJIN BRION,KT Rolster,0,0.4899095892906189
reference_2025,2026|Rounds 1-2|2026-04-15|BNK FEARX|Nongshim RedForce,2026-04-15 08:04:27,BNK FEARX,Nongshim RedForce,0,0.5438132882118225
reference_2025,2026|Rounds 1-2|2026-04-15|Dplus Kia|KT Rolster,2026-04-15 10:10:22,Dplus Kia,KT Rolster,0,0.42545634508132935
reference_2025,2026|Rounds 1-2|2026-04-16|Gen.G|HANJIN BRION,2026-04-16 08:07:45,Gen.G,HANJIN BRION,1,0.5518278479576111
reference_2025,2026|Rounds 1-2|2026-04-16|DN SOOPers|Hanwha Life Esports,2026-04-16 10:19:53,DN SOOPers,Hanwha Life Esports,0,0.42428073287010193
reference_2025,2026|Rounds 1-2|2026-04-17|BNK FEARX|Kiwoom DRX,2026-04-17 08:09:20,BNK FEARX,Kiwoom DRX,1,0.467190682888031
reference_2025,2026|Rounds 1-2|2026-04-17|Dplus Kia|T1,2026-04-17 10:18:08,Dplus Kia,T1,1,0.48984646797180176
reference_2025,2026|Rounds 1-2|2026-04-18|Gen.G|Hanwha Life Esports,2026-04-18 08:07:24,Gen.G,Hanwha Life Esports,0,0.4808409810066223
reference_2025,2026|Rounds 1-2|2026-04-18|DN SOOPers|KT Rolster,2026-04-18 10:19:42,DN SOOPers,KT Rolster,0,0.42310839891433716
reference_2025,2026|Rounds 1-2|2026-04-19|HANJIN BRION|Nongshim RedForce,2026-04-19 08:06:04,HANJIN BRION,Nongshim RedForce,0,0.4628719985485077
reference_2025,2026|Rounds 1-2|2026-04-19|Kiwoom DRX|T1,2026-04-19 11:23:50,Kiwoom DRX,T1,0,0.48562583327293396
reference_2025,2026|Rounds 1-2|2026-04-22|KT Rolster|Kiwoom DRX,2026-04-22 08:04:37,KT Rolster,Kiwoom DRX,1,0.5602891445159912
reference_2025,2026|Rounds 1-2|2026-04-22|Hanwha Life Esports|Nongshim RedForce,2026-04-22 10:16:00,Hanwha Life Esports,Nongshim RedForce,1,0.5519660711288452
reference_2025,2026|Rounds 1-2|2026-04-23|Dplus Kia|HANJIN BRION,2026-04-23 08:05:27,Dplus Kia,HANJIN BRION,1,0.5125146508216858
reference_2025,2026|Rounds 1-2|2026-04-23|DN SOOPers|Gen.G,2026-04-23 10:15:14,DN SOOPers,Gen.G,0,0.46470052003860474
reference_2025,2026|Rounds 1-2|2026-04-24|BNK FEARX|KT Rolster,2026-04-24 08:07:08,BNK FEARX,KT Rolster,0,0.44397369027137756
reference_2025,2026|Rounds 1-2|2026-04-24|Hanwha Life Esports|Kiwoom DRX,2026-04-24 10:32:53,Hanwha Life Esports,Kiwoom DRX,1,0.572036623954773
reference_2025,2026|Rounds 1-2|2026-04-25|HANJIN BRION|T1,2026-04-25 08:07:29,HANJIN BRION,T1,0,0.46718892455101013
reference_2025,2026|Rounds 1-2|2026-04-25|DN SOOPers|Dplus Kia,2026-04-25 10:52:42,DN SOOPers,Dplus Kia,0,0.4326504170894623
reference_2025,2026|Rounds 1-2|2026-04-26|BNK FEARX|T1,2026-04-26 08:06:17,BNK FEARX,T1,0,0.46997153759002686
reference_2025,2026|Rounds 1-2|2026-04-26|Gen.G|Nongshim RedForce,2026-04-26 10:15:14,Gen.G,Nongshim RedForce,1,0.5123236179351807
reference_2025,2026|Rounds 1-2|2026-04-29|Nongshim RedForce|T1,2026-04-29 08:05:12,Nongshim RedForce,T1,0,0.44772404432296753
reference_2025,2026|Rounds 1-2|2026-04-29|Hanwha Life Esports|KT Rolster,2026-04-29 10:15:19,Hanwha Life Esports,KT Rolster,1,0.4551352262496948
reference_2025,2026|Rounds 1-2|2026-04-30|Gen.G|Kiwoom DRX,2026-04-30 08:06:44,Gen.G,Kiwoom DRX,1,0.5833930373191833
reference_2025,2026|Rounds 1-2|2026-04-30|BNK FEARX|Dplus Kia,2026-04-30 11:13:48,BNK FEARX,Dplus Kia,0,0.4251965880393982
reference_2025,2026|Rounds 1-2|2026-05-01|DN SOOPers|HANJIN BRION,2026-05-01 08:06:11,DN SOOPers,HANJIN BRION,0,0.49218788743019104
reference_2025,2026|Rounds 1-2|2026-05-01|Hanwha Life Esports|T1,2026-05-01 10:22:34,Hanwha Life Esports,T1,1,0.4846104383468628
reference_2025,2026|Rounds 1-2|2026-05-02|Dplus Kia|Gen.G,2026-05-02 08:06:29,Dplus Kia,Gen.G,0,0.49864661693573
reference_2025,2026|Rounds 1-2|2026-05-02|Kiwoom DRX|Nongshim RedForce,2026-05-02 11:03:54,Kiwoom DRX,Nongshim RedForce,1,0.5040181875228882
reference_2025,2026|Rounds 1-2|2026-05-03|HANJIN BRION|KT Rolster,2026-05-03 08:05:43,HANJIN BRION,KT Rolster,1,0.47394874691963196
reference_2025,2026|Rounds 1-2|2026-05-03|BNK FEARX|DN SOOPers,2026-05-03 10:24:27,BNK FEARX,DN SOOPers,1,0.501274585723877
reference_2025,2026|Rounds 1-2|2026-05-06|Gen.G|Nongshim RedForce,2026-05-06 08:06:15,Gen.G,Nongshim RedForce,1,0.5542855858802795
reference_2025,2026|Rounds 1-2|2026-05-06|DN SOOPers|Hanwha Life Esports,2026-05-06 10:34:43,DN SOOPers,Hanwha Life Esports,0,0.4166162610054016
reference_2025,2026|Rounds 1-2|2026-05-07|Dplus Kia|KT Rolster,2026-05-07 08:07:34,Dplus Kia,KT Rolster,0,0.4991794228553772
reference_2025,2026|Rounds 1-2|2026-05-07|BNK FEARX|HANJIN BRION,2026-05-07 10:30:17,BNK FEARX,HANJIN BRION,0,0.45580780506134033
reference_2025,2026|Rounds 1-2|2026-05-08|DN SOOPers|T1,2026-05-08 08:05:48,DN SOOPers,T1,0,0.44499051570892334
reference_2025,2026|Rounds 1-2|2026-05-08|Gen.G|Kiwoom DRX,2026-05-08 10:40:52,Gen.G,Kiwoom DRX,1,0.5095900893211365
reference_2025,2026|Rounds 1-2|2026-05-09|BNK FEARX|KT Rolster,2026-05-09 08:06:41,BNK FEARX,KT Rolster,1,0.49737754464149475
reference_2025,2026|Rounds 1-2|2026-05-09|HANJIN BRION|Nongshim RedForce,2026-05-09 10:15:45,HANJIN BRION,Nongshim RedForce,1,0.564428448677063
reference_2025,2026|Rounds 1-2|2026-05-10|Dplus Kia|T1,2026-05-10 08:09:29,Dplus Kia,T1,0,0.45852339267730713
reference_2025,2026|Rounds 1-2|2026-05-10|Hanwha Life Esports|Kiwoom DRX,2026-05-10 10:31:52,Hanwha Life Esports,Kiwoom DRX,1,0.5342915654182434
reference_2025,2026|Rounds 1-2|2026-05-13|Nongshim RedForce|T1,2026-05-13 08:06:21,Nongshim RedForce,T1,0,0.44926559925079346
reference_2025,2026|Rounds 1-2|2026-05-13|DN SOOPers|Dplus Kia,2026-05-13 10:12:11,DN SOOPers,Dplus Kia,0,0.4923032820224762
reference_2025,2026|Rounds 1-2|2026-05-14|BNK FEARX|Gen.G,2026-05-14 08:07:03,BNK FEARX,Gen.G,0,0.4477691352367401
reference_2025,2026|Rounds 1-2|2026-05-14|KT Rolster|Kiwoom DRX,2026-05-14 10:15:56,KT Rolster,Kiwoom DRX,1,0.5046877861022949
reference_2025,2026|Rounds 1-2|2026-05-15|Dplus Kia|Hanwha Life Esports,2026-05-15 08:07:51,Dplus Kia,Hanwha Life Esports,0,0.46339619159698486
reference_2025,2026|Rounds 1-2|2026-05-15|DN SOOPers|HANJIN BRION,2026-05-15 10:22:39,DN SOOPers,HANJIN BRION,0,0.4251749813556671
reference_2025,2026|Rounds 1-2|2026-05-16|Gen.G|T1,2026-05-16 08:05:55,Gen.G,T1,0,0.5152164101600647
reference_2025,2026|Rounds 1-2|2026-05-16|BNK FEARX|Nongshim RedForce,2026-05-16 11:30:05,BNK FEARX,Nongshim RedForce,1,0.5323028564453125
reference_2025,2026|Rounds 1-2|2026-05-17|Hanwha Life Esports|KT Rolster,2026-05-17 08:05:58,Hanwha Life Esports,KT Rolster,0,0.5530701875686646
reference_2025,2026|Rounds 1-2|2026-05-17|HANJIN BRION|Kiwoom DRX,2026-05-17 11:06:33,HANJIN BRION,Kiwoom DRX,0,0.5776357650756836
reference_2025,2026|Rounds 1-2|2026-05-20|Kiwoom DRX|T1,2026-05-20 08:05:29,Kiwoom DRX,T1,0,0.47776809334754944
reference_2025,2026|Rounds 1-2|2026-05-20|KT Rolster|Nongshim RedForce,2026-05-20 11:01:11,KT Rolster,Nongshim RedForce,1,0.5240657329559326
reference_2025,2026|Rounds 1-2|2026-05-21|BNK FEARX|Hanwha Life Esports,2026-05-21 08:06:57,BNK FEARX,Hanwha Life Esports,0,0.4944237470626831
reference_2025,2026|Rounds 1-2|2026-05-21|Dplus Kia|HANJIN BRION,2026-05-21 10:22:05,Dplus Kia,HANJIN BRION,1,0.4739798307418823
reference_2025,2026|Rounds 1-2|2026-05-22|DN SOOPers|Kiwoom DRX,2026-05-22 08:06:39,DN SOOPers,Kiwoom DRX,0,0.4480527639389038
reference_2025,2026|Rounds 1-2|2026-05-22|Gen.G|KT Rolster,2026-05-22 10:20:35,Gen.G,KT Rolster,1,0.5288510918617249
reference_2025,2026|Rounds 1-2|2026-05-23|BNK FEARX|Dplus Kia,2026-05-23 08:06:07,BNK FEARX,Dplus Kia,0,0.5116405487060547
reference_2025,2026|Rounds 1-2|2026-05-23|Hanwha Life Esports|Nongshim RedForce,2026-05-23 11:15:14,Hanwha Life Esports,Nongshim RedForce,1,0.5336645841598511
reference_2025,2026|Rounds 1-2|2026-05-24|DN SOOPers|Gen.G,2026-05-24 08:06:42,DN SOOPers,Gen.G,0,0.4473966062068939
reference_2025,2026|Rounds 1-2|2026-05-24|HANJIN BRION|T1,2026-05-24 10:10:10,HANJIN BRION,T1,0,0.44139403104782104
reference_2025,2026|Rounds 1-2|2026-05-27|Gen.G|Hanwha Life Esports,2026-05-27 08:06:37,Gen.G,Hanwha Life Esports,1,0.49248361587524414
reference_2025,2026|Rounds 1-2|2026-05-27|BNK FEARX|Kiwoom DRX,2026-05-27 11:17:26,BNK FEARX,Kiwoom DRX,1,0.4458545744419098
reference_2025,2026|Rounds 1-2|2026-05-28|DN SOOPers|Nongshim RedForce,2026-05-28 08:03:36,DN SOOPers,Nongshim RedForce,0,0.4748300015926361
reference_2025,2026|Rounds 1-2|2026-05-28|KT Rolster|T1,2026-05-28 11:03:41,KT Rolster,T1,0,0.4570399522781372
reference_2025,2026|Rounds 1-2|2026-05-29|Dplus Kia|Kiwoom DRX,2026-05-29 08:09:08,Dplus Kia,Kiwoom DRX,1,0.45837563276290894
reference_2025,2026|Rounds 1-2|2026-05-29|Gen.G|HANJIN BRION,2026-05-29 11:07:01,Gen.G,HANJIN BRION,1,0.5897221565246582
reference_2025,2026|Rounds 1-2|2026-05-30|DN SOOPers|KT Rolster,2026-05-30 08:05:58,DN SOOPers,KT Rolster,0,0.49462300539016724
reference_2025,2026|Rounds 1-2|2026-05-30|BNK FEARX|T1,2026-05-30 10:20:58,BNK FEARX,T1,0,0.4647960662841797
reference_2025,2026|Rounds 1-2|2026-05-31|HANJIN BRION|Hanwha Life Esports,2026-05-31 08:06:48,HANJIN BRION,Hanwha Life Esports,0,0.4449973702430725
reference_2025,2026|Rounds 1-2|2026-05-31|Dplus Kia|Nongshim RedForce,2026-05-31 10:17:32,Dplus Kia,Nongshim RedForce,1,0.503075122833252
reference_2025,2026|Rounds 1-2|2026-06-06|Dplus Kia|HANJIN BRION,2026-06-06 08:12:31,Dplus Kia,HANJIN BRION,1,0.6009925603866577
reference_2025,2026|Rounds 1-2|2026-06-07|Dplus Kia|KT Rolster,2026-06-07 08:09:33,Dplus Kia,KT Rolster,0,0.6089869141578674
reference_2025,2026|Rounds 1-2|2026-06-12|Hanwha Life Esports|T1,2026-06-12 08:25:00,Hanwha Life Esports,T1,1,0.45585793256759644
reference_2025,2026|Rounds 1-2|2026-06-13|Gen.G|KT Rolster,2026-06-13 06:22:36,Gen.G,KT Rolster,1,0.584936261177063
reference_2025,2026|Rounds 1-2|2026-06-14|Gen.G|T1,2026-06-14 06:27:21,Gen.G,T1,0,0.5574909448623657
reference_2025,2026|Rounds 3-4|2026-07-29|Kiwoom DRX|Nongshim RedForce,2026-07-29 08:05:41,Kiwoom DRX,Nongshim RedForce,0,0.512108564376831
reference_2025,2026|Rounds 3-4|2026-07-29|KT Rolster|T1,2026-07-29 10:14:12,KT Rolster,T1,1,0.48662689328193665
reference_2025,2026|Rounds 3-4|2026-07-30|BNK FEARX|DN SOOPers,2026-07-30 08:07:12,BNK FEARX,DN SOOPers,1,0.5138320922851562
reference_2025,2026|Rounds 3-4|2026-07-30|Dplus Kia|Hanwha Life Esports,2026-07-30 10:17:39,Dplus Kia,Hanwha Life Esports,1,0.4639299213886261
reference_2025,2026|Rounds 3-4|2026-07-31|Gen.G|T1,2026-07-31 08:15:35,Gen.G,T1,0,0.5164437294006348
reference_2025,2026|Rounds 3-4|2026-07-31|HANJIN BRION|Kiwoom DRX,2026-07-31 10:28:31,HANJIN BRION,Kiwoom DRX,0,0.48676711320877075
reference_2025,2026|Rounds 3-4|2026-08-01|BNK FEARX|Nongshim RedForce,2026-08-01 08:05:28,BNK FEARX,Nongshim RedForce,0,0.4985954165458679
reference_2025,2026|Rounds 3-4|2026-08-02|DN SOOPers|HANJIN BRION,2026-08-02 08:07:10,DN SOOPers,HANJIN BRION,1,0.5020882487297058
reference_2025,2026|Rounds 3-4|2026-08-02|Hanwha Life Esports|KT Rolster,2026-08-02 11:27:57,Hanwha Life Esports,KT Rolster,0,0.5235936641693115
reference_2025,2026|Rounds 3-4|2026-08-05|HANJIN BRION|Nongshim RedForce,2026-08-05 08:04:53,HANJIN BRION,Nongshim RedForce,1,0.4216999411582947
reference_2025,2026|Rounds 3-4|2026-08-05|Gen.G|Hanwha Life Esports,2026-08-05 11:19:04,Gen.G,Hanwha Life Esports,1,0.47002699971199036
reference_2025,2026|Rounds 3-4|2026-08-06|DN SOOPers|Kiwoom DRX,2026-08-06 08:07:39,DN SOOPers,Kiwoom DRX,0,0.4952786862850189
reference_2025,2026|Rounds 3-4|2026-08-06|Dplus Kia|T1,2026-08-06 10:15:34,Dplus Kia,T1,0,0.48761826753616333
reference_2025,2026|Rounds 3-4|2026-08-07|Gen.G|KT Rolster,2026-08-07 08:07:40,Gen.G,KT Rolster,1,0.4682278633117676
reference_2025,2026|Rounds 3-4|2026-08-07|BNK FEARX|HANJIN BRION,2026-08-07 10:11:30,BNK FEARX,HANJIN BRION,0,0.5097776651382446
reference_2025,2026|Rounds 3-4|2026-08-08|Hanwha Life Esports|T1,2026-08-08 08:08:11,Hanwha Life Esports,T1,1,0.48099517822265625
reference_2025,2026|Rounds 3-4|2026-08-08|DN SOOPers|Nongshim RedForce,2026-08-08 11:16:34,DN SOOPers,Nongshim RedForce,1,0.48553165793418884
reference_2025,2026|Rounds 3-4|2026-08-09|Dplus Kia|KT Rolster,2026-08-09 08:07:07,Dplus Kia,KT Rolster,1,0.4851277470588684
reference_2025,2026|Rounds 3-4|2026-08-09|BNK FEARX|Kiwoom DRX,2026-08-09 11:01:09,BNK FEARX,Kiwoom DRX,1,0.4340741038322449
reference_2025,2026|Rounds 3-4|2026-08-12|DN SOOPers|Nongshim RedForce,2026-08-12 08:07:18,DN SOOPers,Nongshim RedForce,1,0.49992942810058594
reference_2025,2026|Rounds 3-4|2026-08-12|Dplus Kia|KT Rolster,2026-08-12 11:02:08,Dplus Kia,KT Rolster,1,0.513157844543457
reference_2025,2026|Rounds 3-4|2026-08-13|BNK FEARX|Kiwoom DRX,2026-08-13 08:06:50,BNK FEARX,Kiwoom DRX,1,0.4674919843673706
reference_2025,2026|Rounds 3-4|2026-08-13|Gen.G|Hanwha Life Esports,2026-08-13 11:04:48,Gen.G,Hanwha Life Esports,1,0.5439755916595459
reference_2025,2026|Rounds 3-4|2026-08-14|Dplus Kia|T1,2026-08-14 08:08:00,Dplus Kia,T1,1,0.525589644908905
reference_2025,2026|Rounds 3-4|2026-08-14|HANJIN BRION|Nongshim RedForce,2026-08-14 11:28:48,HANJIN BRION,Nongshim RedForce,0,0.5284134149551392
reference_2025,2026|Rounds 3-4|2026-08-15|Hanwha Life Esports|KT Rolster,2026-08-15 08:08:03,Hanwha Life Esports,KT Rolster,1,0.5283775329589844
reference_2025,2026|Rounds 3-4|2026-08-15|BNK FEARX|DN SOOPers,2026-08-15 11:08:43,BNK FEARX,DN SOOPers,0,0.5257267355918884
reference_2025,2026|Rounds 3-4|2026-08-16|Gen.G|T1,2026-08-16 08:07:26,Gen.G,T1,1,0.5787827372550964
reference_2025,2026|Rounds 3-4|2026-08-16|HANJIN BRION|Kiwoom DRX,2026-08-16 10:44:01,HANJIN BRION,Kiwoom DRX,1,0.5310071110725403
reference_2025,2026|Rounds 3-4|2026-08-19|Gen.G|KT Rolster,2026-08-19 08:05:49,Gen.G,KT Rolster,1,0.5863497257232666
reference_2025,2026|Rounds 3-4|2026-08-19|DN SOOPers|HANJIN BRION,2026-08-19 11:22:14,DN SOOPers,HANJIN BRION,0,0.5421299934387207
reference_2025,2026|Rounds 3-4|2026-08-20|Dplus Kia|Hanwha Life Esports,2026-08-20 08:07:41,Dplus Kia,Hanwha Life Esports,0,0.5163048505783081
reference_2025,2026|Rounds 3-4|2026-08-20|Kiwoom DRX|Nongshim RedForce,2026-08-20 10:33:18,Kiwoom DRX,Nongshim RedForce,0,0.43419092893600464
reference_2025,2026|Rounds 3-4|2026-08-21|BNK FEARX|HANJIN BRION,2026-08-21 08:07:26,BNK FEARX,HANJIN BRION,1,0.4617955684661865
reference_2025,2026|Rounds 3-4|2026-08-21|KT Rolster|T1,2026-08-21 11:24:11,KT Rolster,T1,0,0.4996565282344818
reference_2025,2026|Rounds 3-4|2026-08-22|Dplus Kia|Gen.G,2026-08-22 08:08:17,Dplus Kia,Gen.G,1,0.47047296166419983
reference_2025,2026|Rounds 3-4|2026-08-22|DN SOOPers|Kiwoom DRX,2026-08-22 11:31:02,DN SOOPers,Kiwoom DRX,1,0.5262531042098999
reference_2025,2026|Rounds 3-4|2026-08-23|Hanwha Life Esports|T1,2026-08-23 08:07:42,Hanwha Life Esports,T1,1,0.5455304384231567
reference_2025,2026|Rounds 3-4|2026-08-23|BNK FEARX|Nongshim RedForce,2026-08-23 10:20:23,BNK FEARX,Nongshim RedForce,0,0.4687921404838562
reference_2025,2026|Rounds 3-4|2026-08-26|HANJIN BRION|KT Rolster,2026-08-26 08:08:21,HANJIN BRION,KT Rolster,0,0.5153520107269287
reference_2025,2026|Rounds 3-4|2026-08-27|BNK FEARX|Nongshim RedForce,2026-08-27 08:07:15,BNK FEARX,Nongshim RedForce,1,0.45595476031303406
reference_2025,2026|Rounds 3-4|2026-08-28|BNK FEARX|HANJIN BRION,2026-08-28 08:06:46,BNK FEARX,HANJIN BRION,1,0.5371271967887878
reference_2025,2026|Rounds 3-4|2026-08-29|BNK FEARX|T1,2026-08-29 08:07:39,BNK FEARX,T1,0,0.535122811794281
reference_2025,2026|Rounds 3-4|2026-08-30|Dplus Kia|KT Rolster,2026-08-30 08:10:04,Dplus Kia,KT Rolster,0,0.4845486581325531
reference_2025,2026|Rounds 3-4|2026-09-01|Gen.G|KT Rolster,2026-09-01 08:11:13,Gen.G,KT Rolster,1,0.459203839302063
reference_2025,2026|Rounds 3-4|2026-09-02|Hanwha Life Esports|T1,2026-09-02 08:11:08,Hanwha Life Esports,T1,1,0.5673723816871643
reference_2025,2026|Rounds 3-4|2026-09-03|BNK FEARX|Dplus Kia,2026-09-03 08:07:55,BNK FEARX,Dplus Kia,0,0.4671398997306824
reference_2025,2026|Rounds 3-4|2026-09-04|Dplus Kia|KT Rolster,2026-09-04 08:07:52,Dplus Kia,KT Rolster,1,0.5337107181549072
reference_2025,2026|Rounds 3-4|2026-09-05|Gen.G|Hanwha Life Esports,2026-09-05 08:08:15,Gen.G,Hanwha Life Esports,1,0.48791196942329407
reference_2025,2026|Rounds 3-4|2026-09-06|Dplus Kia|T1,2026-09-06 08:09:36,Dplus Kia,T1,0,0.5675222277641296
reference_2025,2026|Rounds 3-4|2026-09-12|Hanwha Life Esports|T1,2026-09-12 05:21:16,Hanwha Life Esports,T1,1,0.4841686487197876
pooled_2023_2025,2026|Cup|2026-01-14|DN SOOPers|KT Rolster,2026-01-14 08:13:43,DN SOOPers,KT Rolster,0,0.5013251304626465
pooled_2023_2025,2026|Cup|2026-01-14|Dplus Kia|HANJIN BRION,2026-01-14 11:22:18,Dplus Kia,HANJIN BRION,1,0.5060688257217407
pooled_2023_2025,2026|Cup|2026-01-15|Gen.G|Kiwoom DRX,2026-01-15 08:05:23,Gen.G,Kiwoom DRX,1,0.5622390508651733
pooled_2023_2025,2026|Cup|2026-01-15|BNK FEARX|Nongshim RedForce,2026-01-15 10:15:24,BNK FEARX,Nongshim RedForce,1,0.49680012464523315
pooled_2023_2025,2026|Cup|2026-01-16|DN SOOPers|Dplus Kia,2026-01-16 08:05:40,DN SOOPers,Dplus Kia,0,0.48674213886260986
pooled_2023_2025,2026|Cup|2026-01-16|Hanwha Life Esports|T1,2026-01-16 10:08:16,Hanwha Life Esports,T1,0,0.5230368375778198
pooled_2023_2025,2026|Cup|2026-01-17|BNK FEARX|HANJIN BRION,2026-01-17 08:05:53,BNK FEARX,HANJIN BRION,1,0.5367002487182617
pooled_2023_2025,2026|Cup|2026-01-17|Gen.G|KT Rolster,2026-01-17 11:10:45,Gen.G,KT Rolster,1,0.550991415977478
pooled_2023_2025,2026|Cup|2026-01-18|Hanwha Life Esports|Nongshim RedForce,2026-01-18 08:05:24,Hanwha Life Esports,Nongshim RedForce,0,0.5116347670555115
pooled_2023_2025,2026|Cup|2026-01-18|Kiwoom DRX|T1,2026-01-18 10:20:18,Kiwoom DRX,T1,0,0.46795618534088135
pooled_2023_2025,2026|Cup|2026-01-21|Dplus Kia|Nongshim RedForce,2026-01-21 08:05:24,Dplus Kia,Nongshim RedForce,1,0.5327560901641846
pooled_2023_2025,2026|Cup|2026-01-21|DN SOOPers|Kiwoom DRX,2026-01-21 11:14:52,DN SOOPers,Kiwoom DRX,1,0.5000290870666504
pooled_2023_2025,2026|Cup|2026-01-22|HANJIN BRION|Hanwha Life Esports,2026-01-22 08:05:25,HANJIN BRION,Hanwha Life Esports,0,0.5051591396331787
pooled_2023_2025,2026|Cup|2026-01-22|BNK FEARX|Gen.G,2026-01-22 11:14:53,BNK FEARX,Gen.G,0,0.4536074995994568
pooled_2023_2025,2026|Cup|2026-01-23|KT Rolster|T1,2026-01-23 08:04:55,KT Rolster,T1,0,0.4543716311454773
pooled_2023_2025,2026|Cup|2026-01-23|Kiwoom DRX|Nongshim RedForce,2026-01-23 10:33:19,Kiwoom DRX,Nongshim RedForce,1,0.493757039308548
pooled_2023_2025,2026|Cup|2026-01-24|DN SOOPers|Hanwha Life Esports,2026-01-24 08:04:56,DN SOOPers,Hanwha Life Esports,0,0.49266329407691956
pooled_2023_2025,2026|Cup|2026-01-24|Dplus Kia|Gen.G,2026-01-24 11:24:48,Dplus Kia,Gen.G,0,0.45968174934387207
pooled_2023_2025,2026|Cup|2026-01-25|BNK FEARX|T1,2026-01-25 08:05:39,BNK FEARX,T1,0,0.4903257489204407
pooled_2023_2025,2026|Cup|2026-01-25|HANJIN BRION|KT Rolster,2026-01-25 11:28:02,HANJIN BRION,KT Rolster,0,0.5140411853790283
pooled_2023_2025,2026|Cup|2026-01-28|HANJIN BRION|Kiwoom DRX,2026-01-28 08:04:54,HANJIN BRION,Kiwoom DRX,0,0.5052968263626099
pooled_2023_2025,2026|Cup|2026-01-29|BNK FEARX|DN SOOPers,2026-01-29 08:07:19,BNK FEARX,DN SOOPers,1,0.47640371322631836
pooled_2023_2025,2026|Cup|2026-01-30|KT Rolster|Nongshim RedForce,2026-01-30 08:05:48,KT Rolster,Nongshim RedForce,0,0.49334701895713806
pooled_2023_2025,2026|Cup|2026-01-31|Dplus Kia|T1,2026-01-31 08:17:53,Dplus Kia,T1,0,0.4808574914932251
pooled_2023_2025,2026|Cup|2026-02-01|Gen.G|Hanwha Life Esports,2026-02-01 08:08:08,Gen.G,Hanwha Life Esports,1,0.5494648218154907
pooled_2023_2025,2026|Cup|2026-02-06|HANJIN BRION|Kiwoom DRX,2026-02-06 08:05:10,HANJIN BRION,Kiwoom DRX,0,0.484887957572937
pooled_2023_2025,2026|Cup|2026-02-06|DN SOOPers|KT Rolster,2026-02-06 10:59:51,DN SOOPers,KT Rolster,1,0.4926748275756836
pooled_2023_2025,2026|Cup|2026-02-07|Dplus Kia|Kiwoom DRX,2026-02-07 08:07:00,Dplus Kia,Kiwoom DRX,1,0.4357130527496338
pooled_2023_2025,2026|Cup|2026-02-07|DN SOOPers|Nongshim RedForce,2026-02-07 10:09:22,DN SOOPers,Nongshim RedForce,1,0.5010663270950317
pooled_2023_2025,2026|Cup|2026-02-08|Kiwoom DRX|Nongshim RedForce,2026-02-08 08:06:06,Kiwoom DRX,Nongshim RedForce,1,0.4596007466316223
pooled_2023_2025,2026|Cup|2026-02-12|BNK FEARX|DN SOOPers,2026-02-12 08:04:05,BNK FEARX,DN SOOPers,1,0.4977515935897827
pooled_2023_2025,2026|Cup|2026-02-13|Dplus Kia|Kiwoom DRX,2026-02-13 08:06:47,Dplus Kia,Kiwoom DRX,1,0.5267058610916138
pooled_2023_2025,2026|Cup|2026-02-14|Dplus Kia|Gen.G,2026-02-14 08:07:25,Dplus Kia,Gen.G,0,0.4718697965145111
pooled_2023_2025,2026|Cup|2026-02-15|BNK FEARX|T1,2026-02-15 08:05:24,BNK FEARX,T1,1,0.5127694606781006
pooled_2023_2025,2026|Cup|2026-02-19|DN SOOPers|Kiwoom DRX,2026-02-19 08:06:05,DN SOOPers,Kiwoom DRX,1,0.5160730481147766
pooled_2023_2025,2026|Cup|2026-02-20|DN SOOPers|Dplus Kia,2026-02-20 08:06:25,DN SOOPers,Dplus Kia,0,0.5398223996162415
pooled_2023_2025,2026|Cup|2026-02-21|BNK FEARX|Gen.G,2026-02-21 08:08:52,BNK FEARX,Gen.G,0,0.5136289596557617
pooled_2023_2025,2026|Cup|2026-02-22|Dplus Kia|T1,2026-02-22 08:08:41,Dplus Kia,T1,1,0.520755410194397
pooled_2023_2025,2026|Cup|2026-02-28|BNK FEARX|Dplus Kia,2026-02-28 08:23:00,BNK FEARX,Dplus Kia,1,0.5032967925071716
pooled_2023_2025,2026|Cup|2026-03-01|BNK FEARX|Gen.G,2026-03-01 08:22:46,BNK FEARX,Gen.G,0,0.5053504705429077
pooled_2023_2025,2026|Rounds 1-2|2026-04-01|HANJIN BRION|Hanwha Life Esports,2026-04-01 08:11:43,HANJIN BRION,Hanwha Life Esports,0,0.4910675883293152
pooled_2023_2025,2026|Rounds 1-2|2026-04-01|KT Rolster|T1,2026-04-01 10:23:34,KT Rolster,T1,1,0.5044925212860107
pooled_2023_2025,2026|Rounds 1-2|2026-04-02|Dplus Kia|Nongshim RedForce,2026-04-02 08:08:29,Dplus Kia,Nongshim RedForce,0,0.49953413009643555
pooled_2023_2025,2026|Rounds 1-2|2026-04-02|DN SOOPers|Kiwoom DRX,2026-04-02 10:15:16,DN SOOPers,Kiwoom DRX,1,0.5157045125961304
pooled_2023_2025,2026|Rounds 1-2|2026-04-03|Gen.G|KT Rolster,2026-04-03 08:10:24,Gen.G,KT Rolster,0,0.5413926839828491
pooled_2023_2025,2026|Rounds 1-2|2026-04-03|BNK FEARX|HANJIN BRION,2026-04-03 11:10:37,BNK FEARX,HANJIN BRION,0,0.5063936710357666
pooled_2023_2025,2026|Rounds 1-2|2026-04-04|Hanwha Life Esports|T1,2026-04-04 08:08:38,Hanwha Life Esports,T1,0,0.5187737345695496
pooled_2023_2025,2026|Rounds 1-2|2026-04-04|Dplus Kia|Kiwoom DRX,2026-04-04 10:30:33,Dplus Kia,Kiwoom DRX,1,0.5013659596443176
pooled_2023_2025,2026|Rounds 1-2|2026-04-05|DN SOOPers|Nongshim RedForce,2026-04-05 08:10:33,DN SOOPers,Nongshim RedForce,0,0.48346737027168274
pooled_2023_2025,2026|Rounds 1-2|2026-04-05|BNK FEARX|Gen.G,2026-04-05 10:22:53,BNK FEARX,Gen.G,0,0.4768734872341156
pooled_2023_2025,2026|Rounds 1-2|2026-04-08|Dplus Kia|Hanwha Life Esports,2026-04-08 08:06:29,Dplus Kia,Hanwha Life Esports,0,0.48410314321517944
pooled_2023_2025,2026|Rounds 1-2|2026-04-08|Gen.G|T1,2026-04-08 10:19:02,Gen.G,T1,1,0.5247518420219421
pooled_2023_2025,2026|Rounds 1-2|2026-04-09|HANJIN BRION|Kiwoom DRX,2026-04-09 08:06:21,HANJIN BRION,Kiwoom DRX,0,0.5238159894943237
pooled_2023_2025,2026|Rounds 1-2|2026-04-09|KT Rolster|Nongshim RedForce,2026-04-09 11:25:00,KT Rolster,Nongshim RedForce,1,0.46793001890182495
pooled_2023_2025,2026|Rounds 1-2|2026-04-10|DN SOOPers|T1,2026-04-10 08:09:34,DN SOOPers,T1,0,0.5111894607543945
pooled_2023_2025,2026|Rounds 1-2|2026-04-10|BNK FEARX|Hanwha Life Esports,2026-04-10 10:10:47,BNK FEARX,Hanwha Life Esports,0,0.4657074213027954
pooled_2023_2025,2026|Rounds 1-2|2026-04-11|Kiwoom DRX|Nongshim RedForce,2026-04-11 08:06:17,Kiwoom DRX,Nongshim RedForce,1,0.4546419680118561
pooled_2023_2025,2026|Rounds 1-2|2026-04-11|Dplus Kia|Gen.G,2026-04-11 10:14:53,Dplus Kia,Gen.G,1,0.4376763701438904
pooled_2023_2025,2026|Rounds 1-2|2026-04-12|BNK FEARX|DN SOOPers,2026-04-12 08:05:05,BNK FEARX,DN SOOPers,1,0.4834558963775635
pooled_2023_2025,2026|Rounds 1-2|2026-04-12|HANJIN BRION|KT Rolster,2026-04-12 10:09:24,HANJIN BRION,KT Rolster,0,0.5007941722869873
pooled_2023_2025,2026|Rounds 1-2|2026-04-15|BNK FEARX|Nongshim RedForce,2026-04-15 08:04:27,BNK FEARX,Nongshim RedForce,0,0.5373066663742065
pooled_2023_2025,2026|Rounds 1-2|2026-04-15|Dplus Kia|KT Rolster,2026-04-15 10:10:22,Dplus Kia,KT Rolster,0,0.4376086890697479
pooled_2023_2025,2026|Rounds 1-2|2026-04-16|Gen.G|HANJIN BRION,2026-04-16 08:07:45,Gen.G,HANJIN BRION,1,0.5328000783920288
pooled_2023_2025,2026|Rounds 1-2|2026-04-16|DN SOOPers|Hanwha Life Esports,2026-04-16 10:19:53,DN SOOPers,Hanwha Life Esports,0,0.4477347135543823
pooled_2023_2025,2026|Rounds 1-2|2026-04-17|BNK FEARX|Kiwoom DRX,2026-04-17 08:09:20,BNK FEARX,Kiwoom DRX,1,0.46281373500823975
pooled_2023_2025,2026|Rounds 1-2|2026-04-17|Dplus Kia|T1,2026-04-17 10:18:08,Dplus Kia,T1,1,0.49431294202804565
pooled_2023_2025,2026|Rounds 1-2|2026-04-18|Gen.G|Hanwha Life Esports,2026-04-18 08:07:24,Gen.G,Hanwha Life Esports,0,0.4923667311668396
pooled_2023_2025,2026|Rounds 1-2|2026-04-18|DN SOOPers|KT Rolster,2026-04-18 10:19:42,DN SOOPers,KT Rolster,0,0.44154947996139526
pooled_2023_2025,2026|Rounds 1-2|2026-04-19|HANJIN BRION|Nongshim RedForce,2026-04-19 08:06:04,HANJIN BRION,Nongshim RedForce,0,0.47451648116111755
pooled_2023_2025,2026|Rounds 1-2|2026-04-19|Kiwoom DRX|T1,2026-04-19 11:23:50,Kiwoom DRX,T1,0,0.5023863315582275
pooled_2023_2025,2026|Rounds 1-2|2026-04-22|KT Rolster|Kiwoom DRX,2026-04-22 08:04:37,KT Rolster,Kiwoom DRX,1,0.5405906438827515
pooled_2023_2025,2026|Rounds 1-2|2026-04-22|Hanwha Life Esports|Nongshim RedForce,2026-04-22 10:16:00,Hanwha Life Esports,Nongshim RedForce,1,0.5402188301086426
pooled_2023_2025,2026|Rounds 1-2|2026-04-23|Dplus Kia|HANJIN BRION,2026-04-23 08:05:27,Dplus Kia,HANJIN BRION,1,0.5054802894592285
pooled_2023_2025,2026|Rounds 1-2|2026-04-23|DN SOOPers|Gen.G,2026-04-23 10:15:14,DN SOOPers,Gen.G,0,0.4853518307209015
pooled_2023_2025,2026|Rounds 1-2|2026-04-24|BNK FEARX|KT Rolster,2026-04-24 08:07:08,BNK FEARX,KT Rolster,0,0.4423331022262573
pooled_2023_2025,2026|Rounds 1-2|2026-04-24|Hanwha Life Esports|Kiwoom DRX,2026-04-24 10:32:53,Hanwha Life Esports,Kiwoom DRX,1,0.5589785575866699
pooled_2023_2025,2026|Rounds 1-2|2026-04-25|HANJIN BRION|T1,2026-04-25 08:07:29,HANJIN BRION,T1,0,0.48003411293029785
pooled_2023_2025,2026|Rounds 1-2|2026-04-25|DN SOOPers|Dplus Kia,2026-04-25 10:52:42,DN SOOPers,Dplus Kia,0,0.46033573150634766
pooled_2023_2025,2026|Rounds 1-2|2026-04-26|BNK FEARX|T1,2026-04-26 08:06:17,BNK FEARX,T1,0,0.4675407111644745
pooled_2023_2025,2026|Rounds 1-2|2026-04-26|Gen.G|Nongshim RedForce,2026-04-26 10:15:14,Gen.G,Nongshim RedForce,1,0.5117813348770142
pooled_2023_2025,2026|Rounds 1-2|2026-04-29|Nongshim RedForce|T1,2026-04-29 08:05:12,Nongshim RedForce,T1,0,0.4698542356491089
pooled_2023_2025,2026|Rounds 1-2|2026-04-29|Hanwha Life Esports|KT Rolster,2026-04-29 10:15:19,Hanwha Life Esports,KT Rolster,1,0.4659547209739685
pooled_2023_2025,2026|Rounds 1-2|2026-04-30|Gen.G|Kiwoom DRX,2026-04-30 08:06:44,Gen.G,Kiwoom DRX,1,0.5623984932899475
pooled_2023_2025,2026|Rounds 1-2|2026-04-30|BNK FEARX|Dplus Kia,2026-04-30 11:13:48,BNK FEARX,Dplus Kia,0,0.4562244117259979
pooled_2023_2025,2026|Rounds 1-2|2026-05-01|DN SOOPers|HANJIN BRION,2026-05-01 08:06:11,DN SOOPers,HANJIN BRION,0,0.49417582154273987
pooled_2023_2025,2026|Rounds 1-2|2026-05-01|Hanwha Life Esports|T1,2026-05-01 10:22:34,Hanwha Life Esports,T1,1,0.4940425753593445
pooled_2023_2025,2026|Rounds 1-2|2026-05-02|Dplus Kia|Gen.G,2026-05-02 08:06:29,Dplus Kia,Gen.G,0,0.48784714937210083
pooled_2023_2025,2026|Rounds 1-2|2026-05-02|Kiwoom DRX|Nongshim RedForce,2026-05-02 11:03:54,Kiwoom DRX,Nongshim RedForce,1,0.5100995302200317
pooled_2023_2025,2026|Rounds 1-2|2026-05-03|HANJIN BRION|KT Rolster,2026-05-03 08:05:43,HANJIN BRION,KT Rolster,1,0.49012720584869385
pooled_2023_2025,2026|Rounds 1-2|2026-05-03|BNK FEARX|DN SOOPers,2026-05-03 10:24:27,BNK FEARX,DN SOOPers,1,0.50533527135849
pooled_2023_2025,2026|Rounds 1-2|2026-05-06|Gen.G|Nongshim RedForce,2026-05-06 08:06:15,Gen.G,Nongshim RedForce,1,0.5366885662078857
pooled_2023_2025,2026|Rounds 1-2|2026-05-06|DN SOOPers|Hanwha Life Esports,2026-05-06 10:34:43,DN SOOPers,Hanwha Life Esports,0,0.4431711435317993
pooled_2023_2025,2026|Rounds 1-2|2026-05-07|Dplus Kia|KT Rolster,2026-05-07 08:07:34,Dplus Kia,KT Rolster,0,0.502738356590271
pooled_2023_2025,2026|Rounds 1-2|2026-05-07|BNK FEARX|HANJIN BRION,2026-05-07 10:30:17,BNK FEARX,HANJIN BRION,0,0.46468329429626465
pooled_2023_2025,2026|Rounds 1-2|2026-05-08|DN SOOPers|T1,2026-05-08 08:05:48,DN SOOPers,T1,0,0.46093428134918213
pooled_2023_2025,2026|Rounds 1-2|2026-05-08|Gen.G|Kiwoom DRX,2026-05-08 10:40:52,Gen.G,Kiwoom DRX,1,0.49810266494750977
pooled_2023_2025,2026|Rounds 1-2|2026-05-09|BNK FEARX|KT Rolster,2026-05-09 08:06:41,BNK FEARX,KT Rolster,1,0.4962192177772522
pooled_2023_2025,2026|Rounds 1-2|2026-05-09|HANJIN BRION|Nongshim RedForce,2026-05-09 10:15:45,HANJIN BRION,Nongshim RedForce,1,0.5499753952026367
pooled_2023_2025,2026|Rounds 1-2|2026-05-10|Dplus Kia|T1,2026-05-10 08:09:29,Dplus Kia,T1,0,0.4748355746269226
pooled_2023_2025,2026|Rounds 1-2|2026-05-10|Hanwha Life Esports|Kiwoom DRX,2026-05-10 10:31:52,Hanwha Life Esports,Kiwoom DRX,1,0.5261816382408142
pooled_2023_2025,2026|Rounds 1-2|2026-05-13|Nongshim RedForce|T1,2026-05-13 08:06:21,Nongshim RedForce,T1,0,0.46519988775253296
pooled_2023_2025,2026|Rounds 1-2|2026-05-13|DN SOOPers|Dplus Kia,2026-05-13 10:12:11,DN SOOPers,Dplus Kia,0,0.4894063472747803
pooled_2023_2025,2026|Rounds 1-2|2026-05-14|BNK FEARX|Gen.G,2026-05-14 08:07:03,BNK FEARX,Gen.G,0,0.4696817994117737
pooled_2023_2025,2026|Rounds 1-2|2026-05-14|KT Rolster|Kiwoom DRX,2026-05-14 10:15:56,KT Rolster,Kiwoom DRX,1,0.5128755569458008
pooled_2023_2025,2026|Rounds 1-2|2026-05-15|Dplus Kia|Hanwha Life Esports,2026-05-15 08:07:51,Dplus Kia,Hanwha Life Esports,0,0.48354047536849976
pooled_2023_2025,2026|Rounds 1-2|2026-05-15|DN SOOPers|HANJIN BRION,2026-05-15 10:22:39,DN SOOPers,HANJIN BRION,0,0.45223870873451233
pooled_2023_2025,2026|Rounds 1-2|2026-05-16|Gen.G|T1,2026-05-16 08:05:55,Gen.G,T1,0,0.5236586332321167
pooled_2023_2025,2026|Rounds 1-2|2026-05-16|BNK FEARX|Nongshim RedForce,2026-05-16 11:30:05,BNK FEARX,Nongshim RedForce,1,0.5295637249946594
pooled_2023_2025,2026|Rounds 1-2|2026-05-17|Hanwha Life Esports|KT Rolster,2026-05-17 08:05:58,Hanwha Life Esports,KT Rolster,0,0.534009575843811
pooled_2023_2025,2026|Rounds 1-2|2026-05-17|HANJIN BRION|Kiwoom DRX,2026-05-17 11:06:33,HANJIN BRION,Kiwoom DRX,0,0.5585273504257202
pooled_2023_2025,2026|Rounds 1-2|2026-05-20|Kiwoom DRX|T1,2026-05-20 08:05:29,Kiwoom DRX,T1,0,0.4824267327785492
pooled_2023_2025,2026|Rounds 1-2|2026-05-20|KT Rolster|Nongshim RedForce,2026-05-20 11:01:11,KT Rolster,Nongshim RedForce,1,0.5105218887329102
pooled_2023_2025,2026|Rounds 1-2|2026-05-21|BNK FEARX|Hanwha Life Esports,2026-05-21 08:06:57,BNK FEARX,Hanwha Life Esports,0,0.498836874961853
pooled_2023_2025,2026|Rounds 1-2|2026-05-21|Dplus Kia|HANJIN BRION,2026-05-21 10:22:05,Dplus Kia,HANJIN BRION,1,0.4833983778953552
pooled_2023_2025,2026|Rounds 1-2|2026-05-22|DN SOOPers|Kiwoom DRX,2026-05-22 08:06:39,DN SOOPers,Kiwoom DRX,0,0.465082585811615
pooled_2023_2025,2026|Rounds 1-2|2026-05-22|Gen.G|KT Rolster,2026-05-22 10:20:35,Gen.G,KT Rolster,1,0.5269023180007935
pooled_2023_2025,2026|Rounds 1-2|2026-05-23|BNK FEARX|Dplus Kia,2026-05-23 08:06:07,BNK FEARX,Dplus Kia,0,0.5051174163818359
pooled_2023_2025,2026|Rounds 1-2|2026-05-23|Hanwha Life Esports|Nongshim RedForce,2026-05-23 11:15:14,Hanwha Life Esports,Nongshim RedForce,1,0.5158265829086304
pooled_2023_2025,2026|Rounds 1-2|2026-05-24|DN SOOPers|Gen.G,2026-05-24 08:06:42,DN SOOPers,Gen.G,0,0.46348732709884644
pooled_2023_2025,2026|Rounds 1-2|2026-05-24|HANJIN BRION|T1,2026-05-24 10:10:10,HANJIN BRION,T1,0,0.4539172649383545
pooled_2023_2025,2026|Rounds 1-2|2026-05-27|Gen.G|Hanwha Life Esports,2026-05-27 08:06:37,Gen.G,Hanwha Life Esports,1,0.4990270733833313
pooled_2023_2025,2026|Rounds 1-2|2026-05-27|BNK FEARX|Kiwoom DRX,2026-05-27 11:17:26,BNK FEARX,Kiwoom DRX,1,0.46481600403785706
pooled_2023_2025,2026|Rounds 1-2|2026-05-28|DN SOOPers|Nongshim RedForce,2026-05-28 08:03:36,DN SOOPers,Nongshim RedForce,0,0.4875742197036743
pooled_2023_2025,2026|Rounds 1-2|2026-05-28|KT Rolster|T1,2026-05-28 11:03:41,KT Rolster,T1,0,0.4718620181083679
pooled_2023_2025,2026|Rounds 1-2|2026-05-29|Dplus Kia|Kiwoom DRX,2026-05-29 08:09:08,Dplus Kia,Kiwoom DRX,1,0.4730258584022522
pooled_2023_2025,2026|Rounds 1-2|2026-05-29|Gen.G|HANJIN BRION,2026-05-29 11:07:01,Gen.G,HANJIN BRION,1,0.5595203638076782
pooled_2023_2025,2026|Rounds 1-2|2026-05-30|DN SOOPers|KT Rolster,2026-05-30 08:05:58,DN SOOPers,KT Rolster,0,0.4880269169807434
pooled_2023_2025,2026|Rounds 1-2|2026-05-30|BNK FEARX|T1,2026-05-30 10:20:58,BNK FEARX,T1,0,0.4574562907218933
pooled_2023_2025,2026|Rounds 1-2|2026-05-31|HANJIN BRION|Hanwha Life Esports,2026-05-31 08:06:48,HANJIN BRION,Hanwha Life Esports,0,0.46457159519195557
pooled_2023_2025,2026|Rounds 1-2|2026-05-31|Dplus Kia|Nongshim RedForce,2026-05-31 10:17:32,Dplus Kia,Nongshim RedForce,1,0.5112012624740601
pooled_2023_2025,2026|Rounds 1-2|2026-06-06|Dplus Kia|HANJIN BRION,2026-06-06 08:12:31,Dplus Kia,HANJIN BRION,1,0.5703575015068054
pooled_2023_2025,2026|Rounds 1-2|2026-06-07|Dplus Kia|KT Rolster,2026-06-07 08:09:33,Dplus Kia,KT Rolster,0,0.5677571296691895
pooled_2023_2025,2026|Rounds 1-2|2026-06-12|Hanwha Life Esports|T1,2026-06-12 08:25:00,Hanwha Life Esports,T1,1,0.45231369137763977
pooled_2023_2025,2026|Rounds 1-2|2026-06-13|Gen.G|KT Rolster,2026-06-13 06:22:36,Gen.G,KT Rolster,1,0.5696312189102173
pooled_2023_2025,2026|Rounds 1-2|2026-06-14|Gen.G|T1,2026-06-14 06:27:21,Gen.G,T1,0,0.5433189868927002
pooled_2023_2025,2026|Rounds 3-4|2026-07-29|Kiwoom DRX|Nongshim RedForce,2026-07-29 08:05:41,Kiwoom DRX,Nongshim RedForce,0,0.5084813833236694
pooled_2023_2025,2026|Rounds 3-4|2026-07-29|KT Rolster|T1,2026-07-29 10:14:12,KT Rolster,T1,1,0.4976435899734497
pooled_2023_2025,2026|Rounds 3-4|2026-07-30|BNK FEARX|DN SOOPers,2026-07-30 08:07:12,BNK FEARX,DN SOOPers,1,0.5032145977020264
pooled_2023_2025,2026|Rounds 3-4|2026-07-30|Dplus Kia|Hanwha Life Esports,2026-07-30 10:17:39,Dplus Kia,Hanwha Life Esports,1,0.48198533058166504
pooled_2023_2025,2026|Rounds 3-4|2026-07-31|Gen.G|T1,2026-07-31 08:15:35,Gen.G,T1,0,0.5159796476364136
pooled_2023_2025,2026|Rounds 3-4|2026-07-31|HANJIN BRION|Kiwoom DRX,2026-07-31 10:28:31,HANJIN BRION,Kiwoom DRX,0,0.4879845380783081
pooled_2023_2025,2026|Rounds 3-4|2026-08-01|BNK FEARX|Nongshim RedForce,2026-08-01 08:05:28,BNK FEARX,Nongshim RedForce,0,0.4951402544975281
pooled_2023_2025,2026|Rounds 3-4|2026-08-02|DN SOOPers|HANJIN BRION,2026-08-02 08:07:10,DN SOOPers,HANJIN BRION,1,0.5090895891189575
pooled_2023_2025,2026|Rounds 3-4|2026-08-02|Hanwha Life Esports|KT Rolster,2026-08-02 11:27:57,Hanwha Life Esports,KT Rolster,0,0.512586236000061
pooled_2023_2025,2026|Rounds 3-4|2026-08-05|HANJIN BRION|Nongshim RedForce,2026-08-05 08:04:53,HANJIN BRION,Nongshim RedForce,1,0.4351966977119446
pooled_2023_2025,2026|Rounds 3-4|2026-08-05|Gen.G|Hanwha Life Esports,2026-08-05 11:19:04,Gen.G,Hanwha Life Esports,1,0.49206429719924927
pooled_2023_2025,2026|Rounds 3-4|2026-08-06|DN SOOPers|Kiwoom DRX,2026-08-06 08:07:39,DN SOOPers,Kiwoom DRX,0,0.495255708694458
pooled_2023_2025,2026|Rounds 3-4|2026-08-06|Dplus Kia|T1,2026-08-06 10:15:34,Dplus Kia,T1,0,0.49403226375579834
pooled_2023_2025,2026|Rounds 3-4|2026-08-07|Gen.G|KT Rolster,2026-08-07 08:07:40,Gen.G,KT Rolster,1,0.4791888892650604
pooled_2023_2025,2026|Rounds 3-4|2026-08-07|BNK FEARX|HANJIN BRION,2026-08-07 10:11:30,BNK FEARX,HANJIN BRION,0,0.5051522850990295
pooled_2023_2025,2026|Rounds 3-4|2026-08-08|Hanwha Life Esports|T1,2026-08-08 08:08:11,Hanwha Life Esports,T1,1,0.4866805076599121
pooled_2023_2025,2026|Rounds 3-4|2026-08-08|DN SOOPers|Nongshim RedForce,2026-08-08 11:16:34,DN SOOPers,Nongshim RedForce,1,0.49300217628479004
pooled_2023_2025,2026|Rounds 3-4|2026-08-09|Dplus Kia|KT Rolster,2026-08-09 08:07:07,Dplus Kia,KT Rolster,1,0.49163395166397095
pooled_2023_2025,2026|Rounds 3-4|2026-08-09|BNK FEARX|Kiwoom DRX,2026-08-09 11:01:09,BNK FEARX,Kiwoom DRX,1,0.4540390372276306
pooled_2023_2025,2026|Rounds 3-4|2026-08-12|DN SOOPers|Nongshim RedForce,2026-08-12 08:07:18,DN SOOPers,Nongshim RedForce,1,0.4915529191493988
pooled_2023_2025,2026|Rounds 3-4|2026-08-12|Dplus Kia|KT Rolster,2026-08-12 11:02:08,Dplus Kia,KT Rolster,1,0.5077913403511047
pooled_2023_2025,2026|Rounds 3-4|2026-08-13|BNK FEARX|Kiwoom DRX,2026-08-13 08:06:50,BNK FEARX,Kiwoom DRX,1,0.47147226333618164
pooled_2023_2025,2026|Rounds 3-4|2026-08-13|Gen.G|Hanwha Life Esports,2026-08-13 11:04:48,Gen.G,Hanwha Life Esports,1,0.5267758965492249
pooled_2023_2025,2026|Rounds 3-4|2026-08-14|Dplus Kia|T1,2026-08-14 08:08:00,Dplus Kia,T1,1,0.52092444896698
pooled_2023_2025,2026|Rounds 3-4|2026-08-14|HANJIN BRION|Nongshim RedForce,2026-08-14 11:28:48,HANJIN BRION,Nongshim RedForce,0,0.5195624828338623
pooled_2023_2025,2026|Rounds 3-4|2026-08-15|Hanwha Life Esports|KT Rolster,2026-08-15 08:08:03,Hanwha Life Esports,KT Rolster,1,0.5089477300643921
pooled_2023_2025,2026|Rounds 3-4|2026-08-15|BNK FEARX|DN SOOPers,2026-08-15 11:08:43,BNK FEARX,DN SOOPers,0,0.5134742259979248
pooled_2023_2025,2026|Rounds 3-4|2026-08-16|Gen.G|T1,2026-08-16 08:07:26,Gen.G,T1,1,0.5419937968254089
pooled_2023_2025,2026|Rounds 3-4|2026-08-16|HANJIN BRION|Kiwoom DRX,2026-08-16 10:44:01,HANJIN BRION,Kiwoom DRX,1,0.5242875814437866
pooled_2023_2025,2026|Rounds 3-4|2026-08-19|Gen.G|KT Rolster,2026-08-19 08:05:49,Gen.G,KT Rolster,1,0.5528562068939209
pooled_2023_2025,2026|Rounds 3-4|2026-08-19|DN SOOPers|HANJIN BRION,2026-08-19 11:22:14,DN SOOPers,HANJIN BRION,0,0.5265771150588989
pooled_2023_2025,2026|Rounds 3-4|2026-08-20|Dplus Kia|Hanwha Life Esports,2026-08-20 08:07:41,Dplus Kia,Hanwha Life Esports,0,0.5096732378005981
pooled_2023_2025,2026|Rounds 3-4|2026-08-20|Kiwoom DRX|Nongshim RedForce,2026-08-20 10:33:18,Kiwoom DRX,Nongshim RedForce,0,0.45248621702194214
pooled_2023_2025,2026|Rounds 3-4|2026-08-21|BNK FEARX|HANJIN BRION,2026-08-21 08:07:26,BNK FEARX,HANJIN BRION,1,0.47232359647750854
pooled_2023_2025,2026|Rounds 3-4|2026-08-21|KT Rolster|T1,2026-08-21 11:24:11,KT Rolster,T1,0,0.5027428865432739
pooled_2023_2025,2026|Rounds 3-4|2026-08-22|Dplus Kia|Gen.G,2026-08-22 08:08:17,Dplus Kia,Gen.G,1,0.47697046399116516
pooled_2023_2025,2026|Rounds 3-4|2026-08-22|DN SOOPers|Kiwoom DRX,2026-08-22 11:31:02,DN SOOPers,Kiwoom DRX,1,0.5131517648696899
pooled_2023_2025,2026|Rounds 3-4|2026-08-23|Hanwha Life Esports|T1,2026-08-23 08:07:42,Hanwha Life Esports,T1,1,0.526337742805481
pooled_2023_2025,2026|Rounds 3-4|2026-08-23|BNK FEARX|Nongshim RedForce,2026-08-23 10:20:23,BNK FEARX,Nongshim RedForce,0,0.47485214471817017
pooled_2023_2025,2026|Rounds 3-4|2026-08-26|HANJIN BRION|KT Rolster,2026-08-26 08:08:21,HANJIN BRION,KT Rolster,0,0.5117104053497314
pooled_2023_2025,2026|Rounds 3-4|2026-08-27|BNK FEARX|Nongshim RedForce,2026-08-27 08:07:15,BNK FEARX,Nongshim RedForce,1,0.45392999053001404
pooled_2023_2025,2026|Rounds 3-4|2026-08-28|BNK FEARX|HANJIN BRION,2026-08-28 08:06:46,BNK FEARX,HANJIN BRION,1,0.5095559358596802
pooled_2023_2025,2026|Rounds 3-4|2026-08-29|BNK FEARX|T1,2026-08-29 08:07:39,BNK FEARX,T1,0,0.5319438576698303
pooled_2023_2025,2026|Rounds 3-4|2026-08-30|Dplus Kia|KT Rolster,2026-08-30 08:10:04,Dplus Kia,KT Rolster,0,0.47671496868133545
pooled_2023_2025,2026|Rounds 3-4|2026-09-01|Gen.G|KT Rolster,2026-09-01 08:11:13,Gen.G,KT Rolster,1,0.4607779383659363
pooled_2023_2025,2026|Rounds 3-4|2026-09-02|Hanwha Life Esports|T1,2026-09-02 08:11:08,Hanwha Life Esports,T1,1,0.5383727550506592
pooled_2023_2025,2026|Rounds 3-4|2026-09-03|BNK FEARX|Dplus Kia,2026-09-03 08:07:55,BNK FEARX,Dplus Kia,0,0.46489372849464417
pooled_2023_2025,2026|Rounds 3-4|2026-09-04|Dplus Kia|KT Rolster,2026-09-04 08:07:52,Dplus Kia,KT Rolster,1,0.5188395380973816
pooled_2023_2025,2026|Rounds 3-4|2026-09-05|Gen.G|Hanwha Life Esports,2026-09-05 08:08:15,Gen.G,Hanwha Life Esports,1,0.49367982149124146
pooled_2023_2025,2026|Rounds 3-4|2026-09-06|Dplus Kia|T1,2026-09-06 08:09:36,Dplus Kia,T1,0,0.5543990135192871
pooled_2023_2025,2026|Rounds 3-4|2026-09-12|Hanwha Life Esports|T1,2026-09-12 05:21:16,Hanwha Life Esports,T1,1,0.4910326302051544
pooled_2025_scaler,2026|Cup|2026-01-14|DN SOOPers|KT Rolster,2026-01-14 08:13:43,DN SOOPers,KT Rolster,0,0.49595510959625244
pooled_2025_scaler,2026|Cup|2026-01-14|Dplus Kia|HANJIN BRION,2026-01-14 11:22:18,Dplus Kia,HANJIN BRION,1,0.5076638460159302
pooled_2025_scaler,2026|Cup|2026-01-15|Gen.G|Kiwoom DRX,2026-01-15 08:05:23,Gen.G,Kiwoom DRX,1,0.5711629986763
pooled_2025_scaler,2026|Cup|2026-01-15|BNK FEARX|Nongshim RedForce,2026-01-15 10:15:24,BNK FEARX,Nongshim RedForce,1,0.49849241971969604
pooled_2025_scaler,2026|Cup|2026-01-16|DN SOOPers|Dplus Kia,2026-01-16 08:05:40,DN SOOPers,Dplus Kia,0,0.47601962089538574
pooled_2025_scaler,2026|Cup|2026-01-16|Hanwha Life Esports|T1,2026-01-16 10:08:16,Hanwha Life Esports,T1,0,0.5266602039337158
pooled_2025_scaler,2026|Cup|2026-01-17|BNK FEARX|HANJIN BRION,2026-01-17 08:05:53,BNK FEARX,HANJIN BRION,1,0.5416977405548096
pooled_2025_scaler,2026|Cup|2026-01-17|Gen.G|KT Rolster,2026-01-17 11:10:45,Gen.G,KT Rolster,1,0.5614103078842163
pooled_2025_scaler,2026|Cup|2026-01-18|Hanwha Life Esports|Nongshim RedForce,2026-01-18 08:05:24,Hanwha Life Esports,Nongshim RedForce,0,0.5117615461349487
pooled_2025_scaler,2026|Cup|2026-01-18|Kiwoom DRX|T1,2026-01-18 10:20:18,Kiwoom DRX,T1,0,0.4651370346546173
pooled_2025_scaler,2026|Cup|2026-01-21|Dplus Kia|Nongshim RedForce,2026-01-21 08:05:24,Dplus Kia,Nongshim RedForce,1,0.5426124334335327
pooled_2025_scaler,2026|Cup|2026-01-21|DN SOOPers|Kiwoom DRX,2026-01-21 11:14:52,DN SOOPers,Kiwoom DRX,1,0.49597835540771484
pooled_2025_scaler,2026|Cup|2026-01-22|HANJIN BRION|Hanwha Life Esports,2026-01-22 08:05:25,HANJIN BRION,Hanwha Life Esports,0,0.5019363164901733
pooled_2025_scaler,2026|Cup|2026-01-22|BNK FEARX|Gen.G,2026-01-22 11:14:53,BNK FEARX,Gen.G,0,0.44305428862571716
pooled_2025_scaler,2026|Cup|2026-01-23|KT Rolster|T1,2026-01-23 08:04:55,KT Rolster,T1,0,0.44312167167663574
pooled_2025_scaler,2026|Cup|2026-01-23|Kiwoom DRX|Nongshim RedForce,2026-01-23 10:33:19,Kiwoom DRX,Nongshim RedForce,1,0.48710423707962036
pooled_2025_scaler,2026|Cup|2026-01-24|DN SOOPers|Hanwha Life Esports,2026-01-24 08:04:56,DN SOOPers,Hanwha Life Esports,0,0.49099916219711304
pooled_2025_scaler,2026|Cup|2026-01-24|Dplus Kia|Gen.G,2026-01-24 11:24:48,Dplus Kia,Gen.G,0,0.45255985856056213
pooled_2025_scaler,2026|Cup|2026-01-25|BNK FEARX|T1,2026-01-25 08:05:39,BNK FEARX,T1,0,0.4848766326904297
pooled_2025_scaler,2026|Cup|2026-01-25|HANJIN BRION|KT Rolster,2026-01-25 11:28:02,HANJIN BRION,KT Rolster,0,0.5156049132347107
pooled_2025_scaler,2026|Cup|2026-01-28|HANJIN BRION|Kiwoom DRX,2026-01-28 08:04:54,HANJIN BRION,Kiwoom DRX,0,0.5099806785583496
pooled_2025_scaler,2026|Cup|2026-01-29|BNK FEARX|DN SOOPers,2026-01-29 08:07:19,BNK FEARX,DN SOOPers,1,0.4742111563682556
pooled_2025_scaler,2026|Cup|2026-01-30|KT Rolster|Nongshim RedForce,2026-01-30 08:05:48,KT Rolster,Nongshim RedForce,0,0.4810376763343811
pooled_2025_scaler,2026|Cup|2026-01-31|Dplus Kia|T1,2026-01-31 08:17:53,Dplus Kia,T1,0,0.47434067726135254
pooled_2025_scaler,2026|Cup|2026-02-01|Gen.G|Hanwha Life Esports,2026-02-01 08:08:08,Gen.G,Hanwha Life Esports,1,0.5557551383972168
pooled_2025_scaler,2026|Cup|2026-02-06|HANJIN BRION|Kiwoom DRX,2026-02-06 08:05:10,HANJIN BRION,Kiwoom DRX,0,0.48748987913131714
pooled_2025_scaler,2026|Cup|2026-02-06|DN SOOPers|KT Rolster,2026-02-06 10:59:51,DN SOOPers,KT Rolster,1,0.49090254306793213
pooled_2025_scaler,2026|Cup|2026-02-07|Dplus Kia|Kiwoom DRX,2026-02-07 08:07:00,Dplus Kia,Kiwoom DRX,1,0.42744868993759155
pooled_2025_scaler,2026|Cup|2026-02-07|DN SOOPers|Nongshim RedForce,2026-02-07 10:09:22,DN SOOPers,Nongshim RedForce,1,0.49052250385284424
pooled_2025_scaler,2026|Cup|2026-02-08|Kiwoom DRX|Nongshim RedForce,2026-02-08 08:06:06,Kiwoom DRX,Nongshim RedForce,1,0.4515784680843353
pooled_2025_scaler,2026|Cup|2026-02-12|BNK FEARX|DN SOOPers,2026-02-12 08:04:05,BNK FEARX,DN SOOPers,1,0.497924268245697
pooled_2025_scaler,2026|Cup|2026-02-13|Dplus Kia|Kiwoom DRX,2026-02-13 08:06:47,Dplus Kia,Kiwoom DRX,1,0.5351598262786865
pooled_2025_scaler,2026|Cup|2026-02-14|Dplus Kia|Gen.G,2026-02-14 08:07:25,Dplus Kia,Gen.G,0,0.4797583818435669
pooled_2025_scaler,2026|Cup|2026-02-15|BNK FEARX|T1,2026-02-15 08:05:24,BNK FEARX,T1,1,0.5192420482635498
pooled_2025_scaler,2026|Cup|2026-02-19|DN SOOPers|Kiwoom DRX,2026-02-19 08:06:05,DN SOOPers,Kiwoom DRX,1,0.5193677544593811
pooled_2025_scaler,2026|Cup|2026-02-20|DN SOOPers|Dplus Kia,2026-02-20 08:06:25,DN SOOPers,Dplus Kia,0,0.5368238687515259
pooled_2025_scaler,2026|Cup|2026-02-21|BNK FEARX|Gen.G,2026-02-21 08:08:52,BNK FEARX,Gen.G,0,0.5191435217857361
pooled_2025_scaler,2026|Cup|2026-02-22|Dplus Kia|T1,2026-02-22 08:08:41,Dplus Kia,T1,1,0.5262969732284546
pooled_2025_scaler,2026|Cup|2026-02-28|BNK FEARX|Dplus Kia,2026-02-28 08:23:00,BNK FEARX,Dplus Kia,1,0.5036591291427612
pooled_2025_scaler,2026|Cup|2026-03-01|BNK FEARX|Gen.G,2026-03-01 08:22:46,BNK FEARX,Gen.G,0,0.5000805854797363
pooled_2025_scaler,2026|Rounds 1-2|2026-04-01|HANJIN BRION|Hanwha Life Esports,2026-04-01 08:11:43,HANJIN BRION,Hanwha Life Esports,0,0.4877547025680542
pooled_2025_scaler,2026|Rounds 1-2|2026-04-01|KT Rolster|T1,2026-04-01 10:23:34,KT Rolster,T1,1,0.5026450157165527
pooled_2025_scaler,2026|Rounds 1-2|2026-04-02|Dplus Kia|Nongshim RedForce,2026-04-02 08:08:29,Dplus Kia,Nongshim RedForce,0,0.500128984451294
pooled_2025_scaler,2026|Rounds 1-2|2026-04-02|DN SOOPers|Kiwoom DRX,2026-04-02 10:15:16,DN SOOPers,Kiwoom DRX,1,0.5123060941696167
pooled_2025_scaler,2026|Rounds 1-2|2026-04-03|Gen.G|KT Rolster,2026-04-03 08:10:24,Gen.G,KT Rolster,0,0.5515450239181519
pooled_2025_scaler,2026|Rounds 1-2|2026-04-03|BNK FEARX|HANJIN BRION,2026-04-03 11:10:37,BNK FEARX,HANJIN BRION,0,0.5089248418807983
pooled_2025_scaler,2026|Rounds 1-2|2026-04-04|Hanwha Life Esports|T1,2026-04-04 08:08:38,Hanwha Life Esports,T1,0,0.5199642777442932
pooled_2025_scaler,2026|Rounds 1-2|2026-04-04|Dplus Kia|Kiwoom DRX,2026-04-04 10:30:33,Dplus Kia,Kiwoom DRX,1,0.4952546954154968
pooled_2025_scaler,2026|Rounds 1-2|2026-04-05|DN SOOPers|Nongshim RedForce,2026-04-05 08:10:33,DN SOOPers,Nongshim RedForce,0,0.48073846101760864
pooled_2025_scaler,2026|Rounds 1-2|2026-04-05|BNK FEARX|Gen.G,2026-04-05 10:22:53,BNK FEARX,Gen.G,0,0.4697740077972412
pooled_2025_scaler,2026|Rounds 1-2|2026-04-08|Dplus Kia|Hanwha Life Esports,2026-04-08 08:06:29,Dplus Kia,Hanwha Life Esports,0,0.48238974809646606
pooled_2025_scaler,2026|Rounds 1-2|2026-04-08|Gen.G|T1,2026-04-08 10:19:02,Gen.G,T1,1,0.5369205474853516
pooled_2025_scaler,2026|Rounds 1-2|2026-04-09|HANJIN BRION|Kiwoom DRX,2026-04-09 08:06:21,HANJIN BRION,Kiwoom DRX,0,0.5200120210647583
pooled_2025_scaler,2026|Rounds 1-2|2026-04-09|KT Rolster|Nongshim RedForce,2026-04-09 11:25:00,KT Rolster,Nongshim RedForce,1,0.45689958333969116
pooled_2025_scaler,2026|Rounds 1-2|2026-04-10|DN SOOPers|T1,2026-04-10 08:09:34,DN SOOPers,T1,0,0.5116525888442993
pooled_2025_scaler,2026|Rounds 1-2|2026-04-10|BNK FEARX|Hanwha Life Esports,2026-04-10 10:10:47,BNK FEARX,Hanwha Life Esports,0,0.45400166511535645
pooled_2025_scaler,2026|Rounds 1-2|2026-04-11|Kiwoom DRX|Nongshim RedForce,2026-04-11 08:06:17,Kiwoom DRX,Nongshim RedForce,1,0.4487336277961731
pooled_2025_scaler,2026|Rounds 1-2|2026-04-11|Dplus Kia|Gen.G,2026-04-11 10:14:53,Dplus Kia,Gen.G,1,0.42883923649787903
pooled_2025_scaler,2026|Rounds 1-2|2026-04-12|BNK FEARX|DN SOOPers,2026-04-12 08:05:05,BNK FEARX,DN SOOPers,1,0.4880526065826416
pooled_2025_scaler,2026|Rounds 1-2|2026-04-12|HANJIN BRION|KT Rolster,2026-04-12 10:09:24,HANJIN BRION,KT Rolster,0,0.49974775314331055
pooled_2025_scaler,2026|Rounds 1-2|2026-04-15|BNK FEARX|Nongshim RedForce,2026-04-15 08:04:27,BNK FEARX,Nongshim RedForce,0,0.5446786284446716
pooled_2025_scaler,2026|Rounds 1-2|2026-04-15|Dplus Kia|KT Rolster,2026-04-15 10:10:22,Dplus Kia,KT Rolster,0,0.4302007257938385
pooled_2025_scaler,2026|Rounds 1-2|2026-04-16|Gen.G|HANJIN BRION,2026-04-16 08:07:45,Gen.G,HANJIN BRION,1,0.5434158444404602
pooled_2025_scaler,2026|Rounds 1-2|2026-04-16|DN SOOPers|Hanwha Life Esports,2026-04-16 10:19:53,DN SOOPers,Hanwha Life Esports,0,0.43353718519210815
pooled_2025_scaler,2026|Rounds 1-2|2026-04-17|BNK FEARX|Kiwoom DRX,2026-04-17 08:09:20,BNK FEARX,Kiwoom DRX,1,0.456875741481781
pooled_2025_scaler,2026|Rounds 1-2|2026-04-17|Dplus Kia|T1,2026-04-17 10:18:08,Dplus Kia,T1,1,0.4919365644454956
pooled_2025_scaler,2026|Rounds 1-2|2026-04-18|Gen.G|Hanwha Life Esports,2026-04-18 08:07:24,Gen.G,Hanwha Life Esports,0,0.48493269085884094
pooled_2025_scaler,2026|Rounds 1-2|2026-04-18|DN SOOPers|KT Rolster,2026-04-18 10:19:42,DN SOOPers,KT Rolster,0,0.42899394035339355
pooled_2025_scaler,2026|Rounds 1-2|2026-04-19|HANJIN BRION|Nongshim RedForce,2026-04-19 08:06:04,HANJIN BRION,Nongshim RedForce,0,0.47151505947113037
pooled_2025_scaler,2026|Rounds 1-2|2026-04-19|Kiwoom DRX|T1,2026-04-19 11:23:50,Kiwoom DRX,T1,0,0.4906642436981201
pooled_2025_scaler,2026|Rounds 1-2|2026-04-22|KT Rolster|Kiwoom DRX,2026-04-22 08:04:37,KT Rolster,Kiwoom DRX,1,0.5517817139625549
pooled_2025_scaler,2026|Rounds 1-2|2026-04-22|Hanwha Life Esports|Nongshim RedForce,2026-04-22 10:16:00,Hanwha Life Esports,Nongshim RedForce,1,0.5553171634674072
pooled_2025_scaler,2026|Rounds 1-2|2026-04-23|Dplus Kia|HANJIN BRION,2026-04-23 08:05:27,Dplus Kia,HANJIN BRION,1,0.5061383247375488
pooled_2025_scaler,2026|Rounds 1-2|2026-04-23|DN SOOPers|Gen.G,2026-04-23 10:15:14,DN SOOPers,Gen.G,0,0.482802152633667
pooled_2025_scaler,2026|Rounds 1-2|2026-04-24|BNK FEARX|KT Rolster,2026-04-24 08:07:08,BNK FEARX,KT Rolster,0,0.43546348810195923
pooled_2025_scaler,2026|Rounds 1-2|2026-04-24|Hanwha Life Esports|Kiwoom DRX,2026-04-24 10:32:53,Hanwha Life Esports,Kiwoom DRX,1,0.5703182220458984
pooled_2025_scaler,2026|Rounds 1-2|2026-04-25|HANJIN BRION|T1,2026-04-25 08:07:29,HANJIN BRION,T1,0,0.4738917052745819
pooled_2025_scaler,2026|Rounds 1-2|2026-04-25|DN SOOPers|Dplus Kia,2026-04-25 10:52:42,DN SOOPers,Dplus Kia,0,0.4473887085914612
pooled_2025_scaler,2026|Rounds 1-2|2026-04-26|BNK FEARX|T1,2026-04-26 08:06:17,BNK FEARX,T1,0,0.45536568760871887
pooled_2025_scaler,2026|Rounds 1-2|2026-04-26|Gen.G|Nongshim RedForce,2026-04-26 10:15:14,Gen.G,Nongshim RedForce,1,0.5191321969032288
pooled_2025_scaler,2026|Rounds 1-2|2026-04-29|Nongshim RedForce|T1,2026-04-29 08:05:12,Nongshim RedForce,T1,0,0.45427078008651733
pooled_2025_scaler,2026|Rounds 1-2|2026-04-29|Hanwha Life Esports|KT Rolster,2026-04-29 10:15:19,Hanwha Life Esports,KT Rolster,1,0.45916488766670227
pooled_2025_scaler,2026|Rounds 1-2|2026-04-30|Gen.G|Kiwoom DRX,2026-04-30 08:06:44,Gen.G,Kiwoom DRX,1,0.5762186050415039
pooled_2025_scaler,2026|Rounds 1-2|2026-04-30|BNK FEARX|Dplus Kia,2026-04-30 11:13:48,BNK FEARX,Dplus Kia,0,0.44289731979370117
pooled_2025_scaler,2026|Rounds 1-2|2026-05-01|DN SOOPers|HANJIN BRION,2026-05-01 08:06:11,DN SOOPers,HANJIN BRION,0,0.49494943022727966
pooled_2025_scaler,2026|Rounds 1-2|2026-05-01|Hanwha Life Esports|T1,2026-05-01 10:22:34,Hanwha Life Esports,T1,1,0.49099451303482056
pooled_2025_scaler,2026|Rounds 1-2|2026-05-02|Dplus Kia|Gen.G,2026-05-02 08:06:29,Dplus Kia,Gen.G,0,0.488330602645874
pooled_2025_scaler,2026|Rounds 1-2|2026-05-02|Kiwoom DRX|Nongshim RedForce,2026-05-02 11:03:54,Kiwoom DRX,Nongshim RedForce,1,0.5099068880081177
pooled_2025_scaler,2026|Rounds 1-2|2026-05-03|HANJIN BRION|KT Rolster,2026-05-03 08:05:43,HANJIN BRION,KT Rolster,1,0.4842084050178528
pooled_2025_scaler,2026|Rounds 1-2|2026-05-03|BNK FEARX|DN SOOPers,2026-05-03 10:24:27,BNK FEARX,DN SOOPers,1,0.5028733015060425
pooled_2025_scaler,2026|Rounds 1-2|2026-05-06|Gen.G|Nongshim RedForce,2026-05-06 08:06:15,Gen.G,Nongshim RedForce,1,0.5410870313644409
pooled_2025_scaler,2026|Rounds 1-2|2026-05-06|DN SOOPers|Hanwha Life Esports,2026-05-06 10:34:43,DN SOOPers,Hanwha Life Esports,0,0.4329336881637573
pooled_2025_scaler,2026|Rounds 1-2|2026-05-07|Dplus Kia|KT Rolster,2026-05-07 08:07:34,Dplus Kia,KT Rolster,0,0.5033501386642456
pooled_2025_scaler,2026|Rounds 1-2|2026-05-07|BNK FEARX|HANJIN BRION,2026-05-07 10:30:17,BNK FEARX,HANJIN BRION,0,0.46061021089553833
pooled_2025_scaler,2026|Rounds 1-2|2026-05-08|DN SOOPers|T1,2026-05-08 08:05:48,DN SOOPers,T1,0,0.4591667652130127
pooled_2025_scaler,2026|Rounds 1-2|2026-05-08|Gen.G|Kiwoom DRX,2026-05-08 10:40:52,Gen.G,Kiwoom DRX,1,0.5011473894119263
pooled_2025_scaler,2026|Rounds 1-2|2026-05-09|BNK FEARX|KT Rolster,2026-05-09 08:06:41,BNK FEARX,KT Rolster,1,0.5003107786178589
pooled_2025_scaler,2026|Rounds 1-2|2026-05-09|HANJIN BRION|Nongshim RedForce,2026-05-09 10:15:45,HANJIN BRION,Nongshim RedForce,1,0.5574774742126465
pooled_2025_scaler,2026|Rounds 1-2|2026-05-10|Dplus Kia|T1,2026-05-10 08:09:29,Dplus Kia,T1,0,0.4714784026145935
pooled_2025_scaler,2026|Rounds 1-2|2026-05-10|Hanwha Life Esports|Kiwoom DRX,2026-05-10 10:31:52,Hanwha Life Esports,Kiwoom DRX,1,0.5326176881790161
pooled_2025_scaler,2026|Rounds 1-2|2026-05-13|Nongshim RedForce|T1,2026-05-13 08:06:21,Nongshim RedForce,T1,0,0.45799022912979126
pooled_2025_scaler,2026|Rounds 1-2|2026-05-13|DN SOOPers|Dplus Kia,2026-05-13 10:12:11,DN SOOPers,Dplus Kia,0,0.4889390468597412
pooled_2025_scaler,2026|Rounds 1-2|2026-05-14|BNK FEARX|Gen.G,2026-05-14 08:07:03,BNK FEARX,Gen.G,0,0.47107458114624023
pooled_2025_scaler,2026|Rounds 1-2|2026-05-14|KT Rolster|Kiwoom DRX,2026-05-14 10:15:56,KT Rolster,Kiwoom DRX,1,0.5146892666816711
pooled_2025_scaler,2026|Rounds 1-2|2026-05-15|Dplus Kia|Hanwha Life Esports,2026-05-15 08:07:51,Dplus Kia,Hanwha Life Esports,0,0.48154550790786743
pooled_2025_scaler,2026|Rounds 1-2|2026-05-15|DN SOOPers|HANJIN BRION,2026-05-15 10:22:39,DN SOOPers,HANJIN BRION,0,0.4443362057209015
pooled_2025_scaler,2026|Rounds 1-2|2026-05-16|Gen.G|T1,2026-05-16 08:05:55,Gen.G,T1,0,0.5197615623474121
pooled_2025_scaler,2026|Rounds 1-2|2026-05-16|BNK FEARX|Nongshim RedForce,2026-05-16 11:30:05,BNK FEARX,Nongshim RedForce,1,0.533725380897522
pooled_2025_scaler,2026|Rounds 1-2|2026-05-17|Hanwha Life Esports|KT Rolster,2026-05-17 08:05:58,Hanwha Life Esports,KT Rolster,0,0.5439565181732178
pooled_2025_scaler,2026|Rounds 1-2|2026-05-17|HANJIN BRION|Kiwoom DRX,2026-05-17 11:06:33,HANJIN BRION,Kiwoom DRX,0,0.5692154169082642
pooled_2025_scaler,2026|Rounds 1-2|2026-05-20|Kiwoom DRX|T1,2026-05-20 08:05:29,Kiwoom DRX,T1,0,0.47469770908355713
pooled_2025_scaler,2026|Rounds 1-2|2026-05-20|KT Rolster|Nongshim RedForce,2026-05-20 11:01:11,KT Rolster,Nongshim RedForce,1,0.5176750421524048
pooled_2025_scaler,2026|Rounds 1-2|2026-05-21|BNK FEARX|Hanwha Life Esports,2026-05-21 08:06:57,BNK FEARX,Hanwha Life Esports,0,0.5052017569541931
pooled_2025_scaler,2026|Rounds 1-2|2026-05-21|Dplus Kia|HANJIN BRION,2026-05-21 10:22:05,Dplus Kia,HANJIN BRION,1,0.4849614202976227
pooled_2025_scaler,2026|Rounds 1-2|2026-05-22|DN SOOPers|Kiwoom DRX,2026-05-22 08:06:39,DN SOOPers,Kiwoom DRX,0,0.4594264030456543
pooled_2025_scaler,2026|Rounds 1-2|2026-05-22|Gen.G|KT Rolster,2026-05-22 10:20:35,Gen.G,KT Rolster,1,0.5246855020523071
pooled_2025_scaler,2026|Rounds 1-2|2026-05-23|BNK FEARX|Dplus Kia,2026-05-23 08:06:07,BNK FEARX,Dplus Kia,0,0.5058056116104126
pooled_2025_scaler,2026|Rounds 1-2|2026-05-23|Hanwha Life Esports|Nongshim RedForce,2026-05-23 11:15:14,Hanwha Life Esports,Nongshim RedForce,1,0.5191169381141663
pooled_2025_scaler,2026|Rounds 1-2|2026-05-24|DN SOOPers|Gen.G,2026-05-24 08:06:42,DN SOOPers,Gen.G,0,0.45975011587142944
pooled_2025_scaler,2026|Rounds 1-2|2026-05-24|HANJIN BRION|T1,2026-05-24 10:10:10,HANJIN BRION,T1,0,0.4406065344810486
pooled_2025_scaler,2026|Rounds 1-2|2026-05-27|Gen.G|Hanwha Life Esports,2026-05-27 08:06:37,Gen.G,Hanwha Life Esports,1,0.4999088943004608
pooled_2025_scaler,2026|Rounds 1-2|2026-05-27|BNK FEARX|Kiwoom DRX,2026-05-27 11:17:26,BNK FEARX,Kiwoom DRX,1,0.4580613970756531
pooled_2025_scaler,2026|Rounds 1-2|2026-05-28|DN SOOPers|Nongshim RedForce,2026-05-28 08:03:36,DN SOOPers,Nongshim RedForce,0,0.4846832752227783
pooled_2025_scaler,2026|Rounds 1-2|2026-05-28|KT Rolster|T1,2026-05-28 11:03:41,KT Rolster,T1,0,0.4610094428062439
pooled_2025_scaler,2026|Rounds 1-2|2026-05-29|Dplus Kia|Kiwoom DRX,2026-05-29 08:09:08,Dplus Kia,Kiwoom DRX,1,0.4715837836265564
pooled_2025_scaler,2026|Rounds 1-2|2026-05-29|Gen.G|HANJIN BRION,2026-05-29 11:07:01,Gen.G,HANJIN BRION,1,0.5778902173042297
pooled_2025_scaler,2026|Rounds 1-2|2026-05-30|DN SOOPers|KT Rolster,2026-05-30 08:05:58,DN SOOPers,KT Rolster,0,0.4939582943916321
pooled_2025_scaler,2026|Rounds 1-2|2026-05-30|BNK FEARX|T1,2026-05-30 10:20:58,BNK FEARX,T1,0,0.4558989405632019
pooled_2025_scaler,2026|Rounds 1-2|2026-05-31|HANJIN BRION|Hanwha Life Esports,2026-05-31 08:06:48,HANJIN BRION,Hanwha Life Esports,0,0.45530563592910767
pooled_2025_scaler,2026|Rounds 1-2|2026-05-31|Dplus Kia|Nongshim RedForce,2026-05-31 10:17:32,Dplus Kia,Nongshim RedForce,1,0.5141619443893433
pooled_2025_scaler,2026|Rounds 1-2|2026-06-06|Dplus Kia|HANJIN BRION,2026-06-06 08:12:31,Dplus Kia,HANJIN BRION,1,0.5844990015029907
pooled_2025_scaler,2026|Rounds 1-2|2026-06-07|Dplus Kia|KT Rolster,2026-06-07 08:09:33,Dplus Kia,KT Rolster,0,0.5922733545303345
pooled_2025_scaler,2026|Rounds 1-2|2026-06-12|Hanwha Life Esports|T1,2026-06-12 08:25:00,Hanwha Life Esports,T1,1,0.4459904432296753
pooled_2025_scaler,2026|Rounds 1-2|2026-06-13|Gen.G|KT Rolster,2026-06-13 06:22:36,Gen.G,KT Rolster,1,0.581066370010376
pooled_2025_scaler,2026|Rounds 1-2|2026-06-14|Gen.G|T1,2026-06-14 06:27:21,Gen.G,T1,0,0.5510171055793762
pooled_2025_scaler,2026|Rounds 3-4|2026-07-29|Kiwoom DRX|Nongshim RedForce,2026-07-29 08:05:41,Kiwoom DRX,Nongshim RedForce,0,0.5087641477584839
pooled_2025_scaler,2026|Rounds 3-4|2026-07-29|KT Rolster|T1,2026-07-29 10:14:12,KT Rolster,T1,1,0.4937305450439453
pooled_2025_scaler,2026|Rounds 3-4|2026-07-30|BNK FEARX|DN SOOPers,2026-07-30 08:07:12,BNK FEARX,DN SOOPers,1,0.5018272399902344
pooled_2025_scaler,2026|Rounds 3-4|2026-07-30|Dplus Kia|Hanwha Life Esports,2026-07-30 10:17:39,Dplus Kia,Hanwha Life Esports,1,0.47739773988723755
pooled_2025_scaler,2026|Rounds 3-4|2026-07-31|Gen.G|T1,2026-07-31 08:15:35,Gen.G,T1,0,0.5126794576644897
pooled_2025_scaler,2026|Rounds 3-4|2026-07-31|HANJIN BRION|Kiwoom DRX,2026-07-31 10:28:31,HANJIN BRION,Kiwoom DRX,0,0.4894002676010132
pooled_2025_scaler,2026|Rounds 3-4|2026-08-01|BNK FEARX|Nongshim RedForce,2026-08-01 08:05:28,BNK FEARX,Nongshim RedForce,0,0.4941527247428894
pooled_2025_scaler,2026|Rounds 3-4|2026-08-02|DN SOOPers|HANJIN BRION,2026-08-02 08:07:10,DN SOOPers,HANJIN BRION,1,0.5083475112915039
pooled_2025_scaler,2026|Rounds 3-4|2026-08-02|Hanwha Life Esports|KT Rolster,2026-08-02 11:27:57,Hanwha Life Esports,KT Rolster,0,0.5181306004524231
pooled_2025_scaler,2026|Rounds 3-4|2026-08-05|HANJIN BRION|Nongshim RedForce,2026-08-05 08:04:53,HANJIN BRION,Nongshim RedForce,1,0.41872134804725647
pooled_2025_scaler,2026|Rounds 3-4|2026-08-05|Gen.G|Hanwha Life Esports,2026-08-05 11:19:04,Gen.G,Hanwha Life Esports,1,0.4765499532222748
pooled_2025_scaler,2026|Rounds 3-4|2026-08-06|DN SOOPers|Kiwoom DRX,2026-08-06 08:07:39,DN SOOPers,Kiwoom DRX,0,0.4932730793952942
pooled_2025_scaler,2026|Rounds 3-4|2026-08-06|Dplus Kia|T1,2026-08-06 10:15:34,Dplus Kia,T1,0,0.4920088052749634
pooled_2025_scaler,2026|Rounds 3-4|2026-08-07|Gen.G|KT Rolster,2026-08-07 08:07:40,Gen.G,KT Rolster,1,0.4784964919090271
pooled_2025_scaler,2026|Rounds 3-4|2026-08-07|BNK FEARX|HANJIN BRION,2026-08-07 10:11:30,BNK FEARX,HANJIN BRION,0,0.5101144313812256
pooled_2025_scaler,2026|Rounds 3-4|2026-08-08|Hanwha Life Esports|T1,2026-08-08 08:08:11,Hanwha Life Esports,T1,1,0.47457003593444824
pooled_2025_scaler,2026|Rounds 3-4|2026-08-08|DN SOOPers|Nongshim RedForce,2026-08-08 11:16:34,DN SOOPers,Nongshim RedForce,1,0.48943424224853516
pooled_2025_scaler,2026|Rounds 3-4|2026-08-09|Dplus Kia|KT Rolster,2026-08-09 08:07:07,Dplus Kia,KT Rolster,1,0.4896230101585388
pooled_2025_scaler,2026|Rounds 3-4|2026-08-09|BNK FEARX|Kiwoom DRX,2026-08-09 11:01:09,BNK FEARX,Kiwoom DRX,1,0.44008320569992065
pooled_2025_scaler,2026|Rounds 3-4|2026-08-12|DN SOOPers|Nongshim RedForce,2026-08-12 08:07:18,DN SOOPers,Nongshim RedForce,1,0.48970934748649597
pooled_2025_scaler,2026|Rounds 3-4|2026-08-12|Dplus Kia|KT Rolster,2026-08-12 11:02:08,Dplus Kia,KT Rolster,1,0.5080665349960327
pooled_2025_scaler,2026|Rounds 3-4|2026-08-13|BNK FEARX|Kiwoom DRX,2026-08-13 08:06:50,BNK FEARX,Kiwoom DRX,1,0.4641251564025879
pooled_2025_scaler,2026|Rounds 3-4|2026-08-13|Gen.G|Hanwha Life Esports,2026-08-13 11:04:48,Gen.G,Hanwha Life Esports,1,0.5404173135757446
pooled_2025_scaler,2026|Rounds 3-4|2026-08-14|Dplus Kia|T1,2026-08-14 08:08:00,Dplus Kia,T1,1,0.5222136974334717
pooled_2025_scaler,2026|Rounds 3-4|2026-08-14|HANJIN BRION|Nongshim RedForce,2026-08-14 11:28:48,HANJIN BRION,Nongshim RedForce,0,0.5226776599884033
pooled_2025_scaler,2026|Rounds 3-4|2026-08-15|Hanwha Life Esports|KT Rolster,2026-08-15 08:08:03,Hanwha Life Esports,KT Rolster,1,0.5141310691833496
pooled_2025_scaler,2026|Rounds 3-4|2026-08-15|BNK FEARX|DN SOOPers,2026-08-15 11:08:43,BNK FEARX,DN SOOPers,0,0.5238469839096069
pooled_2025_scaler,2026|Rounds 3-4|2026-08-16|Gen.G|T1,2026-08-16 08:07:26,Gen.G,T1,1,0.5573221445083618
pooled_2025_scaler,2026|Rounds 3-4|2026-08-16|HANJIN BRION|Kiwoom DRX,2026-08-16 10:44:01,HANJIN BRION,Kiwoom DRX,1,0.5264654159545898
pooled_2025_scaler,2026|Rounds 3-4|2026-08-19|Gen.G|KT Rolster,2026-08-19 08:05:49,Gen.G,KT Rolster,1,0.5647144317626953
pooled_2025_scaler,2026|Rounds 3-4|2026-08-19|DN SOOPers|HANJIN BRION,2026-08-19 11:22:14,DN SOOPers,HANJIN BRION,0,0.5284461379051208
pooled_2025_scaler,2026|Rounds 3-4|2026-08-20|Dplus Kia|Hanwha Life Esports,2026-08-20 08:07:41,Dplus Kia,Hanwha Life Esports,0,0.5182809233665466
pooled_2025_scaler,2026|Rounds 3-4|2026-08-20|Kiwoom DRX|Nongshim RedForce,2026-08-20 10:33:18,Kiwoom DRX,Nongshim RedForce,0,0.4360814690589905
pooled_2025_scaler,2026|Rounds 3-4|2026-08-21|BNK FEARX|HANJIN BRION,2026-08-21 08:07:26,BNK FEARX,HANJIN BRION,1,0.46240732073783875
pooled_2025_scaler,2026|Rounds 3-4|2026-08-21|KT Rolster|T1,2026-08-21 11:24:11,KT Rolster,T1,0,0.4990362226963043
pooled_2025_scaler,2026|Rounds 3-4|2026-08-22|Dplus Kia|Gen.G,2026-08-22 08:08:17,Dplus Kia,Gen.G,1,0.4718080163002014
pooled_2025_scaler,2026|Rounds 3-4|2026-08-22|DN SOOPers|Kiwoom DRX,2026-08-22 11:31:02,DN SOOPers,Kiwoom DRX,1,0.5147349834442139
pooled_2025_scaler,2026|Rounds 3-4|2026-08-23|Hanwha Life Esports|T1,2026-08-23 08:07:42,Hanwha Life Esports,T1,1,0.5331828594207764
pooled_2025_scaler,2026|Rounds 3-4|2026-08-23|BNK FEARX|Nongshim RedForce,2026-08-23 10:20:23,BNK FEARX,Nongshim RedForce,0,0.47210174798965454
pooled_2025_scaler,2026|Rounds 3-4|2026-08-26|HANJIN BRION|KT Rolster,2026-08-26 08:08:21,HANJIN BRION,KT Rolster,0,0.5231062173843384
pooled_2025_scaler,2026|Rounds 3-4|2026-08-27|BNK FEARX|Nongshim RedForce,2026-08-27 08:07:15,BNK FEARX,Nongshim RedForce,1,0.44920605421066284
pooled_2025_scaler,2026|Rounds 3-4|2026-08-28|BNK FEARX|HANJIN BRION,2026-08-28 08:06:46,BNK FEARX,HANJIN BRION,1,0.5123041868209839
pooled_2025_scaler,2026|Rounds 3-4|2026-08-29|BNK FEARX|T1,2026-08-29 08:07:39,BNK FEARX,T1,0,0.537095308303833
pooled_2025_scaler,2026|Rounds 3-4|2026-08-30|Dplus Kia|KT Rolster,2026-08-30 08:10:04,Dplus Kia,KT Rolster,0,0.47655820846557617
pooled_2025_scaler,2026|Rounds 3-4|2026-09-01|Gen.G|KT Rolster,2026-09-01 08:11:13,Gen.G,KT Rolster,1,0.45807749032974243
pooled_2025_scaler,2026|Rounds 3-4|2026-09-02|Hanwha Life Esports|T1,2026-09-02 08:11:08,Hanwha Life Esports,T1,1,0.541242778301239
pooled_2025_scaler,2026|Rounds 3-4|2026-09-03|BNK FEARX|Dplus Kia,2026-09-03 08:07:55,BNK FEARX,Dplus Kia,0,0.46193766593933105
pooled_2025_scaler,2026|Rounds 3-4|2026-09-04|Dplus Kia|KT Rolster,2026-09-04 08:07:52,Dplus Kia,KT Rolster,1,0.5210424065589905
pooled_2025_scaler,2026|Rounds 3-4|2026-09-05|Gen.G|Hanwha Life Esports,2026-09-05 08:08:15,Gen.G,Hanwha Life Esports,1,0.48593848943710327
pooled_2025_scaler,2026|Rounds 3-4|2026-09-06|Dplus Kia|T1,2026-09-06 08:09:36,Dplus Kia,T1,0,0.5722569823265076
pooled_2025_scaler,2026|Rounds 3-4|2026-09-12|Hanwha Life Esports|T1,2026-09-12 05:21:16,Hanwha Life Esports,T1,1,0.4893687963485718
pooled_recent_weights,2026|Cup|2026-01-14|DN SOOPers|KT Rolster,2026-01-14 08:13:43,DN SOOPers,KT Rolster,0,0.5021317601203918
pooled_recent_weights,2026|Cup|2026-01-14|Dplus Kia|HANJIN BRION,2026-01-14 11:22:18,Dplus Kia,HANJIN BRION,1,0.5067477226257324
pooled_recent_weights,2026|Cup|2026-01-15|Gen.G|Kiwoom DRX,2026-01-15 08:05:23,Gen.G,Kiwoom DRX,1,0.556837260723114
pooled_recent_weights,2026|Cup|2026-01-15|BNK FEARX|Nongshim RedForce,2026-01-15 10:15:24,BNK FEARX,Nongshim RedForce,1,0.49630215764045715
pooled_recent_weights,2026|Cup|2026-01-16|DN SOOPers|Dplus Kia,2026-01-16 08:05:40,DN SOOPers,Dplus Kia,0,0.4873461425304413
pooled_recent_weights,2026|Cup|2026-01-16|Hanwha Life Esports|T1,2026-01-16 10:08:16,Hanwha Life Esports,T1,0,0.5223493576049805
pooled_recent_weights,2026|Cup|2026-01-17|BNK FEARX|HANJIN BRION,2026-01-17 08:05:53,BNK FEARX,HANJIN BRION,1,0.5327717065811157
pooled_recent_weights,2026|Cup|2026-01-17|Gen.G|KT Rolster,2026-01-17 11:10:45,Gen.G,KT Rolster,1,0.54527747631073
pooled_recent_weights,2026|Cup|2026-01-18|Hanwha Life Esports|Nongshim RedForce,2026-01-18 08:05:24,Hanwha Life Esports,Nongshim RedForce,0,0.5116795301437378
pooled_recent_weights,2026|Cup|2026-01-18|Kiwoom DRX|T1,2026-01-18 10:20:18,Kiwoom DRX,T1,0,0.47145023941993713
pooled_recent_weights,2026|Cup|2026-01-21|Dplus Kia|Nongshim RedForce,2026-01-21 08:05:24,Dplus Kia,Nongshim RedForce,1,0.5257884860038757
pooled_recent_weights,2026|Cup|2026-01-21|DN SOOPers|Kiwoom DRX,2026-01-21 11:14:52,DN SOOPers,Kiwoom DRX,1,0.4996805191040039
pooled_recent_weights,2026|Cup|2026-01-22|HANJIN BRION|Hanwha Life Esports,2026-01-22 08:05:25,HANJIN BRION,Hanwha Life Esports,0,0.5048443675041199
pooled_recent_weights,2026|Cup|2026-01-22|BNK FEARX|Gen.G,2026-01-22 11:14:53,BNK FEARX,Gen.G,0,0.459796667098999
pooled_recent_weights,2026|Cup|2026-01-23|KT Rolster|T1,2026-01-23 08:04:55,KT Rolster,T1,0,0.4620985686779022
pooled_recent_weights,2026|Cup|2026-01-23|Kiwoom DRX|Nongshim RedForce,2026-01-23 10:33:19,Kiwoom DRX,Nongshim RedForce,1,0.4939252436161041
pooled_recent_weights,2026|Cup|2026-01-24|DN SOOPers|Hanwha Life Esports,2026-01-24 08:04:56,DN SOOPers,Hanwha Life Esports,0,0.49304330348968506
pooled_recent_weights,2026|Cup|2026-01-24|Dplus Kia|Gen.G,2026-01-24 11:24:48,Dplus Kia,Gen.G,0,0.4639430046081543
pooled_recent_weights,2026|Cup|2026-01-25|BNK FEARX|T1,2026-01-25 08:05:39,BNK FEARX,T1,0,0.49310460686683655
pooled_recent_weights,2026|Cup|2026-01-25|HANJIN BRION|KT Rolster,2026-01-25 11:28:02,HANJIN BRION,KT Rolster,0,0.5119444131851196
pooled_recent_weights,2026|Cup|2026-01-28|HANJIN BRION|Kiwoom DRX,2026-01-28 08:04:54,HANJIN BRION,Kiwoom DRX,0,0.5026321411132812
pooled_recent_weights,2026|Cup|2026-01-29|BNK FEARX|DN SOOPers,2026-01-29 08:07:19,BNK FEARX,DN SOOPers,1,0.47888797521591187
pooled_recent_weights,2026|Cup|2026-01-30|KT Rolster|Nongshim RedForce,2026-01-30 08:05:48,KT Rolster,Nongshim RedForce,0,0.49600666761398315
pooled_recent_weights,2026|Cup|2026-01-31|Dplus Kia|T1,2026-01-31 08:17:53,Dplus Kia,T1,0,0.48331767320632935
pooled_recent_weights,2026|Cup|2026-02-01|Gen.G|Hanwha Life Esports,2026-02-01 08:08:08,Gen.G,Hanwha Life Esports,1,0.5442143678665161
pooled_recent_weights,2026|Cup|2026-02-06|HANJIN BRION|Kiwoom DRX,2026-02-06 08:05:10,HANJIN BRION,Kiwoom DRX,0,0.4851427376270294
pooled_recent_weights,2026|Cup|2026-02-06|DN SOOPers|KT Rolster,2026-02-06 10:59:51,DN SOOPers,KT Rolster,1,0.4935484230518341
pooled_recent_weights,2026|Cup|2026-02-07|Dplus Kia|Kiwoom DRX,2026-02-07 08:07:00,Dplus Kia,Kiwoom DRX,1,0.44039618968963623
pooled_recent_weights,2026|Cup|2026-02-07|DN SOOPers|Nongshim RedForce,2026-02-07 10:09:22,DN SOOPers,Nongshim RedForce,1,0.4997949004173279
pooled_recent_weights,2026|Cup|2026-02-08|Kiwoom DRX|Nongshim RedForce,2026-02-08 08:06:06,Kiwoom DRX,Nongshim RedForce,1,0.4670157730579376
pooled_recent_weights,2026|Cup|2026-02-12|BNK FEARX|DN SOOPers,2026-02-12 08:04:05,BNK FEARX,DN SOOPers,1,0.49932360649108887
pooled_recent_weights,2026|Cup|2026-02-13|Dplus Kia|Kiwoom DRX,2026-02-13 08:06:47,Dplus Kia,Kiwoom DRX,1,0.5174736976623535
pooled_recent_weights,2026|Cup|2026-02-14|Dplus Kia|Gen.G,2026-02-14 08:07:25,Dplus Kia,Gen.G,0,0.47133615612983704
pooled_recent_weights,2026|Cup|2026-02-15|BNK FEARX|T1,2026-02-15 08:05:24,BNK FEARX,T1,1,0.511184811592102
pooled_recent_weights,2026|Cup|2026-02-19|DN SOOPers|Kiwoom DRX,2026-02-19 08:06:05,DN SOOPers,Kiwoom DRX,1,0.5124454498291016
pooled_recent_weights,2026|Cup|2026-02-20|DN SOOPers|Dplus Kia,2026-02-20 08:06:25,DN SOOPers,Dplus Kia,0,0.5352802276611328
pooled_recent_weights,2026|Cup|2026-02-21|BNK FEARX|Gen.G,2026-02-21 08:08:52,BNK FEARX,Gen.G,0,0.5123111009597778
pooled_recent_weights,2026|Cup|2026-02-22|Dplus Kia|T1,2026-02-22 08:08:41,Dplus Kia,T1,1,0.5172698497772217
pooled_recent_weights,2026|Cup|2026-02-28|BNK FEARX|Dplus Kia,2026-02-28 08:23:00,BNK FEARX,Dplus Kia,1,0.5057299137115479
pooled_recent_weights,2026|Cup|2026-03-01|BNK FEARX|Gen.G,2026-03-01 08:22:46,BNK FEARX,Gen.G,0,0.5107291340827942
pooled_recent_weights,2026|Rounds 1-2|2026-04-01|HANJIN BRION|Hanwha Life Esports,2026-04-01 08:11:43,HANJIN BRION,Hanwha Life Esports,0,0.49158138036727905
pooled_recent_weights,2026|Rounds 1-2|2026-04-01|KT Rolster|T1,2026-04-01 10:23:34,KT Rolster,T1,1,0.5050957202911377
pooled_recent_weights,2026|Rounds 1-2|2026-04-02|Dplus Kia|Nongshim RedForce,2026-04-02 08:08:29,Dplus Kia,Nongshim RedForce,0,0.49917781352996826
pooled_recent_weights,2026|Rounds 1-2|2026-04-02|DN SOOPers|Kiwoom DRX,2026-04-02 10:15:16,DN SOOPers,Kiwoom DRX,1,0.5146139860153198
pooled_recent_weights,2026|Rounds 1-2|2026-04-03|Gen.G|KT Rolster,2026-04-03 08:10:24,Gen.G,KT Rolster,0,0.5363683700561523
pooled_recent_weights,2026|Rounds 1-2|2026-04-03|BNK FEARX|HANJIN BRION,2026-04-03 11:10:37,BNK FEARX,HANJIN BRION,0,0.5057308673858643
pooled_recent_weights,2026|Rounds 1-2|2026-04-04|Hanwha Life Esports|T1,2026-04-04 08:08:38,Hanwha Life Esports,T1,0,0.5176733136177063
pooled_recent_weights,2026|Rounds 1-2|2026-04-04|Dplus Kia|Kiwoom DRX,2026-04-04 10:30:33,Dplus Kia,Kiwoom DRX,1,0.5016770362854004
pooled_recent_weights,2026|Rounds 1-2|2026-04-05|DN SOOPers|Nongshim RedForce,2026-04-05 08:10:33,DN SOOPers,Nongshim RedForce,0,0.48294365406036377
pooled_recent_weights,2026|Rounds 1-2|2026-04-05|BNK FEARX|Gen.G,2026-04-05 10:22:53,BNK FEARX,Gen.G,0,0.48047876358032227
pooled_recent_weights,2026|Rounds 1-2|2026-04-08|Dplus Kia|Hanwha Life Esports,2026-04-08 08:06:29,Dplus Kia,Hanwha Life Esports,0,0.48457032442092896
pooled_recent_weights,2026|Rounds 1-2|2026-04-08|Gen.G|T1,2026-04-08 10:19:02,Gen.G,T1,1,0.5221331715583801
pooled_recent_weights,2026|Rounds 1-2|2026-04-09|HANJIN BRION|Kiwoom DRX,2026-04-09 08:06:21,HANJIN BRION,Kiwoom DRX,0,0.5233317017555237
pooled_recent_weights,2026|Rounds 1-2|2026-04-09|KT Rolster|Nongshim RedForce,2026-04-09 11:25:00,KT Rolster,Nongshim RedForce,1,0.4695916771888733
pooled_recent_weights,2026|Rounds 1-2|2026-04-10|DN SOOPers|T1,2026-04-10 08:09:34,DN SOOPers,T1,0,0.5113698840141296
pooled_recent_weights,2026|Rounds 1-2|2026-04-10|BNK FEARX|Hanwha Life Esports,2026-04-10 10:10:47,BNK FEARX,Hanwha Life Esports,0,0.46867454051971436
pooled_recent_weights,2026|Rounds 1-2|2026-04-11|Kiwoom DRX|Nongshim RedForce,2026-04-11 08:06:17,Kiwoom DRX,Nongshim RedForce,1,0.45887666940689087
pooled_recent_weights,2026|Rounds 1-2|2026-04-11|Dplus Kia|Gen.G,2026-04-11 10:14:53,Dplus Kia,Gen.G,1,0.4425222873687744
pooled_recent_weights,2026|Rounds 1-2|2026-04-12|BNK FEARX|DN SOOPers,2026-04-12 08:05:05,BNK FEARX,DN SOOPers,1,0.4853217899799347
pooled_recent_weights,2026|Rounds 1-2|2026-04-12|HANJIN BRION|KT Rolster,2026-04-12 10:09:24,HANJIN BRION,KT Rolster,0,0.49947935342788696
pooled_recent_weights,2026|Rounds 1-2|2026-04-15|BNK FEARX|Nongshim RedForce,2026-04-15 08:04:27,BNK FEARX,Nongshim RedForce,0,0.5340577363967896
pooled_recent_weights,2026|Rounds 1-2|2026-04-15|Dplus Kia|KT Rolster,2026-04-15 10:10:22,Dplus Kia,KT Rolster,0,0.44522950053215027
pooled_recent_weights,2026|Rounds 1-2|2026-04-16|Gen.G|HANJIN BRION,2026-04-16 08:07:45,Gen.G,HANJIN BRION,1,0.5295953750610352
pooled_recent_weights,2026|Rounds 1-2|2026-04-16|DN SOOPers|Hanwha Life Esports,2026-04-16 10:19:53,DN SOOPers,Hanwha Life Esports,0,0.455813467502594
pooled_recent_weights,2026|Rounds 1-2|2026-04-17|BNK FEARX|Kiwoom DRX,2026-04-17 08:09:20,BNK FEARX,Kiwoom DRX,1,0.46598875522613525
pooled_recent_weights,2026|Rounds 1-2|2026-04-17|Dplus Kia|T1,2026-04-17 10:18:08,Dplus Kia,T1,1,0.4942007064819336
pooled_recent_weights,2026|Rounds 1-2|2026-04-18|Gen.G|Hanwha Life Esports,2026-04-18 08:07:24,Gen.G,Hanwha Life Esports,0,0.495657742023468
pooled_recent_weights,2026|Rounds 1-2|2026-04-18|DN SOOPers|KT Rolster,2026-04-18 10:19:42,DN SOOPers,KT Rolster,0,0.4469206929206848
pooled_recent_weights,2026|Rounds 1-2|2026-04-19|HANJIN BRION|Nongshim RedForce,2026-04-19 08:06:04,HANJIN BRION,Nongshim RedForce,0,0.4765331745147705
pooled_recent_weights,2026|Rounds 1-2|2026-04-19|Kiwoom DRX|T1,2026-04-19 11:23:50,Kiwoom DRX,T1,0,0.5026909112930298
pooled_recent_weights,2026|Rounds 1-2|2026-04-22|KT Rolster|Kiwoom DRX,2026-04-22 08:04:37,KT Rolster,Kiwoom DRX,1,0.537545919418335
pooled_recent_weights,2026|Rounds 1-2|2026-04-22|Hanwha Life Esports|Nongshim RedForce,2026-04-22 10:16:00,Hanwha Life Esports,Nongshim RedForce,1,0.5359989404678345
pooled_recent_weights,2026|Rounds 1-2|2026-04-23|Dplus Kia|HANJIN BRION,2026-04-23 08:05:27,Dplus Kia,HANJIN BRION,1,0.505061149597168
pooled_recent_weights,2026|Rounds 1-2|2026-04-23|DN SOOPers|Gen.G,2026-04-23 10:15:14,DN SOOPers,Gen.G,0,0.48599299788475037
pooled_recent_weights,2026|Rounds 1-2|2026-04-24|BNK FEARX|KT Rolster,2026-04-24 08:07:08,BNK FEARX,KT Rolster,0,0.4476785361766815
pooled_recent_weights,2026|Rounds 1-2|2026-04-24|Hanwha Life Esports|Kiwoom DRX,2026-04-24 10:32:53,Hanwha Life Esports,Kiwoom DRX,1,0.5536636114120483
pooled_recent_weights,2026|Rounds 1-2|2026-04-25|HANJIN BRION|T1,2026-04-25 08:07:29,HANJIN BRION,T1,0,0.4818686842918396
pooled_recent_weights,2026|Rounds 1-2|2026-04-25|DN SOOPers|Dplus Kia,2026-04-25 10:52:42,DN SOOPers,Dplus Kia,0,0.465429425239563
pooled_recent_weights,2026|Rounds 1-2|2026-04-26|BNK FEARX|T1,2026-04-26 08:06:17,BNK FEARX,T1,0,0.4728916883468628
pooled_recent_weights,2026|Rounds 1-2|2026-04-26|Gen.G|Nongshim RedForce,2026-04-26 10:15:14,Gen.G,Nongshim RedForce,1,0.5108507871627808
pooled_recent_weights,2026|Rounds 1-2|2026-04-29|Nongshim RedForce|T1,2026-04-29 08:05:12,Nongshim RedForce,T1,0,0.4732874035835266
pooled_recent_weights,2026|Rounds 1-2|2026-04-29|Hanwha Life Esports|KT Rolster,2026-04-29 10:15:19,Hanwha Life Esports,KT Rolster,1,0.4698646664619446
pooled_recent_weights,2026|Rounds 1-2|2026-04-30|Gen.G|Kiwoom DRX,2026-04-30 08:06:44,Gen.G,Kiwoom DRX,1,0.5575802326202393
pooled_recent_weights,2026|Rounds 1-2|2026-04-30|BNK FEARX|Dplus Kia,2026-04-30 11:13:48,BNK FEARX,Dplus Kia,0,0.4645198583602905
pooled_recent_weights,2026|Rounds 1-2|2026-05-01|DN SOOPers|HANJIN BRION,2026-05-01 08:06:11,DN SOOPers,HANJIN BRION,0,0.4941529333591461
pooled_recent_weights,2026|Rounds 1-2|2026-05-01|Hanwha Life Esports|T1,2026-05-01 10:22:34,Hanwha Life Esports,T1,1,0.4968647360801697
pooled_recent_weights,2026|Rounds 1-2|2026-05-02|Dplus Kia|Gen.G,2026-05-02 08:06:29,Dplus Kia,Gen.G,0,0.485404372215271
pooled_recent_weights,2026|Rounds 1-2|2026-05-02|Kiwoom DRX|Nongshim RedForce,2026-05-02 11:03:54,Kiwoom DRX,Nongshim RedForce,1,0.5089541673660278
pooled_recent_weights,2026|Rounds 1-2|2026-05-03|HANJIN BRION|KT Rolster,2026-05-03 08:05:43,HANJIN BRION,KT Rolster,1,0.4941662847995758
pooled_recent_weights,2026|Rounds 1-2|2026-05-03|BNK FEARX|DN SOOPers,2026-05-03 10:24:27,BNK FEARX,DN SOOPers,1,0.5053719878196716
pooled_recent_weights,2026|Rounds 1-2|2026-05-06|Gen.G|Nongshim RedForce,2026-05-06 08:06:15,Gen.G,Nongshim RedForce,1,0.5342801213264465
pooled_recent_weights,2026|Rounds 1-2|2026-05-06|DN SOOPers|Hanwha Life Esports,2026-05-06 10:34:43,DN SOOPers,Hanwha Life Esports,0,0.4484720826148987
pooled_recent_weights,2026|Rounds 1-2|2026-05-07|Dplus Kia|KT Rolster,2026-05-07 08:07:34,Dplus Kia,KT Rolster,0,0.5014492273330688
pooled_recent_weights,2026|Rounds 1-2|2026-05-07|BNK FEARX|HANJIN BRION,2026-05-07 10:30:17,BNK FEARX,HANJIN BRION,0,0.4686639904975891
pooled_recent_weights,2026|Rounds 1-2|2026-05-08|DN SOOPers|T1,2026-05-08 08:05:48,DN SOOPers,T1,0,0.46235713362693787
pooled_recent_weights,2026|Rounds 1-2|2026-05-08|Gen.G|Kiwoom DRX,2026-05-08 10:40:52,Gen.G,Kiwoom DRX,1,0.49865782260894775
pooled_recent_weights,2026|Rounds 1-2|2026-05-09|BNK FEARX|KT Rolster,2026-05-09 08:06:41,BNK FEARX,KT Rolster,1,0.4953242540359497
pooled_recent_weights,2026|Rounds 1-2|2026-05-09|HANJIN BRION|Nongshim RedForce,2026-05-09 10:15:45,HANJIN BRION,Nongshim RedForce,1,0.5447115898132324
pooled_recent_weights,2026|Rounds 1-2|2026-05-10|Dplus Kia|T1,2026-05-10 08:09:29,Dplus Kia,T1,0,0.4757651686668396
pooled_recent_weights,2026|Rounds 1-2|2026-05-10|Hanwha Life Esports|Kiwoom DRX,2026-05-10 10:31:52,Hanwha Life Esports,Kiwoom DRX,1,0.5211370587348938
pooled_recent_weights,2026|Rounds 1-2|2026-05-13|Nongshim RedForce|T1,2026-05-13 08:06:21,Nongshim RedForce,T1,0,0.46878284215927124
pooled_recent_weights,2026|Rounds 1-2|2026-05-13|DN SOOPers|Dplus Kia,2026-05-13 10:12:11,DN SOOPers,Dplus Kia,0,0.490460067987442
pooled_recent_weights,2026|Rounds 1-2|2026-05-14|BNK FEARX|Gen.G,2026-05-14 08:07:03,BNK FEARX,Gen.G,0,0.4719666838645935
pooled_recent_weights,2026|Rounds 1-2|2026-05-14|KT Rolster|Kiwoom DRX,2026-05-14 10:15:56,KT Rolster,Kiwoom DRX,1,0.5115562677383423
pooled_recent_weights,2026|Rounds 1-2|2026-05-15|Dplus Kia|Hanwha Life Esports,2026-05-15 08:07:51,Dplus Kia,Hanwha Life Esports,0,0.48438119888305664
pooled_recent_weights,2026|Rounds 1-2|2026-05-15|DN SOOPers|HANJIN BRION,2026-05-15 10:22:39,DN SOOPers,HANJIN BRION,0,0.4575977921485901
pooled_recent_weights,2026|Rounds 1-2|2026-05-16|Gen.G|T1,2026-05-16 08:05:55,Gen.G,T1,0,0.5229735374450684
pooled_recent_weights,2026|Rounds 1-2|2026-05-16|BNK FEARX|Nongshim RedForce,2026-05-16 11:30:05,BNK FEARX,Nongshim RedForce,1,0.5274354219436646
pooled_recent_weights,2026|Rounds 1-2|2026-05-17|Hanwha Life Esports|KT Rolster,2026-05-17 08:05:58,Hanwha Life Esports,KT Rolster,0,0.5291454792022705
pooled_recent_weights,2026|Rounds 1-2|2026-05-17|HANJIN BRION|Kiwoom DRX,2026-05-17 11:06:33,HANJIN BRION,Kiwoom DRX,0,0.551665186882019
pooled_recent_weights,2026|Rounds 1-2|2026-05-20|Kiwoom DRX|T1,2026-05-20 08:05:29,Kiwoom DRX,T1,0,0.48428061604499817
pooled_recent_weights,2026|Rounds 1-2|2026-05-20|KT Rolster|Nongshim RedForce,2026-05-20 11:01:11,KT Rolster,Nongshim RedForce,1,0.5108891129493713
pooled_recent_weights,2026|Rounds 1-2|2026-05-21|BNK FEARX|Hanwha Life Esports,2026-05-21 08:06:57,BNK FEARX,Hanwha Life Esports,0,0.49859774112701416
pooled_recent_weights,2026|Rounds 1-2|2026-05-21|Dplus Kia|HANJIN BRION,2026-05-21 10:22:05,Dplus Kia,HANJIN BRION,1,0.48284029960632324
pooled_recent_weights,2026|Rounds 1-2|2026-05-22|DN SOOPers|Kiwoom DRX,2026-05-22 08:06:39,DN SOOPers,Kiwoom DRX,0,0.46894070506095886
pooled_recent_weights,2026|Rounds 1-2|2026-05-22|Gen.G|KT Rolster,2026-05-22 10:20:35,Gen.G,KT Rolster,1,0.5252971649169922
pooled_recent_weights,2026|Rounds 1-2|2026-05-23|BNK FEARX|Dplus Kia,2026-05-23 08:06:07,BNK FEARX,Dplus Kia,0,0.5056476593017578
pooled_recent_weights,2026|Rounds 1-2|2026-05-23|Hanwha Life Esports|Nongshim RedForce,2026-05-23 11:15:14,Hanwha Life Esports,Nongshim RedForce,1,0.5139608383178711
pooled_recent_weights,2026|Rounds 1-2|2026-05-24|DN SOOPers|Gen.G,2026-05-24 08:06:42,DN SOOPers,Gen.G,0,0.4659122824668884
pooled_recent_weights,2026|Rounds 1-2|2026-05-24|HANJIN BRION|T1,2026-05-24 10:10:10,HANJIN BRION,T1,0,0.4582952857017517
pooled_recent_weights,2026|Rounds 1-2|2026-05-27|Gen.G|Hanwha Life Esports,2026-05-27 08:06:37,Gen.G,Hanwha Life Esports,1,0.4999698996543884
pooled_recent_weights,2026|Rounds 1-2|2026-05-27|BNK FEARX|Kiwoom DRX,2026-05-27 11:17:26,BNK FEARX,Kiwoom DRX,1,0.46756511926651
pooled_recent_weights,2026|Rounds 1-2|2026-05-28|DN SOOPers|Nongshim RedForce,2026-05-28 08:03:36,DN SOOPers,Nongshim RedForce,0,0.48591893911361694
pooled_recent_weights,2026|Rounds 1-2|2026-05-28|KT Rolster|T1,2026-05-28 11:03:41,KT Rolster,T1,0,0.47340115904808044
pooled_recent_weights,2026|Rounds 1-2|2026-05-29|Dplus Kia|Kiwoom DRX,2026-05-29 08:09:08,Dplus Kia,Kiwoom DRX,1,0.47448110580444336
pooled_recent_weights,2026|Rounds 1-2|2026-05-29|Gen.G|HANJIN BRION,2026-05-29 11:07:01,Gen.G,HANJIN BRION,1,0.5534820556640625
pooled_recent_weights,2026|Rounds 1-2|2026-05-30|DN SOOPers|KT Rolster,2026-05-30 08:05:58,DN SOOPers,KT Rolster,0,0.48969507217407227
pooled_recent_weights,2026|Rounds 1-2|2026-05-30|BNK FEARX|T1,2026-05-30 10:20:58,BNK FEARX,T1,0,0.45992112159729004
pooled_recent_weights,2026|Rounds 1-2|2026-05-31|HANJIN BRION|Hanwha Life Esports,2026-05-31 08:06:48,HANJIN BRION,Hanwha Life Esports,0,0.46795105934143066
pooled_recent_weights,2026|Rounds 1-2|2026-05-31|Dplus Kia|Nongshim RedForce,2026-05-31 10:17:32,Dplus Kia,Nongshim RedForce,1,0.5079151391983032
pooled_recent_weights,2026|Rounds 1-2|2026-06-06|Dplus Kia|HANJIN BRION,2026-06-06 08:12:31,Dplus Kia,HANJIN BRION,1,0.5645952224731445
pooled_recent_weights,2026|Rounds 1-2|2026-06-07|Dplus Kia|KT Rolster,2026-06-07 08:09:33,Dplus Kia,KT Rolster,0,0.5587974786758423
pooled_recent_weights,2026|Rounds 1-2|2026-06-12|Hanwha Life Esports|T1,2026-06-12 08:25:00,Hanwha Life Esports,T1,1,0.4576191306114197
pooled_recent_weights,2026|Rounds 1-2|2026-06-13|Gen.G|KT Rolster,2026-06-13 06:22:36,Gen.G,KT Rolster,1,0.5612412691116333
pooled_recent_weights,2026|Rounds 1-2|2026-06-14|Gen.G|T1,2026-06-14 06:27:21,Gen.G,T1,0,0.5402481555938721
pooled_recent_weights,2026|Rounds 3-4|2026-07-29|Kiwoom DRX|Nongshim RedForce,2026-07-29 08:05:41,Kiwoom DRX,Nongshim RedForce,0,0.5073486566543579
pooled_recent_weights,2026|Rounds 3-4|2026-07-29|KT Rolster|T1,2026-07-29 10:14:12,KT Rolster,T1,1,0.49739986658096313
pooled_recent_weights,2026|Rounds 3-4|2026-07-30|BNK FEARX|DN SOOPers,2026-07-30 08:07:12,BNK FEARX,DN SOOPers,1,0.5041168928146362
pooled_recent_weights,2026|Rounds 3-4|2026-07-30|Dplus Kia|Hanwha Life Esports,2026-07-30 10:17:39,Dplus Kia,Hanwha Life Esports,1,0.4813859760761261
pooled_recent_weights,2026|Rounds 3-4|2026-07-31|Gen.G|T1,2026-07-31 08:15:35,Gen.G,T1,0,0.5132652521133423
pooled_recent_weights,2026|Rounds 3-4|2026-07-31|HANJIN BRION|Kiwoom DRX,2026-07-31 10:28:31,HANJIN BRION,Kiwoom DRX,0,0.48845481872558594
pooled_recent_weights,2026|Rounds 3-4|2026-08-01|BNK FEARX|Nongshim RedForce,2026-08-01 08:05:28,BNK FEARX,Nongshim RedForce,0,0.4961843490600586
pooled_recent_weights,2026|Rounds 3-4|2026-08-02|DN SOOPers|HANJIN BRION,2026-08-02 08:07:10,DN SOOPers,HANJIN BRION,1,0.5091338157653809
pooled_recent_weights,2026|Rounds 3-4|2026-08-02|Hanwha Life Esports|KT Rolster,2026-08-02 11:27:57,Hanwha Life Esports,KT Rolster,0,0.5100446939468384
pooled_recent_weights,2026|Rounds 3-4|2026-08-05|HANJIN BRION|Nongshim RedForce,2026-08-05 08:04:53,HANJIN BRION,Nongshim RedForce,1,0.44050177931785583
pooled_recent_weights,2026|Rounds 3-4|2026-08-05|Gen.G|Hanwha Life Esports,2026-08-05 11:19:04,Gen.G,Hanwha Life Esports,1,0.49176353216171265
pooled_recent_weights,2026|Rounds 3-4|2026-08-06|DN SOOPers|Kiwoom DRX,2026-08-06 08:07:39,DN SOOPers,Kiwoom DRX,0,0.49585646390914917
pooled_recent_weights,2026|Rounds 3-4|2026-08-06|Dplus Kia|T1,2026-08-06 10:15:34,Dplus Kia,T1,0,0.49409762024879456
pooled_recent_weights,2026|Rounds 3-4|2026-08-07|Gen.G|KT Rolster,2026-08-07 08:07:40,Gen.G,KT Rolster,1,0.48024916648864746
pooled_recent_weights,2026|Rounds 3-4|2026-08-07|BNK FEARX|HANJIN BRION,2026-08-07 10:11:30,BNK FEARX,HANJIN BRION,0,0.5047467947006226
pooled_recent_weights,2026|Rounds 3-4|2026-08-08|Hanwha Life Esports|T1,2026-08-08 08:08:11,Hanwha Life Esports,T1,1,0.4883120059967041
pooled_recent_weights,2026|Rounds 3-4|2026-08-08|DN SOOPers|Nongshim RedForce,2026-08-08 11:16:34,DN SOOPers,Nongshim RedForce,1,0.4935624599456787
pooled_recent_weights,2026|Rounds 3-4|2026-08-09|Dplus Kia|KT Rolster,2026-08-09 08:07:07,Dplus Kia,KT Rolster,1,0.49154436588287354
pooled_recent_weights,2026|Rounds 3-4|2026-08-09|BNK FEARX|Kiwoom DRX,2026-08-09 11:01:09,BNK FEARX,Kiwoom DRX,1,0.4584941864013672
pooled_recent_weights,2026|Rounds 3-4|2026-08-12|DN SOOPers|Nongshim RedForce,2026-08-12 08:07:18,DN SOOPers,Nongshim RedForce,1,0.4925607442855835
pooled_recent_weights,2026|Rounds 3-4|2026-08-12|Dplus Kia|KT Rolster,2026-08-12 11:02:08,Dplus Kia,KT Rolster,1,0.5074073672294617
pooled_recent_weights,2026|Rounds 3-4|2026-08-13|BNK FEARX|Kiwoom DRX,2026-08-13 08:06:50,BNK FEARX,Kiwoom DRX,1,0.47363048791885376
pooled_recent_weights,2026|Rounds 3-4|2026-08-13|Gen.G|Hanwha Life Esports,2026-08-13 11:04:48,Gen.G,Hanwha Life Esports,1,0.5240616202354431
pooled_recent_weights,2026|Rounds 3-4|2026-08-14|Dplus Kia|T1,2026-08-14 08:08:00,Dplus Kia,T1,1,0.5214804410934448
pooled_recent_weights,2026|Rounds 3-4|2026-08-14|HANJIN BRION|Nongshim RedForce,2026-08-14 11:28:48,HANJIN BRION,Nongshim RedForce,0,0.5170650482177734
pooled_recent_weights,2026|Rounds 3-4|2026-08-15|Hanwha Life Esports|KT Rolster,2026-08-15 08:08:03,Hanwha Life Esports,KT Rolster,1,0.5084558725357056
pooled_recent_weights,2026|Rounds 3-4|2026-08-15|BNK FEARX|DN SOOPers,2026-08-15 11:08:43,BNK FEARX,DN SOOPers,0,0.5114702582359314
pooled_recent_weights,2026|Rounds 3-4|2026-08-16|Gen.G|T1,2026-08-16 08:07:26,Gen.G,T1,1,0.5377150774002075
pooled_recent_weights,2026|Rounds 3-4|2026-08-16|HANJIN BRION|Kiwoom DRX,2026-08-16 10:44:01,HANJIN BRION,Kiwoom DRX,1,0.5226635932922363
pooled_recent_weights,2026|Rounds 3-4|2026-08-19|Gen.G|KT Rolster,2026-08-19 08:05:49,Gen.G,KT Rolster,1,0.5467170476913452
pooled_recent_weights,2026|Rounds 3-4|2026-08-19|DN SOOPers|HANJIN BRION,2026-08-19 11:22:14,DN SOOPers,HANJIN BRION,0,0.5232721567153931
pooled_recent_weights,2026|Rounds 3-4|2026-08-20|Dplus Kia|Hanwha Life Esports,2026-08-20 08:07:41,Dplus Kia,Hanwha Life Esports,0,0.5081816911697388
pooled_recent_weights,2026|Rounds 3-4|2026-08-20|Kiwoom DRX|Nongshim RedForce,2026-08-20 10:33:18,Kiwoom DRX,Nongshim RedForce,0,0.45656993985176086
pooled_recent_weights,2026|Rounds 3-4|2026-08-21|BNK FEARX|HANJIN BRION,2026-08-21 08:07:26,BNK FEARX,HANJIN BRION,1,0.4752635955810547
pooled_recent_weights,2026|Rounds 3-4|2026-08-21|KT Rolster|T1,2026-08-21 11:24:11,KT Rolster,T1,0,0.5027813911437988
pooled_recent_weights,2026|Rounds 3-4|2026-08-22|Dplus Kia|Gen.G,2026-08-22 08:08:17,Dplus Kia,Gen.G,1,0.4803777039051056
pooled_recent_weights,2026|Rounds 3-4|2026-08-22|DN SOOPers|Kiwoom DRX,2026-08-22 11:31:02,DN SOOPers,Kiwoom DRX,1,0.5114890336990356
pooled_recent_weights,2026|Rounds 3-4|2026-08-23|Hanwha Life Esports|T1,2026-08-23 08:07:42,Hanwha Life Esports,T1,1,0.521928608417511
pooled_recent_weights,2026|Rounds 3-4|2026-08-23|BNK FEARX|Nongshim RedForce,2026-08-23 10:20:23,BNK FEARX,Nongshim RedForce,0,0.4775676727294922
pooled_recent_weights,2026|Rounds 3-4|2026-08-26|HANJIN BRION|KT Rolster,2026-08-26 08:08:21,HANJIN BRION,KT Rolster,0,0.5106126666069031
pooled_recent_weights,2026|Rounds 3-4|2026-08-27|BNK FEARX|Nongshim RedForce,2026-08-27 08:07:15,BNK FEARX,Nongshim RedForce,1,0.4587387144565582
pooled_recent_weights,2026|Rounds 3-4|2026-08-28|BNK FEARX|HANJIN BRION,2026-08-28 08:06:46,BNK FEARX,HANJIN BRION,1,0.509181022644043
pooled_recent_weights,2026|Rounds 3-4|2026-08-29|BNK FEARX|T1,2026-08-29 08:07:39,BNK FEARX,T1,0,0.5285035371780396
pooled_recent_weights,2026|Rounds 3-4|2026-08-30|Dplus Kia|KT Rolster,2026-08-30 08:10:04,Dplus Kia,KT Rolster,0,0.4782606363296509
pooled_recent_weights,2026|Rounds 3-4|2026-09-01|Gen.G|KT Rolster,2026-09-01 08:11:13,Gen.G,KT Rolster,1,0.4661785364151001
pooled_recent_weights,2026|Rounds 3-4|2026-09-02|Hanwha Life Esports|T1,2026-09-02 08:11:08,Hanwha Life Esports,T1,1,0.5309693217277527
pooled_recent_weights,2026|Rounds 3-4|2026-09-03|BNK FEARX|Dplus Kia,2026-09-03 08:07:55,BNK FEARX,Dplus Kia,0,0.46672457456588745
pooled_recent_weights,2026|Rounds 3-4|2026-09-04|Dplus Kia|KT Rolster,2026-09-04 08:07:52,Dplus Kia,KT Rolster,1,0.5144431591033936
pooled_recent_weights,2026|Rounds 3-4|2026-09-05|Gen.G|Hanwha Life Esports,2026-09-05 08:08:15,Gen.G,Hanwha Life Esports,1,0.4965994954109192
pooled_recent_weights,2026|Rounds 3-4|2026-09-06|Dplus Kia|T1,2026-09-06 08:09:36,Dplus Kia,T1,0,0.546703040599823
pooled_recent_weights,2026|Rounds 3-4|2026-09-12|Hanwha Life Esports|T1,2026-09-12 05:21:16,Hanwha Life Esports,T1,1,0.4918133616447449
pooled_matched_epochs,2026|Cup|2026-01-14|DN SOOPers|KT Rolster,2026-01-14 08:13:43,DN SOOPers,KT Rolster,0,0.4998720586299896
pooled_matched_epochs,2026|Cup|2026-01-14|Dplus Kia|HANJIN BRION,2026-01-14 11:22:18,Dplus Kia,HANJIN BRION,1,0.510714054107666
pooled_matched_epochs,2026|Cup|2026-01-15|Gen.G|Kiwoom DRX,2026-01-15 08:05:23,Gen.G,Kiwoom DRX,1,0.5988714694976807
pooled_matched_epochs,2026|Cup|2026-01-15|BNK FEARX|Nongshim RedForce,2026-01-15 10:15:24,BNK FEARX,Nongshim RedForce,1,0.4992258548736572
pooled_matched_epochs,2026|Cup|2026-01-16|DN SOOPers|Dplus Kia,2026-01-16 08:05:40,DN SOOPers,Dplus Kia,0,0.4695674777030945
pooled_matched_epochs,2026|Cup|2026-01-16|Hanwha Life Esports|T1,2026-01-16 10:08:16,Hanwha Life Esports,T1,0,0.5326178073883057
pooled_matched_epochs,2026|Cup|2026-01-17|BNK FEARX|HANJIN BRION,2026-01-17 08:05:53,BNK FEARX,HANJIN BRION,1,0.5623526573181152
pooled_matched_epochs,2026|Cup|2026-01-17|Gen.G|KT Rolster,2026-01-17 11:10:45,Gen.G,KT Rolster,1,0.5830885767936707
pooled_matched_epochs,2026|Cup|2026-01-18|Hanwha Life Esports|Nongshim RedForce,2026-01-18 08:05:24,Hanwha Life Esports,Nongshim RedForce,0,0.5175106525421143
pooled_matched_epochs,2026|Cup|2026-01-18|Kiwoom DRX|T1,2026-01-18 10:20:18,Kiwoom DRX,T1,0,0.447512686252594
pooled_matched_epochs,2026|Cup|2026-01-21|Dplus Kia|Nongshim RedForce,2026-01-21 08:05:24,Dplus Kia,Nongshim RedForce,1,0.5776684880256653
pooled_matched_epochs,2026|Cup|2026-01-21|DN SOOPers|Kiwoom DRX,2026-01-21 11:14:52,DN SOOPers,Kiwoom DRX,1,0.49609699845314026
pooled_matched_epochs,2026|Cup|2026-01-22|HANJIN BRION|Hanwha Life Esports,2026-01-22 08:05:25,HANJIN BRION,Hanwha Life Esports,0,0.5056190490722656
pooled_matched_epochs,2026|Cup|2026-01-22|BNK FEARX|Gen.G,2026-01-22 11:14:53,BNK FEARX,Gen.G,0,0.4248046875
pooled_matched_epochs,2026|Cup|2026-01-23|KT Rolster|T1,2026-01-23 08:04:55,KT Rolster,T1,0,0.4135938286781311
pooled_matched_epochs,2026|Cup|2026-01-23|Kiwoom DRX|Nongshim RedForce,2026-01-23 10:33:19,Kiwoom DRX,Nongshim RedForce,1,0.4845040440559387
pooled_matched_epochs,2026|Cup|2026-01-24|DN SOOPers|Hanwha Life Esports,2026-01-24 08:04:56,DN SOOPers,Hanwha Life Esports,0,0.48459577560424805
pooled_matched_epochs,2026|Cup|2026-01-24|Dplus Kia|Gen.G,2026-01-24 11:24:48,Dplus Kia,Gen.G,0,0.43865132331848145
pooled_matched_epochs,2026|Cup|2026-01-25|BNK FEARX|T1,2026-01-25 08:05:39,BNK FEARX,T1,0,0.4698208272457123
pooled_matched_epochs,2026|Cup|2026-01-25|HANJIN BRION|KT Rolster,2026-01-25 11:28:02,HANJIN BRION,KT Rolster,0,0.5276360511779785
pooled_matched_epochs,2026|Cup|2026-01-28|HANJIN BRION|Kiwoom DRX,2026-01-28 08:04:54,HANJIN BRION,Kiwoom DRX,0,0.5043246746063232
pooled_matched_epochs,2026|Cup|2026-01-29|BNK FEARX|DN SOOPers,2026-01-29 08:07:19,BNK FEARX,DN SOOPers,1,0.44741135835647583
pooled_matched_epochs,2026|Cup|2026-01-30|KT Rolster|Nongshim RedForce,2026-01-30 08:05:48,KT Rolster,Nongshim RedForce,0,0.4739654064178467
pooled_matched_epochs,2026|Cup|2026-01-31|Dplus Kia|T1,2026-01-31 08:17:53,Dplus Kia,T1,0,0.468569278717041
pooled_matched_epochs,2026|Cup|2026-02-01|Gen.G|Hanwha Life Esports,2026-02-01 08:08:08,Gen.G,Hanwha Life Esports,1,0.5819846391677856
pooled_matched_epochs,2026|Cup|2026-02-06|HANJIN BRION|Kiwoom DRX,2026-02-06 08:05:10,HANJIN BRION,Kiwoom DRX,0,0.48088952898979187
pooled_matched_epochs,2026|Cup|2026-02-06|DN SOOPers|KT Rolster,2026-02-06 10:59:51,DN SOOPers,KT Rolster,1,0.4833219051361084
pooled_matched_epochs,2026|Cup|2026-02-07|Dplus Kia|Kiwoom DRX,2026-02-07 08:07:00,Dplus Kia,Kiwoom DRX,1,0.4001299738883972
pooled_matched_epochs,2026|Cup|2026-02-07|DN SOOPers|Nongshim RedForce,2026-02-07 10:09:22,DN SOOPers,Nongshim RedForce,1,0.499115914106369
pooled_matched_epochs,2026|Cup|2026-02-08|Kiwoom DRX|Nongshim RedForce,2026-02-08 08:06:06,Kiwoom DRX,Nongshim RedForce,1,0.4490405023097992
pooled_matched_epochs,2026|Cup|2026-02-12|BNK FEARX|DN SOOPers,2026-02-12 08:04:05,BNK FEARX,DN SOOPers,1,0.4960949420928955
pooled_matched_epochs,2026|Cup|2026-02-13|Dplus Kia|Kiwoom DRX,2026-02-13 08:06:47,Dplus Kia,Kiwoom DRX,1,0.5546278953552246
pooled_matched_epochs,2026|Cup|2026-02-14|Dplus Kia|Gen.G,2026-02-14 08:07:25,Dplus Kia,Gen.G,0,0.47054997086524963
pooled_matched_epochs,2026|Cup|2026-02-15|BNK FEARX|T1,2026-02-15 08:05:24,BNK FEARX,T1,1,0.5111474990844727
pooled_matched_epochs,2026|Cup|2026-02-19|DN SOOPers|Kiwoom DRX,2026-02-19 08:06:05,DN SOOPers,Kiwoom DRX,1,0.5293340682983398
pooled_matched_epochs,2026|Cup|2026-02-20|DN SOOPers|Dplus Kia,2026-02-20 08:06:25,DN SOOPers,Dplus Kia,0,0.573000967502594
pooled_matched_epochs,2026|Cup|2026-02-21|BNK FEARX|Gen.G,2026-02-21 08:08:52,BNK FEARX,Gen.G,0,0.5151329636573792
pooled_matched_epochs,2026|Cup|2026-02-22|Dplus Kia|T1,2026-02-22 08:08:41,Dplus Kia,T1,1,0.5322597026824951
pooled_matched_epochs,2026|Cup|2026-02-28|BNK FEARX|Dplus Kia,2026-02-28 08:23:00,BNK FEARX,Dplus Kia,1,0.5003015995025635
pooled_matched_epochs,2026|Cup|2026-03-01|BNK FEARX|Gen.G,2026-03-01 08:22:46,BNK FEARX,Gen.G,0,0.4912498891353607
pooled_matched_epochs,2026|Rounds 1-2|2026-04-01|HANJIN BRION|Hanwha Life Esports,2026-04-01 08:11:43,HANJIN BRION,Hanwha Life Esports,0,0.48754173517227173
pooled_matched_epochs,2026|Rounds 1-2|2026-04-01|KT Rolster|T1,2026-04-01 10:23:34,KT Rolster,T1,1,0.5075049996376038
pooled_matched_epochs,2026|Rounds 1-2|2026-04-02|Dplus Kia|Nongshim RedForce,2026-04-02 08:08:29,Dplus Kia,Nongshim RedForce,0,0.5052133798599243
pooled_matched_epochs,2026|Rounds 1-2|2026-04-02|DN SOOPers|Kiwoom DRX,2026-04-02 10:15:16,DN SOOPers,Kiwoom DRX,1,0.5242111682891846
pooled_matched_epochs,2026|Rounds 1-2|2026-04-03|Gen.G|KT Rolster,2026-04-03 08:10:24,Gen.G,KT Rolster,0,0.5777544975280762
pooled_matched_epochs,2026|Rounds 1-2|2026-04-03|BNK FEARX|HANJIN BRION,2026-04-03 11:10:37,BNK FEARX,HANJIN BRION,0,0.5123528242111206
pooled_matched_epochs,2026|Rounds 1-2|2026-04-04|Hanwha Life Esports|T1,2026-04-04 08:08:38,Hanwha Life Esports,T1,0,0.5314366817474365
pooled_matched_epochs,2026|Rounds 1-2|2026-04-04|Dplus Kia|Kiwoom DRX,2026-04-04 10:30:33,Dplus Kia,Kiwoom DRX,1,0.4999399781227112
pooled_matched_epochs,2026|Rounds 1-2|2026-04-05|DN SOOPers|Nongshim RedForce,2026-04-05 08:10:33,DN SOOPers,Nongshim RedForce,0,0.4903091788291931
pooled_matched_epochs,2026|Rounds 1-2|2026-04-05|BNK FEARX|Gen.G,2026-04-05 10:22:53,BNK FEARX,Gen.G,0,0.446119487285614
pooled_matched_epochs,2026|Rounds 1-2|2026-04-08|Dplus Kia|Hanwha Life Esports,2026-04-08 08:06:29,Dplus Kia,Hanwha Life Esports,0,0.47906917333602905
pooled_matched_epochs,2026|Rounds 1-2|2026-04-08|Gen.G|T1,2026-04-08 10:19:02,Gen.G,T1,1,0.5531724691390991
pooled_matched_epochs,2026|Rounds 1-2|2026-04-09|HANJIN BRION|Kiwoom DRX,2026-04-09 08:06:21,HANJIN BRION,Kiwoom DRX,0,0.5353881120681763
pooled_matched_epochs,2026|Rounds 1-2|2026-04-09|KT Rolster|Nongshim RedForce,2026-04-09 11:25:00,KT Rolster,Nongshim RedForce,1,0.45540040731430054
pooled_matched_epochs,2026|Rounds 1-2|2026-04-10|DN SOOPers|T1,2026-04-10 08:09:34,DN SOOPers,T1,0,0.5178215503692627
pooled_matched_epochs,2026|Rounds 1-2|2026-04-10|BNK FEARX|Hanwha Life Esports,2026-04-10 10:10:47,BNK FEARX,Hanwha Life Esports,0,0.4379086494445801
pooled_matched_epochs,2026|Rounds 1-2|2026-04-11|Kiwoom DRX|Nongshim RedForce,2026-04-11 08:06:17,Kiwoom DRX,Nongshim RedForce,1,0.4338802695274353
pooled_matched_epochs,2026|Rounds 1-2|2026-04-11|Dplus Kia|Gen.G,2026-04-11 10:14:53,Dplus Kia,Gen.G,1,0.3962177038192749
pooled_matched_epochs,2026|Rounds 1-2|2026-04-12|BNK FEARX|DN SOOPers,2026-04-12 08:05:05,BNK FEARX,DN SOOPers,1,0.4851914346218109
pooled_matched_epochs,2026|Rounds 1-2|2026-04-12|HANJIN BRION|KT Rolster,2026-04-12 10:09:24,HANJIN BRION,KT Rolster,0,0.4968981146812439
pooled_matched_epochs,2026|Rounds 1-2|2026-04-15|BNK FEARX|Nongshim RedForce,2026-04-15 08:04:27,BNK FEARX,Nongshim RedForce,0,0.5590502023696899
pooled_matched_epochs,2026|Rounds 1-2|2026-04-15|Dplus Kia|KT Rolster,2026-04-15 10:10:22,Dplus Kia,KT Rolster,0,0.39512836933135986
pooled_matched_epochs,2026|Rounds 1-2|2026-04-16|Gen.G|HANJIN BRION,2026-04-16 08:07:45,Gen.G,HANJIN BRION,1,0.5608540177345276
pooled_matched_epochs,2026|Rounds 1-2|2026-04-16|DN SOOPers|Hanwha Life Esports,2026-04-16 10:19:53,DN SOOPers,Hanwha Life Esports,0,0.4012763500213623
pooled_matched_epochs,2026|Rounds 1-2|2026-04-17|BNK FEARX|Kiwoom DRX,2026-04-17 08:09:20,BNK FEARX,Kiwoom DRX,1,0.44515588879585266
pooled_matched_epochs,2026|Rounds 1-2|2026-04-17|Dplus Kia|T1,2026-04-17 10:18:08,Dplus Kia,T1,1,0.4988570213317871
pooled_matched_epochs,2026|Rounds 1-2|2026-04-18|Gen.G|Hanwha Life Esports,2026-04-18 08:07:24,Gen.G,Hanwha Life Esports,0,0.46881103515625
pooled_matched_epochs,2026|Rounds 1-2|2026-04-18|DN SOOPers|KT Rolster,2026-04-18 10:19:42,DN SOOPers,KT Rolster,0,0.40452659130096436
pooled_matched_epochs,2026|Rounds 1-2|2026-04-19|HANJIN BRION|Nongshim RedForce,2026-04-19 08:06:04,HANJIN BRION,Nongshim RedForce,0,0.459521621465683
pooled_matched_epochs,2026|Rounds 1-2|2026-04-19|Kiwoom DRX|T1,2026-04-19 11:23:50,Kiwoom DRX,T1,0,0.4983484745025635
pooled_matched_epochs,2026|Rounds 1-2|2026-04-22|KT Rolster|Kiwoom DRX,2026-04-22 08:04:37,KT Rolster,Kiwoom DRX,1,0.5680509805679321
pooled_matched_epochs,2026|Rounds 1-2|2026-04-22|Hanwha Life Esports|Nongshim RedForce,2026-04-22 10:16:00,Hanwha Life Esports,Nongshim RedForce,1,0.5629733204841614
pooled_matched_epochs,2026|Rounds 1-2|2026-04-23|Dplus Kia|HANJIN BRION,2026-04-23 08:05:27,Dplus Kia,HANJIN BRION,1,0.510493278503418
pooled_matched_epochs,2026|Rounds 1-2|2026-04-23|DN SOOPers|Gen.G,2026-04-23 10:15:14,DN SOOPers,Gen.G,0,0.4712967276573181
pooled_matched_epochs,2026|Rounds 1-2|2026-04-24|BNK FEARX|KT Rolster,2026-04-24 08:07:08,BNK FEARX,KT Rolster,0,0.4167627990245819
pooled_matched_epochs,2026|Rounds 1-2|2026-04-24|Hanwha Life Esports|Kiwoom DRX,2026-04-24 10:32:53,Hanwha Life Esports,Kiwoom DRX,1,0.5932328701019287
pooled_matched_epochs,2026|Rounds 1-2|2026-04-25|HANJIN BRION|T1,2026-04-25 08:07:29,HANJIN BRION,T1,0,0.4627917408943176
pooled_matched_epochs,2026|Rounds 1-2|2026-04-25|DN SOOPers|Dplus Kia,2026-04-25 10:52:42,DN SOOPers,Dplus Kia,0,0.4222537875175476
pooled_matched_epochs,2026|Rounds 1-2|2026-04-26|BNK FEARX|T1,2026-04-26 08:06:17,BNK FEARX,T1,0,0.4487834572792053
pooled_matched_epochs,2026|Rounds 1-2|2026-04-26|Gen.G|Nongshim RedForce,2026-04-26 10:15:14,Gen.G,Nongshim RedForce,1,0.516995370388031
pooled_matched_epochs,2026|Rounds 1-2|2026-04-29|Nongshim RedForce|T1,2026-04-29 08:05:12,Nongshim RedForce,T1,0,0.4357241094112396
pooled_matched_epochs,2026|Rounds 1-2|2026-04-29|Hanwha Life Esports|KT Rolster,2026-04-29 10:15:19,Hanwha Life Esports,KT Rolster,1,0.44508248567581177
pooled_matched_epochs,2026|Rounds 1-2|2026-04-30|Gen.G|Kiwoom DRX,2026-04-30 08:06:44,Gen.G,Kiwoom DRX,1,0.6021283864974976
pooled_matched_epochs,2026|Rounds 1-2|2026-04-30|BNK FEARX|Dplus Kia,2026-04-30 11:13:48,BNK FEARX,Dplus Kia,0,0.4098898768424988
pooled_matched_epochs,2026|Rounds 1-2|2026-05-01|DN SOOPers|HANJIN BRION,2026-05-01 08:06:11,DN SOOPers,HANJIN BRION,0,0.493716299533844
pooled_matched_epochs,2026|Rounds 1-2|2026-05-01|Hanwha Life Esports|T1,2026-05-01 10:22:34,Hanwha Life Esports,T1,1,0.4817662537097931
pooled_matched_epochs,2026|Rounds 1-2|2026-05-02|Dplus Kia|Gen.G,2026-05-02 08:06:29,Dplus Kia,Gen.G,0,0.4965800642967224
pooled_matched_epochs,2026|Rounds 1-2|2026-05-02|Kiwoom DRX|Nongshim RedForce,2026-05-02 11:03:54,Kiwoom DRX,Nongshim RedForce,1,0.5135119557380676
pooled_matched_epochs,2026|Rounds 1-2|2026-05-03|HANJIN BRION|KT Rolster,2026-05-03 08:05:43,HANJIN BRION,KT Rolster,1,0.46295076608657837
pooled_matched_epochs,2026|Rounds 1-2|2026-05-03|BNK FEARX|DN SOOPers,2026-05-03 10:24:27,BNK FEARX,DN SOOPers,1,0.5037778615951538
pooled_matched_epochs,2026|Rounds 1-2|2026-05-06|Gen.G|Nongshim RedForce,2026-05-06 08:06:15,Gen.G,Nongshim RedForce,1,0.5621583461761475
pooled_matched_epochs,2026|Rounds 1-2|2026-05-06|DN SOOPers|Hanwha Life Esports,2026-05-06 10:34:43,DN SOOPers,Hanwha Life Esports,0,0.4042215645313263
pooled_matched_epochs,2026|Rounds 1-2|2026-05-07|Dplus Kia|KT Rolster,2026-05-07 08:07:34,Dplus Kia,KT Rolster,0,0.5090261697769165
pooled_matched_epochs,2026|Rounds 1-2|2026-05-07|BNK FEARX|HANJIN BRION,2026-05-07 10:30:17,BNK FEARX,HANJIN BRION,0,0.4424278438091278
pooled_matched_epochs,2026|Rounds 1-2|2026-05-08|DN SOOPers|T1,2026-05-08 08:05:48,DN SOOPers,T1,0,0.44034314155578613
pooled_matched_epochs,2026|Rounds 1-2|2026-05-08|Gen.G|Kiwoom DRX,2026-05-08 10:40:52,Gen.G,Kiwoom DRX,1,0.4989006519317627
pooled_matched_epochs,2026|Rounds 1-2|2026-05-09|BNK FEARX|KT Rolster,2026-05-09 08:06:41,BNK FEARX,KT Rolster,1,0.4977990388870239
pooled_matched_epochs,2026|Rounds 1-2|2026-05-09|HANJIN BRION|Nongshim RedForce,2026-05-09 10:15:45,HANJIN BRION,Nongshim RedForce,1,0.5878156423568726
pooled_matched_epochs,2026|Rounds 1-2|2026-05-10|Dplus Kia|T1,2026-05-10 08:09:29,Dplus Kia,T1,0,0.45418041944503784
pooled_matched_epochs,2026|Rounds 1-2|2026-05-10|Hanwha Life Esports|Kiwoom DRX,2026-05-10 10:31:52,Hanwha Life Esports,Kiwoom DRX,1,0.5522130131721497
pooled_matched_epochs,2026|Rounds 1-2|2026-05-13|Nongshim RedForce|T1,2026-05-13 08:06:21,Nongshim RedForce,T1,0,0.43284448981285095
pooled_matched_epochs,2026|Rounds 1-2|2026-05-13|DN SOOPers|Dplus Kia,2026-05-13 10:12:11,DN SOOPers,Dplus Kia,0,0.4877750873565674
pooled_matched_epochs,2026|Rounds 1-2|2026-05-14|BNK FEARX|Gen.G,2026-05-14 08:07:03,BNK FEARX,Gen.G,0,0.44366443157196045
pooled_matched_epochs,2026|Rounds 1-2|2026-05-14|KT Rolster|Kiwoom DRX,2026-05-14 10:15:56,KT Rolster,Kiwoom DRX,1,0.5135560631752014
pooled_matched_epochs,2026|Rounds 1-2|2026-05-15|Dplus Kia|Hanwha Life Esports,2026-05-15 08:07:51,Dplus Kia,Hanwha Life Esports,0,0.46080100536346436
pooled_matched_epochs,2026|Rounds 1-2|2026-05-15|DN SOOPers|HANJIN BRION,2026-05-15 10:22:39,DN SOOPers,HANJIN BRION,0,0.41175633668899536
pooled_matched_epochs,2026|Rounds 1-2|2026-05-16|Gen.G|T1,2026-05-16 08:05:55,Gen.G,T1,0,0.5276056528091431
pooled_matched_epochs,2026|Rounds 1-2|2026-05-16|BNK FEARX|Nongshim RedForce,2026-05-16 11:30:05,BNK FEARX,Nongshim RedForce,1,0.5411310195922852
pooled_matched_epochs,2026|Rounds 1-2|2026-05-17|Hanwha Life Esports|KT Rolster,2026-05-17 08:05:58,Hanwha Life Esports,KT Rolster,0,0.5669882297515869
pooled_matched_epochs,2026|Rounds 1-2|2026-05-17|HANJIN BRION|Kiwoom DRX,2026-05-17 11:06:33,HANJIN BRION,Kiwoom DRX,0,0.6020110249519348
pooled_matched_epochs,2026|Rounds 1-2|2026-05-20|Kiwoom DRX|T1,2026-05-20 08:05:29,Kiwoom DRX,T1,0,0.4730708599090576
pooled_matched_epochs,2026|Rounds 1-2|2026-05-20|KT Rolster|Nongshim RedForce,2026-05-20 11:01:11,KT Rolster,Nongshim RedForce,1,0.5152264833450317
pooled_matched_epochs,2026|Rounds 1-2|2026-05-21|BNK FEARX|Hanwha Life Esports,2026-05-21 08:06:57,BNK FEARX,Hanwha Life Esports,0,0.4935694932937622
pooled_matched_epochs,2026|Rounds 1-2|2026-05-21|Dplus Kia|HANJIN BRION,2026-05-21 10:22:05,Dplus Kia,HANJIN BRION,1,0.47344473004341125
pooled_matched_epochs,2026|Rounds 1-2|2026-05-22|DN SOOPers|Kiwoom DRX,2026-05-22 08:06:39,DN SOOPers,Kiwoom DRX,0,0.438812792301178
pooled_matched_epochs,2026|Rounds 1-2|2026-05-22|Gen.G|KT Rolster,2026-05-22 10:20:35,Gen.G,KT Rolster,1,0.5410032272338867
pooled_matched_epochs,2026|Rounds 1-2|2026-05-23|BNK FEARX|Dplus Kia,2026-05-23 08:06:07,BNK FEARX,Dplus Kia,0,0.5088590979576111
pooled_matched_epochs,2026|Rounds 1-2|2026-05-23|Hanwha Life Esports|Nongshim RedForce,2026-05-23 11:15:14,Hanwha Life Esports,Nongshim RedForce,1,0.5399585962295532
pooled_matched_epochs,2026|Rounds 1-2|2026-05-24|DN SOOPers|Gen.G,2026-05-24 08:06:42,DN SOOPers,Gen.G,0,0.4336974620819092
pooled_matched_epochs,2026|Rounds 1-2|2026-05-24|HANJIN BRION|T1,2026-05-24 10:10:10,HANJIN BRION,T1,0,0.4224439859390259
pooled_matched_epochs,2026|Rounds 1-2|2026-05-27|Gen.G|Hanwha Life Esports,2026-05-27 08:06:37,Gen.G,Hanwha Life Esports,1,0.48862457275390625
pooled_matched_epochs,2026|Rounds 1-2|2026-05-27|BNK FEARX|Kiwoom DRX,2026-05-27 11:17:26,BNK FEARX,Kiwoom DRX,1,0.44050318002700806
pooled_matched_epochs,2026|Rounds 1-2|2026-05-28|DN SOOPers|Nongshim RedForce,2026-05-28 08:03:36,DN SOOPers,Nongshim RedForce,0,0.48193883895874023
pooled_matched_epochs,2026|Rounds 1-2|2026-05-28|KT Rolster|T1,2026-05-28 11:03:41,KT Rolster,T1,0,0.4536600112915039
pooled_matched_epochs,2026|Rounds 1-2|2026-05-29|Dplus Kia|Kiwoom DRX,2026-05-29 08:09:08,Dplus Kia,Kiwoom DRX,1,0.45806971192359924
pooled_matched_epochs,2026|Rounds 1-2|2026-05-29|Gen.G|HANJIN BRION,2026-05-29 11:07:01,Gen.G,HANJIN BRION,1,0.6017061471939087
pooled_matched_epochs,2026|Rounds 1-2|2026-05-30|DN SOOPers|KT Rolster,2026-05-30 08:05:58,DN SOOPers,KT Rolster,0,0.4847906827926636
pooled_matched_epochs,2026|Rounds 1-2|2026-05-30|BNK FEARX|T1,2026-05-30 10:20:58,BNK FEARX,T1,0,0.4470612704753876
pooled_matched_epochs,2026|Rounds 1-2|2026-05-31|HANJIN BRION|Hanwha Life Esports,2026-05-31 08:06:48,HANJIN BRION,Hanwha Life Esports,0,0.4410070478916168
pooled_matched_epochs,2026|Rounds 1-2|2026-05-31|Dplus Kia|Nongshim RedForce,2026-05-31 10:17:32,Dplus Kia,Nongshim RedForce,1,0.5129530429840088
pooled_matched_epochs,2026|Rounds 1-2|2026-06-06|Dplus Kia|HANJIN BRION,2026-06-06 08:12:31,Dplus Kia,HANJIN BRION,1,0.6177234649658203
pooled_matched_epochs,2026|Rounds 1-2|2026-06-07|Dplus Kia|KT Rolster,2026-06-07 08:09:33,Dplus Kia,KT Rolster,0,0.623767077922821
pooled_matched_epochs,2026|Rounds 1-2|2026-06-12|Hanwha Life Esports|T1,2026-06-12 08:25:00,Hanwha Life Esports,T1,1,0.42212992906570435
pooled_matched_epochs,2026|Rounds 1-2|2026-06-13|Gen.G|KT Rolster,2026-06-13 06:22:36,Gen.G,KT Rolster,1,0.6215310096740723
pooled_matched_epochs,2026|Rounds 1-2|2026-06-14|Gen.G|T1,2026-06-14 06:27:21,Gen.G,T1,0,0.5740104913711548
pooled_matched_epochs,2026|Rounds 3-4|2026-07-29|Kiwoom DRX|Nongshim RedForce,2026-07-29 08:05:41,Kiwoom DRX,Nongshim RedForce,0,0.5132523775100708
pooled_matched_epochs,2026|Rounds 3-4|2026-07-29|KT Rolster|T1,2026-07-29 10:14:12,KT Rolster,T1,1,0.49651259183883667
pooled_matched_epochs,2026|Rounds 3-4|2026-07-30|BNK FEARX|DN SOOPers,2026-07-30 08:07:12,BNK FEARX,DN SOOPers,1,0.5107129812240601
pooled_matched_epochs,2026|Rounds 3-4|2026-07-30|Dplus Kia|Hanwha Life Esports,2026-07-30 10:17:39,Dplus Kia,Hanwha Life Esports,1,0.4683183431625366
pooled_matched_epochs,2026|Rounds 3-4|2026-07-31|Gen.G|T1,2026-07-31 08:15:35,Gen.G,T1,0,0.531934380531311
pooled_matched_epochs,2026|Rounds 3-4|2026-07-31|HANJIN BRION|Kiwoom DRX,2026-07-31 10:28:31,HANJIN BRION,Kiwoom DRX,0,0.484399676322937
pooled_matched_epochs,2026|Rounds 3-4|2026-08-01|BNK FEARX|Nongshim RedForce,2026-08-01 08:05:28,BNK FEARX,Nongshim RedForce,0,0.49373945593833923
pooled_matched_epochs,2026|Rounds 3-4|2026-08-02|DN SOOPers|HANJIN BRION,2026-08-02 08:07:10,DN SOOPers,HANJIN BRION,1,0.5068015456199646
pooled_matched_epochs,2026|Rounds 3-4|2026-08-02|Hanwha Life Esports|KT Rolster,2026-08-02 11:27:57,Hanwha Life Esports,KT Rolster,0,0.5320524573326111
pooled_matched_epochs,2026|Rounds 3-4|2026-08-05|HANJIN BRION|Nongshim RedForce,2026-08-05 08:04:53,HANJIN BRION,Nongshim RedForce,1,0.3982614576816559
pooled_matched_epochs,2026|Rounds 3-4|2026-08-05|Gen.G|Hanwha Life Esports,2026-08-05 11:19:04,Gen.G,Hanwha Life Esports,1,0.4820877015590668
pooled_matched_epochs,2026|Rounds 3-4|2026-08-06|DN SOOPers|Kiwoom DRX,2026-08-06 08:07:39,DN SOOPers,Kiwoom DRX,0,0.49442172050476074
pooled_matched_epochs,2026|Rounds 3-4|2026-08-06|Dplus Kia|T1,2026-08-06 10:15:34,Dplus Kia,T1,0,0.4943937659263611
pooled_matched_epochs,2026|Rounds 3-4|2026-08-07|Gen.G|KT Rolster,2026-08-07 08:07:40,Gen.G,KT Rolster,1,0.46336984634399414
pooled_matched_epochs,2026|Rounds 3-4|2026-08-07|BNK FEARX|HANJIN BRION,2026-08-07 10:11:30,BNK FEARX,HANJIN BRION,0,0.5120619535446167
pooled_matched_epochs,2026|Rounds 3-4|2026-08-08|Hanwha Life Esports|T1,2026-08-08 08:08:11,Hanwha Life Esports,T1,1,0.4781956672668457
pooled_matched_epochs,2026|Rounds 3-4|2026-08-08|DN SOOPers|Nongshim RedForce,2026-08-08 11:16:34,DN SOOPers,Nongshim RedForce,1,0.48769497871398926
pooled_matched_epochs,2026|Rounds 3-4|2026-08-09|Dplus Kia|KT Rolster,2026-08-09 08:07:07,Dplus Kia,KT Rolster,1,0.48906874656677246
pooled_matched_epochs,2026|Rounds 3-4|2026-08-09|BNK FEARX|Kiwoom DRX,2026-08-09 11:01:09,BNK FEARX,Kiwoom DRX,1,0.42269790172576904
pooled_matched_epochs,2026|Rounds 3-4|2026-08-12|DN SOOPers|Nongshim RedForce,2026-08-12 08:07:18,DN SOOPers,Nongshim RedForce,1,0.49606165289878845
pooled_matched_epochs,2026|Rounds 3-4|2026-08-12|Dplus Kia|KT Rolster,2026-08-12 11:02:08,Dplus Kia,KT Rolster,1,0.5128185749053955
pooled_matched_epochs,2026|Rounds 3-4|2026-08-13|BNK FEARX|Kiwoom DRX,2026-08-13 08:06:50,BNK FEARX,Kiwoom DRX,1,0.4565544128417969
pooled_matched_epochs,2026|Rounds 3-4|2026-08-13|Gen.G|Hanwha Life Esports,2026-08-13 11:04:48,Gen.G,Hanwha Life Esports,1,0.5449951887130737
pooled_matched_epochs,2026|Rounds 3-4|2026-08-14|Dplus Kia|T1,2026-08-14 08:08:00,Dplus Kia,T1,1,0.5249404907226562
pooled_matched_epochs,2026|Rounds 3-4|2026-08-14|HANJIN BRION|Nongshim RedForce,2026-08-14 11:28:48,HANJIN BRION,Nongshim RedForce,0,0.5419356822967529
pooled_matched_epochs,2026|Rounds 3-4|2026-08-15|Hanwha Life Esports|KT Rolster,2026-08-15 08:08:03,Hanwha Life Esports,KT Rolster,1,0.5200284719467163
pooled_matched_epochs,2026|Rounds 3-4|2026-08-15|BNK FEARX|DN SOOPers,2026-08-15 11:08:43,BNK FEARX,DN SOOPers,0,0.5258329510688782
pooled_matched_epochs,2026|Rounds 3-4|2026-08-16|Gen.G|T1,2026-08-16 08:07:26,Gen.G,T1,1,0.5811315774917603
pooled_matched_epochs,2026|Rounds 3-4|2026-08-16|HANJIN BRION|Kiwoom DRX,2026-08-16 10:44:01,HANJIN BRION,Kiwoom DRX,1,0.536422610282898
pooled_matched_epochs,2026|Rounds 3-4|2026-08-19|Gen.G|KT Rolster,2026-08-19 08:05:49,Gen.G,KT Rolster,1,0.594717264175415
pooled_matched_epochs,2026|Rounds 3-4|2026-08-19|DN SOOPers|HANJIN BRION,2026-08-19 11:22:14,DN SOOPers,HANJIN BRION,0,0.5533775091171265
pooled_matched_epochs,2026|Rounds 3-4|2026-08-20|Dplus Kia|Hanwha Life Esports,2026-08-20 08:07:41,Dplus Kia,Hanwha Life Esports,0,0.5120046734809875
pooled_matched_epochs,2026|Rounds 3-4|2026-08-20|Kiwoom DRX|Nongshim RedForce,2026-08-20 10:33:18,Kiwoom DRX,Nongshim RedForce,0,0.4256420135498047
pooled_matched_epochs,2026|Rounds 3-4|2026-08-21|BNK FEARX|HANJIN BRION,2026-08-21 08:07:26,BNK FEARX,HANJIN BRION,1,0.4489281475543976
pooled_matched_epochs,2026|Rounds 3-4|2026-08-21|KT Rolster|T1,2026-08-21 11:24:11,KT Rolster,T1,0,0.5003563165664673
pooled_matched_epochs,2026|Rounds 3-4|2026-08-22|Dplus Kia|Gen.G,2026-08-22 08:08:17,Dplus Kia,Gen.G,1,0.45676928758621216
pooled_matched_epochs,2026|Rounds 3-4|2026-08-22|DN SOOPers|Kiwoom DRX,2026-08-22 11:31:02,DN SOOPers,Kiwoom DRX,1,0.5308172702789307
pooled_matched_epochs,2026|Rounds 3-4|2026-08-23|Hanwha Life Esports|T1,2026-08-23 08:07:42,Hanwha Life Esports,T1,1,0.5598357319831848
pooled_matched_epochs,2026|Rounds 3-4|2026-08-23|BNK FEARX|Nongshim RedForce,2026-08-23 10:20:23,BNK FEARX,Nongshim RedForce,0,0.4515329599380493
pooled_matched_epochs,2026|Rounds 3-4|2026-08-26|HANJIN BRION|KT Rolster,2026-08-26 08:08:21,HANJIN BRION,KT Rolster,0,0.5192192792892456
pooled_matched_epochs,2026|Rounds 3-4|2026-08-27|BNK FEARX|Nongshim RedForce,2026-08-27 08:07:15,BNK FEARX,Nongshim RedForce,1,0.4285101890563965
pooled_matched_epochs,2026|Rounds 3-4|2026-08-28|BNK FEARX|HANJIN BRION,2026-08-28 08:06:46,BNK FEARX,HANJIN BRION,1,0.5283684730529785
pooled_matched_epochs,2026|Rounds 3-4|2026-08-29|BNK FEARX|T1,2026-08-29 08:07:39,BNK FEARX,T1,0,0.5554853677749634
pooled_matched_epochs,2026|Rounds 3-4|2026-08-30|Dplus Kia|KT Rolster,2026-08-30 08:10:04,Dplus Kia,KT Rolster,0,0.47219881415367126
pooled_matched_epochs,2026|Rounds 3-4|2026-09-01|Gen.G|KT Rolster,2026-09-01 08:11:13,Gen.G,KT Rolster,1,0.4328365921974182
pooled_matched_epochs,2026|Rounds 3-4|2026-09-02|Hanwha Life Esports|T1,2026-09-02 08:11:08,Hanwha Life Esports,T1,1,0.5770601630210876
pooled_matched_epochs,2026|Rounds 3-4|2026-09-03|BNK FEARX|Dplus Kia,2026-09-03 08:07:55,BNK FEARX,Dplus Kia,0,0.4573547840118408
pooled_matched_epochs,2026|Rounds 3-4|2026-09-04|Dplus Kia|KT Rolster,2026-09-04 08:07:52,Dplus Kia,KT Rolster,1,0.5467818975448608
pooled_matched_epochs,2026|Rounds 3-4|2026-09-05|Gen.G|Hanwha Life Esports,2026-09-05 08:08:15,Gen.G,Hanwha Life Esports,1,0.4841513931751251
pooled_matched_epochs,2026|Rounds 3-4|2026-09-06|Dplus Kia|T1,2026-09-06 08:09:36,Dplus Kia,T1,0,0.5905328989028931
pooled_matched_epochs,2026|Rounds 3-4|2026-09-12|Hanwha Life Esports|T1,2026-09-12 05:21:16,Hanwha Life Esports,T1,1,0.4780280590057373
selected_2025,2026|Cup|2026-01-14|DN SOOPers|KT Rolster,2026-01-14 08:13:43,DN SOOPers,KT Rolster,0,0.4920293688774109
selected_2025,2026|Cup|2026-01-14|Dplus Kia|HANJIN BRION,2026-01-14 11:22:18,Dplus Kia,HANJIN BRION,1,0.5284383296966553
selected_2025,2026|Cup|2026-01-15|Gen.G|Kiwoom DRX,2026-01-15 08:05:23,Gen.G,Kiwoom DRX,1,0.6137320399284363
selected_2025,2026|Cup|2026-01-15|BNK FEARX|Nongshim RedForce,2026-01-15 10:15:24,BNK FEARX,Nongshim RedForce,1,0.505717933177948
selected_2025,2026|Cup|2026-01-16|DN SOOPers|Dplus Kia,2026-01-16 08:05:40,DN SOOPers,Dplus Kia,0,0.42848366498947144
selected_2025,2026|Cup|2026-01-16|Hanwha Life Esports|T1,2026-01-16 10:08:16,Hanwha Life Esports,T1,0,0.5428228378295898
selected_2025,2026|Cup|2026-01-17|BNK FEARX|HANJIN BRION,2026-01-17 08:05:53,BNK FEARX,HANJIN BRION,1,0.5720897912979126
selected_2025,2026|Cup|2026-01-17|Gen.G|KT Rolster,2026-01-17 11:10:45,Gen.G,KT Rolster,1,0.5989134311676025
selected_2025,2026|Cup|2026-01-18|Hanwha Life Esports|Nongshim RedForce,2026-01-18 08:05:24,Hanwha Life Esports,Nongshim RedForce,0,0.5313456058502197
selected_2025,2026|Cup|2026-01-18|Kiwoom DRX|T1,2026-01-18 10:20:18,Kiwoom DRX,T1,0,0.44362401962280273
selected_2025,2026|Cup|2026-01-21|Dplus Kia|Nongshim RedForce,2026-01-21 08:05:24,Dplus Kia,Nongshim RedForce,1,0.5823707580566406
selected_2025,2026|Cup|2026-01-21|DN SOOPers|Kiwoom DRX,2026-01-21 11:14:52,DN SOOPers,Kiwoom DRX,1,0.48799818754196167
selected_2025,2026|Cup|2026-01-22|HANJIN BRION|Hanwha Life Esports,2026-01-22 08:05:25,HANJIN BRION,Hanwha Life Esports,0,0.5002201795578003
selected_2025,2026|Cup|2026-01-22|BNK FEARX|Gen.G,2026-01-22 11:14:53,BNK FEARX,Gen.G,0,0.43494510650634766
selected_2025,2026|Cup|2026-01-23|KT Rolster|T1,2026-01-23 08:04:55,KT Rolster,T1,0,0.3984428644180298
selected_2025,2026|Cup|2026-01-23|Kiwoom DRX|Nongshim RedForce,2026-01-23 10:33:19,Kiwoom DRX,Nongshim RedForce,1,0.46968984603881836
selected_2025,2026|Cup|2026-01-24|DN SOOPers|Hanwha Life Esports,2026-01-24 08:04:56,DN SOOPers,Hanwha Life Esports,0,0.4699200987815857
selected_2025,2026|Cup|2026-01-24|Dplus Kia|Gen.G,2026-01-24 11:24:48,Dplus Kia,Gen.G,0,0.44304367899894714
selected_2025,2026|Cup|2026-01-25|BNK FEARX|T1,2026-01-25 08:05:39,BNK FEARX,T1,0,0.45779114961624146
selected_2025,2026|Cup|2026-01-25|HANJIN BRION|KT Rolster,2026-01-25 11:28:02,HANJIN BRION,KT Rolster,0,0.54069584608078
selected_2025,2026|Cup|2026-01-28|HANJIN BRION|Kiwoom DRX,2026-01-28 08:04:54,HANJIN BRION,Kiwoom DRX,0,0.5065531730651855
selected_2025,2026|Cup|2026-01-29|BNK FEARX|DN SOOPers,2026-01-29 08:07:19,BNK FEARX,DN SOOPers,1,0.4385075569152832
selected_2025,2026|Cup|2026-01-30|KT Rolster|Nongshim RedForce,2026-01-30 08:05:48,KT Rolster,Nongshim RedForce,0,0.46186569333076477
selected_2025,2026|Cup|2026-01-31|Dplus Kia|T1,2026-01-31 08:17:53,Dplus Kia,T1,0,0.4375098645687103
selected_2025,2026|Cup|2026-02-01|Gen.G|Hanwha Life Esports,2026-02-01 08:08:08,Gen.G,Hanwha Life Esports,1,0.5756116509437561
selected_2025,2026|Cup|2026-02-06|HANJIN BRION|Kiwoom DRX,2026-02-06 08:05:10,HANJIN BRION,Kiwoom DRX,0,0.5024845600128174
selected_2025,2026|Cup|2026-02-06|DN SOOPers|KT Rolster,2026-02-06 10:59:51,DN SOOPers,KT Rolster,1,0.48523348569869995
selected_2025,2026|Cup|2026-02-07|Dplus Kia|Kiwoom DRX,2026-02-07 08:07:00,Dplus Kia,Kiwoom DRX,1,0.37666475772857666
selected_2025,2026|Cup|2026-02-07|DN SOOPers|Nongshim RedForce,2026-02-07 10:09:22,DN SOOPers,Nongshim RedForce,1,0.47459733486175537
selected_2025,2026|Cup|2026-02-08|Kiwoom DRX|Nongshim RedForce,2026-02-08 08:06:06,Kiwoom DRX,Nongshim RedForce,1,0.4689908027648926
selected_2025,2026|Cup|2026-02-12|BNK FEARX|DN SOOPers,2026-02-12 08:04:05,BNK FEARX,DN SOOPers,1,0.5128877758979797
selected_2025,2026|Cup|2026-02-13|Dplus Kia|Kiwoom DRX,2026-02-13 08:06:47,Dplus Kia,Kiwoom DRX,1,0.5024067759513855
selected_2025,2026|Cup|2026-02-14|Dplus Kia|Gen.G,2026-02-14 08:07:25,Dplus Kia,Gen.G,0,0.4570879638195038
selected_2025,2026|Cup|2026-02-15|BNK FEARX|T1,2026-02-15 08:05:24,BNK FEARX,T1,1,0.4915553629398346
selected_2025,2026|Cup|2026-02-19|DN SOOPers|Kiwoom DRX,2026-02-19 08:06:05,DN SOOPers,Kiwoom DRX,1,0.5069090127944946
selected_2025,2026|Cup|2026-02-20|DN SOOPers|Dplus Kia,2026-02-20 08:06:25,DN SOOPers,Dplus Kia,0,0.5519394278526306
selected_2025,2026|Cup|2026-02-21|BNK FEARX|Gen.G,2026-02-21 08:08:52,BNK FEARX,Gen.G,0,0.5244206190109253
selected_2025,2026|Cup|2026-02-22|Dplus Kia|T1,2026-02-22 08:08:41,Dplus Kia,T1,1,0.5482503771781921
selected_2025,2026|Cup|2026-02-28|BNK FEARX|Dplus Kia,2026-02-28 08:23:00,BNK FEARX,Dplus Kia,1,0.5048317313194275
selected_2025,2026|Cup|2026-03-01|BNK FEARX|Gen.G,2026-03-01 08:22:46,BNK FEARX,Gen.G,0,0.515138566493988
selected_2025,2026|Rounds 1-2|2026-04-01|HANJIN BRION|Hanwha Life Esports,2026-04-01 08:11:43,HANJIN BRION,Hanwha Life Esports,0,0.48566707968711853
selected_2025,2026|Rounds 1-2|2026-04-01|KT Rolster|T1,2026-04-01 10:23:34,KT Rolster,T1,1,0.48979687690734863
selected_2025,2026|Rounds 1-2|2026-04-02|Dplus Kia|Nongshim RedForce,2026-04-02 08:08:29,Dplus Kia,Nongshim RedForce,0,0.5180768370628357
selected_2025,2026|Rounds 1-2|2026-04-02|DN SOOPers|Kiwoom DRX,2026-04-02 10:15:16,DN SOOPers,Kiwoom DRX,1,0.5226254463195801
selected_2025,2026|Rounds 1-2|2026-04-03|Gen.G|KT Rolster,2026-04-03 08:10:24,Gen.G,KT Rolster,0,0.5790667533874512
selected_2025,2026|Rounds 1-2|2026-04-03|BNK FEARX|HANJIN BRION,2026-04-03 11:10:37,BNK FEARX,HANJIN BRION,0,0.5240193605422974
selected_2025,2026|Rounds 1-2|2026-04-04|Hanwha Life Esports|T1,2026-04-04 08:08:38,Hanwha Life Esports,T1,0,0.5414908528327942
selected_2025,2026|Rounds 1-2|2026-04-04|Dplus Kia|Kiwoom DRX,2026-04-04 10:30:33,Dplus Kia,Kiwoom DRX,1,0.48790788650512695
selected_2025,2026|Rounds 1-2|2026-04-05|DN SOOPers|Nongshim RedForce,2026-04-05 08:10:33,DN SOOPers,Nongshim RedForce,0,0.4995446801185608
selected_2025,2026|Rounds 1-2|2026-04-05|BNK FEARX|Gen.G,2026-04-05 10:22:53,BNK FEARX,Gen.G,0,0.41794461011886597
selected_2025,2026|Rounds 1-2|2026-04-08|Dplus Kia|Hanwha Life Esports,2026-04-08 08:06:29,Dplus Kia,Hanwha Life Esports,0,0.47403764724731445
selected_2025,2026|Rounds 1-2|2026-04-08|Gen.G|T1,2026-04-08 10:19:02,Gen.G,T1,1,0.5669522881507874
selected_2025,2026|Rounds 1-2|2026-04-09|HANJIN BRION|Kiwoom DRX,2026-04-09 08:06:21,HANJIN BRION,Kiwoom DRX,0,0.5325385332107544
selected_2025,2026|Rounds 1-2|2026-04-09|KT Rolster|Nongshim RedForce,2026-04-09 11:25:00,KT Rolster,Nongshim RedForce,1,0.4485410451889038
selected_2025,2026|Rounds 1-2|2026-04-10|DN SOOPers|T1,2026-04-10 08:09:34,DN SOOPers,T1,0,0.5130332708358765
selected_2025,2026|Rounds 1-2|2026-04-10|BNK FEARX|Hanwha Life Esports,2026-04-10 10:10:47,BNK FEARX,Hanwha Life Esports,0,0.4148772060871124
selected_2025,2026|Rounds 1-2|2026-04-11|Kiwoom DRX|Nongshim RedForce,2026-04-11 08:06:17,Kiwoom DRX,Nongshim RedForce,1,0.4229748249053955
selected_2025,2026|Rounds 1-2|2026-04-11|Dplus Kia|Gen.G,2026-04-11 10:14:53,Dplus Kia,Gen.G,1,0.40017518401145935
selected_2025,2026|Rounds 1-2|2026-04-12|BNK FEARX|DN SOOPers,2026-04-12 08:05:05,BNK FEARX,DN SOOPers,1,0.4937806725502014
selected_2025,2026|Rounds 1-2|2026-04-12|HANJIN BRION|KT Rolster,2026-04-12 10:09:24,HANJIN BRION,KT Rolster,0,0.49281227588653564
selected_2025,2026|Rounds 1-2|2026-04-15|BNK FEARX|Nongshim RedForce,2026-04-15 08:04:27,BNK FEARX,Nongshim RedForce,0,0.5741162300109863
selected_2025,2026|Rounds 1-2|2026-04-15|Dplus Kia|KT Rolster,2026-04-15 10:10:22,Dplus Kia,KT Rolster,0,0.41715866327285767
selected_2025,2026|Rounds 1-2|2026-04-16|Gen.G|HANJIN BRION,2026-04-16 08:07:45,Gen.G,HANJIN BRION,1,0.5822315216064453
selected_2025,2026|Rounds 1-2|2026-04-16|DN SOOPers|Hanwha Life Esports,2026-04-16 10:19:53,DN SOOPers,Hanwha Life Esports,0,0.38440626859664917
selected_2025,2026|Rounds 1-2|2026-04-17|BNK FEARX|Kiwoom DRX,2026-04-17 08:09:20,BNK FEARX,Kiwoom DRX,1,0.4604133069515228
selected_2025,2026|Rounds 1-2|2026-04-17|Dplus Kia|T1,2026-04-17 10:18:08,Dplus Kia,T1,1,0.496880441904068
selected_2025,2026|Rounds 1-2|2026-04-18|Gen.G|Hanwha Life Esports,2026-04-18 08:07:24,Gen.G,Hanwha Life Esports,0,0.4616466164588928
selected_2025,2026|Rounds 1-2|2026-04-18|DN SOOPers|KT Rolster,2026-04-18 10:19:42,DN SOOPers,KT Rolster,0,0.38439372181892395
selected_2025,2026|Rounds 1-2|2026-04-19|HANJIN BRION|Nongshim RedForce,2026-04-19 08:06:04,HANJIN BRION,Nongshim RedForce,0,0.44561123847961426
selected_2025,2026|Rounds 1-2|2026-04-19|Kiwoom DRX|T1,2026-04-19 11:23:50,Kiwoom DRX,T1,0,0.4724470376968384
selected_2025,2026|Rounds 1-2|2026-04-22|KT Rolster|Kiwoom DRX,2026-04-22 08:04:37,KT Rolster,Kiwoom DRX,1,0.5992597341537476
selected_2025,2026|Rounds 1-2|2026-04-22|Hanwha Life Esports|Nongshim RedForce,2026-04-22 10:16:00,Hanwha Life Esports,Nongshim RedForce,1,0.5548850297927856
selected_2025,2026|Rounds 1-2|2026-04-23|Dplus Kia|HANJIN BRION,2026-04-23 08:05:27,Dplus Kia,HANJIN BRION,1,0.5211700201034546
selected_2025,2026|Rounds 1-2|2026-04-23|DN SOOPers|Gen.G,2026-04-23 10:15:14,DN SOOPers,Gen.G,0,0.43879714608192444
selected_2025,2026|Rounds 1-2|2026-04-24|BNK FEARX|KT Rolster,2026-04-24 08:07:08,BNK FEARX,KT Rolster,0,0.42451128363609314
selected_2025,2026|Rounds 1-2|2026-04-24|Hanwha Life Esports|Kiwoom DRX,2026-04-24 10:32:53,Hanwha Life Esports,Kiwoom DRX,1,0.6251935362815857
selected_2025,2026|Rounds 1-2|2026-04-25|HANJIN BRION|T1,2026-04-25 08:07:29,HANJIN BRION,T1,0,0.43829768896102905
selected_2025,2026|Rounds 1-2|2026-04-25|DN SOOPers|Dplus Kia,2026-04-25 10:52:42,DN SOOPers,Dplus Kia,0,0.3956872522830963
selected_2025,2026|Rounds 1-2|2026-04-26|BNK FEARX|T1,2026-04-26 08:06:17,BNK FEARX,T1,0,0.43928635120391846
selected_2025,2026|Rounds 1-2|2026-04-26|Gen.G|Nongshim RedForce,2026-04-26 10:15:14,Gen.G,Nongshim RedForce,1,0.5286916494369507
selected_2025,2026|Rounds 1-2|2026-04-29|Nongshim RedForce|T1,2026-04-29 08:05:12,Nongshim RedForce,T1,0,0.3899160623550415
selected_2025,2026|Rounds 1-2|2026-04-29|Hanwha Life Esports|KT Rolster,2026-04-29 10:15:19,Hanwha Life Esports,KT Rolster,1,0.4415297508239746
selected_2025,2026|Rounds 1-2|2026-04-30|Gen.G|Kiwoom DRX,2026-04-30 08:06:44,Gen.G,Kiwoom DRX,1,0.6340214014053345
selected_2025,2026|Rounds 1-2|2026-04-30|BNK FEARX|Dplus Kia,2026-04-30 11:13:48,BNK FEARX,Dplus Kia,0,0.3916184902191162
selected_2025,2026|Rounds 1-2|2026-05-01|DN SOOPers|HANJIN BRION,2026-05-01 08:06:11,DN SOOPers,HANJIN BRION,0,0.4978422522544861
selected_2025,2026|Rounds 1-2|2026-05-01|Hanwha Life Esports|T1,2026-05-01 10:22:34,Hanwha Life Esports,T1,1,0.48352116346359253
selected_2025,2026|Rounds 1-2|2026-05-02|Dplus Kia|Gen.G,2026-05-02 08:06:29,Dplus Kia,Gen.G,0,0.48956331610679626
selected_2025,2026|Rounds 1-2|2026-05-02|Kiwoom DRX|Nongshim RedForce,2026-05-02 11:03:54,Kiwoom DRX,Nongshim RedForce,1,0.5031532645225525
selected_2025,2026|Rounds 1-2|2026-05-03|HANJIN BRION|KT Rolster,2026-05-03 08:05:43,HANJIN BRION,KT Rolster,1,0.4480937123298645
selected_2025,2026|Rounds 1-2|2026-05-03|BNK FEARX|DN SOOPers,2026-05-03 10:24:27,BNK FEARX,DN SOOPers,1,0.496930867433548
selected_2025,2026|Rounds 1-2|2026-05-06|Gen.G|Nongshim RedForce,2026-05-06 08:06:15,Gen.G,Nongshim RedForce,1,0.5826115608215332
selected_2025,2026|Rounds 1-2|2026-05-06|DN SOOPers|Hanwha Life Esports,2026-05-06 10:34:43,DN SOOPers,Hanwha Life Esports,0,0.38909587264060974
selected_2025,2026|Rounds 1-2|2026-05-07|Dplus Kia|KT Rolster,2026-05-07 08:07:34,Dplus Kia,KT Rolster,0,0.5272893905639648
selected_2025,2026|Rounds 1-2|2026-05-07|BNK FEARX|HANJIN BRION,2026-05-07 10:30:17,BNK FEARX,HANJIN BRION,0,0.4457133412361145
selected_2025,2026|Rounds 1-2|2026-05-08|DN SOOPers|T1,2026-05-08 08:05:48,DN SOOPers,T1,0,0.39653369784355164
selected_2025,2026|Rounds 1-2|2026-05-08|Gen.G|Kiwoom DRX,2026-05-08 10:40:52,Gen.G,Kiwoom DRX,1,0.5303486585617065
selected_2025,2026|Rounds 1-2|2026-05-09|BNK FEARX|KT Rolster,2026-05-09 08:06:41,BNK FEARX,KT Rolster,1,0.5276976227760315
selected_2025,2026|Rounds 1-2|2026-05-09|HANJIN BRION|Nongshim RedForce,2026-05-09 10:15:45,HANJIN BRION,Nongshim RedForce,1,0.6115180850028992
selected_2025,2026|Rounds 1-2|2026-05-10|Dplus Kia|T1,2026-05-10 08:09:29,Dplus Kia,T1,0,0.41224485635757446
selected_2025,2026|Rounds 1-2|2026-05-10|Hanwha Life Esports|Kiwoom DRX,2026-05-10 10:31:52,Hanwha Life Esports,Kiwoom DRX,1,0.5560421943664551
selected_2025,2026|Rounds 1-2|2026-05-13|Nongshim RedForce|T1,2026-05-13 08:06:21,Nongshim RedForce,T1,0,0.4102313220500946
selected_2025,2026|Rounds 1-2|2026-05-13|DN SOOPers|Dplus Kia,2026-05-13 10:12:11,DN SOOPers,Dplus Kia,0,0.48878762125968933
selected_2025,2026|Rounds 1-2|2026-05-14|BNK FEARX|Gen.G,2026-05-14 08:07:03,BNK FEARX,Gen.G,0,0.45071467757225037
selected_2025,2026|Rounds 1-2|2026-05-14|KT Rolster|Kiwoom DRX,2026-05-14 10:15:56,KT Rolster,Kiwoom DRX,1,0.5175835490226746
selected_2025,2026|Rounds 1-2|2026-05-15|Dplus Kia|Hanwha Life Esports,2026-05-15 08:07:51,Dplus Kia,Hanwha Life Esports,0,0.4530785083770752
selected_2025,2026|Rounds 1-2|2026-05-15|DN SOOPers|HANJIN BRION,2026-05-15 10:22:39,DN SOOPers,HANJIN BRION,0,0.3867868483066559
selected_2025,2026|Rounds 1-2|2026-05-16|Gen.G|T1,2026-05-16 08:05:55,Gen.G,T1,0,0.5215719938278198
selected_2025,2026|Rounds 1-2|2026-05-16|BNK FEARX|Nongshim RedForce,2026-05-16 11:30:05,BNK FEARX,Nongshim RedForce,1,0.5505436658859253
selected_2025,2026|Rounds 1-2|2026-05-17|Hanwha Life Esports|KT Rolster,2026-05-17 08:05:58,Hanwha Life Esports,KT Rolster,0,0.5674696564674377
selected_2025,2026|Rounds 1-2|2026-05-17|HANJIN BRION|Kiwoom DRX,2026-05-17 11:06:33,HANJIN BRION,Kiwoom DRX,0,0.6193683743476868
selected_2025,2026|Rounds 1-2|2026-05-20|Kiwoom DRX|T1,2026-05-20 08:05:29,Kiwoom DRX,T1,0,0.44601184129714966
selected_2025,2026|Rounds 1-2|2026-05-20|KT Rolster|Nongshim RedForce,2026-05-20 11:01:11,KT Rolster,Nongshim RedForce,1,0.5457676649093628
selected_2025,2026|Rounds 1-2|2026-05-21|BNK FEARX|Hanwha Life Esports,2026-05-21 08:06:57,BNK FEARX,Hanwha Life Esports,0,0.5109454393386841
selected_2025,2026|Rounds 1-2|2026-05-21|Dplus Kia|HANJIN BRION,2026-05-21 10:22:05,Dplus Kia,HANJIN BRION,1,0.46191227436065674
selected_2025,2026|Rounds 1-2|2026-05-22|DN SOOPers|Kiwoom DRX,2026-05-22 08:06:39,DN SOOPers,Kiwoom DRX,0,0.441456139087677
selected_2025,2026|Rounds 1-2|2026-05-22|Gen.G|KT Rolster,2026-05-22 10:20:35,Gen.G,KT Rolster,1,0.5144246816635132
selected_2025,2026|Rounds 1-2|2026-05-23|BNK FEARX|Dplus Kia,2026-05-23 08:06:07,BNK FEARX,Dplus Kia,0,0.5144277811050415
selected_2025,2026|Rounds 1-2|2026-05-23|Hanwha Life Esports|Nongshim RedForce,2026-05-23 11:15:14,Hanwha Life Esports,Nongshim RedForce,1,0.5606167316436768
selected_2025,2026|Rounds 1-2|2026-05-24|DN SOOPers|Gen.G,2026-05-24 08:06:42,DN SOOPers,Gen.G,0,0.409570574760437
selected_2025,2026|Rounds 1-2|2026-05-24|HANJIN BRION|T1,2026-05-24 10:10:10,HANJIN BRION,T1,0,0.40027108788490295
selected_2025,2026|Rounds 1-2|2026-05-27|Gen.G|Hanwha Life Esports,2026-05-27 08:06:37,Gen.G,Hanwha Life Esports,1,0.49787378311157227
selected_2025,2026|Rounds 1-2|2026-05-27|BNK FEARX|Kiwoom DRX,2026-05-27 11:17:26,BNK FEARX,Kiwoom DRX,1,0.45742252469062805
selected_2025,2026|Rounds 1-2|2026-05-28|DN SOOPers|Nongshim RedForce,2026-05-28 08:03:36,DN SOOPers,Nongshim RedForce,0,0.48375600576400757
selected_2025,2026|Rounds 1-2|2026-05-28|KT Rolster|T1,2026-05-28 11:03:41,KT Rolster,T1,0,0.4318823218345642
selected_2025,2026|Rounds 1-2|2026-05-29|Dplus Kia|Kiwoom DRX,2026-05-29 08:09:08,Dplus Kia,Kiwoom DRX,1,0.48439252376556396
selected_2025,2026|Rounds 1-2|2026-05-29|Gen.G|HANJIN BRION,2026-05-29 11:07:01,Gen.G,HANJIN BRION,1,0.6190979480743408
selected_2025,2026|Rounds 1-2|2026-05-30|DN SOOPers|KT Rolster,2026-05-30 08:05:58,DN SOOPers,KT Rolster,0,0.5028661489486694
selected_2025,2026|Rounds 1-2|2026-05-30|BNK FEARX|T1,2026-05-30 10:20:58,BNK FEARX,T1,0,0.4564969539642334
selected_2025,2026|Rounds 1-2|2026-05-31|HANJIN BRION|Hanwha Life Esports,2026-05-31 08:06:48,HANJIN BRION,Hanwha Life Esports,0,0.4209652245044708
selected_2025,2026|Rounds 1-2|2026-05-31|Dplus Kia|Nongshim RedForce,2026-05-31 10:17:32,Dplus Kia,Nongshim RedForce,1,0.5300135612487793
selected_2025,2026|Rounds 1-2|2026-06-06|Dplus Kia|HANJIN BRION,2026-06-06 08:12:31,Dplus Kia,HANJIN BRION,1,0.6567748785018921
selected_2025,2026|Rounds 1-2|2026-06-07|Dplus Kia|KT Rolster,2026-06-07 08:09:33,Dplus Kia,KT Rolster,0,0.647418200969696
selected_2025,2026|Rounds 1-2|2026-06-12|Hanwha Life Esports|T1,2026-06-12 08:25:00,Hanwha Life Esports,T1,1,0.4240119457244873
selected_2025,2026|Rounds 1-2|2026-06-13|Gen.G|KT Rolster,2026-06-13 06:22:36,Gen.G,KT Rolster,1,0.6287347078323364
selected_2025,2026|Rounds 1-2|2026-06-14|Gen.G|T1,2026-06-14 06:27:21,Gen.G,T1,0,0.5716261863708496
selected_2025,2026|Rounds 3-4|2026-07-29|Kiwoom DRX|Nongshim RedForce,2026-07-29 08:05:41,Kiwoom DRX,Nongshim RedForce,0,0.509192168712616
selected_2025,2026|Rounds 3-4|2026-07-29|KT Rolster|T1,2026-07-29 10:14:12,KT Rolster,T1,1,0.45971938967704773
selected_2025,2026|Rounds 3-4|2026-07-30|BNK FEARX|DN SOOPers,2026-07-30 08:07:12,BNK FEARX,DN SOOPers,1,0.5375614166259766
selected_2025,2026|Rounds 3-4|2026-07-30|Dplus Kia|Hanwha Life Esports,2026-07-30 10:17:39,Dplus Kia,Hanwha Life Esports,1,0.47210127115249634
selected_2025,2026|Rounds 3-4|2026-07-31|Gen.G|T1,2026-07-31 08:15:35,Gen.G,T1,0,0.508083701133728
selected_2025,2026|Rounds 3-4|2026-07-31|HANJIN BRION|Kiwoom DRX,2026-07-31 10:28:31,HANJIN BRION,Kiwoom DRX,0,0.4795427918434143
selected_2025,2026|Rounds 3-4|2026-08-01|BNK FEARX|Nongshim RedForce,2026-08-01 08:05:28,BNK FEARX,Nongshim RedForce,0,0.519066333770752
selected_2025,2026|Rounds 3-4|2026-08-02|DN SOOPers|HANJIN BRION,2026-08-02 08:07:10,DN SOOPers,HANJIN BRION,1,0.4928576350212097
selected_2025,2026|Rounds 3-4|2026-08-02|Hanwha Life Esports|KT Rolster,2026-08-02 11:27:57,Hanwha Life Esports,KT Rolster,0,0.5541985034942627
selected_2025,2026|Rounds 3-4|2026-08-05|HANJIN BRION|Nongshim RedForce,2026-08-05 08:04:53,HANJIN BRION,Nongshim RedForce,1,0.3932880759239197
selected_2025,2026|Rounds 3-4|2026-08-05|Gen.G|Hanwha Life Esports,2026-08-05 11:19:04,Gen.G,Hanwha Life Esports,1,0.4407486319541931
selected_2025,2026|Rounds 3-4|2026-08-06|DN SOOPers|Kiwoom DRX,2026-08-06 08:07:39,DN SOOPers,Kiwoom DRX,0,0.48473209142684937
selected_2025,2026|Rounds 3-4|2026-08-06|Dplus Kia|T1,2026-08-06 10:15:34,Dplus Kia,T1,0,0.4886133074760437
selected_2025,2026|Rounds 3-4|2026-08-07|Gen.G|KT Rolster,2026-08-07 08:07:40,Gen.G,KT Rolster,1,0.45571425557136536
selected_2025,2026|Rounds 3-4|2026-08-07|BNK FEARX|HANJIN BRION,2026-08-07 10:11:30,BNK FEARX,HANJIN BRION,0,0.5178490877151489
selected_2025,2026|Rounds 3-4|2026-08-08|Hanwha Life Esports|T1,2026-08-08 08:08:11,Hanwha Life Esports,T1,1,0.4415871798992157
selected_2025,2026|Rounds 3-4|2026-08-08|DN SOOPers|Nongshim RedForce,2026-08-08 11:16:34,DN SOOPers,Nongshim RedForce,1,0.47677433490753174
selected_2025,2026|Rounds 3-4|2026-08-09|Dplus Kia|KT Rolster,2026-08-09 08:07:07,Dplus Kia,KT Rolster,1,0.47659409046173096
selected_2025,2026|Rounds 3-4|2026-08-09|BNK FEARX|Kiwoom DRX,2026-08-09 11:01:09,BNK FEARX,Kiwoom DRX,1,0.4118710458278656
selected_2025,2026|Rounds 3-4|2026-08-12|DN SOOPers|Nongshim RedForce,2026-08-12 08:07:18,DN SOOPers,Nongshim RedForce,1,0.5022128820419312
selected_2025,2026|Rounds 3-4|2026-08-12|Dplus Kia|KT Rolster,2026-08-12 11:02:08,Dplus Kia,KT Rolster,1,0.5265675783157349
selected_2025,2026|Rounds 3-4|2026-08-13|BNK FEARX|Kiwoom DRX,2026-08-13 08:06:50,BNK FEARX,Kiwoom DRX,1,0.46224725246429443
selected_2025,2026|Rounds 3-4|2026-08-13|Gen.G|Hanwha Life Esports,2026-08-13 11:04:48,Gen.G,Hanwha Life Esports,1,0.5672596096992493
selected_2025,2026|Rounds 3-4|2026-08-14|Dplus Kia|T1,2026-08-14 08:08:00,Dplus Kia,T1,1,0.5192171335220337
selected_2025,2026|Rounds 3-4|2026-08-14|HANJIN BRION|Nongshim RedForce,2026-08-14 11:28:48,HANJIN BRION,Nongshim RedForce,0,0.5545463562011719
selected_2025,2026|Rounds 3-4|2026-08-15|Hanwha Life Esports|KT Rolster,2026-08-15 08:08:03,Hanwha Life Esports,KT Rolster,1,0.5419211387634277
selected_2025,2026|Rounds 3-4|2026-08-15|BNK FEARX|DN SOOPers,2026-08-15 11:08:43,BNK FEARX,DN SOOPers,0,0.545060396194458
selected_2025,2026|Rounds 3-4|2026-08-16|Gen.G|T1,2026-08-16 08:07:26,Gen.G,T1,1,0.6091071367263794
selected_2025,2026|Rounds 3-4|2026-08-16|HANJIN BRION|Kiwoom DRX,2026-08-16 10:44:01,HANJIN BRION,Kiwoom DRX,1,0.5538724660873413
selected_2025,2026|Rounds 3-4|2026-08-19|Gen.G|KT Rolster,2026-08-19 08:05:49,Gen.G,KT Rolster,1,0.6094849109649658
selected_2025,2026|Rounds 3-4|2026-08-19|DN SOOPers|HANJIN BRION,2026-08-19 11:22:14,DN SOOPers,HANJIN BRION,0,0.575657844543457
selected_2025,2026|Rounds 3-4|2026-08-20|Dplus Kia|Hanwha Life Esports,2026-08-20 08:07:41,Dplus Kia,Hanwha Life Esports,0,0.5255032777786255
selected_2025,2026|Rounds 3-4|2026-08-20|Kiwoom DRX|Nongshim RedForce,2026-08-20 10:33:18,Kiwoom DRX,Nongshim RedForce,0,0.4151729941368103
selected_2025,2026|Rounds 3-4|2026-08-21|BNK FEARX|HANJIN BRION,2026-08-21 08:07:26,BNK FEARX,HANJIN BRION,1,0.45034289360046387
selected_2025,2026|Rounds 3-4|2026-08-21|KT Rolster|T1,2026-08-21 11:24:11,KT Rolster,T1,0,0.5021759271621704
selected_2025,2026|Rounds 3-4|2026-08-22|Dplus Kia|Gen.G,2026-08-22 08:08:17,Dplus Kia,Gen.G,1,0.4453010559082031
selected_2025,2026|Rounds 3-4|2026-08-22|DN SOOPers|Kiwoom DRX,2026-08-22 11:31:02,DN SOOPers,Kiwoom DRX,1,0.5473567247390747
selected_2025,2026|Rounds 3-4|2026-08-23|Hanwha Life Esports|T1,2026-08-23 08:07:42,Hanwha Life Esports,T1,1,0.5375988483428955
selected_2025,2026|Rounds 3-4|2026-08-23|BNK FEARX|Nongshim RedForce,2026-08-23 10:20:23,BNK FEARX,Nongshim RedForce,0,0.4480036497116089
selected_2025,2026|Rounds 3-4|2026-08-26|HANJIN BRION|KT Rolster,2026-08-26 08:08:21,HANJIN BRION,KT Rolster,0,0.5379768013954163
selected_2025,2026|Rounds 3-4|2026-08-27|BNK FEARX|Nongshim RedForce,2026-08-27 08:07:15,BNK FEARX,Nongshim RedForce,1,0.43389463424682617
selected_2025,2026|Rounds 3-4|2026-08-28|BNK FEARX|HANJIN BRION,2026-08-28 08:06:46,BNK FEARX,HANJIN BRION,1,0.5472539663314819
selected_2025,2026|Rounds 3-4|2026-08-29|BNK FEARX|T1,2026-08-29 08:07:39,BNK FEARX,T1,0,0.5257202386856079
selected_2025,2026|Rounds 3-4|2026-08-30|Dplus Kia|KT Rolster,2026-08-30 08:10:04,Dplus Kia,KT Rolster,0,0.4738163650035858
selected_2025,2026|Rounds 3-4|2026-09-01|Gen.G|KT Rolster,2026-09-01 08:11:13,Gen.G,KT Rolster,1,0.43778902292251587
selected_2025,2026|Rounds 3-4|2026-09-02|Hanwha Life Esports|T1,2026-09-02 08:11:08,Hanwha Life Esports,T1,1,0.5338836312294006
selected_2025,2026|Rounds 3-4|2026-09-03|BNK FEARX|Dplus Kia,2026-09-03 08:07:55,BNK FEARX,Dplus Kia,0,0.44655337929725647
selected_2025,2026|Rounds 3-4|2026-09-04|Dplus Kia|KT Rolster,2026-09-04 08:07:52,Dplus Kia,KT Rolster,1,0.5492653846740723
selected_2025,2026|Rounds 3-4|2026-09-05|Gen.G|Hanwha Life Esports,2026-09-05 08:08:15,Gen.G,Hanwha Life Esports,1,0.49204564094543457
selected_2025,2026|Rounds 3-4|2026-09-06|Dplus Kia|T1,2026-09-06 08:09:36,Dplus Kia,T1,0,0.5743535161018372
selected_2025,2026|Rounds 3-4|2026-09-12|Hanwha Life Esports|T1,2026-09-12 05:21:16,Hanwha Life Esports,T1,1,0.45873311161994934
selected_2024_2025,2026|Cup|2026-01-14|DN SOOPers|KT Rolster,2026-01-14 08:13:43,DN SOOPers,KT Rolster,0,0.5215535759925842
selected_2024_2025,2026|Cup|2026-01-14|Dplus Kia|HANJIN BRION,2026-01-14 11:22:18,Dplus Kia,HANJIN BRION,1,0.5083425045013428
selected_2024_2025,2026|Cup|2026-01-15|Gen.G|Kiwoom DRX,2026-01-15 08:05:23,Gen.G,Kiwoom DRX,1,0.584632396697998
selected_2024_2025,2026|Cup|2026-01-15|BNK FEARX|Nongshim RedForce,2026-01-15 10:15:24,BNK FEARX,Nongshim RedForce,1,0.5068397521972656
selected_2024_2025,2026|Cup|2026-01-16|DN SOOPers|Dplus Kia,2026-01-16 08:05:40,DN SOOPers,Dplus Kia,0,0.45376312732696533
selected_2024_2025,2026|Cup|2026-01-16|Hanwha Life Esports|T1,2026-01-16 10:08:16,Hanwha Life Esports,T1,0,0.5350726246833801
selected_2024_2025,2026|Cup|2026-01-17|BNK FEARX|HANJIN BRION,2026-01-17 08:05:53,BNK FEARX,HANJIN BRION,1,0.5725128054618835
selected_2024_2025,2026|Cup|2026-01-17|Gen.G|KT Rolster,2026-01-17 11:10:45,Gen.G,KT Rolster,1,0.585686445236206
selected_2024_2025,2026|Cup|2026-01-18|Hanwha Life Esports|Nongshim RedForce,2026-01-18 08:05:24,Hanwha Life Esports,Nongshim RedForce,0,0.5220510959625244
selected_2024_2025,2026|Cup|2026-01-18|Kiwoom DRX|T1,2026-01-18 10:20:18,Kiwoom DRX,T1,0,0.4457637071609497
selected_2024_2025,2026|Cup|2026-01-21|Dplus Kia|Nongshim RedForce,2026-01-21 08:05:24,Dplus Kia,Nongshim RedForce,1,0.5878204107284546
selected_2024_2025,2026|Cup|2026-01-21|DN SOOPers|Kiwoom DRX,2026-01-21 11:14:52,DN SOOPers,Kiwoom DRX,1,0.49574053287506104
selected_2024_2025,2026|Cup|2026-01-22|HANJIN BRION|Hanwha Life Esports,2026-01-22 08:05:25,HANJIN BRION,Hanwha Life Esports,0,0.4978463649749756
selected_2024_2025,2026|Cup|2026-01-22|BNK FEARX|Gen.G,2026-01-22 11:14:53,BNK FEARX,Gen.G,0,0.43558889627456665
selected_2024_2025,2026|Cup|2026-01-23|KT Rolster|T1,2026-01-23 08:04:55,KT Rolster,T1,0,0.3943501114845276
selected_2024_2025,2026|Cup|2026-01-23|Kiwoom DRX|Nongshim RedForce,2026-01-23 10:33:19,Kiwoom DRX,Nongshim RedForce,1,0.4902135729789734
selected_2024_2025,2026|Cup|2026-01-24|DN SOOPers|Hanwha Life Esports,2026-01-24 08:04:56,DN SOOPers,Hanwha Life Esports,0,0.462607204914093
selected_2024_2025,2026|Cup|2026-01-24|Dplus Kia|Gen.G,2026-01-24 11:24:48,Dplus Kia,Gen.G,0,0.42977669835090637
selected_2024_2025,2026|Cup|2026-01-25|BNK FEARX|T1,2026-01-25 08:05:39,BNK FEARX,T1,0,0.46858930587768555
selected_2024_2025,2026|Cup|2026-01-25|HANJIN BRION|KT Rolster,2026-01-25 11:28:02,HANJIN BRION,KT Rolster,0,0.5344743132591248
selected_2024_2025,2026|Cup|2026-01-28|HANJIN BRION|Kiwoom DRX,2026-01-28 08:04:54,HANJIN BRION,Kiwoom DRX,0,0.4939063489437103
selected_2024_2025,2026|Cup|2026-01-29|BNK FEARX|DN SOOPers,2026-01-29 08:07:19,BNK FEARX,DN SOOPers,1,0.44229429960250854
selected_2024_2025,2026|Cup|2026-01-30|KT Rolster|Nongshim RedForce,2026-01-30 08:05:48,KT Rolster,Nongshim RedForce,0,0.4753209352493286
selected_2024_2025,2026|Cup|2026-01-31|Dplus Kia|T1,2026-01-31 08:17:53,Dplus Kia,T1,0,0.4664878249168396
selected_2024_2025,2026|Cup|2026-02-01|Gen.G|Hanwha Life Esports,2026-02-01 08:08:08,Gen.G,Hanwha Life Esports,1,0.5752416253089905
selected_2024_2025,2026|Cup|2026-02-06|HANJIN BRION|Kiwoom DRX,2026-02-06 08:05:10,HANJIN BRION,Kiwoom DRX,0,0.498518705368042
selected_2024_2025,2026|Cup|2026-02-06|DN SOOPers|KT Rolster,2026-02-06 10:59:51,DN SOOPers,KT Rolster,1,0.4895854592323303
selected_2024_2025,2026|Cup|2026-02-07|Dplus Kia|Kiwoom DRX,2026-02-07 08:07:00,Dplus Kia,Kiwoom DRX,1,0.3876118063926697
selected_2024_2025,2026|Cup|2026-02-07|DN SOOPers|Nongshim RedForce,2026-02-07 10:09:22,DN SOOPers,Nongshim RedForce,1,0.5009996891021729
selected_2024_2025,2026|Cup|2026-02-08|Kiwoom DRX|Nongshim RedForce,2026-02-08 08:06:06,Kiwoom DRX,Nongshim RedForce,1,0.4572594463825226
selected_2024_2025,2026|Cup|2026-02-12|BNK FEARX|DN SOOPers,2026-02-12 08:04:05,BNK FEARX,DN SOOPers,1,0.49753493070602417
selected_2024_2025,2026|Cup|2026-02-13|Dplus Kia|Kiwoom DRX,2026-02-13 08:06:47,Dplus Kia,Kiwoom DRX,1,0.5049854516983032
selected_2024_2025,2026|Cup|2026-02-14|Dplus Kia|Gen.G,2026-02-14 08:07:25,Dplus Kia,Gen.G,0,0.44086766242980957
selected_2024_2025,2026|Cup|2026-02-15|BNK FEARX|T1,2026-02-15 08:05:24,BNK FEARX,T1,1,0.47954195737838745
selected_2024_2025,2026|Cup|2026-02-19|DN SOOPers|Kiwoom DRX,2026-02-19 08:06:05,DN SOOPers,Kiwoom DRX,1,0.5142014026641846
selected_2024_2025,2026|Cup|2026-02-20|DN SOOPers|Dplus Kia,2026-02-20 08:06:25,DN SOOPers,Dplus Kia,0,0.5754097700119019
selected_2024_2025,2026|Cup|2026-02-21|BNK FEARX|Gen.G,2026-02-21 08:08:52,BNK FEARX,Gen.G,0,0.5195230841636658
selected_2024_2025,2026|Cup|2026-02-22|Dplus Kia|T1,2026-02-22 08:08:41,Dplus Kia,T1,1,0.5198861956596375
selected_2024_2025,2026|Cup|2026-02-28|BNK FEARX|Dplus Kia,2026-02-28 08:23:00,BNK FEARX,Dplus Kia,1,0.5231415033340454
selected_2024_2025,2026|Cup|2026-03-01|BNK FEARX|Gen.G,2026-03-01 08:22:46,BNK FEARX,Gen.G,0,0.5210331082344055
selected_2024_2025,2026|Rounds 1-2|2026-04-01|HANJIN BRION|Hanwha Life Esports,2026-04-01 08:11:43,HANJIN BRION,Hanwha Life Esports,0,0.49153393507003784
selected_2024_2025,2026|Rounds 1-2|2026-04-01|KT Rolster|T1,2026-04-01 10:23:34,KT Rolster,T1,1,0.4729848802089691
selected_2024_2025,2026|Rounds 1-2|2026-04-02|Dplus Kia|Nongshim RedForce,2026-04-02 08:08:29,Dplus Kia,Nongshim RedForce,0,0.5110431909561157
selected_2024_2025,2026|Rounds 1-2|2026-04-02|DN SOOPers|Kiwoom DRX,2026-04-02 10:15:16,DN SOOPers,Kiwoom DRX,1,0.5271826982498169
selected_2024_2025,2026|Rounds 1-2|2026-04-03|Gen.G|KT Rolster,2026-04-03 08:10:24,Gen.G,KT Rolster,0,0.5589361786842346
selected_2024_2025,2026|Rounds 1-2|2026-04-03|BNK FEARX|HANJIN BRION,2026-04-03 11:10:37,BNK FEARX,HANJIN BRION,0,0.518638551235199
selected_2024_2025,2026|Rounds 1-2|2026-04-04|Hanwha Life Esports|T1,2026-04-04 08:08:38,Hanwha Life Esports,T1,0,0.5257058143615723
selected_2024_2025,2026|Rounds 1-2|2026-04-04|Dplus Kia|Kiwoom DRX,2026-04-04 10:30:33,Dplus Kia,Kiwoom DRX,1,0.49663326144218445
selected_2024_2025,2026|Rounds 1-2|2026-04-05|DN SOOPers|Nongshim RedForce,2026-04-05 08:10:33,DN SOOPers,Nongshim RedForce,0,0.5174370408058167
selected_2024_2025,2026|Rounds 1-2|2026-04-05|BNK FEARX|Gen.G,2026-04-05 10:22:53,BNK FEARX,Gen.G,0,0.42982912063598633
selected_2024_2025,2026|Rounds 1-2|2026-04-08|Dplus Kia|Hanwha Life Esports,2026-04-08 08:06:29,Dplus Kia,Hanwha Life Esports,0,0.48683834075927734
selected_2024_2025,2026|Rounds 1-2|2026-04-08|Gen.G|T1,2026-04-08 10:19:02,Gen.G,T1,1,0.5484774112701416
selected_2024_2025,2026|Rounds 1-2|2026-04-09|HANJIN BRION|Kiwoom DRX,2026-04-09 08:06:21,HANJIN BRION,Kiwoom DRX,0,0.5297912359237671
selected_2024_2025,2026|Rounds 1-2|2026-04-09|KT Rolster|Nongshim RedForce,2026-04-09 11:25:00,KT Rolster,Nongshim RedForce,1,0.4583144783973694
selected_2024_2025,2026|Rounds 1-2|2026-04-10|DN SOOPers|T1,2026-04-10 08:09:34,DN SOOPers,T1,0,0.5097366571426392
selected_2024_2025,2026|Rounds 1-2|2026-04-10|BNK FEARX|Hanwha Life Esports,2026-04-10 10:10:47,BNK FEARX,Hanwha Life Esports,0,0.4379585385322571
selected_2024_2025,2026|Rounds 1-2|2026-04-11|Kiwoom DRX|Nongshim RedForce,2026-04-11 08:06:17,Kiwoom DRX,Nongshim RedForce,1,0.4350447356700897
selected_2024_2025,2026|Rounds 1-2|2026-04-11|Dplus Kia|Gen.G,2026-04-11 10:14:53,Dplus Kia,Gen.G,1,0.41189712285995483
selected_2024_2025,2026|Rounds 1-2|2026-04-12|BNK FEARX|DN SOOPers,2026-04-12 08:05:05,BNK FEARX,DN SOOPers,1,0.4819762110710144
selected_2024_2025,2026|Rounds 1-2|2026-04-12|HANJIN BRION|KT Rolster,2026-04-12 10:09:24,HANJIN BRION,KT Rolster,0,0.4831095337867737
selected_2024_2025,2026|Rounds 1-2|2026-04-15|BNK FEARX|Nongshim RedForce,2026-04-15 08:04:27,BNK FEARX,Nongshim RedForce,0,0.5618706941604614
selected_2024_2025,2026|Rounds 1-2|2026-04-15|Dplus Kia|KT Rolster,2026-04-15 10:10:22,Dplus Kia,KT Rolster,0,0.40270936489105225
selected_2024_2025,2026|Rounds 1-2|2026-04-16|Gen.G|HANJIN BRION,2026-04-16 08:07:45,Gen.G,HANJIN BRION,1,0.5722967386245728
selected_2024_2025,2026|Rounds 1-2|2026-04-16|DN SOOPers|Hanwha Life Esports,2026-04-16 10:19:53,DN SOOPers,Hanwha Life Esports,0,0.3994482457637787
selected_2024_2025,2026|Rounds 1-2|2026-04-17|BNK FEARX|Kiwoom DRX,2026-04-17 08:09:20,BNK FEARX,Kiwoom DRX,1,0.4541000723838806
selected_2024_2025,2026|Rounds 1-2|2026-04-17|Dplus Kia|T1,2026-04-17 10:18:08,Dplus Kia,T1,1,0.5005131959915161
selected_2024_2025,2026|Rounds 1-2|2026-04-18|Gen.G|Hanwha Life Esports,2026-04-18 08:07:24,Gen.G,Hanwha Life Esports,0,0.4687705636024475
selected_2024_2025,2026|Rounds 1-2|2026-04-18|DN SOOPers|KT Rolster,2026-04-18 10:19:42,DN SOOPers,KT Rolster,0,0.3979151248931885
selected_2024_2025,2026|Rounds 1-2|2026-04-19|HANJIN BRION|Nongshim RedForce,2026-04-19 08:06:04,HANJIN BRION,Nongshim RedForce,0,0.4585975408554077
selected_2024_2025,2026|Rounds 1-2|2026-04-19|Kiwoom DRX|T1,2026-04-19 11:23:50,Kiwoom DRX,T1,0,0.5008916854858398
selected_2024_2025,2026|Rounds 1-2|2026-04-22|KT Rolster|Kiwoom DRX,2026-04-22 08:04:37,KT Rolster,Kiwoom DRX,1,0.5707813501358032
selected_2024_2025,2026|Rounds 1-2|2026-04-22|Hanwha Life Esports|Nongshim RedForce,2026-04-22 10:16:00,Hanwha Life Esports,Nongshim RedForce,1,0.5551434755325317
selected_2024_2025,2026|Rounds 1-2|2026-04-23|Dplus Kia|HANJIN BRION,2026-04-23 08:05:27,Dplus Kia,HANJIN BRION,1,0.5146001577377319
selected_2024_2025,2026|Rounds 1-2|2026-04-23|DN SOOPers|Gen.G,2026-04-23 10:15:14,DN SOOPers,Gen.G,0,0.4536638557910919
selected_2024_2025,2026|Rounds 1-2|2026-04-24|BNK FEARX|KT Rolster,2026-04-24 08:07:08,BNK FEARX,KT Rolster,0,0.4183701276779175
selected_2024_2025,2026|Rounds 1-2|2026-04-24|Hanwha Life Esports|Kiwoom DRX,2026-04-24 10:32:53,Hanwha Life Esports,Kiwoom DRX,1,0.6072403788566589
selected_2024_2025,2026|Rounds 1-2|2026-04-25|HANJIN BRION|T1,2026-04-25 08:07:29,HANJIN BRION,T1,0,0.4548685550689697
selected_2024_2025,2026|Rounds 1-2|2026-04-25|DN SOOPers|Dplus Kia,2026-04-25 10:52:42,DN SOOPers,Dplus Kia,0,0.40906059741973877
selected_2024_2025,2026|Rounds 1-2|2026-04-26|BNK FEARX|T1,2026-04-26 08:06:17,BNK FEARX,T1,0,0.44669729471206665
selected_2024_2025,2026|Rounds 1-2|2026-04-26|Gen.G|Nongshim RedForce,2026-04-26 10:15:14,Gen.G,Nongshim RedForce,1,0.5077877044677734
selected_2024_2025,2026|Rounds 1-2|2026-04-29|Nongshim RedForce|T1,2026-04-29 08:05:12,Nongshim RedForce,T1,0,0.42181721329689026
selected_2024_2025,2026|Rounds 1-2|2026-04-29|Hanwha Life Esports|KT Rolster,2026-04-29 10:15:19,Hanwha Life Esports,KT Rolster,1,0.43462973833084106
selected_2024_2025,2026|Rounds 1-2|2026-04-30|Gen.G|Kiwoom DRX,2026-04-30 08:06:44,Gen.G,Kiwoom DRX,1,0.6107046008110046
selected_2024_2025,2026|Rounds 1-2|2026-04-30|BNK FEARX|Dplus Kia,2026-04-30 11:13:48,BNK FEARX,Dplus Kia,0,0.39329227805137634
selected_2024_2025,2026|Rounds 1-2|2026-05-01|DN SOOPers|HANJIN BRION,2026-05-01 08:06:11,DN SOOPers,HANJIN BRION,0,0.49522894620895386
selected_2024_2025,2026|Rounds 1-2|2026-05-01|Hanwha Life Esports|T1,2026-05-01 10:22:34,Hanwha Life Esports,T1,1,0.4930574297904968
selected_2024_2025,2026|Rounds 1-2|2026-05-02|Dplus Kia|Gen.G,2026-05-02 08:06:29,Dplus Kia,Gen.G,0,0.48551905155181885
selected_2024_2025,2026|Rounds 1-2|2026-05-02|Kiwoom DRX|Nongshim RedForce,2026-05-02 11:03:54,Kiwoom DRX,Nongshim RedForce,1,0.5070279836654663
selected_2024_2025,2026|Rounds 1-2|2026-05-03|HANJIN BRION|KT Rolster,2026-05-03 08:05:43,HANJIN BRION,KT Rolster,1,0.4413759708404541
selected_2024_2025,2026|Rounds 1-2|2026-05-03|BNK FEARX|DN SOOPers,2026-05-03 10:24:27,BNK FEARX,DN SOOPers,1,0.49604684114456177
selected_2024_2025,2026|Rounds 1-2|2026-05-06|Gen.G|Nongshim RedForce,2026-05-06 08:06:15,Gen.G,Nongshim RedForce,1,0.5734485983848572
selected_2024_2025,2026|Rounds 1-2|2026-05-06|DN SOOPers|Hanwha Life Esports,2026-05-06 10:34:43,DN SOOPers,Hanwha Life Esports,0,0.40437841415405273
selected_2024_2025,2026|Rounds 1-2|2026-05-07|Dplus Kia|KT Rolster,2026-05-07 08:07:34,Dplus Kia,KT Rolster,0,0.5182724595069885
selected_2024_2025,2026|Rounds 1-2|2026-05-07|BNK FEARX|HANJIN BRION,2026-05-07 10:30:17,BNK FEARX,HANJIN BRION,0,0.45396119356155396
selected_2024_2025,2026|Rounds 1-2|2026-05-08|DN SOOPers|T1,2026-05-08 08:05:48,DN SOOPers,T1,0,0.41034114360809326
selected_2024_2025,2026|Rounds 1-2|2026-05-08|Gen.G|Kiwoom DRX,2026-05-08 10:40:52,Gen.G,Kiwoom DRX,1,0.5278748273849487
selected_2024_2025,2026|Rounds 1-2|2026-05-09|BNK FEARX|KT Rolster,2026-05-09 08:06:41,BNK FEARX,KT Rolster,1,0.5107778906822205
selected_2024_2025,2026|Rounds 1-2|2026-05-09|HANJIN BRION|Nongshim RedForce,2026-05-09 10:15:45,HANJIN BRION,Nongshim RedForce,1,0.5934622287750244
selected_2024_2025,2026|Rounds 1-2|2026-05-10|Dplus Kia|T1,2026-05-10 08:09:29,Dplus Kia,T1,0,0.4415026903152466
selected_2024_2025,2026|Rounds 1-2|2026-05-10|Hanwha Life Esports|Kiwoom DRX,2026-05-10 10:31:52,Hanwha Life Esports,Kiwoom DRX,1,0.554257869720459
selected_2024_2025,2026|Rounds 1-2|2026-05-13|Nongshim RedForce|T1,2026-05-13 08:06:21,Nongshim RedForce,T1,0,0.4289226830005646
selected_2024_2025,2026|Rounds 1-2|2026-05-13|DN SOOPers|Dplus Kia,2026-05-13 10:12:11,DN SOOPers,Dplus Kia,0,0.47466981410980225
selected_2024_2025,2026|Rounds 1-2|2026-05-14|BNK FEARX|Gen.G,2026-05-14 08:07:03,BNK FEARX,Gen.G,0,0.42450618743896484
selected_2024_2025,2026|Rounds 1-2|2026-05-14|KT Rolster|Kiwoom DRX,2026-05-14 10:15:56,KT Rolster,Kiwoom DRX,1,0.5197564363479614
selected_2024_2025,2026|Rounds 1-2|2026-05-15|Dplus Kia|Hanwha Life Esports,2026-05-15 08:07:51,Dplus Kia,Hanwha Life Esports,0,0.45866474509239197
selected_2024_2025,2026|Rounds 1-2|2026-05-15|DN SOOPers|HANJIN BRION,2026-05-15 10:22:39,DN SOOPers,HANJIN BRION,0,0.4047343134880066
selected_2024_2025,2026|Rounds 1-2|2026-05-16|Gen.G|T1,2026-05-16 08:05:55,Gen.G,T1,0,0.5419466495513916
selected_2024_2025,2026|Rounds 1-2|2026-05-16|BNK FEARX|Nongshim RedForce,2026-05-16 11:30:05,BNK FEARX,Nongshim RedForce,1,0.5278545618057251
selected_2024_2025,2026|Rounds 1-2|2026-05-17|Hanwha Life Esports|KT Rolster,2026-05-17 08:05:58,Hanwha Life Esports,KT Rolster,0,0.5479875802993774
selected_2024_2025,2026|Rounds 1-2|2026-05-17|HANJIN BRION|Kiwoom DRX,2026-05-17 11:06:33,HANJIN BRION,Kiwoom DRX,0,0.6069980263710022
selected_2024_2025,2026|Rounds 1-2|2026-05-20|Kiwoom DRX|T1,2026-05-20 08:05:29,Kiwoom DRX,T1,0,0.47352614998817444
selected_2024_2025,2026|Rounds 1-2|2026-05-20|KT Rolster|Nongshim RedForce,2026-05-20 11:01:11,KT Rolster,Nongshim RedForce,1,0.5365633964538574
selected_2024_2025,2026|Rounds 1-2|2026-05-21|BNK FEARX|Hanwha Life Esports,2026-05-21 08:06:57,BNK FEARX,Hanwha Life Esports,0,0.5176382064819336
selected_2024_2025,2026|Rounds 1-2|2026-05-21|Dplus Kia|HANJIN BRION,2026-05-21 10:22:05,Dplus Kia,HANJIN BRION,1,0.4737470746040344
selected_2024_2025,2026|Rounds 1-2|2026-05-22|DN SOOPers|Kiwoom DRX,2026-05-22 08:06:39,DN SOOPers,Kiwoom DRX,0,0.45537108182907104
selected_2024_2025,2026|Rounds 1-2|2026-05-22|Gen.G|KT Rolster,2026-05-22 10:20:35,Gen.G,KT Rolster,1,0.5330339074134827
selected_2024_2025,2026|Rounds 1-2|2026-05-23|BNK FEARX|Dplus Kia,2026-05-23 08:06:07,BNK FEARX,Dplus Kia,0,0.503589391708374
selected_2024_2025,2026|Rounds 1-2|2026-05-23|Hanwha Life Esports|Nongshim RedForce,2026-05-23 11:15:14,Hanwha Life Esports,Nongshim RedForce,1,0.5424909591674805
selected_2024_2025,2026|Rounds 1-2|2026-05-24|DN SOOPers|Gen.G,2026-05-24 08:06:42,DN SOOPers,Gen.G,0,0.42731285095214844
selected_2024_2025,2026|Rounds 1-2|2026-05-24|HANJIN BRION|T1,2026-05-24 10:10:10,HANJIN BRION,T1,0,0.4284459948539734
selected_2024_2025,2026|Rounds 1-2|2026-05-27|Gen.G|Hanwha Life Esports,2026-05-27 08:06:37,Gen.G,Hanwha Life Esports,1,0.5024373531341553
selected_2024_2025,2026|Rounds 1-2|2026-05-27|BNK FEARX|Kiwoom DRX,2026-05-27 11:17:26,BNK FEARX,Kiwoom DRX,1,0.47107699513435364
selected_2024_2025,2026|Rounds 1-2|2026-05-28|DN SOOPers|Nongshim RedForce,2026-05-28 08:03:36,DN SOOPers,Nongshim RedForce,0,0.4841245412826538
selected_2024_2025,2026|Rounds 1-2|2026-05-28|KT Rolster|T1,2026-05-28 11:03:41,KT Rolster,T1,0,0.4492081105709076
selected_2024_2025,2026|Rounds 1-2|2026-05-29|Dplus Kia|Kiwoom DRX,2026-05-29 08:09:08,Dplus Kia,Kiwoom DRX,1,0.47253572940826416
selected_2024_2025,2026|Rounds 1-2|2026-05-29|Gen.G|HANJIN BRION,2026-05-29 11:07:01,Gen.G,HANJIN BRION,1,0.5920695066452026
selected_2024_2025,2026|Rounds 1-2|2026-05-30|DN SOOPers|KT Rolster,2026-05-30 08:05:58,DN SOOPers,KT Rolster,0,0.4929366111755371
selected_2024_2025,2026|Rounds 1-2|2026-05-30|BNK FEARX|T1,2026-05-30 10:20:58,BNK FEARX,T1,0,0.44086772203445435
selected_2024_2025,2026|Rounds 1-2|2026-05-31|HANJIN BRION|Hanwha Life Esports,2026-05-31 08:06:48,HANJIN BRION,Hanwha Life Esports,0,0.45234090089797974
selected_2024_2025,2026|Rounds 1-2|2026-05-31|Dplus Kia|Nongshim RedForce,2026-05-31 10:17:32,Dplus Kia,Nongshim RedForce,1,0.5271056294441223
selected_2024_2025,2026|Rounds 1-2|2026-06-06|Dplus Kia|HANJIN BRION,2026-06-06 08:12:31,Dplus Kia,HANJIN BRION,1,0.6235159039497375
selected_2024_2025,2026|Rounds 1-2|2026-06-07|Dplus Kia|KT Rolster,2026-06-07 08:09:33,Dplus Kia,KT Rolster,0,0.6112313270568848
selected_2024_2025,2026|Rounds 1-2|2026-06-12|Hanwha Life Esports|T1,2026-06-12 08:25:00,Hanwha Life Esports,T1,1,0.4188680946826935
selected_2024_2025,2026|Rounds 1-2|2026-06-13|Gen.G|KT Rolster,2026-06-13 06:22:36,Gen.G,KT Rolster,1,0.6324179768562317
selected_2024_2025,2026|Rounds 1-2|2026-06-14|Gen.G|T1,2026-06-14 06:27:21,Gen.G,T1,0,0.5782610177993774
selected_2024_2025,2026|Rounds 3-4|2026-07-29|Kiwoom DRX|Nongshim RedForce,2026-07-29 08:05:41,Kiwoom DRX,Nongshim RedForce,0,0.5111007690429688
selected_2024_2025,2026|Rounds 3-4|2026-07-29|KT Rolster|T1,2026-07-29 10:14:12,KT Rolster,T1,1,0.4844856560230255
selected_2024_2025,2026|Rounds 3-4|2026-07-30|BNK FEARX|DN SOOPers,2026-07-30 08:07:12,BNK FEARX,DN SOOPers,1,0.5206860899925232
selected_2024_2025,2026|Rounds 3-4|2026-07-30|Dplus Kia|Hanwha Life Esports,2026-07-30 10:17:39,Dplus Kia,Hanwha Life Esports,1,0.4644942283630371
selected_2024_2025,2026|Rounds 3-4|2026-07-31|Gen.G|T1,2026-07-31 08:15:35,Gen.G,T1,0,0.5276777744293213
selected_2024_2025,2026|Rounds 3-4|2026-07-31|HANJIN BRION|Kiwoom DRX,2026-07-31 10:28:31,HANJIN BRION,Kiwoom DRX,0,0.491072416305542
selected_2024_2025,2026|Rounds 3-4|2026-08-01|BNK FEARX|Nongshim RedForce,2026-08-01 08:05:28,BNK FEARX,Nongshim RedForce,0,0.5160923004150391
selected_2024_2025,2026|Rounds 3-4|2026-08-02|DN SOOPers|HANJIN BRION,2026-08-02 08:07:10,DN SOOPers,HANJIN BRION,1,0.49870210886001587
selected_2024_2025,2026|Rounds 3-4|2026-08-02|Hanwha Life Esports|KT Rolster,2026-08-02 11:27:57,Hanwha Life Esports,KT Rolster,0,0.5310591459274292
selected_2024_2025,2026|Rounds 3-4|2026-08-05|HANJIN BRION|Nongshim RedForce,2026-08-05 08:04:53,HANJIN BRION,Nongshim RedForce,1,0.41782376170158386
selected_2024_2025,2026|Rounds 3-4|2026-08-05|Gen.G|Hanwha Life Esports,2026-08-05 11:19:04,Gen.G,Hanwha Life Esports,1,0.47834330797195435
selected_2024_2025,2026|Rounds 3-4|2026-08-06|DN SOOPers|Kiwoom DRX,2026-08-06 08:07:39,DN SOOPers,Kiwoom DRX,0,0.5044476985931396
selected_2024_2025,2026|Rounds 3-4|2026-08-06|Dplus Kia|T1,2026-08-06 10:15:34,Dplus Kia,T1,0,0.4977009892463684
selected_2024_2025,2026|Rounds 3-4|2026-08-07|Gen.G|KT Rolster,2026-08-07 08:07:40,Gen.G,KT Rolster,1,0.45061802864074707
selected_2024_2025,2026|Rounds 3-4|2026-08-07|BNK FEARX|HANJIN BRION,2026-08-07 10:11:30,BNK FEARX,HANJIN BRION,0,0.5110187530517578
selected_2024_2025,2026|Rounds 3-4|2026-08-08|Hanwha Life Esports|T1,2026-08-08 08:08:11,Hanwha Life Esports,T1,1,0.46885138750076294
selected_2024_2025,2026|Rounds 3-4|2026-08-08|DN SOOPers|Nongshim RedForce,2026-08-08 11:16:34,DN SOOPers,Nongshim RedForce,1,0.4850122630596161
selected_2024_2025,2026|Rounds 3-4|2026-08-09|Dplus Kia|KT Rolster,2026-08-09 08:07:07,Dplus Kia,KT Rolster,1,0.47913655638694763
selected_2024_2025,2026|Rounds 3-4|2026-08-09|BNK FEARX|Kiwoom DRX,2026-08-09 11:01:09,BNK FEARX,Kiwoom DRX,1,0.4370608925819397
selected_2024_2025,2026|Rounds 3-4|2026-08-12|DN SOOPers|Nongshim RedForce,2026-08-12 08:07:18,DN SOOPers,Nongshim RedForce,1,0.4956945776939392
selected_2024_2025,2026|Rounds 3-4|2026-08-12|Dplus Kia|KT Rolster,2026-08-12 11:02:08,Dplus Kia,KT Rolster,1,0.521205723285675
selected_2024_2025,2026|Rounds 3-4|2026-08-13|BNK FEARX|Kiwoom DRX,2026-08-13 08:06:50,BNK FEARX,Kiwoom DRX,1,0.483161062002182
selected_2024_2025,2026|Rounds 3-4|2026-08-13|Gen.G|Hanwha Life Esports,2026-08-13 11:04:48,Gen.G,Hanwha Life Esports,1,0.5355072021484375
selected_2024_2025,2026|Rounds 3-4|2026-08-14|Dplus Kia|T1,2026-08-14 08:08:00,Dplus Kia,T1,1,0.5212256908416748
selected_2024_2025,2026|Rounds 3-4|2026-08-14|HANJIN BRION|Nongshim RedForce,2026-08-14 11:28:48,HANJIN BRION,Nongshim RedForce,0,0.5561630725860596
selected_2024_2025,2026|Rounds 3-4|2026-08-15|Hanwha Life Esports|KT Rolster,2026-08-15 08:08:03,Hanwha Life Esports,KT Rolster,1,0.5269959568977356
selected_2024_2025,2026|Rounds 3-4|2026-08-15|BNK FEARX|DN SOOPers,2026-08-15 11:08:43,BNK FEARX,DN SOOPers,0,0.5262162089347839
selected_2024_2025,2026|Rounds 3-4|2026-08-16|Gen.G|T1,2026-08-16 08:07:26,Gen.G,T1,1,0.5647293329238892
selected_2024_2025,2026|Rounds 3-4|2026-08-16|HANJIN BRION|Kiwoom DRX,2026-08-16 10:44:01,HANJIN BRION,Kiwoom DRX,1,0.5415112972259521
selected_2024_2025,2026|Rounds 3-4|2026-08-19|Gen.G|KT Rolster,2026-08-19 08:05:49,Gen.G,KT Rolster,1,0.5853543281555176
selected_2024_2025,2026|Rounds 3-4|2026-08-19|DN SOOPers|HANJIN BRION,2026-08-19 11:22:14,DN SOOPers,HANJIN BRION,0,0.5801988840103149
selected_2024_2025,2026|Rounds 3-4|2026-08-20|Dplus Kia|Hanwha Life Esports,2026-08-20 08:07:41,Dplus Kia,Hanwha Life Esports,0,0.511926531791687
selected_2024_2025,2026|Rounds 3-4|2026-08-20|Kiwoom DRX|Nongshim RedForce,2026-08-20 10:33:18,Kiwoom DRX,Nongshim RedForce,0,0.4358752369880676
selected_2024_2025,2026|Rounds 3-4|2026-08-21|BNK FEARX|HANJIN BRION,2026-08-21 08:07:26,BNK FEARX,HANJIN BRION,1,0.4589190185070038
selected_2024_2025,2026|Rounds 3-4|2026-08-21|KT Rolster|T1,2026-08-21 11:24:11,KT Rolster,T1,0,0.49520742893218994
selected_2024_2025,2026|Rounds 3-4|2026-08-22|Dplus Kia|Gen.G,2026-08-22 08:08:17,Dplus Kia,Gen.G,1,0.45476168394088745
selected_2024_2025,2026|Rounds 3-4|2026-08-22|DN SOOPers|Kiwoom DRX,2026-08-22 11:31:02,DN SOOPers,Kiwoom DRX,1,0.5541432499885559
selected_2024_2025,2026|Rounds 3-4|2026-08-23|Hanwha Life Esports|T1,2026-08-23 08:07:42,Hanwha Life Esports,T1,1,0.5470753908157349
selected_2024_2025,2026|Rounds 3-4|2026-08-23|BNK FEARX|Nongshim RedForce,2026-08-23 10:20:23,BNK FEARX,Nongshim RedForce,0,0.4552438259124756
selected_2024_2025,2026|Rounds 3-4|2026-08-26|HANJIN BRION|KT Rolster,2026-08-26 08:08:21,HANJIN BRION,KT Rolster,0,0.508102297782898
selected_2024_2025,2026|Rounds 3-4|2026-08-27|BNK FEARX|Nongshim RedForce,2026-08-27 08:07:15,BNK FEARX,Nongshim RedForce,1,0.4326576590538025
selected_2024_2025,2026|Rounds 3-4|2026-08-28|BNK FEARX|HANJIN BRION,2026-08-28 08:06:46,BNK FEARX,HANJIN BRION,1,0.551857590675354
selected_2024_2025,2026|Rounds 3-4|2026-08-29|BNK FEARX|T1,2026-08-29 08:07:39,BNK FEARX,T1,0,0.5261543989181519
selected_2024_2025,2026|Rounds 3-4|2026-08-30|Dplus Kia|KT Rolster,2026-08-30 08:10:04,Dplus Kia,KT Rolster,0,0.4622085392475128
selected_2024_2025,2026|Rounds 3-4|2026-09-01|Gen.G|KT Rolster,2026-09-01 08:11:13,Gen.G,KT Rolster,1,0.4352485239505768
selected_2024_2025,2026|Rounds 3-4|2026-09-02|Hanwha Life Esports|T1,2026-09-02 08:11:08,Hanwha Life Esports,T1,1,0.5825303196907043
selected_2024_2025,2026|Rounds 3-4|2026-09-03|BNK FEARX|Dplus Kia,2026-09-03 08:07:55,BNK FEARX,Dplus Kia,0,0.48113059997558594
selected_2024_2025,2026|Rounds 3-4|2026-09-04|Dplus Kia|KT Rolster,2026-09-04 08:07:52,Dplus Kia,KT Rolster,1,0.5468547940254211
selected_2024_2025,2026|Rounds 3-4|2026-09-05|Gen.G|Hanwha Life Esports,2026-09-05 08:08:15,Gen.G,Hanwha Life Esports,1,0.5078364014625549
selected_2024_2025,2026|Rounds 3-4|2026-09-06|Dplus Kia|T1,2026-09-06 08:09:36,Dplus Kia,T1,0,0.5532984733581543
selected_2024_2025,2026|Rounds 3-4|2026-09-12|Hanwha Life Esports|T1,2026-09-12 05:21:16,Hanwha Life Esports,T1,1,0.4692128896713257
selected_2023_2025,2026|Cup|2026-01-14|DN SOOPers|KT Rolster,2026-01-14 08:13:43,DN SOOPers,KT Rolster,0,0.5025622248649597
selected_2023_2025,2026|Cup|2026-01-14|Dplus Kia|HANJIN BRION,2026-01-14 11:22:18,Dplus Kia,HANJIN BRION,1,0.509475827217102
selected_2023_2025,2026|Cup|2026-01-15|Gen.G|Kiwoom DRX,2026-01-15 08:05:23,Gen.G,Kiwoom DRX,1,0.5661602020263672
selected_2023_2025,2026|Cup|2026-01-15|BNK FEARX|Nongshim RedForce,2026-01-15 10:15:24,BNK FEARX,Nongshim RedForce,1,0.503632128238678
selected_2023_2025,2026|Cup|2026-01-16|DN SOOPers|Dplus Kia,2026-01-16 08:05:40,DN SOOPers,Dplus Kia,0,0.474051296710968
selected_2023_2025,2026|Cup|2026-01-16|Hanwha Life Esports|T1,2026-01-16 10:08:16,Hanwha Life Esports,T1,0,0.5212499499320984
selected_2023_2025,2026|Cup|2026-01-17|BNK FEARX|HANJIN BRION,2026-01-17 08:05:53,BNK FEARX,HANJIN BRION,1,0.552048921585083
selected_2023_2025,2026|Cup|2026-01-17|Gen.G|KT Rolster,2026-01-17 11:10:45,Gen.G,KT Rolster,1,0.560599684715271
selected_2023_2025,2026|Cup|2026-01-18|Hanwha Life Esports|Nongshim RedForce,2026-01-18 08:05:24,Hanwha Life Esports,Nongshim RedForce,0,0.5115708708763123
selected_2023_2025,2026|Cup|2026-01-18|Kiwoom DRX|T1,2026-01-18 10:20:18,Kiwoom DRX,T1,0,0.4661763906478882
selected_2023_2025,2026|Cup|2026-01-21|Dplus Kia|Nongshim RedForce,2026-01-21 08:05:24,Dplus Kia,Nongshim RedForce,1,0.5507299900054932
selected_2023_2025,2026|Cup|2026-01-21|DN SOOPers|Kiwoom DRX,2026-01-21 11:14:52,DN SOOPers,Kiwoom DRX,1,0.49575406312942505
selected_2023_2025,2026|Cup|2026-01-22|HANJIN BRION|Hanwha Life Esports,2026-01-22 08:05:25,HANJIN BRION,Hanwha Life Esports,0,0.5022999048233032
selected_2023_2025,2026|Cup|2026-01-22|BNK FEARX|Gen.G,2026-01-22 11:14:53,BNK FEARX,Gen.G,0,0.4508458375930786
selected_2023_2025,2026|Cup|2026-01-23|KT Rolster|T1,2026-01-23 08:04:55,KT Rolster,T1,0,0.441132515668869
selected_2023_2025,2026|Cup|2026-01-23|Kiwoom DRX|Nongshim RedForce,2026-01-23 10:33:19,Kiwoom DRX,Nongshim RedForce,1,0.4873613119125366
selected_2023_2025,2026|Cup|2026-01-24|DN SOOPers|Hanwha Life Esports,2026-01-24 08:04:56,DN SOOPers,Hanwha Life Esports,0,0.4845661520957947
selected_2023_2025,2026|Cup|2026-01-24|Dplus Kia|Gen.G,2026-01-24 11:24:48,Dplus Kia,Gen.G,0,0.4529430866241455
selected_2023_2025,2026|Cup|2026-01-25|BNK FEARX|T1,2026-01-25 08:05:39,BNK FEARX,T1,0,0.48309779167175293
selected_2023_2025,2026|Cup|2026-01-25|HANJIN BRION|KT Rolster,2026-01-25 11:28:02,HANJIN BRION,KT Rolster,0,0.5194516777992249
selected_2023_2025,2026|Cup|2026-01-28|HANJIN BRION|Kiwoom DRX,2026-01-28 08:04:54,HANJIN BRION,Kiwoom DRX,0,0.5004506707191467
selected_2023_2025,2026|Cup|2026-01-29|BNK FEARX|DN SOOPers,2026-01-29 08:07:19,BNK FEARX,DN SOOPers,1,0.46459144353866577
selected_2023_2025,2026|Cup|2026-01-30|KT Rolster|Nongshim RedForce,2026-01-30 08:05:48,KT Rolster,Nongshim RedForce,0,0.4857024550437927
selected_2023_2025,2026|Cup|2026-01-31|Dplus Kia|T1,2026-01-31 08:17:53,Dplus Kia,T1,0,0.48038578033447266
selected_2023_2025,2026|Cup|2026-02-01|Gen.G|Hanwha Life Esports,2026-02-01 08:08:08,Gen.G,Hanwha Life Esports,1,0.5523202419281006
selected_2023_2025,2026|Cup|2026-02-06|HANJIN BRION|Kiwoom DRX,2026-02-06 08:05:10,HANJIN BRION,Kiwoom DRX,0,0.49043646454811096
selected_2023_2025,2026|Cup|2026-02-06|DN SOOPers|KT Rolster,2026-02-06 10:59:51,DN SOOPers,KT Rolster,1,0.4931026101112366
selected_2023_2025,2026|Cup|2026-02-07|Dplus Kia|Kiwoom DRX,2026-02-07 08:07:00,Dplus Kia,Kiwoom DRX,1,0.429878294467926
selected_2023_2025,2026|Cup|2026-02-07|DN SOOPers|Nongshim RedForce,2026-02-07 10:09:22,DN SOOPers,Nongshim RedForce,1,0.5018596053123474
selected_2023_2025,2026|Cup|2026-02-08|Kiwoom DRX|Nongshim RedForce,2026-02-08 08:06:06,Kiwoom DRX,Nongshim RedForce,1,0.4659769535064697
selected_2023_2025,2026|Cup|2026-02-12|BNK FEARX|DN SOOPers,2026-02-12 08:04:05,BNK FEARX,DN SOOPers,1,0.5013175010681152
selected_2023_2025,2026|Cup|2026-02-13|Dplus Kia|Kiwoom DRX,2026-02-13 08:06:47,Dplus Kia,Kiwoom DRX,1,0.5169322490692139
selected_2023_2025,2026|Cup|2026-02-14|Dplus Kia|Gen.G,2026-02-14 08:07:25,Dplus Kia,Gen.G,0,0.46647095680236816
selected_2023_2025,2026|Cup|2026-02-15|BNK FEARX|T1,2026-02-15 08:05:24,BNK FEARX,T1,1,0.5010915994644165
selected_2023_2025,2026|Cup|2026-02-19|DN SOOPers|Kiwoom DRX,2026-02-19 08:06:05,DN SOOPers,Kiwoom DRX,1,0.5193910598754883
selected_2023_2025,2026|Cup|2026-02-20|DN SOOPers|Dplus Kia,2026-02-20 08:06:25,DN SOOPers,Dplus Kia,0,0.5494757890701294
selected_2023_2025,2026|Cup|2026-02-21|BNK FEARX|Gen.G,2026-02-21 08:08:52,BNK FEARX,Gen.G,0,0.5166227221488953
selected_2023_2025,2026|Cup|2026-02-22|Dplus Kia|T1,2026-02-22 08:08:41,Dplus Kia,T1,1,0.5153251886367798
selected_2023_2025,2026|Cup|2026-02-28|BNK FEARX|Dplus Kia,2026-02-28 08:23:00,BNK FEARX,Dplus Kia,1,0.5120728611946106
selected_2023_2025,2026|Cup|2026-03-01|BNK FEARX|Gen.G,2026-03-01 08:22:46,BNK FEARX,Gen.G,0,0.5182778835296631
selected_2023_2025,2026|Rounds 1-2|2026-04-01|HANJIN BRION|Hanwha Life Esports,2026-04-01 08:11:43,HANJIN BRION,Hanwha Life Esports,0,0.4939265251159668
selected_2023_2025,2026|Rounds 1-2|2026-04-01|KT Rolster|T1,2026-04-01 10:23:34,KT Rolster,T1,1,0.4959906339645386
selected_2023_2025,2026|Rounds 1-2|2026-04-02|Dplus Kia|Nongshim RedForce,2026-04-02 08:08:29,Dplus Kia,Nongshim RedForce,0,0.49903586506843567
selected_2023_2025,2026|Rounds 1-2|2026-04-02|DN SOOPers|Kiwoom DRX,2026-04-02 10:15:16,DN SOOPers,Kiwoom DRX,1,0.5161023139953613
selected_2023_2025,2026|Rounds 1-2|2026-04-03|Gen.G|KT Rolster,2026-04-03 08:10:24,Gen.G,KT Rolster,0,0.5492838621139526
selected_2023_2025,2026|Rounds 1-2|2026-04-03|BNK FEARX|HANJIN BRION,2026-04-03 11:10:37,BNK FEARX,HANJIN BRION,0,0.5091228485107422
selected_2023_2025,2026|Rounds 1-2|2026-04-04|Hanwha Life Esports|T1,2026-04-04 08:08:38,Hanwha Life Esports,T1,0,0.5199747085571289
selected_2023_2025,2026|Rounds 1-2|2026-04-04|Dplus Kia|Kiwoom DRX,2026-04-04 10:30:33,Dplus Kia,Kiwoom DRX,1,0.4918825030326843
selected_2023_2025,2026|Rounds 1-2|2026-04-05|DN SOOPers|Nongshim RedForce,2026-04-05 08:10:33,DN SOOPers,Nongshim RedForce,0,0.4918137490749359
selected_2023_2025,2026|Rounds 1-2|2026-04-05|BNK FEARX|Gen.G,2026-04-05 10:22:53,BNK FEARX,Gen.G,0,0.4598715603351593
selected_2023_2025,2026|Rounds 1-2|2026-04-08|Dplus Kia|Hanwha Life Esports,2026-04-08 08:06:29,Dplus Kia,Hanwha Life Esports,0,0.4823094308376312
selected_2023_2025,2026|Rounds 1-2|2026-04-08|Gen.G|T1,2026-04-08 10:19:02,Gen.G,T1,1,0.5289299488067627
selected_2023_2025,2026|Rounds 1-2|2026-04-09|HANJIN BRION|Kiwoom DRX,2026-04-09 08:06:21,HANJIN BRION,Kiwoom DRX,0,0.5156755447387695
selected_2023_2025,2026|Rounds 1-2|2026-04-09|KT Rolster|Nongshim RedForce,2026-04-09 11:25:00,KT Rolster,Nongshim RedForce,1,0.46470314264297485
selected_2023_2025,2026|Rounds 1-2|2026-04-10|DN SOOPers|T1,2026-04-10 08:09:34,DN SOOPers,T1,0,0.5116705894470215
selected_2023_2025,2026|Rounds 1-2|2026-04-10|BNK FEARX|Hanwha Life Esports,2026-04-10 10:10:47,BNK FEARX,Hanwha Life Esports,0,0.4609344005584717
selected_2023_2025,2026|Rounds 1-2|2026-04-11|Kiwoom DRX|Nongshim RedForce,2026-04-11 08:06:17,Kiwoom DRX,Nongshim RedForce,1,0.4493957757949829
selected_2023_2025,2026|Rounds 1-2|2026-04-11|Dplus Kia|Gen.G,2026-04-11 10:14:53,Dplus Kia,Gen.G,1,0.4275151491165161
selected_2023_2025,2026|Rounds 1-2|2026-04-12|BNK FEARX|DN SOOPers,2026-04-12 08:05:05,BNK FEARX,DN SOOPers,1,0.4917384386062622
selected_2023_2025,2026|Rounds 1-2|2026-04-12|HANJIN BRION|KT Rolster,2026-04-12 10:09:24,HANJIN BRION,KT Rolster,0,0.4951476454734802
selected_2023_2025,2026|Rounds 1-2|2026-04-15|BNK FEARX|Nongshim RedForce,2026-04-15 08:04:27,BNK FEARX,Nongshim RedForce,0,0.5406394004821777
selected_2023_2025,2026|Rounds 1-2|2026-04-15|Dplus Kia|KT Rolster,2026-04-15 10:10:22,Dplus Kia,KT Rolster,0,0.4308065176010132
selected_2023_2025,2026|Rounds 1-2|2026-04-16|Gen.G|HANJIN BRION,2026-04-16 08:07:45,Gen.G,HANJIN BRION,1,0.5491632223129272
selected_2023_2025,2026|Rounds 1-2|2026-04-16|DN SOOPers|Hanwha Life Esports,2026-04-16 10:19:53,DN SOOPers,Hanwha Life Esports,0,0.435528039932251
selected_2023_2025,2026|Rounds 1-2|2026-04-17|BNK FEARX|Kiwoom DRX,2026-04-17 08:09:20,BNK FEARX,Kiwoom DRX,1,0.46558237075805664
selected_2023_2025,2026|Rounds 1-2|2026-04-17|Dplus Kia|T1,2026-04-17 10:18:08,Dplus Kia,T1,1,0.5011508464813232
selected_2023_2025,2026|Rounds 1-2|2026-04-18|Gen.G|Hanwha Life Esports,2026-04-18 08:07:24,Gen.G,Hanwha Life Esports,0,0.48685914278030396
selected_2023_2025,2026|Rounds 1-2|2026-04-18|DN SOOPers|KT Rolster,2026-04-18 10:19:42,DN SOOPers,KT Rolster,0,0.42921286821365356
selected_2023_2025,2026|Rounds 1-2|2026-04-19|HANJIN BRION|Nongshim RedForce,2026-04-19 08:06:04,HANJIN BRION,Nongshim RedForce,0,0.4765045940876007
selected_2023_2025,2026|Rounds 1-2|2026-04-19|Kiwoom DRX|T1,2026-04-19 11:23:50,Kiwoom DRX,T1,0,0.5038118362426758
selected_2023_2025,2026|Rounds 1-2|2026-04-22|KT Rolster|Kiwoom DRX,2026-04-22 08:04:37,KT Rolster,Kiwoom DRX,1,0.546097457408905
selected_2023_2025,2026|Rounds 1-2|2026-04-22|Hanwha Life Esports|Nongshim RedForce,2026-04-22 10:16:00,Hanwha Life Esports,Nongshim RedForce,1,0.5397219061851501
selected_2023_2025,2026|Rounds 1-2|2026-04-23|Dplus Kia|HANJIN BRION,2026-04-23 08:05:27,Dplus Kia,HANJIN BRION,1,0.5080512762069702
selected_2023_2025,2026|Rounds 1-2|2026-04-23|DN SOOPers|Gen.G,2026-04-23 10:15:14,DN SOOPers,Gen.G,0,0.47392693161964417
selected_2023_2025,2026|Rounds 1-2|2026-04-24|BNK FEARX|KT Rolster,2026-04-24 08:07:08,BNK FEARX,KT Rolster,0,0.4369622468948364
selected_2023_2025,2026|Rounds 1-2|2026-04-24|Hanwha Life Esports|Kiwoom DRX,2026-04-24 10:32:53,Hanwha Life Esports,Kiwoom DRX,1,0.5726724863052368
selected_2023_2025,2026|Rounds 1-2|2026-04-25|HANJIN BRION|T1,2026-04-25 08:07:29,HANJIN BRION,T1,0,0.4695163369178772
selected_2023_2025,2026|Rounds 1-2|2026-04-25|DN SOOPers|Dplus Kia,2026-04-25 10:52:42,DN SOOPers,Dplus Kia,0,0.44707104563713074
selected_2023_2025,2026|Rounds 1-2|2026-04-26|BNK FEARX|T1,2026-04-26 08:06:17,BNK FEARX,T1,0,0.45641112327575684
selected_2023_2025,2026|Rounds 1-2|2026-04-26|Gen.G|Nongshim RedForce,2026-04-26 10:15:14,Gen.G,Nongshim RedForce,1,0.5098375082015991
selected_2023_2025,2026|Rounds 1-2|2026-04-29|Nongshim RedForce|T1,2026-04-29 08:05:12,Nongshim RedForce,T1,0,0.45698654651641846
selected_2023_2025,2026|Rounds 1-2|2026-04-29|Hanwha Life Esports|KT Rolster,2026-04-29 10:15:19,Hanwha Life Esports,KT Rolster,1,0.4572492837905884
selected_2023_2025,2026|Rounds 1-2|2026-04-30|Gen.G|Kiwoom DRX,2026-04-30 08:06:44,Gen.G,Kiwoom DRX,1,0.5730710625648499
selected_2023_2025,2026|Rounds 1-2|2026-04-30|BNK FEARX|Dplus Kia,2026-04-30 11:13:48,BNK FEARX,Dplus Kia,0,0.4379129707813263
selected_2023_2025,2026|Rounds 1-2|2026-05-01|DN SOOPers|HANJIN BRION,2026-05-01 08:06:11,DN SOOPers,HANJIN BRION,0,0.49655479192733765
selected_2023_2025,2026|Rounds 1-2|2026-05-01|Hanwha Life Esports|T1,2026-05-01 10:22:34,Hanwha Life Esports,T1,1,0.4947703182697296
selected_2023_2025,2026|Rounds 1-2|2026-05-02|Dplus Kia|Gen.G,2026-05-02 08:06:29,Dplus Kia,Gen.G,0,0.4845283627510071
selected_2023_2025,2026|Rounds 1-2|2026-05-02|Kiwoom DRX|Nongshim RedForce,2026-05-02 11:03:54,Kiwoom DRX,Nongshim RedForce,1,0.5098214745521545
selected_2023_2025,2026|Rounds 1-2|2026-05-03|HANJIN BRION|KT Rolster,2026-05-03 08:05:43,HANJIN BRION,KT Rolster,1,0.47203534841537476
selected_2023_2025,2026|Rounds 1-2|2026-05-03|BNK FEARX|DN SOOPers,2026-05-03 10:24:27,BNK FEARX,DN SOOPers,1,0.5012439489364624
selected_2023_2025,2026|Rounds 1-2|2026-05-06|Gen.G|Nongshim RedForce,2026-05-06 08:06:15,Gen.G,Nongshim RedForce,1,0.5524206757545471
selected_2023_2025,2026|Rounds 1-2|2026-05-06|DN SOOPers|Hanwha Life Esports,2026-05-06 10:34:43,DN SOOPers,Hanwha Life Esports,0,0.4318530261516571
selected_2023_2025,2026|Rounds 1-2|2026-05-07|Dplus Kia|KT Rolster,2026-05-07 08:07:34,Dplus Kia,KT Rolster,0,0.5070497393608093
selected_2023_2025,2026|Rounds 1-2|2026-05-07|BNK FEARX|HANJIN BRION,2026-05-07 10:30:17,BNK FEARX,HANJIN BRION,0,0.4654959440231323
selected_2023_2025,2026|Rounds 1-2|2026-05-08|DN SOOPers|T1,2026-05-08 08:05:48,DN SOOPers,T1,0,0.4469836354255676
selected_2023_2025,2026|Rounds 1-2|2026-05-08|Gen.G|Kiwoom DRX,2026-05-08 10:40:52,Gen.G,Kiwoom DRX,1,0.5144460797309875
selected_2023_2025,2026|Rounds 1-2|2026-05-09|BNK FEARX|KT Rolster,2026-05-09 08:06:41,BNK FEARX,KT Rolster,1,0.5018318891525269
selected_2023_2025,2026|Rounds 1-2|2026-05-09|HANJIN BRION|Nongshim RedForce,2026-05-09 10:15:45,HANJIN BRION,Nongshim RedForce,1,0.5605548620223999
selected_2023_2025,2026|Rounds 1-2|2026-05-10|Dplus Kia|T1,2026-05-10 08:09:29,Dplus Kia,T1,0,0.4588247239589691
selected_2023_2025,2026|Rounds 1-2|2026-05-10|Hanwha Life Esports|Kiwoom DRX,2026-05-10 10:31:52,Hanwha Life Esports,Kiwoom DRX,1,0.5323258638381958
selected_2023_2025,2026|Rounds 1-2|2026-05-13|Nongshim RedForce|T1,2026-05-13 08:06:21,Nongshim RedForce,T1,0,0.45406728982925415
selected_2023_2025,2026|Rounds 1-2|2026-05-13|DN SOOPers|Dplus Kia,2026-05-13 10:12:11,DN SOOPers,Dplus Kia,0,0.48859328031539917
selected_2023_2025,2026|Rounds 1-2|2026-05-14|BNK FEARX|Gen.G,2026-05-14 08:07:03,BNK FEARX,Gen.G,0,0.4576188325881958
selected_2023_2025,2026|Rounds 1-2|2026-05-14|KT Rolster|Kiwoom DRX,2026-05-14 10:15:56,KT Rolster,Kiwoom DRX,1,0.5075924396514893
selected_2023_2025,2026|Rounds 1-2|2026-05-15|Dplus Kia|Hanwha Life Esports,2026-05-15 08:07:51,Dplus Kia,Hanwha Life Esports,0,0.4824705719947815
selected_2023_2025,2026|Rounds 1-2|2026-05-15|DN SOOPers|HANJIN BRION,2026-05-15 10:22:39,DN SOOPers,HANJIN BRION,0,0.44067883491516113
selected_2023_2025,2026|Rounds 1-2|2026-05-16|Gen.G|T1,2026-05-16 08:05:55,Gen.G,T1,0,0.5260230302810669
selected_2023_2025,2026|Rounds 1-2|2026-05-16|BNK FEARX|Nongshim RedForce,2026-05-16 11:30:05,BNK FEARX,Nongshim RedForce,1,0.5235979557037354
selected_2023_2025,2026|Rounds 1-2|2026-05-17|Hanwha Life Esports|KT Rolster,2026-05-17 08:05:58,Hanwha Life Esports,KT Rolster,0,0.5369844436645508
selected_2023_2025,2026|Rounds 1-2|2026-05-17|HANJIN BRION|Kiwoom DRX,2026-05-17 11:06:33,HANJIN BRION,Kiwoom DRX,0,0.5666162371635437
selected_2023_2025,2026|Rounds 1-2|2026-05-20|Kiwoom DRX|T1,2026-05-20 08:05:29,Kiwoom DRX,T1,0,0.4797665476799011
selected_2023_2025,2026|Rounds 1-2|2026-05-20|KT Rolster|Nongshim RedForce,2026-05-20 11:01:11,KT Rolster,Nongshim RedForce,1,0.5180771946907043
selected_2023_2025,2026|Rounds 1-2|2026-05-21|BNK FEARX|Hanwha Life Esports,2026-05-21 08:06:57,BNK FEARX,Hanwha Life Esports,0,0.49934154748916626
selected_2023_2025,2026|Rounds 1-2|2026-05-21|Dplus Kia|HANJIN BRION,2026-05-21 10:22:05,Dplus Kia,HANJIN BRION,1,0.4851784110069275
selected_2023_2025,2026|Rounds 1-2|2026-05-22|DN SOOPers|Kiwoom DRX,2026-05-22 08:06:39,DN SOOPers,Kiwoom DRX,0,0.46421024203300476
selected_2023_2025,2026|Rounds 1-2|2026-05-22|Gen.G|KT Rolster,2026-05-22 10:20:35,Gen.G,KT Rolster,1,0.5276662111282349
selected_2023_2025,2026|Rounds 1-2|2026-05-23|BNK FEARX|Dplus Kia,2026-05-23 08:06:07,BNK FEARX,Dplus Kia,0,0.5010454058647156
selected_2023_2025,2026|Rounds 1-2|2026-05-23|Hanwha Life Esports|Nongshim RedForce,2026-05-23 11:15:14,Hanwha Life Esports,Nongshim RedForce,1,0.5254409313201904
selected_2023_2025,2026|Rounds 1-2|2026-05-24|DN SOOPers|Gen.G,2026-05-24 08:06:42,DN SOOPers,Gen.G,0,0.4486297070980072
selected_2023_2025,2026|Rounds 1-2|2026-05-24|HANJIN BRION|T1,2026-05-24 10:10:10,HANJIN BRION,T1,0,0.4490452706813812
selected_2023_2025,2026|Rounds 1-2|2026-05-27|Gen.G|Hanwha Life Esports,2026-05-27 08:06:37,Gen.G,Hanwha Life Esports,1,0.5011282563209534
selected_2023_2025,2026|Rounds 1-2|2026-05-27|BNK FEARX|Kiwoom DRX,2026-05-27 11:17:26,BNK FEARX,Kiwoom DRX,1,0.4792315363883972
selected_2023_2025,2026|Rounds 1-2|2026-05-28|DN SOOPers|Nongshim RedForce,2026-05-28 08:03:36,DN SOOPers,Nongshim RedForce,0,0.48636284470558167
selected_2023_2025,2026|Rounds 1-2|2026-05-28|KT Rolster|T1,2026-05-28 11:03:41,KT Rolster,T1,0,0.468153178691864
selected_2023_2025,2026|Rounds 1-2|2026-05-29|Dplus Kia|Kiwoom DRX,2026-05-29 08:09:08,Dplus Kia,Kiwoom DRX,1,0.48270708322525024
selected_2023_2025,2026|Rounds 1-2|2026-05-29|Gen.G|HANJIN BRION,2026-05-29 11:07:01,Gen.G,HANJIN BRION,1,0.5683771967887878
selected_2023_2025,2026|Rounds 1-2|2026-05-30|DN SOOPers|KT Rolster,2026-05-30 08:05:58,DN SOOPers,KT Rolster,0,0.4931233525276184
selected_2023_2025,2026|Rounds 1-2|2026-05-30|BNK FEARX|T1,2026-05-30 10:20:58,BNK FEARX,T1,0,0.46005311608314514
selected_2023_2025,2026|Rounds 1-2|2026-05-31|HANJIN BRION|Hanwha Life Esports,2026-05-31 08:06:48,HANJIN BRION,Hanwha Life Esports,0,0.46594899892807007
selected_2023_2025,2026|Rounds 1-2|2026-05-31|Dplus Kia|Nongshim RedForce,2026-05-31 10:17:32,Dplus Kia,Nongshim RedForce,1,0.5176530480384827
selected_2023_2025,2026|Rounds 1-2|2026-06-06|Dplus Kia|HANJIN BRION,2026-06-06 08:12:31,Dplus Kia,HANJIN BRION,1,0.5875946283340454
selected_2023_2025,2026|Rounds 1-2|2026-06-07|Dplus Kia|KT Rolster,2026-06-07 08:09:33,Dplus Kia,KT Rolster,0,0.5882045030593872
selected_2023_2025,2026|Rounds 1-2|2026-06-12|Hanwha Life Esports|T1,2026-06-12 08:25:00,Hanwha Life Esports,T1,1,0.43942251801490784
selected_2023_2025,2026|Rounds 1-2|2026-06-13|Gen.G|KT Rolster,2026-06-13 06:22:36,Gen.G,KT Rolster,1,0.5847058296203613
selected_2023_2025,2026|Rounds 1-2|2026-06-14|Gen.G|T1,2026-06-14 06:27:21,Gen.G,T1,0,0.5506303310394287
selected_2023_2025,2026|Rounds 3-4|2026-07-29|Kiwoom DRX|Nongshim RedForce,2026-07-29 08:05:41,Kiwoom DRX,Nongshim RedForce,0,0.5071045160293579
selected_2023_2025,2026|Rounds 3-4|2026-07-29|KT Rolster|T1,2026-07-29 10:14:12,KT Rolster,T1,1,0.49645838141441345
selected_2023_2025,2026|Rounds 3-4|2026-07-30|BNK FEARX|DN SOOPers,2026-07-30 08:07:12,BNK FEARX,DN SOOPers,1,0.5075554847717285
selected_2023_2025,2026|Rounds 3-4|2026-07-30|Dplus Kia|Hanwha Life Esports,2026-07-30 10:17:39,Dplus Kia,Hanwha Life Esports,1,0.48010802268981934
selected_2023_2025,2026|Rounds 3-4|2026-07-31|Gen.G|T1,2026-07-31 08:15:35,Gen.G,T1,0,0.5246908664703369
selected_2023_2025,2026|Rounds 3-4|2026-07-31|HANJIN BRION|Kiwoom DRX,2026-07-31 10:28:31,HANJIN BRION,Kiwoom DRX,0,0.48945778608322144
selected_2023_2025,2026|Rounds 3-4|2026-08-01|BNK FEARX|Nongshim RedForce,2026-08-01 08:05:28,BNK FEARX,Nongshim RedForce,0,0.5050275325775146
selected_2023_2025,2026|Rounds 3-4|2026-08-02|DN SOOPers|HANJIN BRION,2026-08-02 08:07:10,DN SOOPers,HANJIN BRION,1,0.5048505663871765
selected_2023_2025,2026|Rounds 3-4|2026-08-02|Hanwha Life Esports|KT Rolster,2026-08-02 11:27:57,Hanwha Life Esports,KT Rolster,0,0.5198066234588623
selected_2023_2025,2026|Rounds 3-4|2026-08-05|HANJIN BRION|Nongshim RedForce,2026-08-05 08:04:53,HANJIN BRION,Nongshim RedForce,1,0.4311211109161377
selected_2023_2025,2026|Rounds 3-4|2026-08-05|Gen.G|Hanwha Life Esports,2026-08-05 11:19:04,Gen.G,Hanwha Life Esports,1,0.48829206824302673
selected_2023_2025,2026|Rounds 3-4|2026-08-06|DN SOOPers|Kiwoom DRX,2026-08-06 08:07:39,DN SOOPers,Kiwoom DRX,0,0.49707692861557007
selected_2023_2025,2026|Rounds 3-4|2026-08-06|Dplus Kia|T1,2026-08-06 10:15:34,Dplus Kia,T1,0,0.4993610978126526
selected_2023_2025,2026|Rounds 3-4|2026-08-07|Gen.G|KT Rolster,2026-08-07 08:07:40,Gen.G,KT Rolster,1,0.47492897510528564
selected_2023_2025,2026|Rounds 3-4|2026-08-07|BNK FEARX|HANJIN BRION,2026-08-07 10:11:30,BNK FEARX,HANJIN BRION,0,0.5095791816711426
selected_2023_2025,2026|Rounds 3-4|2026-08-08|Hanwha Life Esports|T1,2026-08-08 08:08:11,Hanwha Life Esports,T1,1,0.47741687297821045
selected_2023_2025,2026|Rounds 3-4|2026-08-08|DN SOOPers|Nongshim RedForce,2026-08-08 11:16:34,DN SOOPers,Nongshim RedForce,1,0.4869062304496765
selected_2023_2025,2026|Rounds 3-4|2026-08-09|Dplus Kia|KT Rolster,2026-08-09 08:07:07,Dplus Kia,KT Rolster,1,0.48817330598831177
selected_2023_2025,2026|Rounds 3-4|2026-08-09|BNK FEARX|Kiwoom DRX,2026-08-09 11:01:09,BNK FEARX,Kiwoom DRX,1,0.44988471269607544
selected_2023_2025,2026|Rounds 3-4|2026-08-12|DN SOOPers|Nongshim RedForce,2026-08-12 08:07:18,DN SOOPers,Nongshim RedForce,1,0.4937517046928406
selected_2023_2025,2026|Rounds 3-4|2026-08-12|Dplus Kia|KT Rolster,2026-08-12 11:02:08,Dplus Kia,KT Rolster,1,0.5096870064735413
selected_2023_2025,2026|Rounds 3-4|2026-08-13|BNK FEARX|Kiwoom DRX,2026-08-13 08:06:50,BNK FEARX,Kiwoom DRX,1,0.4788565933704376
selected_2023_2025,2026|Rounds 3-4|2026-08-13|Gen.G|Hanwha Life Esports,2026-08-13 11:04:48,Gen.G,Hanwha Life Esports,1,0.5313295722007751
selected_2023_2025,2026|Rounds 3-4|2026-08-14|Dplus Kia|T1,2026-08-14 08:08:00,Dplus Kia,T1,1,0.5193898677825928
selected_2023_2025,2026|Rounds 3-4|2026-08-14|HANJIN BRION|Nongshim RedForce,2026-08-14 11:28:48,HANJIN BRION,Nongshim RedForce,0,0.5266041159629822
selected_2023_2025,2026|Rounds 3-4|2026-08-15|Hanwha Life Esports|KT Rolster,2026-08-15 08:08:03,Hanwha Life Esports,KT Rolster,1,0.5133117437362671
selected_2023_2025,2026|Rounds 3-4|2026-08-15|BNK FEARX|DN SOOPers,2026-08-15 11:08:43,BNK FEARX,DN SOOPers,0,0.5160166025161743
selected_2023_2025,2026|Rounds 3-4|2026-08-16|Gen.G|T1,2026-08-16 08:07:26,Gen.G,T1,1,0.5499347448348999
selected_2023_2025,2026|Rounds 3-4|2026-08-16|HANJIN BRION|Kiwoom DRX,2026-08-16 10:44:01,HANJIN BRION,Kiwoom DRX,1,0.5246151685714722
selected_2023_2025,2026|Rounds 3-4|2026-08-19|Gen.G|KT Rolster,2026-08-19 08:05:49,Gen.G,KT Rolster,1,0.5685958862304688
selected_2023_2025,2026|Rounds 3-4|2026-08-19|DN SOOPers|HANJIN BRION,2026-08-19 11:22:14,DN SOOPers,HANJIN BRION,0,0.548206090927124
selected_2023_2025,2026|Rounds 3-4|2026-08-20|Dplus Kia|Hanwha Life Esports,2026-08-20 08:07:41,Dplus Kia,Hanwha Life Esports,0,0.5068355798721313
selected_2023_2025,2026|Rounds 3-4|2026-08-20|Kiwoom DRX|Nongshim RedForce,2026-08-20 10:33:18,Kiwoom DRX,Nongshim RedForce,0,0.4505424499511719
selected_2023_2025,2026|Rounds 3-4|2026-08-21|BNK FEARX|HANJIN BRION,2026-08-21 08:07:26,BNK FEARX,HANJIN BRION,1,0.47006088495254517
selected_2023_2025,2026|Rounds 3-4|2026-08-21|KT Rolster|T1,2026-08-21 11:24:11,KT Rolster,T1,0,0.4977485239505768
selected_2023_2025,2026|Rounds 3-4|2026-08-22|Dplus Kia|Gen.G,2026-08-22 08:08:17,Dplus Kia,Gen.G,1,0.46296268701553345
selected_2023_2025,2026|Rounds 3-4|2026-08-22|DN SOOPers|Kiwoom DRX,2026-08-22 11:31:02,DN SOOPers,Kiwoom DRX,1,0.5266508460044861
selected_2023_2025,2026|Rounds 3-4|2026-08-23|Hanwha Life Esports|T1,2026-08-23 08:07:42,Hanwha Life Esports,T1,1,0.5330358147621155
selected_2023_2025,2026|Rounds 3-4|2026-08-23|BNK FEARX|Nongshim RedForce,2026-08-23 10:20:23,BNK FEARX,Nongshim RedForce,0,0.4672397971153259
selected_2023_2025,2026|Rounds 3-4|2026-08-26|HANJIN BRION|KT Rolster,2026-08-26 08:08:21,HANJIN BRION,KT Rolster,0,0.5085933208465576
selected_2023_2025,2026|Rounds 3-4|2026-08-27|BNK FEARX|Nongshim RedForce,2026-08-27 08:07:15,BNK FEARX,Nongshim RedForce,1,0.45664703845977783
selected_2023_2025,2026|Rounds 3-4|2026-08-28|BNK FEARX|HANJIN BRION,2026-08-28 08:06:46,BNK FEARX,HANJIN BRION,1,0.5310604572296143
selected_2023_2025,2026|Rounds 3-4|2026-08-29|BNK FEARX|T1,2026-08-29 08:07:39,BNK FEARX,T1,0,0.5229864120483398
selected_2023_2025,2026|Rounds 3-4|2026-08-30|Dplus Kia|KT Rolster,2026-08-30 08:10:04,Dplus Kia,KT Rolster,0,0.46871575713157654
selected_2023_2025,2026|Rounds 3-4|2026-09-01|Gen.G|KT Rolster,2026-09-01 08:11:13,Gen.G,KT Rolster,1,0.45536893606185913
selected_2023_2025,2026|Rounds 3-4|2026-09-02|Hanwha Life Esports|T1,2026-09-02 08:11:08,Hanwha Life Esports,T1,1,0.5498174428939819
selected_2023_2025,2026|Rounds 3-4|2026-09-03|BNK FEARX|Dplus Kia,2026-09-03 08:07:55,BNK FEARX,Dplus Kia,0,0.4754481613636017
selected_2023_2025,2026|Rounds 3-4|2026-09-04|Dplus Kia|KT Rolster,2026-09-04 08:07:52,Dplus Kia,KT Rolster,1,0.5328537225723267
selected_2023_2025,2026|Rounds 3-4|2026-09-05|Gen.G|Hanwha Life Esports,2026-09-05 08:08:15,Gen.G,Hanwha Life Esports,1,0.5037181377410889
selected_2023_2025,2026|Rounds 3-4|2026-09-06|Dplus Kia|T1,2026-09-06 08:09:36,Dplus Kia,T1,0,0.548930287361145
selected_2023_2025,2026|Rounds 3-4|2026-09-12|Hanwha Life Esports|T1,2026-09-12 05:21:16,Hanwha Life Esports,T1,1,0.4796254634857178
