candidate,fold,series_key,date,y,p
reference_2025,1,2025|Rounds 1-2|2025-05-04|KT Rolster|T1,2025-05-04 06:06:00,0,0.2842910885810852
reference_2025,1,2025|Rounds 1-2|2025-05-04|DN SOOPers|HANJIN BRION,2025-05-04 08:20:59,0,0.4662427306175232
reference_2025,1,2025|Rounds 1-2|2025-05-07|BNK FEARX|HANJIN BRION,2025-05-07 08:03:23,1,0.4489316940307617
reference_2025,1,2025|Rounds 1-2|2025-05-07|Dplus Kia|KT Rolster,2025-05-07 11:02:40,0,0.4113207757472992
reference_2025,1,2025|Rounds 1-2|2025-05-08|Kiwoom DRX|T1,2025-05-08 08:06:11,0,0.43218281865119934
reference_2025,1,2025|Rounds 1-2|2025-05-08|Gen.G|Nongshim RedForce,2025-05-08 10:16:11,1,0.8149535655975342
reference_2025,1,2025|Rounds 1-2|2025-05-09|DN SOOPers|KT Rolster,2025-05-09 08:06:29,0,0.538745641708374
reference_2025,1,2025|Rounds 1-2|2025-05-09|HANJIN BRION|Hanwha Life Esports,2025-05-09 10:06:12,0,0.1771286129951477
reference_2025,1,2025|Rounds 1-2|2025-05-10|Dplus Kia|T1,2025-05-10 06:05:23,0,0.13463877141475677
reference_2025,1,2025|Rounds 1-2|2025-05-10|BNK FEARX|Gen.G,2025-05-10 08:12:35,0,0.29294657707214355
reference_2025,1,2025|Rounds 1-2|2025-05-11|DN SOOPers|Nongshim RedForce,2025-05-11 06:05:43,1,0.6250684261322021
reference_2025,1,2025|Rounds 1-2|2025-05-11|Hanwha Life Esports|Kiwoom DRX,2025-05-11 09:23:56,1,0.7431769967079163
reference_2025,1,2025|Rounds 1-2|2025-05-14|BNK FEARX|Nongshim RedForce,2025-05-14 08:04:35,0,0.359367698431015
reference_2025,1,2025|Rounds 1-2|2025-05-14|Dplus Kia|Kiwoom DRX,2025-05-14 10:57:54,1,0.41529351472854614
reference_2025,1,2025|Rounds 1-2|2025-05-15|Hanwha Life Esports|KT Rolster,2025-05-15 08:06:53,0,0.6371451616287231
reference_2025,1,2025|Rounds 1-2|2025-05-15|HANJIN BRION|T1,2025-05-15 11:18:14,0,0.2066221833229065
reference_2025,1,2025|Rounds 1-2|2025-05-16|BNK FEARX|Dplus Kia,2025-05-16 08:07:23,0,0.3689303994178772
reference_2025,1,2025|Rounds 1-2|2025-05-16|DN SOOPers|Gen.G,2025-05-16 10:15:50,0,0.20950207114219666
reference_2025,1,2025|Rounds 1-2|2025-05-17|Kiwoom DRX|Nongshim RedForce,2025-05-17 06:06:29,0,0.4198751449584961
reference_2025,1,2025|Rounds 1-2|2025-05-17|HANJIN BRION|KT Rolster,2025-05-17 09:01:31,0,0.4577571749687195
reference_2025,1,2025|Rounds 1-2|2025-05-18|DN SOOPers|Hanwha Life Esports,2025-05-18 06:04:32,0,0.2297331839799881
reference_2025,1,2025|Rounds 1-2|2025-05-18|Gen.G|T1,2025-05-18 08:21:01,1,0.530048131942749
reference_2025,1,2025|Rounds 1-2|2025-05-21|Gen.G|Hanwha Life Esports,2025-05-21 08:06:27,1,0.5648953914642334
reference_2025,1,2025|Rounds 1-2|2025-05-21|DN SOOPers|Kiwoom DRX,2025-05-21 11:23:37,0,0.3155038356781006
reference_2025,1,2025|Rounds 1-2|2025-05-22|Dplus Kia|HANJIN BRION,2025-05-22 08:07:11,0,0.7738332748413086
reference_2025,1,2025|Rounds 1-2|2025-05-22|BNK FEARX|T1,2025-05-22 10:12:41,0,0.3147065043449402
reference_2025,1,2025|Rounds 1-2|2025-05-23|Gen.G|Kiwoom DRX,2025-05-23 08:07:24,1,0.6494783759117126
reference_2025,1,2025|Rounds 1-2|2025-05-23|KT Rolster|Nongshim RedForce,2025-05-23 10:20:15,1,0.5848292112350464
reference_2025,1,2025|Rounds 1-2|2025-05-24|Dplus Kia|Hanwha Life Esports,2025-05-24 06:04:59,1,0.5700688362121582
reference_2025,1,2025|Rounds 1-2|2025-05-24|DN SOOPers|T1,2025-05-24 09:07:30,0,0.2565411925315857
reference_2025,1,2025|Rounds 1-2|2025-05-25|HANJIN BRION|Nongshim RedForce,2025-05-25 06:04:05,0,0.5246389508247375
reference_2025,1,2025|Rounds 1-2|2025-05-25|BNK FEARX|KT Rolster,2025-05-25 09:10:27,0,0.4799783229827881
reference_2025,1,2025|Rounds 1-2|2025-05-28|BNK FEARX|DN SOOPers,2025-05-28 08:03:32,1,0.5974133014678955
reference_2025,1,2025|Rounds 1-2|2025-05-28|Hanwha Life Esports|T1,2025-05-28 11:13:02,1,0.41581207513809204
reference_2025,1,2025|Rounds 1-2|2025-05-29|HANJIN BRION|Kiwoom DRX,2025-05-29 08:06:13,0,0.49692606925964355
reference_2025,1,2025|Rounds 1-2|2025-05-29|Gen.G|KT Rolster,2025-05-29 11:54:37,1,0.6598364114761353
reference_2025,1,2025|Rounds 1-2|2025-05-30|Nongshim RedForce|T1,2025-05-30 08:06:20,1,0.5888856649398804
reference_2025,1,2025|Rounds 1-2|2025-05-30|DN SOOPers|Dplus Kia,2025-05-30 10:17:54,0,0.4732719659805298
reference_2025,1,2025|Rounds 1-2|2025-05-31|KT Rolster|Kiwoom DRX,2025-05-31 06:05:53,1,0.6694846153259277
reference_2025,1,2025|Rounds 1-2|2025-05-31|Gen.G|HANJIN BRION,2025-05-31 08:16:20,1,0.6721563339233398
reference_2025,1,2025|Rounds 1-2|2025-06-01|BNK FEARX|Hanwha Life Esports,2025-06-01 06:05:16,0,0.496570348739624
reference_2025,1,2025|Rounds 1-2|2025-06-01|Dplus Kia|Nongshim RedForce,2025-06-01 08:07:40,1,0.363217294216156
reference_2025,1,2025|Rounds 1-2|2025-06-04|Dplus Kia|KT Rolster,2025-06-04 08:08:19,0,0.5986670255661011
reference_2025,1,2025|Rounds 1-2|2025-06-07|Dplus Kia|KT Rolster,2025-06-07 06:06:28,0,0.31165122985839844
reference_2025,1,2025|Rounds 1-2|2025-06-08|KT Rolster|Nongshim RedForce,2025-06-08 06:07:06,1,0.7335436344146729
reference_2025,2,2025|Rounds 1-2|2025-06-13|Gen.G|Hanwha Life Esports,2025-06-13 08:18:23,1,0.37152454257011414
reference_2025,2,2025|Rounds 1-2|2025-06-14|KT Rolster|T1,2025-06-14 06:20:04,0,0.9775340557098389
reference_2025,2,2025|Rounds 1-2|2025-06-15|Hanwha Life Esports|T1,2025-06-15 06:17:37,0,0.30170688033103943
reference_2025,2,2025|Rounds 3-5|2025-07-23|Dplus Kia|HANJIN BRION,2025-07-23 08:07:58,0,0.5077570676803589
reference_2025,2,2025|Rounds 3-5|2025-07-23|Gen.G|Hanwha Life Esports,2025-07-23 11:17:36,1,0.6656557321548462
reference_2025,2,2025|Rounds 3-5|2025-07-24|BNK FEARX|DN SOOPers,2025-07-24 08:05:02,1,0.587601900100708
reference_2025,2,2025|Rounds 3-5|2025-07-24|KT Rolster|Nongshim RedForce,2025-07-24 10:11:20,1,0.4919596314430237
reference_2025,2,2025|Rounds 3-5|2025-07-25|Gen.G|T1,2025-07-25 08:11:59,0,0.47089311480522156
reference_2025,2,2025|Rounds 3-5|2025-07-25|HANJIN BRION|Kiwoom DRX,2025-07-25 11:15:42,1,0.40896522998809814
reference_2025,2,2025|Rounds 3-5|2025-07-26|BNK FEARX|Dplus Kia,2025-07-26 06:07:12,0,0.6980159282684326
reference_2025,2,2025|Rounds 3-5|2025-07-26|Hanwha Life Esports|KT Rolster,2025-07-26 08:31:59,1,0.5221576690673828
reference_2025,2,2025|Rounds 3-5|2025-07-27|DN SOOPers|Kiwoom DRX,2025-07-27 06:05:40,0,0.2765747904777527
reference_2025,2,2025|Rounds 3-5|2025-07-27|Nongshim RedForce|T1,2025-07-27 09:29:10,0,0.3982328176498413
reference_2025,2,2025|Rounds 3-5|2025-07-30|Dplus Kia|Kiwoom DRX,2025-07-30 08:07:21,1,0.7888296842575073
reference_2025,2,2025|Rounds 3-5|2025-07-30|KT Rolster|T1,2025-07-30 11:48:43,0,0.33020371198654175
reference_2025,2,2025|Rounds 3-5|2025-07-31|BNK FEARX|HANJIN BRION,2025-07-31 08:06:28,1,0.21352830529212952
reference_2025,2,2025|Rounds 3-5|2025-07-31|Hanwha Life Esports|Nongshim RedForce,2025-07-31 10:31:25,1,0.7343395352363586
reference_2025,2,2025|Rounds 3-5|2025-08-01|Gen.G|KT Rolster,2025-08-01 08:04:50,1,0.6254212856292725
reference_2025,2,2025|Rounds 3-5|2025-08-01|DN SOOPers|Dplus Kia,2025-08-01 10:25:35,0,0.11153608560562134
reference_2025,2,2025|Rounds 3-5|2025-08-02|Hanwha Life Esports|T1,2025-08-02 06:07:06,0,0.32527071237564087
reference_2025,2,2025|Rounds 3-5|2025-08-02|BNK FEARX|Kiwoom DRX,2025-08-02 08:31:55,0,0.6288005113601685
reference_2025,2,2025|Rounds 3-5|2025-08-03|DN SOOPers|HANJIN BRION,2025-08-03 06:07:00,0,0.7662461996078491
reference_2025,2,2025|Rounds 3-5|2025-08-03|Gen.G|Nongshim RedForce,2025-08-03 08:33:38,1,0.36026620864868164
reference_2025,2,2025|Rounds 3-5|2025-08-06|Hanwha Life Esports|Nongshim RedForce,2025-08-06 08:06:02,1,0.686835765838623
reference_2025,2,2025|Rounds 3-5|2025-08-06|BNK FEARX|HANJIN BRION,2025-08-06 10:22:21,1,0.5684288144111633
reference_2025,2,2025|Rounds 3-5|2025-08-07|DN SOOPers|Kiwoom DRX,2025-08-07 08:06:22,1,0.4228702187538147
reference_2025,2,2025|Rounds 3-5|2025-08-07|Gen.G|T1,2025-08-07 11:20:03,1,0.43051955103874207
reference_2025,2,2025|Rounds 3-5|2025-08-08|BNK FEARX|Dplus Kia,2025-08-08 08:08:25,1,0.245502308011055
reference_2025,2,2025|Rounds 3-5|2025-08-08|Hanwha Life Esports|KT Rolster,2025-08-08 10:27:25,1,0.49374938011169434
reference_2025,2,2025|Rounds 3-5|2025-08-09|HANJIN BRION|Kiwoom DRX,2025-08-09 06:11:11,1,0.26644498109817505
reference_2025,2,2025|Rounds 3-5|2025-08-09|Nongshim RedForce|T1,2025-08-09 09:16:24,0,0.33627551794052124
reference_2025,2,2025|Rounds 3-5|2025-08-10|Gen.G|KT Rolster,2025-08-10 06:06:45,1,0.7694806456565857
reference_2025,2,2025|Rounds 3-5|2025-08-10|DN SOOPers|Dplus Kia,2025-08-10 08:19:07,0,0.19424334168434143
reference_2025,2,2025|Rounds 3-5|2025-08-13|KT Rolster|T1,2025-08-13 08:10:10,0,0.2851399779319763
reference_2025,2,2025|Rounds 3-5|2025-08-13|BNK FEARX|DN SOOPers,2025-08-13 10:08:55,1,0.6135388612747192
reference_2025,2,2025|Rounds 3-5|2025-08-14|Gen.G|Nongshim RedForce,2025-08-14 08:07:37,1,0.7355493307113647
reference_2025,2,2025|Rounds 3-5|2025-08-14|Dplus Kia|Kiwoom DRX,2025-08-14 10:09:25,1,0.5369373559951782
reference_2025,2,2025|Rounds 3-5|2025-08-15|DN SOOPers|HANJIN BRION,2025-08-15 08:06:45,1,0.7628394961357117
reference_2025,2,2025|Rounds 3-5|2025-08-15|Hanwha Life Esports|T1,2025-08-15 11:15:30,0,0.33622661232948303
reference_2025,2,2025|Rounds 3-5|2025-08-16|KT Rolster|Nongshim RedForce,2025-08-16 06:05:19,1,0.300595760345459
reference_2025,2,2025|Rounds 3-5|2025-08-16|BNK FEARX|Kiwoom DRX,2025-08-16 09:05:30,0,0.803693413734436
reference_2025,2,2025|Rounds 3-5|2025-08-17|Gen.G|Hanwha Life Esports,2025-08-17 06:07:44,1,0.9008424282073975
reference_2025,2,2025|Rounds 3-5|2025-08-17|Dplus Kia|HANJIN BRION,2025-08-17 09:10:43,0,0.5892618894577026
reference_2025,2,2025|Rounds 3-5|2025-08-20|DN SOOPers|Kiwoom DRX,2025-08-20 08:06:31,0,0.7268791198730469
reference_2025,2,2025|Rounds 3-5|2025-08-20|Gen.G|Nongshim RedForce,2025-08-20 10:33:21,1,0.7061971426010132
reference_2025,3,2025|Rounds 3-5|2025-08-21|Hanwha Life Esports|KT Rolster,2025-08-21 08:05:15,1,0.4045649468898773
reference_2025,3,2025|Rounds 3-5|2025-08-21|BNK FEARX|HANJIN BRION,2025-08-21 11:27:46,1,0.5145223140716553
reference_2025,3,2025|Rounds 3-5|2025-08-22|Nongshim RedForce|T1,2025-08-22 08:05:01,0,0.10251548141241074
reference_2025,3,2025|Rounds 3-5|2025-08-22|Dplus Kia|Kiwoom DRX,2025-08-22 10:59:29,1,0.4011302888393402
reference_2025,3,2025|Rounds 3-5|2025-08-23|Gen.G|Hanwha Life Esports,2025-08-23 06:06:52,1,0.6253084540367126
reference_2025,3,2025|Rounds 3-5|2025-08-23|DN SOOPers|HANJIN BRION,2025-08-23 09:20:22,1,0.42270946502685547
reference_2025,3,2025|Rounds 3-5|2025-08-24|BNK FEARX|Dplus Kia,2025-08-24 06:06:54,0,0.6144510507583618
reference_2025,3,2025|Rounds 3-5|2025-08-24|KT Rolster|T1,2025-08-24 08:27:55,1,0.40174123644828796
reference_2025,3,2025|Rounds 3-5|2025-08-27|Hanwha Life Esports|T1,2025-08-27 08:04:11,0,0.6351555585861206
reference_2025,3,2025|Rounds 3-5|2025-08-27|BNK FEARX|DN SOOPers,2025-08-27 11:21:15,1,0.5075932741165161
reference_2025,3,2025|Rounds 3-5|2025-08-28|Dplus Kia|HANJIN BRION,2025-08-28 08:08:10,1,0.7900459170341492
reference_2025,3,2025|Rounds 3-5|2025-08-28|Gen.G|KT Rolster,2025-08-28 10:12:22,1,0.5027645826339722
reference_2025,3,2025|Rounds 3-5|2025-08-29|BNK FEARX|Kiwoom DRX,2025-08-29 08:07:17,1,0.5978434085845947
reference_2025,3,2025|Rounds 3-5|2025-08-29|Hanwha Life Esports|Nongshim RedForce,2025-08-29 11:12:12,1,0.5352457761764526
reference_2025,3,2025|Rounds 3-5|2025-08-30|Gen.G|T1,2025-08-30 06:12:29,1,0.6551936864852905
reference_2025,3,2025|Rounds 3-5|2025-08-30|DN SOOPers|Dplus Kia,2025-08-30 09:32:44,0,0.26243680715560913
reference_2025,3,2025|Rounds 3-5|2025-08-31|KT Rolster|Nongshim RedForce,2025-08-31 06:06:31,1,0.6330228447914124
reference_2025,3,2025|Rounds 3-5|2025-08-31|HANJIN BRION|Kiwoom DRX,2025-08-31 08:29:18,1,0.4787343144416809
reference_2025,3,2025|Rounds 3-5|2025-09-03|HANJIN BRION|Nongshim RedForce,2025-09-03 08:08:06,0,0.617181658744812
reference_2025,3,2025|Rounds 3-5|2025-09-04|BNK FEARX|Dplus Kia,2025-09-04 08:08:41,1,0.5773736834526062
reference_2025,3,2025|Rounds 3-5|2025-09-05|BNK FEARX|Nongshim RedForce,2025-09-05 08:07:35,1,0.5242025256156921
reference_2025,3,2025|Rounds 3-5|2025-09-06|Dplus Kia|HANJIN BRION,2025-09-06 06:09:11,1,0.492068886756897
reference_2025,3,2025|Rounds 3-5|2025-09-07|Dplus Kia|Nongshim RedForce,2025-09-07 06:09:43,1,0.6620200872421265
reference_2025,3,2025|Rounds 3-5|2025-09-10|Dplus Kia|T1,2025-09-10 08:11:38,0,0.8136471509933472
reference_2025,3,2025|Rounds 3-5|2025-09-11|BNK FEARX|KT Rolster,2025-09-11 08:09:47,0,0.5661721229553223
reference_2025,3,2025|Rounds 3-5|2025-09-13|Gen.G|KT Rolster,2025-09-13 06:11:13,0,0.6547110676765442
reference_2025,3,2025|Rounds 3-5|2025-09-14|Hanwha Life Esports|T1,2025-09-14 06:11:34,1,0.43264350295066833
reference_2025,3,2025|Rounds 3-5|2025-09-17|BNK FEARX|Dplus Kia,2025-09-17 08:12:41,0,0.5989578366279602
reference_2025,3,2025|Rounds 3-5|2025-09-18|Dplus Kia|T1,2025-09-18 08:13:43,0,0.6401767134666443
reference_2025,3,2025|Rounds 3-5|2025-09-20|Hanwha Life Esports|KT Rolster,2025-09-20 06:07:09,1,0.7021942138671875
reference_2025,3,2025|Rounds 3-5|2025-09-21|Gen.G|T1,2025-09-21 06:08:55,1,0.3196456730365753
reference_2025,3,2025|Rounds 3-5|2025-09-27|Gen.G|KT Rolster,2025-09-27 05:23:49,1,0.7429219484329224
reference_2025,3,2025|Rounds 3-5|2025-09-28|Gen.G|Hanwha Life Esports,2025-09-28 05:30:31,1,0.6252443790435791
pooled_2023_2025,1,2025|Rounds 1-2|2025-05-04|KT Rolster|T1,2025-05-04 06:06:00,0,0.23545080423355103
pooled_2023_2025,1,2025|Rounds 1-2|2025-05-04|DN SOOPers|HANJIN BRION,2025-05-04 08:20:59,0,0.3667033612728119
pooled_2023_2025,1,2025|Rounds 1-2|2025-05-07|BNK FEARX|HANJIN BRION,2025-05-07 08:03:23,1,0.27484479546546936
pooled_2023_2025,1,2025|Rounds 1-2|2025-05-07|Dplus Kia|KT Rolster,2025-05-07 11:02:40,0,0.4976101517677307
pooled_2023_2025,1,2025|Rounds 1-2|2025-05-08|Kiwoom DRX|T1,2025-05-08 08:06:11,0,0.4441261887550354
pooled_2023_2025,1,2025|Rounds 1-2|2025-05-08|Gen.G|Nongshim RedForce,2025-05-08 10:16:11,1,0.9410420656204224
pooled_2023_2025,1,2025|Rounds 1-2|2025-05-09|DN SOOPers|KT Rolster,2025-05-09 08:06:29,0,0.41963106393814087
pooled_2023_2025,1,2025|Rounds 1-2|2025-05-09|HANJIN BRION|Hanwha Life Esports,2025-05-09 10:06:12,0,0.088504858314991
pooled_2023_2025,1,2025|Rounds 1-2|2025-05-10|Dplus Kia|T1,2025-05-10 06:05:23,0,0.05527602136135101
pooled_2023_2025,1,2025|Rounds 1-2|2025-05-10|BNK FEARX|Gen.G,2025-05-10 08:12:35,0,0.17872558534145355
pooled_2023_2025,1,2025|Rounds 1-2|2025-05-11|DN SOOPers|Nongshim RedForce,2025-05-11 06:05:43,1,0.5427813529968262
pooled_2023_2025,1,2025|Rounds 1-2|2025-05-11|Hanwha Life Esports|Kiwoom DRX,2025-05-11 09:23:56,1,0.8722354769706726
pooled_2023_2025,1,2025|Rounds 1-2|2025-05-14|BNK FEARX|Nongshim RedForce,2025-05-14 08:04:35,0,0.6633574962615967
pooled_2023_2025,1,2025|Rounds 1-2|2025-05-14|Dplus Kia|Kiwoom DRX,2025-05-14 10:57:54,1,0.5041924715042114
pooled_2023_2025,1,2025|Rounds 1-2|2025-05-15|Hanwha Life Esports|KT Rolster,2025-05-15 08:06:53,0,0.5973942279815674
pooled_2023_2025,1,2025|Rounds 1-2|2025-05-15|HANJIN BRION|T1,2025-05-15 11:18:14,0,0.07879143953323364
pooled_2023_2025,1,2025|Rounds 1-2|2025-05-16|BNK FEARX|Dplus Kia,2025-05-16 08:07:23,0,0.38872405886650085
pooled_2023_2025,1,2025|Rounds 1-2|2025-05-16|DN SOOPers|Gen.G,2025-05-16 10:15:50,0,0.10710899531841278
pooled_2023_2025,1,2025|Rounds 1-2|2025-05-17|Kiwoom DRX|Nongshim RedForce,2025-05-17 06:06:29,0,0.3213353157043457
pooled_2023_2025,1,2025|Rounds 1-2|2025-05-17|HANJIN BRION|KT Rolster,2025-05-17 09:01:31,0,0.17077308893203735
pooled_2023_2025,1,2025|Rounds 1-2|2025-05-18|DN SOOPers|Hanwha Life Esports,2025-05-18 06:04:32,0,0.19851726293563843
pooled_2023_2025,1,2025|Rounds 1-2|2025-05-18|Gen.G|T1,2025-05-18 08:21:01,1,0.7146528959274292
pooled_2023_2025,1,2025|Rounds 1-2|2025-05-21|Gen.G|Hanwha Life Esports,2025-05-21 08:06:27,1,0.6873630881309509
pooled_2023_2025,1,2025|Rounds 1-2|2025-05-21|DN SOOPers|Kiwoom DRX,2025-05-21 11:23:37,0,0.432866632938385
pooled_2023_2025,1,2025|Rounds 1-2|2025-05-22|Dplus Kia|HANJIN BRION,2025-05-22 08:07:11,0,0.7954943180084229
pooled_2023_2025,1,2025|Rounds 1-2|2025-05-22|BNK FEARX|T1,2025-05-22 10:12:41,0,0.28192338347435
pooled_2023_2025,1,2025|Rounds 1-2|2025-05-23|Gen.G|Kiwoom DRX,2025-05-23 08:07:24,1,0.8025282621383667
pooled_2023_2025,1,2025|Rounds 1-2|2025-05-23|KT Rolster|Nongshim RedForce,2025-05-23 10:20:15,1,0.4303421378135681
pooled_2023_2025,1,2025|Rounds 1-2|2025-05-24|Dplus Kia|Hanwha Life Esports,2025-05-24 06:04:59,1,0.5747991800308228
pooled_2023_2025,1,2025|Rounds 1-2|2025-05-24|DN SOOPers|T1,2025-05-24 09:07:30,0,0.1862049251794815
pooled_2023_2025,1,2025|Rounds 1-2|2025-05-25|HANJIN BRION|Nongshim RedForce,2025-05-25 06:04:05,0,0.6984615325927734
pooled_2023_2025,1,2025|Rounds 1-2|2025-05-25|BNK FEARX|KT Rolster,2025-05-25 09:10:27,0,0.2687540054321289
pooled_2023_2025,1,2025|Rounds 1-2|2025-05-28|BNK FEARX|DN SOOPers,2025-05-28 08:03:32,1,0.5198655128479004
pooled_2023_2025,1,2025|Rounds 1-2|2025-05-28|Hanwha Life Esports|T1,2025-05-28 11:13:02,1,0.22113102674484253
pooled_2023_2025,1,2025|Rounds 1-2|2025-05-29|HANJIN BRION|Kiwoom DRX,2025-05-29 08:06:13,0,0.7665177583694458
pooled_2023_2025,1,2025|Rounds 1-2|2025-05-29|Gen.G|KT Rolster,2025-05-29 11:54:37,1,0.72635418176651
pooled_2023_2025,1,2025|Rounds 1-2|2025-05-30|Nongshim RedForce|T1,2025-05-30 08:06:20,1,0.5022413730621338
pooled_2023_2025,1,2025|Rounds 1-2|2025-05-30|DN SOOPers|Dplus Kia,2025-05-30 10:17:54,0,0.4256560206413269
pooled_2023_2025,1,2025|Rounds 1-2|2025-05-31|KT Rolster|Kiwoom DRX,2025-05-31 06:05:53,1,0.729236900806427
pooled_2023_2025,1,2025|Rounds 1-2|2025-05-31|Gen.G|HANJIN BRION,2025-05-31 08:16:20,1,0.8138350248336792
pooled_2023_2025,1,2025|Rounds 1-2|2025-06-01|BNK FEARX|Hanwha Life Esports,2025-06-01 06:05:16,0,0.3655957579612732
pooled_2023_2025,1,2025|Rounds 1-2|2025-06-01|Dplus Kia|Nongshim RedForce,2025-06-01 08:07:40,1,0.2933667302131653
pooled_2023_2025,1,2025|Rounds 1-2|2025-06-04|Dplus Kia|KT Rolster,2025-06-04 08:08:19,0,0.5684956312179565
pooled_2023_2025,1,2025|Rounds 1-2|2025-06-07|Dplus Kia|KT Rolster,2025-06-07 06:06:28,0,0.28668826818466187
pooled_2023_2025,1,2025|Rounds 1-2|2025-06-08|KT Rolster|Nongshim RedForce,2025-06-08 06:07:06,1,0.8434104919433594
pooled_2023_2025,2,2025|Rounds 1-2|2025-06-13|Gen.G|Hanwha Life Esports,2025-06-13 08:18:23,1,0.5612950921058655
pooled_2023_2025,2,2025|Rounds 1-2|2025-06-14|KT Rolster|T1,2025-06-14 06:20:04,0,0.9290974140167236
pooled_2023_2025,2,2025|Rounds 1-2|2025-06-15|Hanwha Life Esports|T1,2025-06-15 06:17:37,0,0.22906939685344696
pooled_2023_2025,2,2025|Rounds 3-5|2025-07-23|Dplus Kia|HANJIN BRION,2025-07-23 08:07:58,0,0.4422035217285156
pooled_2023_2025,2,2025|Rounds 3-5|2025-07-23|Gen.G|Hanwha Life Esports,2025-07-23 11:17:36,1,0.7926713228225708
pooled_2023_2025,2,2025|Rounds 3-5|2025-07-24|BNK FEARX|DN SOOPers,2025-07-24 08:05:02,1,0.4138574004173279
pooled_2023_2025,2,2025|Rounds 3-5|2025-07-24|KT Rolster|Nongshim RedForce,2025-07-24 10:11:20,1,0.7265993356704712
pooled_2023_2025,2,2025|Rounds 3-5|2025-07-25|Gen.G|T1,2025-07-25 08:11:59,0,0.47523266077041626
pooled_2023_2025,2,2025|Rounds 3-5|2025-07-25|HANJIN BRION|Kiwoom DRX,2025-07-25 11:15:42,1,0.6189342141151428
pooled_2023_2025,2,2025|Rounds 3-5|2025-07-26|BNK FEARX|Dplus Kia,2025-07-26 06:07:12,0,0.6190564036369324
pooled_2023_2025,2,2025|Rounds 3-5|2025-07-26|Hanwha Life Esports|KT Rolster,2025-07-26 08:31:59,1,0.30958861112594604
pooled_2023_2025,2,2025|Rounds 3-5|2025-07-27|DN SOOPers|Kiwoom DRX,2025-07-27 06:05:40,0,0.5720463395118713
pooled_2023_2025,2,2025|Rounds 3-5|2025-07-27|Nongshim RedForce|T1,2025-07-27 09:29:10,0,0.13226723670959473
pooled_2023_2025,2,2025|Rounds 3-5|2025-07-30|Dplus Kia|Kiwoom DRX,2025-07-30 08:07:21,1,0.6421188712120056
pooled_2023_2025,2,2025|Rounds 3-5|2025-07-30|KT Rolster|T1,2025-07-30 11:48:43,0,0.33515793085098267
pooled_2023_2025,2,2025|Rounds 3-5|2025-07-31|BNK FEARX|HANJIN BRION,2025-07-31 08:06:28,1,0.1872531920671463
pooled_2023_2025,2,2025|Rounds 3-5|2025-07-31|Hanwha Life Esports|Nongshim RedForce,2025-07-31 10:31:25,1,0.5865906476974487
pooled_2023_2025,2,2025|Rounds 3-5|2025-08-01|Gen.G|KT Rolster,2025-08-01 08:04:50,1,0.7257229685783386
pooled_2023_2025,2,2025|Rounds 3-5|2025-08-01|DN SOOPers|Dplus Kia,2025-08-01 10:25:35,0,0.3004617691040039
pooled_2023_2025,2,2025|Rounds 3-5|2025-08-02|Hanwha Life Esports|T1,2025-08-02 06:07:06,0,0.54624342918396
pooled_2023_2025,2,2025|Rounds 3-5|2025-08-02|BNK FEARX|Kiwoom DRX,2025-08-02 08:31:55,0,0.5683844089508057
pooled_2023_2025,2,2025|Rounds 3-5|2025-08-03|DN SOOPers|HANJIN BRION,2025-08-03 06:07:00,0,0.40003108978271484
pooled_2023_2025,2,2025|Rounds 3-5|2025-08-03|Gen.G|Nongshim RedForce,2025-08-03 08:33:38,1,0.7739530205726624
pooled_2023_2025,2,2025|Rounds 3-5|2025-08-06|Hanwha Life Esports|Nongshim RedForce,2025-08-06 08:06:02,1,0.8658926486968994
pooled_2023_2025,2,2025|Rounds 3-5|2025-08-06|BNK FEARX|HANJIN BRION,2025-08-06 10:22:21,1,0.5327735543251038
pooled_2023_2025,2,2025|Rounds 3-5|2025-08-07|DN SOOPers|Kiwoom DRX,2025-08-07 08:06:22,1,0.31673598289489746
pooled_2023_2025,2,2025|Rounds 3-5|2025-08-07|Gen.G|T1,2025-08-07 11:20:03,1,0.3964443802833557
pooled_2023_2025,2,2025|Rounds 3-5|2025-08-08|BNK FEARX|Dplus Kia,2025-08-08 08:08:25,1,0.3960638642311096
pooled_2023_2025,2,2025|Rounds 3-5|2025-08-08|Hanwha Life Esports|KT Rolster,2025-08-08 10:27:25,1,0.7525657415390015
pooled_2023_2025,2,2025|Rounds 3-5|2025-08-09|HANJIN BRION|Kiwoom DRX,2025-08-09 06:11:11,1,0.3014528155326843
pooled_2023_2025,2,2025|Rounds 3-5|2025-08-09|Nongshim RedForce|T1,2025-08-09 09:16:24,0,0.2822210490703583
pooled_2023_2025,2,2025|Rounds 3-5|2025-08-10|Gen.G|KT Rolster,2025-08-10 06:06:45,1,0.881382167339325
pooled_2023_2025,2,2025|Rounds 3-5|2025-08-10|DN SOOPers|Dplus Kia,2025-08-10 08:19:07,0,0.31511634588241577
pooled_2023_2025,2,2025|Rounds 3-5|2025-08-13|KT Rolster|T1,2025-08-13 08:10:10,0,0.2832126319408417
pooled_2023_2025,2,2025|Rounds 3-5|2025-08-13|BNK FEARX|DN SOOPers,2025-08-13 10:08:55,1,0.6607204675674438
pooled_2023_2025,2,2025|Rounds 3-5|2025-08-14|Gen.G|Nongshim RedForce,2025-08-14 08:07:37,1,0.8745502829551697
pooled_2023_2025,2,2025|Rounds 3-5|2025-08-14|Dplus Kia|Kiwoom DRX,2025-08-14 10:09:25,1,0.7163310647010803
pooled_2023_2025,2,2025|Rounds 3-5|2025-08-15|DN SOOPers|HANJIN BRION,2025-08-15 08:06:45,1,0.3893352150917053
pooled_2023_2025,2,2025|Rounds 3-5|2025-08-15|Hanwha Life Esports|T1,2025-08-15 11:15:30,0,0.34834587574005127
pooled_2023_2025,2,2025|Rounds 3-5|2025-08-16|KT Rolster|Nongshim RedForce,2025-08-16 06:05:19,1,0.49388450384140015
pooled_2023_2025,2,2025|Rounds 3-5|2025-08-16|BNK FEARX|Kiwoom DRX,2025-08-16 09:05:30,0,0.8161611557006836
pooled_2023_2025,2,2025|Rounds 3-5|2025-08-17|Gen.G|Hanwha Life Esports,2025-08-17 06:07:44,1,0.820854663848877
pooled_2023_2025,2,2025|Rounds 3-5|2025-08-17|Dplus Kia|HANJIN BRION,2025-08-17 09:10:43,0,0.6701792478561401
pooled_2023_2025,2,2025|Rounds 3-5|2025-08-20|DN SOOPers|Kiwoom DRX,2025-08-20 08:06:31,0,0.6911993622779846
pooled_2023_2025,2,2025|Rounds 3-5|2025-08-20|Gen.G|Nongshim RedForce,2025-08-20 10:33:21,1,0.8969451189041138
pooled_2023_2025,3,2025|Rounds 3-5|2025-08-21|Hanwha Life Esports|KT Rolster,2025-08-21 08:05:15,1,0.43362170457839966
pooled_2023_2025,3,2025|Rounds 3-5|2025-08-21|BNK FEARX|HANJIN BRION,2025-08-21 11:27:46,1,0.5369429588317871
pooled_2023_2025,3,2025|Rounds 3-5|2025-08-22|Nongshim RedForce|T1,2025-08-22 08:05:01,0,0.10049647092819214
pooled_2023_2025,3,2025|Rounds 3-5|2025-08-22|Dplus Kia|Kiwoom DRX,2025-08-22 10:59:29,1,0.4176851212978363
pooled_2023_2025,3,2025|Rounds 3-5|2025-08-23|Gen.G|Hanwha Life Esports,2025-08-23 06:06:52,1,0.5913436412811279
pooled_2023_2025,3,2025|Rounds 3-5|2025-08-23|DN SOOPers|HANJIN BRION,2025-08-23 09:20:22,1,0.4560748338699341
pooled_2023_2025,3,2025|Rounds 3-5|2025-08-24|BNK FEARX|Dplus Kia,2025-08-24 06:06:54,0,0.6216883659362793
pooled_2023_2025,3,2025|Rounds 3-5|2025-08-24|KT Rolster|T1,2025-08-24 08:27:55,1,0.4013445973396301
pooled_2023_2025,3,2025|Rounds 3-5|2025-08-27|Hanwha Life Esports|T1,2025-08-27 08:04:11,0,0.6608108282089233
pooled_2023_2025,3,2025|Rounds 3-5|2025-08-27|BNK FEARX|DN SOOPers,2025-08-27 11:21:15,1,0.49036234617233276
pooled_2023_2025,3,2025|Rounds 3-5|2025-08-28|Dplus Kia|HANJIN BRION,2025-08-28 08:08:10,1,0.7988101243972778
pooled_2023_2025,3,2025|Rounds 3-5|2025-08-28|Gen.G|KT Rolster,2025-08-28 10:12:22,1,0.5396270751953125
pooled_2023_2025,3,2025|Rounds 3-5|2025-08-29|BNK FEARX|Kiwoom DRX,2025-08-29 08:07:17,1,0.6076978445053101
pooled_2023_2025,3,2025|Rounds 3-5|2025-08-29|Hanwha Life Esports|Nongshim RedForce,2025-08-29 11:12:12,1,0.5418918132781982
pooled_2023_2025,3,2025|Rounds 3-5|2025-08-30|Gen.G|T1,2025-08-30 06:12:29,1,0.6514241695404053
pooled_2023_2025,3,2025|Rounds 3-5|2025-08-30|DN SOOPers|Dplus Kia,2025-08-30 09:32:44,0,0.2675221264362335
pooled_2023_2025,3,2025|Rounds 3-5|2025-08-31|KT Rolster|Nongshim RedForce,2025-08-31 06:06:31,1,0.6228686571121216
pooled_2023_2025,3,2025|Rounds 3-5|2025-08-31|HANJIN BRION|Kiwoom DRX,2025-08-31 08:29:18,1,0.4823025166988373
pooled_2023_2025,3,2025|Rounds 3-5|2025-09-03|HANJIN BRION|Nongshim RedForce,2025-09-03 08:08:06,0,0.5767868161201477
pooled_2023_2025,3,2025|Rounds 3-5|2025-09-04|BNK FEARX|Dplus Kia,2025-09-04 08:08:41,1,0.5825281739234924
pooled_2023_2025,3,2025|Rounds 3-5|2025-09-05|BNK FEARX|Nongshim RedForce,2025-09-05 08:07:35,1,0.5708093047142029
pooled_2023_2025,3,2025|Rounds 3-5|2025-09-06|Dplus Kia|HANJIN BRION,2025-09-06 06:09:11,1,0.4855085015296936
pooled_2023_2025,3,2025|Rounds 3-5|2025-09-07|Dplus Kia|Nongshim RedForce,2025-09-07 06:09:43,1,0.6250656843185425
pooled_2023_2025,3,2025|Rounds 3-5|2025-09-10|Dplus Kia|T1,2025-09-10 08:11:38,0,0.8341271281242371
pooled_2023_2025,3,2025|Rounds 3-5|2025-09-11|BNK FEARX|KT Rolster,2025-09-11 08:09:47,0,0.5810585021972656
pooled_2023_2025,3,2025|Rounds 3-5|2025-09-13|Gen.G|KT Rolster,2025-09-13 06:11:13,0,0.6477751135826111
pooled_2023_2025,3,2025|Rounds 3-5|2025-09-14|Hanwha Life Esports|T1,2025-09-14 06:11:34,1,0.4329078197479248
pooled_2023_2025,3,2025|Rounds 3-5|2025-09-17|BNK FEARX|Dplus Kia,2025-09-17 08:12:41,0,0.6456382870674133
pooled_2023_2025,3,2025|Rounds 3-5|2025-09-18|Dplus Kia|T1,2025-09-18 08:13:43,0,0.6284607648849487
pooled_2023_2025,3,2025|Rounds 3-5|2025-09-20|Hanwha Life Esports|KT Rolster,2025-09-20 06:07:09,1,0.7121948003768921
pooled_2023_2025,3,2025|Rounds 3-5|2025-09-21|Gen.G|T1,2025-09-21 06:08:55,1,0.2844224274158478
pooled_2023_2025,3,2025|Rounds 3-5|2025-09-27|Gen.G|KT Rolster,2025-09-27 05:23:49,1,0.7179462909698486
pooled_2023_2025,3,2025|Rounds 3-5|2025-09-28|Gen.G|Hanwha Life Esports,2025-09-28 05:30:31,1,0.5975484251976013
pooled_2025_scaler,1,2025|Rounds 1-2|2025-05-04|KT Rolster|T1,2025-05-04 06:06:00,0,0.242812842130661
pooled_2025_scaler,1,2025|Rounds 1-2|2025-05-04|DN SOOPers|HANJIN BRION,2025-05-04 08:20:59,0,0.3502647876739502
pooled_2025_scaler,1,2025|Rounds 1-2|2025-05-07|BNK FEARX|HANJIN BRION,2025-05-07 08:03:23,1,0.24878251552581787
pooled_2025_scaler,1,2025|Rounds 1-2|2025-05-07|Dplus Kia|KT Rolster,2025-05-07 11:02:40,0,0.5098262429237366
pooled_2025_scaler,1,2025|Rounds 1-2|2025-05-08|Kiwoom DRX|T1,2025-05-08 08:06:11,0,0.4826725721359253
pooled_2025_scaler,1,2025|Rounds 1-2|2025-05-08|Gen.G|Nongshim RedForce,2025-05-08 10:16:11,1,0.9259819984436035
pooled_2025_scaler,1,2025|Rounds 1-2|2025-05-09|DN SOOPers|KT Rolster,2025-05-09 08:06:29,0,0.3876177966594696
pooled_2025_scaler,1,2025|Rounds 1-2|2025-05-09|HANJIN BRION|Hanwha Life Esports,2025-05-09 10:06:12,0,0.09466994553804398
pooled_2025_scaler,1,2025|Rounds 1-2|2025-05-10|Dplus Kia|T1,2025-05-10 06:05:23,0,0.05248763784766197
pooled_2025_scaler,1,2025|Rounds 1-2|2025-05-10|BNK FEARX|Gen.G,2025-05-10 08:12:35,0,0.1769019216299057
pooled_2025_scaler,1,2025|Rounds 1-2|2025-05-11|DN SOOPers|Nongshim RedForce,2025-05-11 06:05:43,1,0.5300105214118958
pooled_2025_scaler,1,2025|Rounds 1-2|2025-05-11|Hanwha Life Esports|Kiwoom DRX,2025-05-11 09:23:56,1,0.8647249341011047
pooled_2025_scaler,1,2025|Rounds 1-2|2025-05-14|BNK FEARX|Nongshim RedForce,2025-05-14 08:04:35,0,0.6532493829727173
pooled_2025_scaler,1,2025|Rounds 1-2|2025-05-14|Dplus Kia|Kiwoom DRX,2025-05-14 10:57:54,1,0.49784135818481445
pooled_2025_scaler,1,2025|Rounds 1-2|2025-05-15|Hanwha Life Esports|KT Rolster,2025-05-15 08:06:53,0,0.6250566244125366
pooled_2025_scaler,1,2025|Rounds 1-2|2025-05-15|HANJIN BRION|T1,2025-05-15 11:18:14,0,0.07471468299627304
pooled_2025_scaler,1,2025|Rounds 1-2|2025-05-16|BNK FEARX|Dplus Kia,2025-05-16 08:07:23,0,0.3582495450973511
pooled_2025_scaler,1,2025|Rounds 1-2|2025-05-16|DN SOOPers|Gen.G,2025-05-16 10:15:50,0,0.11912625283002853
pooled_2025_scaler,1,2025|Rounds 1-2|2025-05-17|Kiwoom DRX|Nongshim RedForce,2025-05-17 06:06:29,0,0.33573445677757263
pooled_2025_scaler,1,2025|Rounds 1-2|2025-05-17|HANJIN BRION|KT Rolster,2025-05-17 09:01:31,0,0.18795013427734375
pooled_2025_scaler,1,2025|Rounds 1-2|2025-05-18|DN SOOPers|Hanwha Life Esports,2025-05-18 06:04:32,0,0.19384655356407166
pooled_2025_scaler,1,2025|Rounds 1-2|2025-05-18|Gen.G|T1,2025-05-18 08:21:01,1,0.7037122249603271
pooled_2025_scaler,1,2025|Rounds 1-2|2025-05-21|Gen.G|Hanwha Life Esports,2025-05-21 08:06:27,1,0.6748017072677612
pooled_2025_scaler,1,2025|Rounds 1-2|2025-05-21|DN SOOPers|Kiwoom DRX,2025-05-21 11:23:37,0,0.40151137113571167
pooled_2025_scaler,1,2025|Rounds 1-2|2025-05-22|Dplus Kia|HANJIN BRION,2025-05-22 08:07:11,0,0.8273235559463501
pooled_2025_scaler,1,2025|Rounds 1-2|2025-05-22|BNK FEARX|T1,2025-05-22 10:12:41,0,0.3048940598964691
pooled_2025_scaler,1,2025|Rounds 1-2|2025-05-23|Gen.G|Kiwoom DRX,2025-05-23 08:07:24,1,0.80633544921875
pooled_2025_scaler,1,2025|Rounds 1-2|2025-05-23|KT Rolster|Nongshim RedForce,2025-05-23 10:20:15,1,0.5085386037826538
pooled_2025_scaler,1,2025|Rounds 1-2|2025-05-24|Dplus Kia|Hanwha Life Esports,2025-05-24 06:04:59,1,0.5870369672775269
pooled_2025_scaler,1,2025|Rounds 1-2|2025-05-24|DN SOOPers|T1,2025-05-24 09:07:30,0,0.2051384001970291
pooled_2025_scaler,1,2025|Rounds 1-2|2025-05-25|HANJIN BRION|Nongshim RedForce,2025-05-25 06:04:05,0,0.6994397044181824
pooled_2025_scaler,1,2025|Rounds 1-2|2025-05-25|BNK FEARX|KT Rolster,2025-05-25 09:10:27,0,0.2623652219772339
pooled_2025_scaler,1,2025|Rounds 1-2|2025-05-28|BNK FEARX|DN SOOPers,2025-05-28 08:03:32,1,0.5158166885375977
pooled_2025_scaler,1,2025|Rounds 1-2|2025-05-28|Hanwha Life Esports|T1,2025-05-28 11:13:02,1,0.24650096893310547
pooled_2025_scaler,1,2025|Rounds 1-2|2025-05-29|HANJIN BRION|Kiwoom DRX,2025-05-29 08:06:13,0,0.7476468086242676
pooled_2025_scaler,1,2025|Rounds 1-2|2025-05-29|Gen.G|KT Rolster,2025-05-29 11:54:37,1,0.714207649230957
pooled_2025_scaler,1,2025|Rounds 1-2|2025-05-30|Nongshim RedForce|T1,2025-05-30 08:06:20,1,0.5472058057785034
pooled_2025_scaler,1,2025|Rounds 1-2|2025-05-30|DN SOOPers|Dplus Kia,2025-05-30 10:17:54,0,0.40163654088974
pooled_2025_scaler,1,2025|Rounds 1-2|2025-05-31|KT Rolster|Kiwoom DRX,2025-05-31 06:05:53,1,0.6951301097869873
pooled_2025_scaler,1,2025|Rounds 1-2|2025-05-31|Gen.G|HANJIN BRION,2025-05-31 08:16:20,1,0.7919318079948425
pooled_2025_scaler,1,2025|Rounds 1-2|2025-06-01|BNK FEARX|Hanwha Life Esports,2025-06-01 06:05:16,0,0.3832552433013916
pooled_2025_scaler,1,2025|Rounds 1-2|2025-06-01|Dplus Kia|Nongshim RedForce,2025-06-01 08:07:40,1,0.3115624487400055
pooled_2025_scaler,1,2025|Rounds 1-2|2025-06-04|Dplus Kia|KT Rolster,2025-06-04 08:08:19,0,0.5757268071174622
pooled_2025_scaler,1,2025|Rounds 1-2|2025-06-07|Dplus Kia|KT Rolster,2025-06-07 06:06:28,0,0.30860066413879395
pooled_2025_scaler,1,2025|Rounds 1-2|2025-06-08|KT Rolster|Nongshim RedForce,2025-06-08 06:07:06,1,0.8256369829177856
pooled_2025_scaler,2,2025|Rounds 1-2|2025-06-13|Gen.G|Hanwha Life Esports,2025-06-13 08:18:23,1,0.49199461936950684
pooled_2025_scaler,2,2025|Rounds 1-2|2025-06-14|KT Rolster|T1,2025-06-14 06:20:04,0,0.9629321098327637
pooled_2025_scaler,2,2025|Rounds 1-2|2025-06-15|Hanwha Life Esports|T1,2025-06-15 06:17:37,0,0.2244139164686203
pooled_2025_scaler,2,2025|Rounds 3-5|2025-07-23|Dplus Kia|HANJIN BRION,2025-07-23 08:07:58,0,0.4479445219039917
pooled_2025_scaler,2,2025|Rounds 3-5|2025-07-23|Gen.G|Hanwha Life Esports,2025-07-23 11:17:36,1,0.8285734057426453
pooled_2025_scaler,2,2025|Rounds 3-5|2025-07-24|BNK FEARX|DN SOOPers,2025-07-24 08:05:02,1,0.40128299593925476
pooled_2025_scaler,2,2025|Rounds 3-5|2025-07-24|KT Rolster|Nongshim RedForce,2025-07-24 10:11:20,1,0.7655836939811707
pooled_2025_scaler,2,2025|Rounds 3-5|2025-07-25|Gen.G|T1,2025-07-25 08:11:59,0,0.49890458583831787
pooled_2025_scaler,2,2025|Rounds 3-5|2025-07-25|HANJIN BRION|Kiwoom DRX,2025-07-25 11:15:42,1,0.6467083692550659
pooled_2025_scaler,2,2025|Rounds 3-5|2025-07-26|BNK FEARX|Dplus Kia,2025-07-26 06:07:12,0,0.6193138360977173
pooled_2025_scaler,2,2025|Rounds 3-5|2025-07-26|Hanwha Life Esports|KT Rolster,2025-07-26 08:31:59,1,0.28312328457832336
pooled_2025_scaler,2,2025|Rounds 3-5|2025-07-27|DN SOOPers|Kiwoom DRX,2025-07-27 06:05:40,0,0.5942403078079224
pooled_2025_scaler,2,2025|Rounds 3-5|2025-07-27|Nongshim RedForce|T1,2025-07-27 09:29:10,0,0.11184733361005783
pooled_2025_scaler,2,2025|Rounds 3-5|2025-07-30|Dplus Kia|Kiwoom DRX,2025-07-30 08:07:21,1,0.6523942351341248
pooled_2025_scaler,2,2025|Rounds 3-5|2025-07-30|KT Rolster|T1,2025-07-30 11:48:43,0,0.3169994354248047
pooled_2025_scaler,2,2025|Rounds 3-5|2025-07-31|BNK FEARX|HANJIN BRION,2025-07-31 08:06:28,1,0.1585095077753067
pooled_2025_scaler,2,2025|Rounds 3-5|2025-07-31|Hanwha Life Esports|Nongshim RedForce,2025-07-31 10:31:25,1,0.6098884344100952
pooled_2025_scaler,2,2025|Rounds 3-5|2025-08-01|Gen.G|KT Rolster,2025-08-01 08:04:50,1,0.7425398230552673
pooled_2025_scaler,2,2025|Rounds 3-5|2025-08-01|DN SOOPers|Dplus Kia,2025-08-01 10:25:35,0,0.24927735328674316
pooled_2025_scaler,2,2025|Rounds 3-5|2025-08-02|Hanwha Life Esports|T1,2025-08-02 06:07:06,0,0.5641415119171143
pooled_2025_scaler,2,2025|Rounds 3-5|2025-08-02|BNK FEARX|Kiwoom DRX,2025-08-02 08:31:55,0,0.5678892135620117
pooled_2025_scaler,2,2025|Rounds 3-5|2025-08-03|DN SOOPers|HANJIN BRION,2025-08-03 06:07:00,0,0.3772246539592743
pooled_2025_scaler,2,2025|Rounds 3-5|2025-08-03|Gen.G|Nongshim RedForce,2025-08-03 08:33:38,1,0.7599716782569885
pooled_2025_scaler,2,2025|Rounds 3-5|2025-08-06|Hanwha Life Esports|Nongshim RedForce,2025-08-06 08:06:02,1,0.894803524017334
pooled_2025_scaler,2,2025|Rounds 3-5|2025-08-06|BNK FEARX|HANJIN BRION,2025-08-06 10:22:21,1,0.5470873117446899
pooled_2025_scaler,2,2025|Rounds 3-5|2025-08-07|DN SOOPers|Kiwoom DRX,2025-08-07 08:06:22,1,0.29463064670562744
pooled_2025_scaler,2,2025|Rounds 3-5|2025-08-07|Gen.G|T1,2025-08-07 11:20:03,1,0.36256152391433716
pooled_2025_scaler,2,2025|Rounds 3-5|2025-08-08|BNK FEARX|Dplus Kia,2025-08-08 08:08:25,1,0.38901811838150024
pooled_2025_scaler,2,2025|Rounds 3-5|2025-08-08|Hanwha Life Esports|KT Rolster,2025-08-08 10:27:25,1,0.7899977564811707
pooled_2025_scaler,2,2025|Rounds 3-5|2025-08-09|HANJIN BRION|Kiwoom DRX,2025-08-09 06:11:11,1,0.27205920219421387
pooled_2025_scaler,2,2025|Rounds 3-5|2025-08-09|Nongshim RedForce|T1,2025-08-09 09:16:24,0,0.2863771319389343
pooled_2025_scaler,2,2025|Rounds 3-5|2025-08-10|Gen.G|KT Rolster,2025-08-10 06:06:45,1,0.9049338102340698
pooled_2025_scaler,2,2025|Rounds 3-5|2025-08-10|DN SOOPers|Dplus Kia,2025-08-10 08:19:07,0,0.27548080682754517
pooled_2025_scaler,2,2025|Rounds 3-5|2025-08-13|KT Rolster|T1,2025-08-13 08:10:10,0,0.27920252084732056
pooled_2025_scaler,2,2025|Rounds 3-5|2025-08-13|BNK FEARX|DN SOOPers,2025-08-13 10:08:55,1,0.63941490650177
pooled_2025_scaler,2,2025|Rounds 3-5|2025-08-14|Gen.G|Nongshim RedForce,2025-08-14 08:07:37,1,0.8971982002258301
pooled_2025_scaler,2,2025|Rounds 3-5|2025-08-14|Dplus Kia|Kiwoom DRX,2025-08-14 10:09:25,1,0.7187609672546387
pooled_2025_scaler,2,2025|Rounds 3-5|2025-08-15|DN SOOPers|HANJIN BRION,2025-08-15 08:06:45,1,0.39746469259262085
pooled_2025_scaler,2,2025|Rounds 3-5|2025-08-15|Hanwha Life Esports|T1,2025-08-15 11:15:30,0,0.3869915008544922
pooled_2025_scaler,2,2025|Rounds 3-5|2025-08-16|KT Rolster|Nongshim RedForce,2025-08-16 06:05:19,1,0.4972573518753052
pooled_2025_scaler,2,2025|Rounds 3-5|2025-08-16|BNK FEARX|Kiwoom DRX,2025-08-16 09:05:30,0,0.8216961622238159
pooled_2025_scaler,2,2025|Rounds 3-5|2025-08-17|Gen.G|Hanwha Life Esports,2025-08-17 06:07:44,1,0.8297807574272156
pooled_2025_scaler,2,2025|Rounds 3-5|2025-08-17|Dplus Kia|HANJIN BRION,2025-08-17 09:10:43,0,0.6715408563613892
pooled_2025_scaler,2,2025|Rounds 3-5|2025-08-20|DN SOOPers|Kiwoom DRX,2025-08-20 08:06:31,0,0.6816511154174805
pooled_2025_scaler,2,2025|Rounds 3-5|2025-08-20|Gen.G|Nongshim RedForce,2025-08-20 10:33:21,1,0.9140498638153076
pooled_2025_scaler,3,2025|Rounds 3-5|2025-08-21|Hanwha Life Esports|KT Rolster,2025-08-21 08:05:15,1,0.4716188907623291
pooled_2025_scaler,3,2025|Rounds 3-5|2025-08-21|BNK FEARX|HANJIN BRION,2025-08-21 11:27:46,1,0.5554651021957397
pooled_2025_scaler,3,2025|Rounds 3-5|2025-08-22|Nongshim RedForce|T1,2025-08-22 08:05:01,0,0.13531717658042908
pooled_2025_scaler,3,2025|Rounds 3-5|2025-08-22|Dplus Kia|Kiwoom DRX,2025-08-22 10:59:29,1,0.46360084414482117
pooled_2025_scaler,3,2025|Rounds 3-5|2025-08-23|Gen.G|Hanwha Life Esports,2025-08-23 06:06:52,1,0.5655451416969299
pooled_2025_scaler,3,2025|Rounds 3-5|2025-08-23|DN SOOPers|HANJIN BRION,2025-08-23 09:20:22,1,0.4742594361305237
pooled_2025_scaler,3,2025|Rounds 3-5|2025-08-24|BNK FEARX|Dplus Kia,2025-08-24 06:06:54,0,0.6191200613975525
pooled_2025_scaler,3,2025|Rounds 3-5|2025-08-24|KT Rolster|T1,2025-08-24 08:27:55,1,0.406541645526886
pooled_2025_scaler,3,2025|Rounds 3-5|2025-08-27|Hanwha Life Esports|T1,2025-08-27 08:04:11,0,0.6812868118286133
pooled_2025_scaler,3,2025|Rounds 3-5|2025-08-27|BNK FEARX|DN SOOPers,2025-08-27 11:21:15,1,0.47172045707702637
pooled_2025_scaler,3,2025|Rounds 3-5|2025-08-28|Dplus Kia|HANJIN BRION,2025-08-28 08:08:10,1,0.7985078692436218
pooled_2025_scaler,3,2025|Rounds 3-5|2025-08-28|Gen.G|KT Rolster,2025-08-28 10:12:22,1,0.5212355852127075
pooled_2025_scaler,3,2025|Rounds 3-5|2025-08-29|BNK FEARX|Kiwoom DRX,2025-08-29 08:07:17,1,0.5812013149261475
pooled_2025_scaler,3,2025|Rounds 3-5|2025-08-29|Hanwha Life Esports|Nongshim RedForce,2025-08-29 11:12:12,1,0.5684843063354492
pooled_2025_scaler,3,2025|Rounds 3-5|2025-08-30|Gen.G|T1,2025-08-30 06:12:29,1,0.6713590025901794
pooled_2025_scaler,3,2025|Rounds 3-5|2025-08-30|DN SOOPers|Dplus Kia,2025-08-30 09:32:44,0,0.276246577501297
pooled_2025_scaler,3,2025|Rounds 3-5|2025-08-31|KT Rolster|Nongshim RedForce,2025-08-31 06:06:31,1,0.6032319664955139
pooled_2025_scaler,3,2025|Rounds 3-5|2025-08-31|HANJIN BRION|Kiwoom DRX,2025-08-31 08:29:18,1,0.47139304876327515
pooled_2025_scaler,3,2025|Rounds 3-5|2025-09-03|HANJIN BRION|Nongshim RedForce,2025-09-03 08:08:06,0,0.553978681564331
pooled_2025_scaler,3,2025|Rounds 3-5|2025-09-04|BNK FEARX|Dplus Kia,2025-09-04 08:08:41,1,0.5863519310951233
pooled_2025_scaler,3,2025|Rounds 3-5|2025-09-05|BNK FEARX|Nongshim RedForce,2025-09-05 08:07:35,1,0.5699925422668457
pooled_2025_scaler,3,2025|Rounds 3-5|2025-09-06|Dplus Kia|HANJIN BRION,2025-09-06 06:09:11,1,0.5060259103775024
pooled_2025_scaler,3,2025|Rounds 3-5|2025-09-07|Dplus Kia|Nongshim RedForce,2025-09-07 06:09:43,1,0.6408926844596863
pooled_2025_scaler,3,2025|Rounds 3-5|2025-09-10|Dplus Kia|T1,2025-09-10 08:11:38,0,0.8351391553878784
pooled_2025_scaler,3,2025|Rounds 3-5|2025-09-11|BNK FEARX|KT Rolster,2025-09-11 08:09:47,0,0.5777838230133057
pooled_2025_scaler,3,2025|Rounds 3-5|2025-09-13|Gen.G|KT Rolster,2025-09-13 06:11:13,0,0.6038553714752197
pooled_2025_scaler,3,2025|Rounds 3-5|2025-09-14|Hanwha Life Esports|T1,2025-09-14 06:11:34,1,0.46341195702552795
pooled_2025_scaler,3,2025|Rounds 3-5|2025-09-17|BNK FEARX|Dplus Kia,2025-09-17 08:12:41,0,0.617746889591217
pooled_2025_scaler,3,2025|Rounds 3-5|2025-09-18|Dplus Kia|T1,2025-09-18 08:13:43,0,0.6530129313468933
pooled_2025_scaler,3,2025|Rounds 3-5|2025-09-20|Hanwha Life Esports|KT Rolster,2025-09-20 06:07:09,1,0.7022971510887146
pooled_2025_scaler,3,2025|Rounds 3-5|2025-09-21|Gen.G|T1,2025-09-21 06:08:55,1,0.2776654064655304
pooled_2025_scaler,3,2025|Rounds 3-5|2025-09-27|Gen.G|KT Rolster,2025-09-27 05:23:49,1,0.6874624490737915
pooled_2025_scaler,3,2025|Rounds 3-5|2025-09-28|Gen.G|Hanwha Life Esports,2025-09-28 05:30:31,1,0.5832529067993164
pooled_recent_weights,1,2025|Rounds 1-2|2025-05-04|KT Rolster|T1,2025-05-04 06:06:00,0,0.1621093899011612
pooled_recent_weights,1,2025|Rounds 1-2|2025-05-04|DN SOOPers|HANJIN BRION,2025-05-04 08:20:59,0,0.39444732666015625
pooled_recent_weights,1,2025|Rounds 1-2|2025-05-07|BNK FEARX|HANJIN BRION,2025-05-07 08:03:23,1,0.2748299837112427
pooled_recent_weights,1,2025|Rounds 1-2|2025-05-07|Dplus Kia|KT Rolster,2025-05-07 11:02:40,0,0.39998894929885864
pooled_recent_weights,1,2025|Rounds 1-2|2025-05-08|Kiwoom DRX|T1,2025-05-08 08:06:11,0,0.41067034006118774
pooled_recent_weights,1,2025|Rounds 1-2|2025-05-08|Gen.G|Nongshim RedForce,2025-05-08 10:16:11,1,0.9566518068313599
pooled_recent_weights,1,2025|Rounds 1-2|2025-05-09|DN SOOPers|KT Rolster,2025-05-09 08:06:29,0,0.5654415488243103
pooled_recent_weights,1,2025|Rounds 1-2|2025-05-09|HANJIN BRION|Hanwha Life Esports,2025-05-09 10:06:12,0,0.08412253111600876
pooled_recent_weights,1,2025|Rounds 1-2|2025-05-10|Dplus Kia|T1,2025-05-10 06:05:23,0,0.04404564946889877
pooled_recent_weights,1,2025|Rounds 1-2|2025-05-10|BNK FEARX|Gen.G,2025-05-10 08:12:35,0,0.20539474487304688
pooled_recent_weights,1,2025|Rounds 1-2|2025-05-11|DN SOOPers|Nongshim RedForce,2025-05-11 06:05:43,1,0.7035760283470154
pooled_recent_weights,1,2025|Rounds 1-2|2025-05-11|Hanwha Life Esports|Kiwoom DRX,2025-05-11 09:23:56,1,0.8528282642364502
pooled_recent_weights,1,2025|Rounds 1-2|2025-05-14|BNK FEARX|Nongshim RedForce,2025-05-14 08:04:35,0,0.5888164043426514
pooled_recent_weights,1,2025|Rounds 1-2|2025-05-14|Dplus Kia|Kiwoom DRX,2025-05-14 10:57:54,1,0.4235692024230957
pooled_recent_weights,1,2025|Rounds 1-2|2025-05-15|Hanwha Life Esports|KT Rolster,2025-05-15 08:06:53,0,0.7006672620773315
pooled_recent_weights,1,2025|Rounds 1-2|2025-05-15|HANJIN BRION|T1,2025-05-15 11:18:14,0,0.09266392886638641
pooled_recent_weights,1,2025|Rounds 1-2|2025-05-16|BNK FEARX|Dplus Kia,2025-05-16 08:07:23,0,0.2635469436645508
pooled_recent_weights,1,2025|Rounds 1-2|2025-05-16|DN SOOPers|Gen.G,2025-05-16 10:15:50,0,0.13408853113651276
pooled_recent_weights,1,2025|Rounds 1-2|2025-05-17|Kiwoom DRX|Nongshim RedForce,2025-05-17 06:06:29,0,0.4096262454986572
pooled_recent_weights,1,2025|Rounds 1-2|2025-05-17|HANJIN BRION|KT Rolster,2025-05-17 09:01:31,0,0.19107581675052643
pooled_recent_weights,1,2025|Rounds 1-2|2025-05-18|DN SOOPers|Hanwha Life Esports,2025-05-18 06:04:32,0,0.13016410171985626
pooled_recent_weights,1,2025|Rounds 1-2|2025-05-18|Gen.G|T1,2025-05-18 08:21:01,1,0.6603703498840332
pooled_recent_weights,1,2025|Rounds 1-2|2025-05-21|Gen.G|Hanwha Life Esports,2025-05-21 08:06:27,1,0.6517195701599121
pooled_recent_weights,1,2025|Rounds 1-2|2025-05-21|DN SOOPers|Kiwoom DRX,2025-05-21 11:23:37,0,0.2718179225921631
pooled_recent_weights,1,2025|Rounds 1-2|2025-05-22|Dplus Kia|HANJIN BRION,2025-05-22 08:07:11,0,0.8443665504455566
pooled_recent_weights,1,2025|Rounds 1-2|2025-05-22|BNK FEARX|T1,2025-05-22 10:12:41,0,0.20647954940795898
pooled_recent_weights,1,2025|Rounds 1-2|2025-05-23|Gen.G|Kiwoom DRX,2025-05-23 08:07:24,1,0.7243257164955139
pooled_recent_weights,1,2025|Rounds 1-2|2025-05-23|KT Rolster|Nongshim RedForce,2025-05-23 10:20:15,1,0.5531610250473022
pooled_recent_weights,1,2025|Rounds 1-2|2025-05-24|Dplus Kia|Hanwha Life Esports,2025-05-24 06:04:59,1,0.5701221227645874
pooled_recent_weights,1,2025|Rounds 1-2|2025-05-24|DN SOOPers|T1,2025-05-24 09:07:30,0,0.1915220022201538
pooled_recent_weights,1,2025|Rounds 1-2|2025-05-25|HANJIN BRION|Nongshim RedForce,2025-05-25 06:04:05,0,0.5638946294784546
pooled_recent_weights,1,2025|Rounds 1-2|2025-05-25|BNK FEARX|KT Rolster,2025-05-25 09:10:27,0,0.28536099195480347
pooled_recent_weights,1,2025|Rounds 1-2|2025-05-28|BNK FEARX|DN SOOPers,2025-05-28 08:03:32,1,0.6375837922096252
pooled_recent_weights,1,2025|Rounds 1-2|2025-05-28|Hanwha Life Esports|T1,2025-05-28 11:13:02,1,0.30367374420166016
pooled_recent_weights,1,2025|Rounds 1-2|2025-05-29|HANJIN BRION|Kiwoom DRX,2025-05-29 08:06:13,0,0.6764438152313232
pooled_recent_weights,1,2025|Rounds 1-2|2025-05-29|Gen.G|KT Rolster,2025-05-29 11:54:37,1,0.6612380146980286
pooled_recent_weights,1,2025|Rounds 1-2|2025-05-30|Nongshim RedForce|T1,2025-05-30 08:06:20,1,0.5354122519493103
pooled_recent_weights,1,2025|Rounds 1-2|2025-05-30|DN SOOPers|Dplus Kia,2025-05-30 10:17:54,0,0.31361153721809387
pooled_recent_weights,1,2025|Rounds 1-2|2025-05-31|KT Rolster|Kiwoom DRX,2025-05-31 06:05:53,1,0.7438730001449585
pooled_recent_weights,1,2025|Rounds 1-2|2025-05-31|Gen.G|HANJIN BRION,2025-05-31 08:16:20,1,0.7941578030586243
pooled_recent_weights,1,2025|Rounds 1-2|2025-06-01|BNK FEARX|Hanwha Life Esports,2025-06-01 06:05:16,0,0.5241994857788086
pooled_recent_weights,1,2025|Rounds 1-2|2025-06-01|Dplus Kia|Nongshim RedForce,2025-06-01 08:07:40,1,0.2593732476234436
pooled_recent_weights,1,2025|Rounds 1-2|2025-06-04|Dplus Kia|KT Rolster,2025-06-04 08:08:19,0,0.7096657156944275
pooled_recent_weights,1,2025|Rounds 1-2|2025-06-07|Dplus Kia|KT Rolster,2025-06-07 06:06:28,0,0.30350327491760254
pooled_recent_weights,1,2025|Rounds 1-2|2025-06-08|KT Rolster|Nongshim RedForce,2025-06-08 06:07:06,1,0.7351171970367432
pooled_recent_weights,2,2025|Rounds 1-2|2025-06-13|Gen.G|Hanwha Life Esports,2025-06-13 08:18:23,1,0.47556596994400024
pooled_recent_weights,2,2025|Rounds 1-2|2025-06-14|KT Rolster|T1,2025-06-14 06:20:04,0,0.9540371894836426
pooled_recent_weights,2,2025|Rounds 1-2|2025-06-15|Hanwha Life Esports|T1,2025-06-15 06:17:37,0,0.2625758945941925
pooled_recent_weights,2,2025|Rounds 3-5|2025-07-23|Dplus Kia|HANJIN BRION,2025-07-23 08:07:58,0,0.49127477407455444
pooled_recent_weights,2,2025|Rounds 3-5|2025-07-23|Gen.G|Hanwha Life Esports,2025-07-23 11:17:36,1,0.7995079159736633
pooled_recent_weights,2,2025|Rounds 3-5|2025-07-24|BNK FEARX|DN SOOPers,2025-07-24 08:05:02,1,0.44826656579971313
pooled_recent_weights,2,2025|Rounds 3-5|2025-07-24|KT Rolster|Nongshim RedForce,2025-07-24 10:11:20,1,0.7604604363441467
pooled_recent_weights,2,2025|Rounds 3-5|2025-07-25|Gen.G|T1,2025-07-25 08:11:59,0,0.4748774766921997
pooled_recent_weights,2,2025|Rounds 3-5|2025-07-25|HANJIN BRION|Kiwoom DRX,2025-07-25 11:15:42,1,0.6324024200439453
pooled_recent_weights,2,2025|Rounds 3-5|2025-07-26|BNK FEARX|Dplus Kia,2025-07-26 06:07:12,0,0.6434036493301392
pooled_recent_weights,2,2025|Rounds 3-5|2025-07-26|Hanwha Life Esports|KT Rolster,2025-07-26 08:31:59,1,0.2746387720108032
pooled_recent_weights,2,2025|Rounds 3-5|2025-07-27|DN SOOPers|Kiwoom DRX,2025-07-27 06:05:40,0,0.5491214394569397
pooled_recent_weights,2,2025|Rounds 3-5|2025-07-27|Nongshim RedForce|T1,2025-07-27 09:29:10,0,0.12069956958293915
pooled_recent_weights,2,2025|Rounds 3-5|2025-07-30|Dplus Kia|Kiwoom DRX,2025-07-30 08:07:21,1,0.6659360527992249
pooled_recent_weights,2,2025|Rounds 3-5|2025-07-30|KT Rolster|T1,2025-07-30 11:48:43,0,0.3382183313369751
pooled_recent_weights,2,2025|Rounds 3-5|2025-07-31|BNK FEARX|HANJIN BRION,2025-07-31 08:06:28,1,0.18140164017677307
pooled_recent_weights,2,2025|Rounds 3-5|2025-07-31|Hanwha Life Esports|Nongshim RedForce,2025-07-31 10:31:25,1,0.5865046977996826
pooled_recent_weights,2,2025|Rounds 3-5|2025-08-01|Gen.G|KT Rolster,2025-08-01 08:04:50,1,0.7780251502990723
pooled_recent_weights,2,2025|Rounds 3-5|2025-08-01|DN SOOPers|Dplus Kia,2025-08-01 10:25:35,0,0.27182039618492126
pooled_recent_weights,2,2025|Rounds 3-5|2025-08-02|Hanwha Life Esports|T1,2025-08-02 06:07:06,0,0.5204252004623413
pooled_recent_weights,2,2025|Rounds 3-5|2025-08-02|BNK FEARX|Kiwoom DRX,2025-08-02 08:31:55,0,0.5983974933624268
pooled_recent_weights,2,2025|Rounds 3-5|2025-08-03|DN SOOPers|HANJIN BRION,2025-08-03 06:07:00,0,0.40223145484924316
pooled_recent_weights,2,2025|Rounds 3-5|2025-08-03|Gen.G|Nongshim RedForce,2025-08-03 08:33:38,1,0.7598100900650024
pooled_recent_weights,2,2025|Rounds 3-5|2025-08-06|Hanwha Life Esports|Nongshim RedForce,2025-08-06 08:06:02,1,0.8880130052566528
pooled_recent_weights,2,2025|Rounds 3-5|2025-08-06|BNK FEARX|HANJIN BRION,2025-08-06 10:22:21,1,0.5049049258232117
pooled_recent_weights,2,2025|Rounds 3-5|2025-08-07|DN SOOPers|Kiwoom DRX,2025-08-07 08:06:22,1,0.29833006858825684
pooled_recent_weights,2,2025|Rounds 3-5|2025-08-07|Gen.G|T1,2025-08-07 11:20:03,1,0.3838622272014618
pooled_recent_weights,2,2025|Rounds 3-5|2025-08-08|BNK FEARX|Dplus Kia,2025-08-08 08:08:25,1,0.3960873484611511
pooled_recent_weights,2,2025|Rounds 3-5|2025-08-08|Hanwha Life Esports|KT Rolster,2025-08-08 10:27:25,1,0.7517595291137695
pooled_recent_weights,2,2025|Rounds 3-5|2025-08-09|HANJIN BRION|Kiwoom DRX,2025-08-09 06:11:11,1,0.3119993507862091
pooled_recent_weights,2,2025|Rounds 3-5|2025-08-09|Nongshim RedForce|T1,2025-08-09 09:16:24,0,0.25993821024894714
pooled_recent_weights,2,2025|Rounds 3-5|2025-08-10|Gen.G|KT Rolster,2025-08-10 06:06:45,1,0.8898730874061584
pooled_recent_weights,2,2025|Rounds 3-5|2025-08-10|DN SOOPers|Dplus Kia,2025-08-10 08:19:07,0,0.2881007790565491
pooled_recent_weights,2,2025|Rounds 3-5|2025-08-13|KT Rolster|T1,2025-08-13 08:10:10,0,0.2571137845516205
pooled_recent_weights,2,2025|Rounds 3-5|2025-08-13|BNK FEARX|DN SOOPers,2025-08-13 10:08:55,1,0.6612604856491089
pooled_recent_weights,2,2025|Rounds 3-5|2025-08-14|Gen.G|Nongshim RedForce,2025-08-14 08:07:37,1,0.8890975117683411
pooled_recent_weights,2,2025|Rounds 3-5|2025-08-14|Dplus Kia|Kiwoom DRX,2025-08-14 10:09:25,1,0.7097541093826294
pooled_recent_weights,2,2025|Rounds 3-5|2025-08-15|DN SOOPers|HANJIN BRION,2025-08-15 08:06:45,1,0.3903161287307739
pooled_recent_weights,2,2025|Rounds 3-5|2025-08-15|Hanwha Life Esports|T1,2025-08-15 11:15:30,0,0.3307526111602783
pooled_recent_weights,2,2025|Rounds 3-5|2025-08-16|KT Rolster|Nongshim RedForce,2025-08-16 06:05:19,1,0.42770183086395264
pooled_recent_weights,2,2025|Rounds 3-5|2025-08-16|BNK FEARX|Kiwoom DRX,2025-08-16 09:05:30,0,0.8115543127059937
pooled_recent_weights,2,2025|Rounds 3-5|2025-08-17|Gen.G|Hanwha Life Esports,2025-08-17 06:07:44,1,0.8442193865776062
pooled_recent_weights,2,2025|Rounds 3-5|2025-08-17|Dplus Kia|HANJIN BRION,2025-08-17 09:10:43,0,0.6377025842666626
pooled_recent_weights,2,2025|Rounds 3-5|2025-08-20|DN SOOPers|Kiwoom DRX,2025-08-20 08:06:31,0,0.6542887687683105
pooled_recent_weights,2,2025|Rounds 3-5|2025-08-20|Gen.G|Nongshim RedForce,2025-08-20 10:33:21,1,0.8898270130157471
pooled_recent_weights,3,2025|Rounds 3-5|2025-08-21|Hanwha Life Esports|KT Rolster,2025-08-21 08:05:15,1,0.4282371401786804
pooled_recent_weights,3,2025|Rounds 3-5|2025-08-21|BNK FEARX|HANJIN BRION,2025-08-21 11:27:46,1,0.5259463787078857
pooled_recent_weights,3,2025|Rounds 3-5|2025-08-22|Nongshim RedForce|T1,2025-08-22 08:05:01,0,0.10239475220441818
pooled_recent_weights,3,2025|Rounds 3-5|2025-08-22|Dplus Kia|Kiwoom DRX,2025-08-22 10:59:29,1,0.40735921263694763
pooled_recent_weights,3,2025|Rounds 3-5|2025-08-23|Gen.G|Hanwha Life Esports,2025-08-23 06:06:52,1,0.5885497331619263
pooled_recent_weights,3,2025|Rounds 3-5|2025-08-23|DN SOOPers|HANJIN BRION,2025-08-23 09:20:22,1,0.4461973309516907
pooled_recent_weights,3,2025|Rounds 3-5|2025-08-24|BNK FEARX|Dplus Kia,2025-08-24 06:06:54,0,0.6172746419906616
pooled_recent_weights,3,2025|Rounds 3-5|2025-08-24|KT Rolster|T1,2025-08-24 08:27:55,1,0.4035167396068573
pooled_recent_weights,3,2025|Rounds 3-5|2025-08-27|Hanwha Life Esports|T1,2025-08-27 08:04:11,0,0.6503008604049683
pooled_recent_weights,3,2025|Rounds 3-5|2025-08-27|BNK FEARX|DN SOOPers,2025-08-27 11:21:15,1,0.4884834885597229
pooled_recent_weights,3,2025|Rounds 3-5|2025-08-28|Dplus Kia|HANJIN BRION,2025-08-28 08:08:10,1,0.789899468421936
pooled_recent_weights,3,2025|Rounds 3-5|2025-08-28|Gen.G|KT Rolster,2025-08-28 10:12:22,1,0.5381035208702087
pooled_recent_weights,3,2025|Rounds 3-5|2025-08-29|BNK FEARX|Kiwoom DRX,2025-08-29 08:07:17,1,0.6071727275848389
pooled_recent_weights,3,2025|Rounds 3-5|2025-08-29|Hanwha Life Esports|Nongshim RedForce,2025-08-29 11:12:12,1,0.5421929955482483
pooled_recent_weights,3,2025|Rounds 3-5|2025-08-30|Gen.G|T1,2025-08-30 06:12:29,1,0.6407927870750427
pooled_recent_weights,3,2025|Rounds 3-5|2025-08-30|DN SOOPers|Dplus Kia,2025-08-30 09:32:44,0,0.27686256170272827
pooled_recent_weights,3,2025|Rounds 3-5|2025-08-31|KT Rolster|Nongshim RedForce,2025-08-31 06:06:31,1,0.6204143762588501
pooled_recent_weights,3,2025|Rounds 3-5|2025-08-31|HANJIN BRION|Kiwoom DRX,2025-08-31 08:29:18,1,0.47862178087234497
pooled_recent_weights,3,2025|Rounds 3-5|2025-09-03|HANJIN BRION|Nongshim RedForce,2025-09-03 08:08:06,0,0.5790293216705322
pooled_recent_weights,3,2025|Rounds 3-5|2025-09-04|BNK FEARX|Dplus Kia,2025-09-04 08:08:41,1,0.580883264541626
pooled_recent_weights,3,2025|Rounds 3-5|2025-09-05|BNK FEARX|Nongshim RedForce,2025-09-05 08:07:35,1,0.5531105399131775
pooled_recent_weights,3,2025|Rounds 3-5|2025-09-06|Dplus Kia|HANJIN BRION,2025-09-06 06:09:11,1,0.4848174750804901
pooled_recent_weights,3,2025|Rounds 3-5|2025-09-07|Dplus Kia|Nongshim RedForce,2025-09-07 06:09:43,1,0.6177921891212463
pooled_recent_weights,3,2025|Rounds 3-5|2025-09-10|Dplus Kia|T1,2025-09-10 08:11:38,0,0.826749324798584
pooled_recent_weights,3,2025|Rounds 3-5|2025-09-11|BNK FEARX|KT Rolster,2025-09-11 08:09:47,0,0.5719131231307983
pooled_recent_weights,3,2025|Rounds 3-5|2025-09-13|Gen.G|KT Rolster,2025-09-13 06:11:13,0,0.6446576118469238
pooled_recent_weights,3,2025|Rounds 3-5|2025-09-14|Hanwha Life Esports|T1,2025-09-14 06:11:34,1,0.44354188442230225
pooled_recent_weights,3,2025|Rounds 3-5|2025-09-17|BNK FEARX|Dplus Kia,2025-09-17 08:12:41,0,0.6326617002487183
pooled_recent_weights,3,2025|Rounds 3-5|2025-09-18|Dplus Kia|T1,2025-09-18 08:13:43,0,0.6369395852088928
pooled_recent_weights,3,2025|Rounds 3-5|2025-09-20|Hanwha Life Esports|KT Rolster,2025-09-20 06:07:09,1,0.7069985866546631
pooled_recent_weights,3,2025|Rounds 3-5|2025-09-21|Gen.G|T1,2025-09-21 06:08:55,1,0.29826465249061584
pooled_recent_weights,3,2025|Rounds 3-5|2025-09-27|Gen.G|KT Rolster,2025-09-27 05:23:49,1,0.7188870906829834
pooled_recent_weights,3,2025|Rounds 3-5|2025-09-28|Gen.G|Hanwha Life Esports,2025-09-28 05:30:31,1,0.5950645208358765
pooled_matched_epochs,1,2025|Rounds 1-2|2025-05-04|KT Rolster|T1,2025-05-04 06:06:00,0,0.3058014214038849
pooled_matched_epochs,1,2025|Rounds 1-2|2025-05-04|DN SOOPers|HANJIN BRION,2025-05-04 08:20:59,0,0.4208861291408539
pooled_matched_epochs,1,2025|Rounds 1-2|2025-05-07|BNK FEARX|HANJIN BRION,2025-05-07 08:03:23,1,0.3258814811706543
pooled_matched_epochs,1,2025|Rounds 1-2|2025-05-07|Dplus Kia|KT Rolster,2025-05-07 11:02:40,0,0.514931857585907
pooled_matched_epochs,1,2025|Rounds 1-2|2025-05-08|Kiwoom DRX|T1,2025-05-08 08:06:11,0,0.49533000588417053
pooled_matched_epochs,1,2025|Rounds 1-2|2025-05-08|Gen.G|Nongshim RedForce,2025-05-08 10:16:11,1,0.8459336161613464
pooled_matched_epochs,1,2025|Rounds 1-2|2025-05-09|DN SOOPers|KT Rolster,2025-05-09 08:06:29,0,0.41077953577041626
pooled_matched_epochs,1,2025|Rounds 1-2|2025-05-09|HANJIN BRION|Hanwha Life Esports,2025-05-09 10:06:12,0,0.19324399530887604
pooled_matched_epochs,1,2025|Rounds 1-2|2025-05-10|Dplus Kia|T1,2025-05-10 06:05:23,0,0.14333027601242065
pooled_matched_epochs,1,2025|Rounds 1-2|2025-05-10|BNK FEARX|Gen.G,2025-05-10 08:12:35,0,0.24268116056919098
pooled_matched_epochs,1,2025|Rounds 1-2|2025-05-11|DN SOOPers|Nongshim RedForce,2025-05-11 06:05:43,1,0.5026477575302124
pooled_matched_epochs,1,2025|Rounds 1-2|2025-05-11|Hanwha Life Esports|Kiwoom DRX,2025-05-11 09:23:56,1,0.7625696063041687
pooled_matched_epochs,1,2025|Rounds 1-2|2025-05-14|BNK FEARX|Nongshim RedForce,2025-05-14 08:04:35,0,0.6231964826583862
pooled_matched_epochs,1,2025|Rounds 1-2|2025-05-14|Dplus Kia|Kiwoom DRX,2025-05-14 10:57:54,1,0.47085681557655334
pooled_matched_epochs,1,2025|Rounds 1-2|2025-05-15|Hanwha Life Esports|KT Rolster,2025-05-15 08:06:53,0,0.5197935104370117
pooled_matched_epochs,1,2025|Rounds 1-2|2025-05-15|HANJIN BRION|T1,2025-05-15 11:18:14,0,0.15264716744422913
pooled_matched_epochs,1,2025|Rounds 1-2|2025-05-16|BNK FEARX|Dplus Kia,2025-05-16 08:07:23,0,0.4486958980560303
pooled_matched_epochs,1,2025|Rounds 1-2|2025-05-16|DN SOOPers|Gen.G,2025-05-16 10:15:50,0,0.18444277346134186
pooled_matched_epochs,1,2025|Rounds 1-2|2025-05-17|Kiwoom DRX|Nongshim RedForce,2025-05-17 06:06:29,0,0.3986956477165222
pooled_matched_epochs,1,2025|Rounds 1-2|2025-05-17|HANJIN BRION|KT Rolster,2025-05-17 09:01:31,0,0.2188885360956192
pooled_matched_epochs,1,2025|Rounds 1-2|2025-05-18|DN SOOPers|Hanwha Life Esports,2025-05-18 06:04:32,0,0.32243582606315613
pooled_matched_epochs,1,2025|Rounds 1-2|2025-05-18|Gen.G|T1,2025-05-18 08:21:01,1,0.6162135004997253
pooled_matched_epochs,1,2025|Rounds 1-2|2025-05-21|Gen.G|Hanwha Life Esports,2025-05-21 08:06:27,1,0.6723663806915283
pooled_matched_epochs,1,2025|Rounds 1-2|2025-05-21|DN SOOPers|Kiwoom DRX,2025-05-21 11:23:37,0,0.45633769035339355
pooled_matched_epochs,1,2025|Rounds 1-2|2025-05-22|Dplus Kia|HANJIN BRION,2025-05-22 08:07:11,0,0.7433778643608093
pooled_matched_epochs,1,2025|Rounds 1-2|2025-05-22|BNK FEARX|T1,2025-05-22 10:12:41,0,0.3474324941635132
pooled_matched_epochs,1,2025|Rounds 1-2|2025-05-23|Gen.G|Kiwoom DRX,2025-05-23 08:07:24,1,0.7246405482292175
pooled_matched_epochs,1,2025|Rounds 1-2|2025-05-23|KT Rolster|Nongshim RedForce,2025-05-23 10:20:15,1,0.5085344910621643
pooled_matched_epochs,1,2025|Rounds 1-2|2025-05-24|Dplus Kia|Hanwha Life Esports,2025-05-24 06:04:59,1,0.5912172198295593
pooled_matched_epochs,1,2025|Rounds 1-2|2025-05-24|DN SOOPers|T1,2025-05-24 09:07:30,0,0.2575739622116089
pooled_matched_epochs,1,2025|Rounds 1-2|2025-05-25|HANJIN BRION|Nongshim RedForce,2025-05-25 06:04:05,0,0.6896227598190308
pooled_matched_epochs,1,2025|Rounds 1-2|2025-05-25|BNK FEARX|KT Rolster,2025-05-25 09:10:27,0,0.3337711691856384
pooled_matched_epochs,1,2025|Rounds 1-2|2025-05-28|BNK FEARX|DN SOOPers,2025-05-28 08:03:32,1,0.5066057443618774
pooled_matched_epochs,1,2025|Rounds 1-2|2025-05-28|Hanwha Life Esports|T1,2025-05-28 11:13:02,1,0.27724605798721313
pooled_matched_epochs,1,2025|Rounds 1-2|2025-05-29|HANJIN BRION|Kiwoom DRX,2025-05-29 08:06:13,0,0.7136630415916443
pooled_matched_epochs,1,2025|Rounds 1-2|2025-05-29|Gen.G|KT Rolster,2025-05-29 11:54:37,1,0.6905137300491333
pooled_matched_epochs,1,2025|Rounds 1-2|2025-05-30|Nongshim RedForce|T1,2025-05-30 08:06:20,1,0.5094133615493774
pooled_matched_epochs,1,2025|Rounds 1-2|2025-05-30|DN SOOPers|Dplus Kia,2025-05-30 10:17:54,0,0.4500734508037567
pooled_matched_epochs,1,2025|Rounds 1-2|2025-05-31|KT Rolster|Kiwoom DRX,2025-05-31 06:05:53,1,0.6790027022361755
pooled_matched_epochs,1,2025|Rounds 1-2|2025-05-31|Gen.G|HANJIN BRION,2025-05-31 08:16:20,1,0.7398055791854858
pooled_matched_epochs,1,2025|Rounds 1-2|2025-06-01|BNK FEARX|Hanwha Life Esports,2025-06-01 06:05:16,0,0.428610235452652
pooled_matched_epochs,1,2025|Rounds 1-2|2025-06-01|Dplus Kia|Nongshim RedForce,2025-06-01 08:07:40,1,0.36641812324523926
pooled_matched_epochs,1,2025|Rounds 1-2|2025-06-04|Dplus Kia|KT Rolster,2025-06-04 08:08:19,0,0.5377261638641357
pooled_matched_epochs,1,2025|Rounds 1-2|2025-06-07|Dplus Kia|KT Rolster,2025-06-07 06:06:28,0,0.37338149547576904
pooled_matched_epochs,1,2025|Rounds 1-2|2025-06-08|KT Rolster|Nongshim RedForce,2025-06-08 06:07:06,1,0.7532643675804138
pooled_matched_epochs,2,2025|Rounds 1-2|2025-06-13|Gen.G|Hanwha Life Esports,2025-06-13 08:18:23,1,0.5814998149871826
pooled_matched_epochs,2,2025|Rounds 1-2|2025-06-14|KT Rolster|T1,2025-06-14 06:20:04,0,0.9366052150726318
pooled_matched_epochs,2,2025|Rounds 1-2|2025-06-15|Hanwha Life Esports|T1,2025-06-15 06:17:37,0,0.2446078062057495
pooled_matched_epochs,2,2025|Rounds 3-5|2025-07-23|Dplus Kia|HANJIN BRION,2025-07-23 08:07:58,0,0.4716570973396301
pooled_matched_epochs,2,2025|Rounds 3-5|2025-07-23|Gen.G|Hanwha Life Esports,2025-07-23 11:17:36,1,0.8077921867370605
pooled_matched_epochs,2,2025|Rounds 3-5|2025-07-24|BNK FEARX|DN SOOPers,2025-07-24 08:05:02,1,0.424345999956131
pooled_matched_epochs,2,2025|Rounds 3-5|2025-07-24|KT Rolster|Nongshim RedForce,2025-07-24 10:11:20,1,0.6549410820007324
pooled_matched_epochs,2,2025|Rounds 3-5|2025-07-25|Gen.G|T1,2025-07-25 08:11:59,0,0.5057108402252197
pooled_matched_epochs,2,2025|Rounds 3-5|2025-07-25|HANJIN BRION|Kiwoom DRX,2025-07-25 11:15:42,1,0.5440893173217773
pooled_matched_epochs,2,2025|Rounds 3-5|2025-07-26|BNK FEARX|Dplus Kia,2025-07-26 06:07:12,0,0.566428005695343
pooled_matched_epochs,2,2025|Rounds 3-5|2025-07-26|Hanwha Life Esports|KT Rolster,2025-07-26 08:31:59,1,0.35757169127464294
pooled_matched_epochs,2,2025|Rounds 3-5|2025-07-27|DN SOOPers|Kiwoom DRX,2025-07-27 06:05:40,0,0.49779579043388367
pooled_matched_epochs,2,2025|Rounds 3-5|2025-07-27|Nongshim RedForce|T1,2025-07-27 09:29:10,0,0.18671515583992004
pooled_matched_epochs,2,2025|Rounds 3-5|2025-07-30|Dplus Kia|Kiwoom DRX,2025-07-30 08:07:21,1,0.715388834476471
pooled_matched_epochs,2,2025|Rounds 3-5|2025-07-30|KT Rolster|T1,2025-07-30 11:48:43,0,0.35820379853248596
pooled_matched_epochs,2,2025|Rounds 3-5|2025-07-31|BNK FEARX|HANJIN BRION,2025-07-31 08:06:28,1,0.16872482001781464
pooled_matched_epochs,2,2025|Rounds 3-5|2025-07-31|Hanwha Life Esports|Nongshim RedForce,2025-07-31 10:31:25,1,0.5950089693069458
pooled_matched_epochs,2,2025|Rounds 3-5|2025-08-01|Gen.G|KT Rolster,2025-08-01 08:04:50,1,0.7755686044692993
pooled_matched_epochs,2,2025|Rounds 3-5|2025-08-01|DN SOOPers|Dplus Kia,2025-08-01 10:25:35,0,0.23385626077651978
pooled_matched_epochs,2,2025|Rounds 3-5|2025-08-02|Hanwha Life Esports|T1,2025-08-02 06:07:06,0,0.49621185660362244
pooled_matched_epochs,2,2025|Rounds 3-5|2025-08-02|BNK FEARX|Kiwoom DRX,2025-08-02 08:31:55,0,0.46528080105781555
pooled_matched_epochs,2,2025|Rounds 3-5|2025-08-03|DN SOOPers|HANJIN BRION,2025-08-03 06:07:00,0,0.4599525034427643
pooled_matched_epochs,2,2025|Rounds 3-5|2025-08-03|Gen.G|Nongshim RedForce,2025-08-03 08:33:38,1,0.7361061573028564
pooled_matched_epochs,2,2025|Rounds 3-5|2025-08-06|Hanwha Life Esports|Nongshim RedForce,2025-08-06 08:06:02,1,0.82132488489151
pooled_matched_epochs,2,2025|Rounds 3-5|2025-08-06|BNK FEARX|HANJIN BRION,2025-08-06 10:22:21,1,0.5422707796096802
pooled_matched_epochs,2,2025|Rounds 3-5|2025-08-07|DN SOOPers|Kiwoom DRX,2025-08-07 08:06:22,1,0.26005443930625916
pooled_matched_epochs,2,2025|Rounds 3-5|2025-08-07|Gen.G|T1,2025-08-07 11:20:03,1,0.42649924755096436
pooled_matched_epochs,2,2025|Rounds 3-5|2025-08-08|BNK FEARX|Dplus Kia,2025-08-08 08:08:25,1,0.2972010374069214
pooled_matched_epochs,2,2025|Rounds 3-5|2025-08-08|Hanwha Life Esports|KT Rolster,2025-08-08 10:27:25,1,0.7619946002960205
pooled_matched_epochs,2,2025|Rounds 3-5|2025-08-09|HANJIN BRION|Kiwoom DRX,2025-08-09 06:11:11,1,0.23256640136241913
pooled_matched_epochs,2,2025|Rounds 3-5|2025-08-09|Nongshim RedForce|T1,2025-08-09 09:16:24,0,0.3010680675506592
pooled_matched_epochs,2,2025|Rounds 3-5|2025-08-10|Gen.G|KT Rolster,2025-08-10 06:06:45,1,0.9411139488220215
pooled_matched_epochs,2,2025|Rounds 3-5|2025-08-10|DN SOOPers|Dplus Kia,2025-08-10 08:19:07,0,0.21612772345542908
pooled_matched_epochs,2,2025|Rounds 3-5|2025-08-13|KT Rolster|T1,2025-08-13 08:10:10,0,0.29642099142074585
pooled_matched_epochs,2,2025|Rounds 3-5|2025-08-13|BNK FEARX|DN SOOPers,2025-08-13 10:08:55,1,0.6252599954605103
pooled_matched_epochs,2,2025|Rounds 3-5|2025-08-14|Gen.G|Nongshim RedForce,2025-08-14 08:07:37,1,0.8910067081451416
pooled_matched_epochs,2,2025|Rounds 3-5|2025-08-14|Dplus Kia|Kiwoom DRX,2025-08-14 10:09:25,1,0.729142963886261
pooled_matched_epochs,2,2025|Rounds 3-5|2025-08-15|DN SOOPers|HANJIN BRION,2025-08-15 08:06:45,1,0.3670377731323242
pooled_matched_epochs,2,2025|Rounds 3-5|2025-08-15|Hanwha Life Esports|T1,2025-08-15 11:15:30,0,0.33018434047698975
pooled_matched_epochs,2,2025|Rounds 3-5|2025-08-16|KT Rolster|Nongshim RedForce,2025-08-16 06:05:19,1,0.32804983854293823
pooled_matched_epochs,2,2025|Rounds 3-5|2025-08-16|BNK FEARX|Kiwoom DRX,2025-08-16 09:05:30,0,0.8517754673957825
pooled_matched_epochs,2,2025|Rounds 3-5|2025-08-17|Gen.G|Hanwha Life Esports,2025-08-17 06:07:44,1,0.8948754072189331
pooled_matched_epochs,2,2025|Rounds 3-5|2025-08-17|Dplus Kia|HANJIN BRION,2025-08-17 09:10:43,0,0.6810368299484253
pooled_matched_epochs,2,2025|Rounds 3-5|2025-08-20|DN SOOPers|Kiwoom DRX,2025-08-20 08:06:31,0,0.7408450841903687
pooled_matched_epochs,2,2025|Rounds 3-5|2025-08-20|Gen.G|Nongshim RedForce,2025-08-20 10:33:21,1,0.8821954131126404
pooled_matched_epochs,3,2025|Rounds 3-5|2025-08-21|Hanwha Life Esports|KT Rolster,2025-08-21 08:05:15,1,0.43406155705451965
pooled_matched_epochs,3,2025|Rounds 3-5|2025-08-21|BNK FEARX|HANJIN BRION,2025-08-21 11:27:46,1,0.5647891759872437
pooled_matched_epochs,3,2025|Rounds 3-5|2025-08-22|Nongshim RedForce|T1,2025-08-22 08:05:01,0,0.06489545106887817
pooled_matched_epochs,3,2025|Rounds 3-5|2025-08-22|Dplus Kia|Kiwoom DRX,2025-08-22 10:59:29,1,0.41654878854751587
pooled_matched_epochs,3,2025|Rounds 3-5|2025-08-23|Gen.G|Hanwha Life Esports,2025-08-23 06:06:52,1,0.6137312650680542
pooled_matched_epochs,3,2025|Rounds 3-5|2025-08-23|DN SOOPers|HANJIN BRION,2025-08-23 09:20:22,1,0.44691991806030273
pooled_matched_epochs,3,2025|Rounds 3-5|2025-08-24|BNK FEARX|Dplus Kia,2025-08-24 06:06:54,0,0.6552549004554749
pooled_matched_epochs,3,2025|Rounds 3-5|2025-08-24|KT Rolster|T1,2025-08-24 08:27:55,1,0.3757878243923187
pooled_matched_epochs,3,2025|Rounds 3-5|2025-08-27|Hanwha Life Esports|T1,2025-08-27 08:04:11,0,0.6839306354522705
pooled_matched_epochs,3,2025|Rounds 3-5|2025-08-27|BNK FEARX|DN SOOPers,2025-08-27 11:21:15,1,0.46193522214889526
pooled_matched_epochs,3,2025|Rounds 3-5|2025-08-28|Dplus Kia|HANJIN BRION,2025-08-28 08:08:10,1,0.8520466685295105
pooled_matched_epochs,3,2025|Rounds 3-5|2025-08-28|Gen.G|KT Rolster,2025-08-28 10:12:22,1,0.5341540575027466
pooled_matched_epochs,3,2025|Rounds 3-5|2025-08-29|BNK FEARX|Kiwoom DRX,2025-08-29 08:07:17,1,0.6226332187652588
pooled_matched_epochs,3,2025|Rounds 3-5|2025-08-29|Hanwha Life Esports|Nongshim RedForce,2025-08-29 11:12:12,1,0.5583776235580444
pooled_matched_epochs,3,2025|Rounds 3-5|2025-08-30|Gen.G|T1,2025-08-30 06:12:29,1,0.7043136358261108
pooled_matched_epochs,3,2025|Rounds 3-5|2025-08-30|DN SOOPers|Dplus Kia,2025-08-30 09:32:44,0,0.2257893979549408
pooled_matched_epochs,3,2025|Rounds 3-5|2025-08-31|KT Rolster|Nongshim RedForce,2025-08-31 06:06:31,1,0.6440249085426331
pooled_matched_epochs,3,2025|Rounds 3-5|2025-08-31|HANJIN BRION|Kiwoom DRX,2025-08-31 08:29:18,1,0.4653468132019043
pooled_matched_epochs,3,2025|Rounds 3-5|2025-09-03|HANJIN BRION|Nongshim RedForce,2025-09-03 08:08:06,0,0.5917502641677856
pooled_matched_epochs,3,2025|Rounds 3-5|2025-09-04|BNK FEARX|Dplus Kia,2025-09-04 08:08:41,1,0.5908714532852173
pooled_matched_epochs,3,2025|Rounds 3-5|2025-09-05|BNK FEARX|Nongshim RedForce,2025-09-05 08:07:35,1,0.5432396531105042
pooled_matched_epochs,3,2025|Rounds 3-5|2025-09-06|Dplus Kia|HANJIN BRION,2025-09-06 06:09:11,1,0.5050424337387085
pooled_matched_epochs,3,2025|Rounds 3-5|2025-09-07|Dplus Kia|Nongshim RedForce,2025-09-07 06:09:43,1,0.6652270555496216
pooled_matched_epochs,3,2025|Rounds 3-5|2025-09-10|Dplus Kia|T1,2025-09-10 08:11:38,0,0.8868594169616699
pooled_matched_epochs,3,2025|Rounds 3-5|2025-09-11|BNK FEARX|KT Rolster,2025-09-11 08:09:47,0,0.5758811235427856
pooled_matched_epochs,3,2025|Rounds 3-5|2025-09-13|Gen.G|KT Rolster,2025-09-13 06:11:13,0,0.6614342927932739
pooled_matched_epochs,3,2025|Rounds 3-5|2025-09-14|Hanwha Life Esports|T1,2025-09-14 06:11:34,1,0.43423980474472046
pooled_matched_epochs,3,2025|Rounds 3-5|2025-09-17|BNK FEARX|Dplus Kia,2025-09-17 08:12:41,0,0.666361927986145
pooled_matched_epochs,3,2025|Rounds 3-5|2025-09-18|Dplus Kia|T1,2025-09-18 08:13:43,0,0.6794654726982117
pooled_matched_epochs,3,2025|Rounds 3-5|2025-09-20|Hanwha Life Esports|KT Rolster,2025-09-20 06:07:09,1,0.752440869808197
pooled_matched_epochs,3,2025|Rounds 3-5|2025-09-21|Gen.G|T1,2025-09-21 06:08:55,1,0.241923987865448
pooled_matched_epochs,3,2025|Rounds 3-5|2025-09-27|Gen.G|KT Rolster,2025-09-27 05:23:49,1,0.7815669775009155
pooled_matched_epochs,3,2025|Rounds 3-5|2025-09-28|Gen.G|Hanwha Life Esports,2025-09-28 05:30:31,1,0.6340408325195312
selected_2025,1,2025|Rounds 1-2|2025-05-04|KT Rolster|T1,2025-05-04 06:06:00,0,0.24313868582248688
selected_2025,1,2025|Rounds 1-2|2025-05-04|DN SOOPers|HANJIN BRION,2025-05-04 08:20:59,0,0.4619687795639038
selected_2025,1,2025|Rounds 1-2|2025-05-07|BNK FEARX|HANJIN BRION,2025-05-07 08:03:23,1,0.35866570472717285
selected_2025,1,2025|Rounds 1-2|2025-05-07|Dplus Kia|KT Rolster,2025-05-07 11:02:40,0,0.45676812529563904
selected_2025,1,2025|Rounds 1-2|2025-05-08|Kiwoom DRX|T1,2025-05-08 08:06:11,0,0.46278923749923706
selected_2025,1,2025|Rounds 1-2|2025-05-08|Gen.G|Nongshim RedForce,2025-05-08 10:16:11,1,0.8938103914260864
selected_2025,1,2025|Rounds 1-2|2025-05-09|DN SOOPers|KT Rolster,2025-05-09 08:06:29,0,0.47408217191696167
selected_2025,1,2025|Rounds 1-2|2025-05-09|HANJIN BRION|Hanwha Life Esports,2025-05-09 10:06:12,0,0.15163233876228333
selected_2025,1,2025|Rounds 1-2|2025-05-10|Dplus Kia|T1,2025-05-10 06:05:23,0,0.07574521750211716
selected_2025,1,2025|Rounds 1-2|2025-05-10|BNK FEARX|Gen.G,2025-05-10 08:12:35,0,0.23766034841537476
selected_2025,1,2025|Rounds 1-2|2025-05-11|DN SOOPers|Nongshim RedForce,2025-05-11 06:05:43,1,0.5544562339782715
selected_2025,1,2025|Rounds 1-2|2025-05-11|Hanwha Life Esports|Kiwoom DRX,2025-05-11 09:23:56,1,0.8192837834358215
selected_2025,1,2025|Rounds 1-2|2025-05-14|BNK FEARX|Nongshim RedForce,2025-05-14 08:04:35,0,0.48971766233444214
selected_2025,1,2025|Rounds 1-2|2025-05-14|Dplus Kia|Kiwoom DRX,2025-05-14 10:57:54,1,0.45456334948539734
selected_2025,1,2025|Rounds 1-2|2025-05-15|Hanwha Life Esports|KT Rolster,2025-05-15 08:06:53,0,0.6366442441940308
selected_2025,1,2025|Rounds 1-2|2025-05-15|HANJIN BRION|T1,2025-05-15 11:18:14,0,0.12167739123106003
selected_2025,1,2025|Rounds 1-2|2025-05-16|BNK FEARX|Dplus Kia,2025-05-16 08:07:23,0,0.38811802864074707
selected_2025,1,2025|Rounds 1-2|2025-05-16|DN SOOPers|Gen.G,2025-05-16 10:15:50,0,0.12879137694835663
selected_2025,1,2025|Rounds 1-2|2025-05-17|Kiwoom DRX|Nongshim RedForce,2025-05-17 06:06:29,0,0.41652676463127136
selected_2025,1,2025|Rounds 1-2|2025-05-17|HANJIN BRION|KT Rolster,2025-05-17 09:01:31,0,0.21160665154457092
selected_2025,1,2025|Rounds 1-2|2025-05-18|DN SOOPers|Hanwha Life Esports,2025-05-18 06:04:32,0,0.21393142640590668
selected_2025,1,2025|Rounds 1-2|2025-05-18|Gen.G|T1,2025-05-18 08:21:01,1,0.5974909663200378
selected_2025,1,2025|Rounds 1-2|2025-05-21|Gen.G|Hanwha Life Esports,2025-05-21 08:06:27,1,0.6814345121383667
selected_2025,1,2025|Rounds 1-2|2025-05-21|DN SOOPers|Kiwoom DRX,2025-05-21 11:23:37,0,0.27363377809524536
selected_2025,1,2025|Rounds 1-2|2025-05-22|Dplus Kia|HANJIN BRION,2025-05-22 08:07:11,0,0.8127897381782532
selected_2025,1,2025|Rounds 1-2|2025-05-22|BNK FEARX|T1,2025-05-22 10:12:41,0,0.3014927804470062
selected_2025,1,2025|Rounds 1-2|2025-05-23|Gen.G|Kiwoom DRX,2025-05-23 08:07:24,1,0.658972978591919
selected_2025,1,2025|Rounds 1-2|2025-05-23|KT Rolster|Nongshim RedForce,2025-05-23 10:20:15,1,0.6409326195716858
selected_2025,1,2025|Rounds 1-2|2025-05-24|Dplus Kia|Hanwha Life Esports,2025-05-24 06:04:59,1,0.5853251218795776
selected_2025,1,2025|Rounds 1-2|2025-05-24|DN SOOPers|T1,2025-05-24 09:07:30,0,0.20905114710330963
selected_2025,1,2025|Rounds 1-2|2025-05-25|HANJIN BRION|Nongshim RedForce,2025-05-25 06:04:05,0,0.6978820562362671
selected_2025,1,2025|Rounds 1-2|2025-05-25|BNK FEARX|KT Rolster,2025-05-25 09:10:27,0,0.3481370210647583
selected_2025,1,2025|Rounds 1-2|2025-05-28|BNK FEARX|DN SOOPers,2025-05-28 08:03:32,1,0.5635237693786621
selected_2025,1,2025|Rounds 1-2|2025-05-28|Hanwha Life Esports|T1,2025-05-28 11:13:02,1,0.3108913004398346
selected_2025,1,2025|Rounds 1-2|2025-05-29|HANJIN BRION|Kiwoom DRX,2025-05-29 08:06:13,0,0.6337021589279175
selected_2025,1,2025|Rounds 1-2|2025-05-29|Gen.G|KT Rolster,2025-05-29 11:54:37,1,0.6955733299255371
selected_2025,1,2025|Rounds 1-2|2025-05-30|Nongshim RedForce|T1,2025-05-30 08:06:20,1,0.5120817422866821
selected_2025,1,2025|Rounds 1-2|2025-05-30|DN SOOPers|Dplus Kia,2025-05-30 10:17:54,0,0.46468037366867065
selected_2025,1,2025|Rounds 1-2|2025-05-31|KT Rolster|Kiwoom DRX,2025-05-31 06:05:53,1,0.7328452467918396
selected_2025,1,2025|Rounds 1-2|2025-05-31|Gen.G|HANJIN BRION,2025-05-31 08:16:20,1,0.7935267686843872
selected_2025,1,2025|Rounds 1-2|2025-06-01|BNK FEARX|Hanwha Life Esports,2025-06-01 06:05:16,0,0.4416190981864929
selected_2025,1,2025|Rounds 1-2|2025-06-01|Dplus Kia|Nongshim RedForce,2025-06-01 08:07:40,1,0.3017898201942444
selected_2025,1,2025|Rounds 1-2|2025-06-04|Dplus Kia|KT Rolster,2025-06-04 08:08:19,0,0.6353989243507385
selected_2025,1,2025|Rounds 1-2|2025-06-07|Dplus Kia|KT Rolster,2025-06-07 06:06:28,0,0.2792169153690338
selected_2025,1,2025|Rounds 1-2|2025-06-08|KT Rolster|Nongshim RedForce,2025-06-08 06:07:06,1,0.7649112343788147
selected_2025,2,2025|Rounds 1-2|2025-06-13|Gen.G|Hanwha Life Esports,2025-06-13 08:18:23,1,0.37164413928985596
selected_2025,2,2025|Rounds 1-2|2025-06-14|KT Rolster|T1,2025-06-14 06:20:04,0,0.9809799194335938
selected_2025,2,2025|Rounds 1-2|2025-06-15|Hanwha Life Esports|T1,2025-06-15 06:17:37,0,0.29879432916641235
selected_2025,2,2025|Rounds 3-5|2025-07-23|Dplus Kia|HANJIN BRION,2025-07-23 08:07:58,0,0.5425664782524109
selected_2025,2,2025|Rounds 3-5|2025-07-23|Gen.G|Hanwha Life Esports,2025-07-23 11:17:36,1,0.7952408194541931
selected_2025,2,2025|Rounds 3-5|2025-07-24|BNK FEARX|DN SOOPers,2025-07-24 08:05:02,1,0.48400217294692993
selected_2025,2,2025|Rounds 3-5|2025-07-24|KT Rolster|Nongshim RedForce,2025-07-24 10:11:20,1,0.7288041114807129
selected_2025,2,2025|Rounds 3-5|2025-07-25|Gen.G|T1,2025-07-25 08:11:59,0,0.44956034421920776
selected_2025,2,2025|Rounds 3-5|2025-07-25|HANJIN BRION|Kiwoom DRX,2025-07-25 11:15:42,1,0.6024746894836426
selected_2025,2,2025|Rounds 3-5|2025-07-26|BNK FEARX|Dplus Kia,2025-07-26 06:07:12,0,0.7302117347717285
selected_2025,2,2025|Rounds 3-5|2025-07-26|Hanwha Life Esports|KT Rolster,2025-07-26 08:31:59,1,0.28540441393852234
selected_2025,2,2025|Rounds 3-5|2025-07-27|DN SOOPers|Kiwoom DRX,2025-07-27 06:05:40,0,0.434692919254303
selected_2025,2,2025|Rounds 3-5|2025-07-27|Nongshim RedForce|T1,2025-07-27 09:29:10,0,0.12856827676296234
selected_2025,2,2025|Rounds 3-5|2025-07-30|Dplus Kia|Kiwoom DRX,2025-07-30 08:07:21,1,0.6762725114822388
selected_2025,2,2025|Rounds 3-5|2025-07-30|KT Rolster|T1,2025-07-30 11:48:43,0,0.4219500720500946
selected_2025,2,2025|Rounds 3-5|2025-07-31|BNK FEARX|HANJIN BRION,2025-07-31 08:06:28,1,0.18027032911777496
selected_2025,2,2025|Rounds 3-5|2025-07-31|Hanwha Life Esports|Nongshim RedForce,2025-07-31 10:31:25,1,0.7039464116096497
selected_2025,2,2025|Rounds 3-5|2025-08-01|Gen.G|KT Rolster,2025-08-01 08:04:50,1,0.6594064235687256
selected_2025,2,2025|Rounds 3-5|2025-08-01|DN SOOPers|Dplus Kia,2025-08-01 10:25:35,0,0.18173512816429138
selected_2025,2,2025|Rounds 3-5|2025-08-02|Hanwha Life Esports|T1,2025-08-02 06:07:06,0,0.4729641377925873
selected_2025,2,2025|Rounds 3-5|2025-08-02|BNK FEARX|Kiwoom DRX,2025-08-02 08:31:55,0,0.5455015897750854
selected_2025,2,2025|Rounds 3-5|2025-08-03|DN SOOPers|HANJIN BRION,2025-08-03 06:07:00,0,0.48692160844802856
selected_2025,2,2025|Rounds 3-5|2025-08-03|Gen.G|Nongshim RedForce,2025-08-03 08:33:38,1,0.6073950529098511
selected_2025,2,2025|Rounds 3-5|2025-08-06|Hanwha Life Esports|Nongshim RedForce,2025-08-06 08:06:02,1,0.8738290667533875
selected_2025,2,2025|Rounds 3-5|2025-08-06|BNK FEARX|HANJIN BRION,2025-08-06 10:22:21,1,0.514002799987793
selected_2025,2,2025|Rounds 3-5|2025-08-07|DN SOOPers|Kiwoom DRX,2025-08-07 08:06:22,1,0.288769394159317
selected_2025,2,2025|Rounds 3-5|2025-08-07|Gen.G|T1,2025-08-07 11:20:03,1,0.37936532497406006
selected_2025,2,2025|Rounds 3-5|2025-08-08|BNK FEARX|Dplus Kia,2025-08-08 08:08:25,1,0.27085018157958984
selected_2025,2,2025|Rounds 3-5|2025-08-08|Hanwha Life Esports|KT Rolster,2025-08-08 10:27:25,1,0.7116147875785828
selected_2025,2,2025|Rounds 3-5|2025-08-09|HANJIN BRION|Kiwoom DRX,2025-08-09 06:11:11,1,0.35032638907432556
selected_2025,2,2025|Rounds 3-5|2025-08-09|Nongshim RedForce|T1,2025-08-09 09:16:24,0,0.1822110265493393
selected_2025,2,2025|Rounds 3-5|2025-08-10|Gen.G|KT Rolster,2025-08-10 06:06:45,1,0.8990819454193115
selected_2025,2,2025|Rounds 3-5|2025-08-10|DN SOOPers|Dplus Kia,2025-08-10 08:19:07,0,0.27462366223335266
selected_2025,2,2025|Rounds 3-5|2025-08-13|KT Rolster|T1,2025-08-13 08:10:10,0,0.2028559148311615
selected_2025,2,2025|Rounds 3-5|2025-08-13|BNK FEARX|DN SOOPers,2025-08-13 10:08:55,1,0.6634303331375122
selected_2025,2,2025|Rounds 3-5|2025-08-14|Gen.G|Nongshim RedForce,2025-08-14 08:07:37,1,0.8779147267341614
selected_2025,2,2025|Rounds 3-5|2025-08-14|Dplus Kia|Kiwoom DRX,2025-08-14 10:09:25,1,0.7077138423919678
selected_2025,2,2025|Rounds 3-5|2025-08-15|DN SOOPers|HANJIN BRION,2025-08-15 08:06:45,1,0.4398065209388733
selected_2025,2,2025|Rounds 3-5|2025-08-15|Hanwha Life Esports|T1,2025-08-15 11:15:30,0,0.42804569005966187
selected_2025,2,2025|Rounds 3-5|2025-08-16|KT Rolster|Nongshim RedForce,2025-08-16 06:05:19,1,0.3644765019416809
selected_2025,2,2025|Rounds 3-5|2025-08-16|BNK FEARX|Kiwoom DRX,2025-08-16 09:05:30,0,0.8952310085296631
selected_2025,2,2025|Rounds 3-5|2025-08-17|Gen.G|Hanwha Life Esports,2025-08-17 06:07:44,1,0.8372793197631836
selected_2025,2,2025|Rounds 3-5|2025-08-17|Dplus Kia|HANJIN BRION,2025-08-17 09:10:43,0,0.6304259896278381
selected_2025,2,2025|Rounds 3-5|2025-08-20|DN SOOPers|Kiwoom DRX,2025-08-20 08:06:31,0,0.5859434604644775
selected_2025,2,2025|Rounds 3-5|2025-08-20|Gen.G|Nongshim RedForce,2025-08-20 10:33:21,1,0.8564448356628418
selected_2025,3,2025|Rounds 3-5|2025-08-21|Hanwha Life Esports|KT Rolster,2025-08-21 08:05:15,1,0.3976912498474121
selected_2025,3,2025|Rounds 3-5|2025-08-21|BNK FEARX|HANJIN BRION,2025-08-21 11:27:46,1,0.524143636226654
selected_2025,3,2025|Rounds 3-5|2025-08-22|Nongshim RedForce|T1,2025-08-22 08:05:01,0,0.11801557242870331
selected_2025,3,2025|Rounds 3-5|2025-08-22|Dplus Kia|Kiwoom DRX,2025-08-22 10:59:29,1,0.4197145104408264
selected_2025,3,2025|Rounds 3-5|2025-08-23|Gen.G|Hanwha Life Esports,2025-08-23 06:06:52,1,0.5995739698410034
selected_2025,3,2025|Rounds 3-5|2025-08-23|DN SOOPers|HANJIN BRION,2025-08-23 09:20:22,1,0.44302570819854736
selected_2025,3,2025|Rounds 3-5|2025-08-24|BNK FEARX|Dplus Kia,2025-08-24 06:06:54,0,0.5997753143310547
selected_2025,3,2025|Rounds 3-5|2025-08-24|KT Rolster|T1,2025-08-24 08:27:55,1,0.4204041361808777
selected_2025,3,2025|Rounds 3-5|2025-08-27|Hanwha Life Esports|T1,2025-08-27 08:04:11,0,0.6282085180282593
selected_2025,3,2025|Rounds 3-5|2025-08-27|BNK FEARX|DN SOOPers,2025-08-27 11:21:15,1,0.5499525666236877
selected_2025,3,2025|Rounds 3-5|2025-08-28|Dplus Kia|HANJIN BRION,2025-08-28 08:08:10,1,0.7556402683258057
selected_2025,3,2025|Rounds 3-5|2025-08-28|Gen.G|KT Rolster,2025-08-28 10:12:22,1,0.5200983285903931
selected_2025,3,2025|Rounds 3-5|2025-08-29|BNK FEARX|Kiwoom DRX,2025-08-29 08:07:17,1,0.6051334142684937
selected_2025,3,2025|Rounds 3-5|2025-08-29|Hanwha Life Esports|Nongshim RedForce,2025-08-29 11:12:12,1,0.5495431423187256
selected_2025,3,2025|Rounds 3-5|2025-08-30|Gen.G|T1,2025-08-30 06:12:29,1,0.612761914730072
selected_2025,3,2025|Rounds 3-5|2025-08-30|DN SOOPers|Dplus Kia,2025-08-30 09:32:44,0,0.2873581349849701
selected_2025,3,2025|Rounds 3-5|2025-08-31|KT Rolster|Nongshim RedForce,2025-08-31 06:06:31,1,0.6399435997009277
selected_2025,3,2025|Rounds 3-5|2025-08-31|HANJIN BRION|Kiwoom DRX,2025-08-31 08:29:18,1,0.47427600622177124
selected_2025,3,2025|Rounds 3-5|2025-09-03|HANJIN BRION|Nongshim RedForce,2025-09-03 08:08:06,0,0.6067960262298584
selected_2025,3,2025|Rounds 3-5|2025-09-04|BNK FEARX|Dplus Kia,2025-09-04 08:08:41,1,0.5839589238166809
selected_2025,3,2025|Rounds 3-5|2025-09-05|BNK FEARX|Nongshim RedForce,2025-09-05 08:07:35,1,0.5676210522651672
selected_2025,3,2025|Rounds 3-5|2025-09-06|Dplus Kia|HANJIN BRION,2025-09-06 06:09:11,1,0.4823961853981018
selected_2025,3,2025|Rounds 3-5|2025-09-07|Dplus Kia|Nongshim RedForce,2025-09-07 06:09:43,1,0.6404410600662231
selected_2025,3,2025|Rounds 3-5|2025-09-10|Dplus Kia|T1,2025-09-10 08:11:38,0,0.7588589191436768
selected_2025,3,2025|Rounds 3-5|2025-09-11|BNK FEARX|KT Rolster,2025-09-11 08:09:47,0,0.5948404669761658
selected_2025,3,2025|Rounds 3-5|2025-09-13|Gen.G|KT Rolster,2025-09-13 06:11:13,0,0.6389928460121155
selected_2025,3,2025|Rounds 3-5|2025-09-14|Hanwha Life Esports|T1,2025-09-14 06:11:34,1,0.4280802309513092
selected_2025,3,2025|Rounds 3-5|2025-09-17|BNK FEARX|Dplus Kia,2025-09-17 08:12:41,0,0.632053017616272
selected_2025,3,2025|Rounds 3-5|2025-09-18|Dplus Kia|T1,2025-09-18 08:13:43,0,0.6191495060920715
selected_2025,3,2025|Rounds 3-5|2025-09-20|Hanwha Life Esports|KT Rolster,2025-09-20 06:07:09,1,0.6792104244232178
selected_2025,3,2025|Rounds 3-5|2025-09-21|Gen.G|T1,2025-09-21 06:08:55,1,0.32303372025489807
selected_2025,3,2025|Rounds 3-5|2025-09-27|Gen.G|KT Rolster,2025-09-27 05:23:49,1,0.6824371814727783
selected_2025,3,2025|Rounds 3-5|2025-09-28|Gen.G|Hanwha Life Esports,2025-09-28 05:30:31,1,0.572542667388916
selected_2024_2025,1,2025|Rounds 1-2|2025-05-04|KT Rolster|T1,2025-05-04 06:06:00,0,0.2588012218475342
selected_2024_2025,1,2025|Rounds 1-2|2025-05-04|DN SOOPers|HANJIN BRION,2025-05-04 08:20:59,0,0.36051100492477417
selected_2024_2025,1,2025|Rounds 1-2|2025-05-07|BNK FEARX|HANJIN BRION,2025-05-07 08:03:23,1,0.310033917427063
selected_2024_2025,1,2025|Rounds 1-2|2025-05-07|Dplus Kia|KT Rolster,2025-05-07 11:02:40,0,0.5117965936660767
selected_2024_2025,1,2025|Rounds 1-2|2025-05-08|Kiwoom DRX|T1,2025-05-08 08:06:11,0,0.4864463806152344
selected_2024_2025,1,2025|Rounds 1-2|2025-05-08|Gen.G|Nongshim RedForce,2025-05-08 10:16:11,1,0.9310883283615112
selected_2024_2025,1,2025|Rounds 1-2|2025-05-09|DN SOOPers|KT Rolster,2025-05-09 08:06:29,0,0.4545820951461792
selected_2024_2025,1,2025|Rounds 1-2|2025-05-09|HANJIN BRION|Hanwha Life Esports,2025-05-09 10:06:12,0,0.07688368856906891
selected_2024_2025,1,2025|Rounds 1-2|2025-05-10|Dplus Kia|T1,2025-05-10 06:05:23,0,0.039514102041721344
selected_2024_2025,1,2025|Rounds 1-2|2025-05-10|BNK FEARX|Gen.G,2025-05-10 08:12:35,0,0.1556263417005539
selected_2024_2025,1,2025|Rounds 1-2|2025-05-11|DN SOOPers|Nongshim RedForce,2025-05-11 06:05:43,1,0.5780300498008728
selected_2024_2025,1,2025|Rounds 1-2|2025-05-11|Hanwha Life Esports|Kiwoom DRX,2025-05-11 09:23:56,1,0.8946777582168579
selected_2024_2025,1,2025|Rounds 1-2|2025-05-14|BNK FEARX|Nongshim RedForce,2025-05-14 08:04:35,0,0.6563540697097778
selected_2024_2025,1,2025|Rounds 1-2|2025-05-14|Dplus Kia|Kiwoom DRX,2025-05-14 10:57:54,1,0.4976595640182495
selected_2024_2025,1,2025|Rounds 1-2|2025-05-15|Hanwha Life Esports|KT Rolster,2025-05-15 08:06:53,0,0.6828088760375977
selected_2024_2025,1,2025|Rounds 1-2|2025-05-15|HANJIN BRION|T1,2025-05-15 11:18:14,0,0.07616892457008362
selected_2024_2025,1,2025|Rounds 1-2|2025-05-16|BNK FEARX|Dplus Kia,2025-05-16 08:07:23,0,0.3949936032295227
selected_2024_2025,1,2025|Rounds 1-2|2025-05-16|DN SOOPers|Gen.G,2025-05-16 10:15:50,0,0.099982351064682
selected_2024_2025,1,2025|Rounds 1-2|2025-05-17|Kiwoom DRX|Nongshim RedForce,2025-05-17 06:06:29,0,0.3680129647254944
selected_2024_2025,1,2025|Rounds 1-2|2025-05-17|HANJIN BRION|KT Rolster,2025-05-17 09:01:31,0,0.2016492635011673
selected_2024_2025,1,2025|Rounds 1-2|2025-05-18|DN SOOPers|Hanwha Life Esports,2025-05-18 06:04:32,0,0.16953207552433014
selected_2024_2025,1,2025|Rounds 1-2|2025-05-18|Gen.G|T1,2025-05-18 08:21:01,1,0.7338170409202576
selected_2024_2025,1,2025|Rounds 1-2|2025-05-21|Gen.G|Hanwha Life Esports,2025-05-21 08:06:27,1,0.6674622297286987
selected_2024_2025,1,2025|Rounds 1-2|2025-05-21|DN SOOPers|Kiwoom DRX,2025-05-21 11:23:37,0,0.390247106552124
selected_2024_2025,1,2025|Rounds 1-2|2025-05-22|Dplus Kia|HANJIN BRION,2025-05-22 08:07:11,0,0.794218897819519
selected_2024_2025,1,2025|Rounds 1-2|2025-05-22|BNK FEARX|T1,2025-05-22 10:12:41,0,0.2690458297729492
selected_2024_2025,1,2025|Rounds 1-2|2025-05-23|Gen.G|Kiwoom DRX,2025-05-23 08:07:24,1,0.8287069201469421
selected_2024_2025,1,2025|Rounds 1-2|2025-05-23|KT Rolster|Nongshim RedForce,2025-05-23 10:20:15,1,0.4723348915576935
selected_2024_2025,1,2025|Rounds 1-2|2025-05-24|Dplus Kia|Hanwha Life Esports,2025-05-24 06:04:59,1,0.5498714447021484
selected_2024_2025,1,2025|Rounds 1-2|2025-05-24|DN SOOPers|T1,2025-05-24 09:07:30,0,0.21067701280117035
selected_2024_2025,1,2025|Rounds 1-2|2025-05-25|HANJIN BRION|Nongshim RedForce,2025-05-25 06:04:05,0,0.6228806972503662
selected_2024_2025,1,2025|Rounds 1-2|2025-05-25|BNK FEARX|KT Rolster,2025-05-25 09:10:27,0,0.2276528924703598
selected_2024_2025,1,2025|Rounds 1-2|2025-05-28|BNK FEARX|DN SOOPers,2025-05-28 08:03:32,1,0.487399697303772
selected_2024_2025,1,2025|Rounds 1-2|2025-05-28|Hanwha Life Esports|T1,2025-05-28 11:13:02,1,0.23337361216545105
selected_2024_2025,1,2025|Rounds 1-2|2025-05-29|HANJIN BRION|Kiwoom DRX,2025-05-29 08:06:13,0,0.7146499156951904
selected_2024_2025,1,2025|Rounds 1-2|2025-05-29|Gen.G|KT Rolster,2025-05-29 11:54:37,1,0.7446070909500122
selected_2024_2025,1,2025|Rounds 1-2|2025-05-30|Nongshim RedForce|T1,2025-05-30 08:06:20,1,0.5327945947647095
selected_2024_2025,1,2025|Rounds 1-2|2025-05-30|DN SOOPers|Dplus Kia,2025-05-30 10:17:54,0,0.42600351572036743
selected_2024_2025,1,2025|Rounds 1-2|2025-05-31|KT Rolster|Kiwoom DRX,2025-05-31 06:05:53,1,0.7315807938575745
selected_2024_2025,1,2025|Rounds 1-2|2025-05-31|Gen.G|HANJIN BRION,2025-05-31 08:16:20,1,0.8358024954795837
selected_2024_2025,1,2025|Rounds 1-2|2025-06-01|BNK FEARX|Hanwha Life Esports,2025-06-01 06:05:16,0,0.3385266065597534
selected_2024_2025,1,2025|Rounds 1-2|2025-06-01|Dplus Kia|Nongshim RedForce,2025-06-01 08:07:40,1,0.2414865791797638
selected_2024_2025,1,2025|Rounds 1-2|2025-06-04|Dplus Kia|KT Rolster,2025-06-04 08:08:19,0,0.5636959671974182
selected_2024_2025,1,2025|Rounds 1-2|2025-06-07|Dplus Kia|KT Rolster,2025-06-07 06:06:28,0,0.3210715055465698
selected_2024_2025,1,2025|Rounds 1-2|2025-06-08|KT Rolster|Nongshim RedForce,2025-06-08 06:07:06,1,0.8837127685546875
selected_2024_2025,2,2025|Rounds 1-2|2025-06-13|Gen.G|Hanwha Life Esports,2025-06-13 08:18:23,1,0.46019524335861206
selected_2024_2025,2,2025|Rounds 1-2|2025-06-14|KT Rolster|T1,2025-06-14 06:20:04,0,0.9499962329864502
selected_2024_2025,2,2025|Rounds 1-2|2025-06-15|Hanwha Life Esports|T1,2025-06-15 06:17:37,0,0.3089500069618225
selected_2024_2025,2,2025|Rounds 3-5|2025-07-23|Dplus Kia|HANJIN BRION,2025-07-23 08:07:58,0,0.47011587023735046
selected_2024_2025,2,2025|Rounds 3-5|2025-07-23|Gen.G|Hanwha Life Esports,2025-07-23 11:17:36,1,0.7845290303230286
selected_2024_2025,2,2025|Rounds 3-5|2025-07-24|BNK FEARX|DN SOOPers,2025-07-24 08:05:02,1,0.4538087844848633
selected_2024_2025,2,2025|Rounds 3-5|2025-07-24|KT Rolster|Nongshim RedForce,2025-07-24 10:11:20,1,0.711887538433075
selected_2024_2025,2,2025|Rounds 3-5|2025-07-25|Gen.G|T1,2025-07-25 08:11:59,0,0.4551435112953186
selected_2024_2025,2,2025|Rounds 3-5|2025-07-25|HANJIN BRION|Kiwoom DRX,2025-07-25 11:15:42,1,0.6267517805099487
selected_2024_2025,2,2025|Rounds 3-5|2025-07-26|BNK FEARX|Dplus Kia,2025-07-26 06:07:12,0,0.6529898643493652
selected_2024_2025,2,2025|Rounds 3-5|2025-07-26|Hanwha Life Esports|KT Rolster,2025-07-26 08:31:59,1,0.3249102830886841
selected_2024_2025,2,2025|Rounds 3-5|2025-07-27|DN SOOPers|Kiwoom DRX,2025-07-27 06:05:40,0,0.553383469581604
selected_2024_2025,2,2025|Rounds 3-5|2025-07-27|Nongshim RedForce|T1,2025-07-27 09:29:10,0,0.1355142742395401
selected_2024_2025,2,2025|Rounds 3-5|2025-07-30|Dplus Kia|Kiwoom DRX,2025-07-30 08:07:21,1,0.5899944305419922
selected_2024_2025,2,2025|Rounds 3-5|2025-07-30|KT Rolster|T1,2025-07-30 11:48:43,0,0.34789764881134033
selected_2024_2025,2,2025|Rounds 3-5|2025-07-31|BNK FEARX|HANJIN BRION,2025-07-31 08:06:28,1,0.2140895426273346
selected_2024_2025,2,2025|Rounds 3-5|2025-07-31|Hanwha Life Esports|Nongshim RedForce,2025-07-31 10:31:25,1,0.592231273651123
selected_2024_2025,2,2025|Rounds 3-5|2025-08-01|Gen.G|KT Rolster,2025-08-01 08:04:50,1,0.7102570533752441
selected_2024_2025,2,2025|Rounds 3-5|2025-08-01|DN SOOPers|Dplus Kia,2025-08-01 10:25:35,0,0.28744348883628845
selected_2024_2025,2,2025|Rounds 3-5|2025-08-02|Hanwha Life Esports|T1,2025-08-02 06:07:06,0,0.4977712631225586
selected_2024_2025,2,2025|Rounds 3-5|2025-08-02|BNK FEARX|Kiwoom DRX,2025-08-02 08:31:55,0,0.5850927829742432
selected_2024_2025,2,2025|Rounds 3-5|2025-08-03|DN SOOPers|HANJIN BRION,2025-08-03 06:07:00,0,0.3712455928325653
selected_2024_2025,2,2025|Rounds 3-5|2025-08-03|Gen.G|Nongshim RedForce,2025-08-03 08:33:38,1,0.7452440857887268
selected_2024_2025,2,2025|Rounds 3-5|2025-08-06|Hanwha Life Esports|Nongshim RedForce,2025-08-06 08:06:02,1,0.8419494032859802
selected_2024_2025,2,2025|Rounds 3-5|2025-08-06|BNK FEARX|HANJIN BRION,2025-08-06 10:22:21,1,0.5153040885925293
selected_2024_2025,2,2025|Rounds 3-5|2025-08-07|DN SOOPers|Kiwoom DRX,2025-08-07 08:06:22,1,0.30988025665283203
selected_2024_2025,2,2025|Rounds 3-5|2025-08-07|Gen.G|T1,2025-08-07 11:20:03,1,0.3573192358016968
selected_2024_2025,2,2025|Rounds 3-5|2025-08-08|BNK FEARX|Dplus Kia,2025-08-08 08:08:25,1,0.41358983516693115
selected_2024_2025,2,2025|Rounds 3-5|2025-08-08|Hanwha Life Esports|KT Rolster,2025-08-08 10:27:25,1,0.7327107787132263
selected_2024_2025,2,2025|Rounds 3-5|2025-08-09|HANJIN BRION|Kiwoom DRX,2025-08-09 06:11:11,1,0.34440335631370544
selected_2024_2025,2,2025|Rounds 3-5|2025-08-09|Nongshim RedForce|T1,2025-08-09 09:16:24,0,0.27499014139175415
selected_2024_2025,2,2025|Rounds 3-5|2025-08-10|Gen.G|KT Rolster,2025-08-10 06:06:45,1,0.8469281196594238
selected_2024_2025,2,2025|Rounds 3-5|2025-08-10|DN SOOPers|Dplus Kia,2025-08-10 08:19:07,0,0.3708934187889099
selected_2024_2025,2,2025|Rounds 3-5|2025-08-13|KT Rolster|T1,2025-08-13 08:10:10,0,0.2594688832759857
selected_2024_2025,2,2025|Rounds 3-5|2025-08-13|BNK FEARX|DN SOOPers,2025-08-13 10:08:55,1,0.6842489242553711
selected_2024_2025,2,2025|Rounds 3-5|2025-08-14|Gen.G|Nongshim RedForce,2025-08-14 08:07:37,1,0.8347766399383545
selected_2024_2025,2,2025|Rounds 3-5|2025-08-14|Dplus Kia|Kiwoom DRX,2025-08-14 10:09:25,1,0.6633497476577759
selected_2024_2025,2,2025|Rounds 3-5|2025-08-15|DN SOOPers|HANJIN BRION,2025-08-15 08:06:45,1,0.3881301283836365
selected_2024_2025,2,2025|Rounds 3-5|2025-08-15|Hanwha Life Esports|T1,2025-08-15 11:15:30,0,0.40106287598609924
selected_2024_2025,2,2025|Rounds 3-5|2025-08-16|KT Rolster|Nongshim RedForce,2025-08-16 06:05:19,1,0.5005134344100952
selected_2024_2025,2,2025|Rounds 3-5|2025-08-16|BNK FEARX|Kiwoom DRX,2025-08-16 09:05:30,0,0.8057184219360352
selected_2024_2025,2,2025|Rounds 3-5|2025-08-17|Gen.G|Hanwha Life Esports,2025-08-17 06:07:44,1,0.7744868397712708
selected_2024_2025,2,2025|Rounds 3-5|2025-08-17|Dplus Kia|HANJIN BRION,2025-08-17 09:10:43,0,0.6257413029670715
selected_2024_2025,2,2025|Rounds 3-5|2025-08-20|DN SOOPers|Kiwoom DRX,2025-08-20 08:06:31,0,0.6181133985519409
selected_2024_2025,2,2025|Rounds 3-5|2025-08-20|Gen.G|Nongshim RedForce,2025-08-20 10:33:21,1,0.8773571252822876
selected_2024_2025,3,2025|Rounds 3-5|2025-08-21|Hanwha Life Esports|KT Rolster,2025-08-21 08:05:15,1,0.4139440655708313
selected_2024_2025,3,2025|Rounds 3-5|2025-08-21|BNK FEARX|HANJIN BRION,2025-08-21 11:27:46,1,0.5104864835739136
selected_2024_2025,3,2025|Rounds 3-5|2025-08-22|Nongshim RedForce|T1,2025-08-22 08:05:01,0,0.12599577009677887
selected_2024_2025,3,2025|Rounds 3-5|2025-08-22|Dplus Kia|Kiwoom DRX,2025-08-22 10:59:29,1,0.40572649240493774
selected_2024_2025,3,2025|Rounds 3-5|2025-08-23|Gen.G|Hanwha Life Esports,2025-08-23 06:06:52,1,0.594372034072876
selected_2024_2025,3,2025|Rounds 3-5|2025-08-23|DN SOOPers|HANJIN BRION,2025-08-23 09:20:22,1,0.44086629152297974
selected_2024_2025,3,2025|Rounds 3-5|2025-08-24|BNK FEARX|Dplus Kia,2025-08-24 06:06:54,0,0.6051642298698425
selected_2024_2025,3,2025|Rounds 3-5|2025-08-24|KT Rolster|T1,2025-08-24 08:27:55,1,0.42157405614852905
selected_2024_2025,3,2025|Rounds 3-5|2025-08-27|Hanwha Life Esports|T1,2025-08-27 08:04:11,0,0.640934944152832
selected_2024_2025,3,2025|Rounds 3-5|2025-08-27|BNK FEARX|DN SOOPers,2025-08-27 11:21:15,1,0.5096308588981628
selected_2024_2025,3,2025|Rounds 3-5|2025-08-28|Dplus Kia|HANJIN BRION,2025-08-28 08:08:10,1,0.7607150673866272
selected_2024_2025,3,2025|Rounds 3-5|2025-08-28|Gen.G|KT Rolster,2025-08-28 10:12:22,1,0.5422736406326294
selected_2024_2025,3,2025|Rounds 3-5|2025-08-29|BNK FEARX|Kiwoom DRX,2025-08-29 08:07:17,1,0.5972640514373779
selected_2024_2025,3,2025|Rounds 3-5|2025-08-29|Hanwha Life Esports|Nongshim RedForce,2025-08-29 11:12:12,1,0.5423023700714111
selected_2024_2025,3,2025|Rounds 3-5|2025-08-30|Gen.G|T1,2025-08-30 06:12:29,1,0.6225059032440186
selected_2024_2025,3,2025|Rounds 3-5|2025-08-30|DN SOOPers|Dplus Kia,2025-08-30 09:32:44,0,0.29774823784828186
selected_2024_2025,3,2025|Rounds 3-5|2025-08-31|KT Rolster|Nongshim RedForce,2025-08-31 06:06:31,1,0.6157845258712769
selected_2024_2025,3,2025|Rounds 3-5|2025-08-31|HANJIN BRION|Kiwoom DRX,2025-08-31 08:29:18,1,0.4813224673271179
selected_2024_2025,3,2025|Rounds 3-5|2025-09-03|HANJIN BRION|Nongshim RedForce,2025-09-03 08:08:06,0,0.5909059047698975
selected_2024_2025,3,2025|Rounds 3-5|2025-09-04|BNK FEARX|Dplus Kia,2025-09-04 08:08:41,1,0.5710635185241699
selected_2024_2025,3,2025|Rounds 3-5|2025-09-05|BNK FEARX|Nongshim RedForce,2025-09-05 08:07:35,1,0.5786910057067871
selected_2024_2025,3,2025|Rounds 3-5|2025-09-06|Dplus Kia|HANJIN BRION,2025-09-06 06:09:11,1,0.48986679315567017
selected_2024_2025,3,2025|Rounds 3-5|2025-09-07|Dplus Kia|Nongshim RedForce,2025-09-07 06:09:43,1,0.6055570840835571
selected_2024_2025,3,2025|Rounds 3-5|2025-09-10|Dplus Kia|T1,2025-09-10 08:11:38,0,0.780436635017395
selected_2024_2025,3,2025|Rounds 3-5|2025-09-11|BNK FEARX|KT Rolster,2025-09-11 08:09:47,0,0.5845195055007935
selected_2024_2025,3,2025|Rounds 3-5|2025-09-13|Gen.G|KT Rolster,2025-09-13 06:11:13,0,0.6256518363952637
selected_2024_2025,3,2025|Rounds 3-5|2025-09-14|Hanwha Life Esports|T1,2025-09-14 06:11:34,1,0.4469177722930908
selected_2024_2025,3,2025|Rounds 3-5|2025-09-17|BNK FEARX|Dplus Kia,2025-09-17 08:12:41,0,0.6078415513038635
selected_2024_2025,3,2025|Rounds 3-5|2025-09-18|Dplus Kia|T1,2025-09-18 08:13:43,0,0.6181346774101257
selected_2024_2025,3,2025|Rounds 3-5|2025-09-20|Hanwha Life Esports|KT Rolster,2025-09-20 06:07:09,1,0.6811537146568298
selected_2024_2025,3,2025|Rounds 3-5|2025-09-21|Gen.G|T1,2025-09-21 06:08:55,1,0.3326813876628876
selected_2024_2025,3,2025|Rounds 3-5|2025-09-27|Gen.G|KT Rolster,2025-09-27 05:23:49,1,0.7027409076690674
selected_2024_2025,3,2025|Rounds 3-5|2025-09-28|Gen.G|Hanwha Life Esports,2025-09-28 05:30:31,1,0.5801727175712585
selected_2023_2025,1,2025|Rounds 1-2|2025-05-04|KT Rolster|T1,2025-05-04 06:06:00,0,0.2450994998216629
selected_2023_2025,1,2025|Rounds 1-2|2025-05-04|DN SOOPers|HANJIN BRION,2025-05-04 08:20:59,0,0.3560800552368164
selected_2023_2025,1,2025|Rounds 1-2|2025-05-07|BNK FEARX|HANJIN BRION,2025-05-07 08:03:23,1,0.2847890853881836
selected_2023_2025,1,2025|Rounds 1-2|2025-05-07|Dplus Kia|KT Rolster,2025-05-07 11:02:40,0,0.49858754873275757
selected_2023_2025,1,2025|Rounds 1-2|2025-05-08|Kiwoom DRX|T1,2025-05-08 08:06:11,0,0.4492208957672119
selected_2023_2025,1,2025|Rounds 1-2|2025-05-08|Gen.G|Nongshim RedForce,2025-05-08 10:16:11,1,0.9289529323577881
selected_2023_2025,1,2025|Rounds 1-2|2025-05-09|DN SOOPers|KT Rolster,2025-05-09 08:06:29,0,0.4229941964149475
selected_2023_2025,1,2025|Rounds 1-2|2025-05-09|HANJIN BRION|Hanwha Life Esports,2025-05-09 10:06:12,0,0.09119727462530136
selected_2023_2025,1,2025|Rounds 1-2|2025-05-10|Dplus Kia|T1,2025-05-10 06:05:23,0,0.053576961159706116
selected_2023_2025,1,2025|Rounds 1-2|2025-05-10|BNK FEARX|Gen.G,2025-05-10 08:12:35,0,0.15922775864601135
selected_2023_2025,1,2025|Rounds 1-2|2025-05-11|DN SOOPers|Nongshim RedForce,2025-05-11 06:05:43,1,0.5635424256324768
selected_2023_2025,1,2025|Rounds 1-2|2025-05-11|Hanwha Life Esports|Kiwoom DRX,2025-05-11 09:23:56,1,0.8781817555427551
selected_2023_2025,1,2025|Rounds 1-2|2025-05-14|BNK FEARX|Nongshim RedForce,2025-05-14 08:04:35,0,0.6437351107597351
selected_2023_2025,1,2025|Rounds 1-2|2025-05-14|Dplus Kia|Kiwoom DRX,2025-05-14 10:57:54,1,0.5103965401649475
selected_2023_2025,1,2025|Rounds 1-2|2025-05-15|Hanwha Life Esports|KT Rolster,2025-05-15 08:06:53,0,0.6228036880493164
selected_2023_2025,1,2025|Rounds 1-2|2025-05-15|HANJIN BRION|T1,2025-05-15 11:18:14,0,0.09234852343797684
selected_2023_2025,1,2025|Rounds 1-2|2025-05-16|BNK FEARX|Dplus Kia,2025-05-16 08:07:23,0,0.38701415061950684
selected_2023_2025,1,2025|Rounds 1-2|2025-05-16|DN SOOPers|Gen.G,2025-05-16 10:15:50,0,0.10355301201343536
selected_2023_2025,1,2025|Rounds 1-2|2025-05-17|Kiwoom DRX|Nongshim RedForce,2025-05-17 06:06:29,0,0.3428303897380829
selected_2023_2025,1,2025|Rounds 1-2|2025-05-17|HANJIN BRION|KT Rolster,2025-05-17 09:01:31,0,0.1875271499156952
selected_2023_2025,1,2025|Rounds 1-2|2025-05-18|DN SOOPers|Hanwha Life Esports,2025-05-18 06:04:32,0,0.20381861925125122
selected_2023_2025,1,2025|Rounds 1-2|2025-05-18|Gen.G|T1,2025-05-18 08:21:01,1,0.7256761193275452
selected_2023_2025,1,2025|Rounds 1-2|2025-05-21|Gen.G|Hanwha Life Esports,2025-05-21 08:06:27,1,0.6572621464729309
selected_2023_2025,1,2025|Rounds 1-2|2025-05-21|DN SOOPers|Kiwoom DRX,2025-05-21 11:23:37,0,0.42247849702835083
selected_2023_2025,1,2025|Rounds 1-2|2025-05-22|Dplus Kia|HANJIN BRION,2025-05-22 08:07:11,0,0.7730291485786438
selected_2023_2025,1,2025|Rounds 1-2|2025-05-22|BNK FEARX|T1,2025-05-22 10:12:41,0,0.2950683832168579
selected_2023_2025,1,2025|Rounds 1-2|2025-05-23|Gen.G|Kiwoom DRX,2025-05-23 08:07:24,1,0.8063036203384399
selected_2023_2025,1,2025|Rounds 1-2|2025-05-23|KT Rolster|Nongshim RedForce,2025-05-23 10:20:15,1,0.42053765058517456
selected_2023_2025,1,2025|Rounds 1-2|2025-05-24|Dplus Kia|Hanwha Life Esports,2025-05-24 06:04:59,1,0.5719084739685059
selected_2023_2025,1,2025|Rounds 1-2|2025-05-24|DN SOOPers|T1,2025-05-24 09:07:30,0,0.19830526411533356
selected_2023_2025,1,2025|Rounds 1-2|2025-05-25|HANJIN BRION|Nongshim RedForce,2025-05-25 06:04:05,0,0.6398559808731079
selected_2023_2025,1,2025|Rounds 1-2|2025-05-25|BNK FEARX|KT Rolster,2025-05-25 09:10:27,0,0.24777942895889282
selected_2023_2025,1,2025|Rounds 1-2|2025-05-28|BNK FEARX|DN SOOPers,2025-05-28 08:03:32,1,0.5187968611717224
selected_2023_2025,1,2025|Rounds 1-2|2025-05-28|Hanwha Life Esports|T1,2025-05-28 11:13:02,1,0.23679256439208984
selected_2023_2025,1,2025|Rounds 1-2|2025-05-29|HANJIN BRION|Kiwoom DRX,2025-05-29 08:06:13,0,0.7609862685203552
selected_2023_2025,1,2025|Rounds 1-2|2025-05-29|Gen.G|KT Rolster,2025-05-29 11:54:37,1,0.7445391416549683
selected_2023_2025,1,2025|Rounds 1-2|2025-05-30|Nongshim RedForce|T1,2025-05-30 08:06:20,1,0.5080230832099915
selected_2023_2025,1,2025|Rounds 1-2|2025-05-30|DN SOOPers|Dplus Kia,2025-05-30 10:17:54,0,0.40585455298423767
selected_2023_2025,1,2025|Rounds 1-2|2025-05-31|KT Rolster|Kiwoom DRX,2025-05-31 06:05:53,1,0.7106806635856628
selected_2023_2025,1,2025|Rounds 1-2|2025-05-31|Gen.G|HANJIN BRION,2025-05-31 08:16:20,1,0.7941339015960693
selected_2023_2025,1,2025|Rounds 1-2|2025-06-01|BNK FEARX|Hanwha Life Esports,2025-06-01 06:05:16,0,0.39224714040756226
selected_2023_2025,1,2025|Rounds 1-2|2025-06-01|Dplus Kia|Nongshim RedForce,2025-06-01 08:07:40,1,0.30133718252182007
selected_2023_2025,1,2025|Rounds 1-2|2025-06-04|Dplus Kia|KT Rolster,2025-06-04 08:08:19,0,0.5888049602508545
selected_2023_2025,1,2025|Rounds 1-2|2025-06-07|Dplus Kia|KT Rolster,2025-06-07 06:06:28,0,0.3129718005657196
selected_2023_2025,1,2025|Rounds 1-2|2025-06-08|KT Rolster|Nongshim RedForce,2025-06-08 06:07:06,1,0.8602427244186401
selected_2023_2025,2,2025|Rounds 1-2|2025-06-13|Gen.G|Hanwha Life Esports,2025-06-13 08:18:23,1,0.5704832077026367
selected_2023_2025,2,2025|Rounds 1-2|2025-06-14|KT Rolster|T1,2025-06-14 06:20:04,0,0.9335759878158569
selected_2023_2025,2,2025|Rounds 1-2|2025-06-15|Hanwha Life Esports|T1,2025-06-15 06:17:37,0,0.21294456720352173
selected_2023_2025,2,2025|Rounds 3-5|2025-07-23|Dplus Kia|HANJIN BRION,2025-07-23 08:07:58,0,0.4522964358329773
selected_2023_2025,2,2025|Rounds 3-5|2025-07-23|Gen.G|Hanwha Life Esports,2025-07-23 11:17:36,1,0.7965260744094849
selected_2023_2025,2,2025|Rounds 3-5|2025-07-24|BNK FEARX|DN SOOPers,2025-07-24 08:05:02,1,0.4135977327823639
selected_2023_2025,2,2025|Rounds 3-5|2025-07-24|KT Rolster|Nongshim RedForce,2025-07-24 10:11:20,1,0.7496225833892822
selected_2023_2025,2,2025|Rounds 3-5|2025-07-25|Gen.G|T1,2025-07-25 08:11:59,0,0.4817155599594116
selected_2023_2025,2,2025|Rounds 3-5|2025-07-25|HANJIN BRION|Kiwoom DRX,2025-07-25 11:15:42,1,0.6375992298126221
selected_2023_2025,2,2025|Rounds 3-5|2025-07-26|BNK FEARX|Dplus Kia,2025-07-26 06:07:12,0,0.6277393698692322
selected_2023_2025,2,2025|Rounds 3-5|2025-07-26|Hanwha Life Esports|KT Rolster,2025-07-26 08:31:59,1,0.29561126232147217
selected_2023_2025,2,2025|Rounds 3-5|2025-07-27|DN SOOPers|Kiwoom DRX,2025-07-27 06:05:40,0,0.5815130472183228
selected_2023_2025,2,2025|Rounds 3-5|2025-07-27|Nongshim RedForce|T1,2025-07-27 09:29:10,0,0.12029492110013962
selected_2023_2025,2,2025|Rounds 3-5|2025-07-30|Dplus Kia|Kiwoom DRX,2025-07-30 08:07:21,1,0.64249587059021
selected_2023_2025,2,2025|Rounds 3-5|2025-07-30|KT Rolster|T1,2025-07-30 11:48:43,0,0.3328663110733032
selected_2023_2025,2,2025|Rounds 3-5|2025-07-31|BNK FEARX|HANJIN BRION,2025-07-31 08:06:28,1,0.1760433316230774
selected_2023_2025,2,2025|Rounds 3-5|2025-07-31|Hanwha Life Esports|Nongshim RedForce,2025-07-31 10:31:25,1,0.5734409093856812
selected_2023_2025,2,2025|Rounds 3-5|2025-08-01|Gen.G|KT Rolster,2025-08-01 08:04:50,1,0.7439267635345459
selected_2023_2025,2,2025|Rounds 3-5|2025-08-01|DN SOOPers|Dplus Kia,2025-08-01 10:25:35,0,0.29707396030426025
selected_2023_2025,2,2025|Rounds 3-5|2025-08-02|Hanwha Life Esports|T1,2025-08-02 06:07:06,0,0.5362184643745422
selected_2023_2025,2,2025|Rounds 3-5|2025-08-02|BNK FEARX|Kiwoom DRX,2025-08-02 08:31:55,0,0.5840803384780884
selected_2023_2025,2,2025|Rounds 3-5|2025-08-03|DN SOOPers|HANJIN BRION,2025-08-03 06:07:00,0,0.40034446120262146
selected_2023_2025,2,2025|Rounds 3-5|2025-08-03|Gen.G|Nongshim RedForce,2025-08-03 08:33:38,1,0.7878133058547974
selected_2023_2025,2,2025|Rounds 3-5|2025-08-06|Hanwha Life Esports|Nongshim RedForce,2025-08-06 08:06:02,1,0.8731240630149841
selected_2023_2025,2,2025|Rounds 3-5|2025-08-06|BNK FEARX|HANJIN BRION,2025-08-06 10:22:21,1,0.5553115606307983
selected_2023_2025,2,2025|Rounds 3-5|2025-08-07|DN SOOPers|Kiwoom DRX,2025-08-07 08:06:22,1,0.31249767541885376
selected_2023_2025,2,2025|Rounds 3-5|2025-08-07|Gen.G|T1,2025-08-07 11:20:03,1,0.3867463171482086
selected_2023_2025,2,2025|Rounds 3-5|2025-08-08|BNK FEARX|Dplus Kia,2025-08-08 08:08:25,1,0.3928530216217041
selected_2023_2025,2,2025|Rounds 3-5|2025-08-08|Hanwha Life Esports|KT Rolster,2025-08-08 10:27:25,1,0.7691089510917664
selected_2023_2025,2,2025|Rounds 3-5|2025-08-09|HANJIN BRION|Kiwoom DRX,2025-08-09 06:11:11,1,0.319537878036499
selected_2023_2025,2,2025|Rounds 3-5|2025-08-09|Nongshim RedForce|T1,2025-08-09 09:16:24,0,0.2894391119480133
selected_2023_2025,2,2025|Rounds 3-5|2025-08-10|Gen.G|KT Rolster,2025-08-10 06:06:45,1,0.8772376179695129
selected_2023_2025,2,2025|Rounds 3-5|2025-08-10|DN SOOPers|Dplus Kia,2025-08-10 08:19:07,0,0.33219975233078003
selected_2023_2025,2,2025|Rounds 3-5|2025-08-13|KT Rolster|T1,2025-08-13 08:10:10,0,0.283711701631546
selected_2023_2025,2,2025|Rounds 3-5|2025-08-13|BNK FEARX|DN SOOPers,2025-08-13 10:08:55,1,0.6540789008140564
selected_2023_2025,2,2025|Rounds 3-5|2025-08-14|Gen.G|Nongshim RedForce,2025-08-14 08:07:37,1,0.8754758834838867
selected_2023_2025,2,2025|Rounds 3-5|2025-08-14|Dplus Kia|Kiwoom DRX,2025-08-14 10:09:25,1,0.6959291696548462
selected_2023_2025,2,2025|Rounds 3-5|2025-08-15|DN SOOPers|HANJIN BRION,2025-08-15 08:06:45,1,0.4109313488006592
selected_2023_2025,2,2025|Rounds 3-5|2025-08-15|Hanwha Life Esports|T1,2025-08-15 11:15:30,0,0.39479386806488037
selected_2023_2025,2,2025|Rounds 3-5|2025-08-16|KT Rolster|Nongshim RedForce,2025-08-16 06:05:19,1,0.4996849298477173
selected_2023_2025,2,2025|Rounds 3-5|2025-08-16|BNK FEARX|Kiwoom DRX,2025-08-16 09:05:30,0,0.8117092251777649
selected_2023_2025,2,2025|Rounds 3-5|2025-08-17|Gen.G|Hanwha Life Esports,2025-08-17 06:07:44,1,0.813892662525177
selected_2023_2025,2,2025|Rounds 3-5|2025-08-17|Dplus Kia|HANJIN BRION,2025-08-17 09:10:43,0,0.6455545425415039
selected_2023_2025,2,2025|Rounds 3-5|2025-08-20|DN SOOPers|Kiwoom DRX,2025-08-20 08:06:31,0,0.6960254311561584
selected_2023_2025,2,2025|Rounds 3-5|2025-08-20|Gen.G|Nongshim RedForce,2025-08-20 10:33:21,1,0.9012484550476074
selected_2023_2025,3,2025|Rounds 3-5|2025-08-21|Hanwha Life Esports|KT Rolster,2025-08-21 08:05:15,1,0.42068618535995483
selected_2023_2025,3,2025|Rounds 3-5|2025-08-21|BNK FEARX|HANJIN BRION,2025-08-21 11:27:46,1,0.523317813873291
selected_2023_2025,3,2025|Rounds 3-5|2025-08-22|Nongshim RedForce|T1,2025-08-22 08:05:01,0,0.11461906135082245
selected_2023_2025,3,2025|Rounds 3-5|2025-08-22|Dplus Kia|Kiwoom DRX,2025-08-22 10:59:29,1,0.40347975492477417
selected_2023_2025,3,2025|Rounds 3-5|2025-08-23|Gen.G|Hanwha Life Esports,2025-08-23 06:06:52,1,0.6048897504806519
selected_2023_2025,3,2025|Rounds 3-5|2025-08-23|DN SOOPers|HANJIN BRION,2025-08-23 09:20:22,1,0.4424850344657898
selected_2023_2025,3,2025|Rounds 3-5|2025-08-24|BNK FEARX|Dplus Kia,2025-08-24 06:06:54,0,0.6095629930496216
selected_2023_2025,3,2025|Rounds 3-5|2025-08-24|KT Rolster|T1,2025-08-24 08:27:55,1,0.414190411567688
selected_2023_2025,3,2025|Rounds 3-5|2025-08-27|Hanwha Life Esports|T1,2025-08-27 08:04:11,0,0.6501710414886475
selected_2023_2025,3,2025|Rounds 3-5|2025-08-27|BNK FEARX|DN SOOPers,2025-08-27 11:21:15,1,0.503577470779419
selected_2023_2025,3,2025|Rounds 3-5|2025-08-28|Dplus Kia|HANJIN BRION,2025-08-28 08:08:10,1,0.7795229554176331
selected_2023_2025,3,2025|Rounds 3-5|2025-08-28|Gen.G|KT Rolster,2025-08-28 10:12:22,1,0.5423076152801514
selected_2023_2025,3,2025|Rounds 3-5|2025-08-29|BNK FEARX|Kiwoom DRX,2025-08-29 08:07:17,1,0.6085506081581116
selected_2023_2025,3,2025|Rounds 3-5|2025-08-29|Hanwha Life Esports|Nongshim RedForce,2025-08-29 11:12:12,1,0.5397231578826904
selected_2023_2025,3,2025|Rounds 3-5|2025-08-30|Gen.G|T1,2025-08-30 06:12:29,1,0.6294311285018921
selected_2023_2025,3,2025|Rounds 3-5|2025-08-30|DN SOOPers|Dplus Kia,2025-08-30 09:32:44,0,0.2833216190338135
selected_2023_2025,3,2025|Rounds 3-5|2025-08-31|KT Rolster|Nongshim RedForce,2025-08-31 06:06:31,1,0.6166385412216187
selected_2023_2025,3,2025|Rounds 3-5|2025-08-31|HANJIN BRION|Kiwoom DRX,2025-08-31 08:29:18,1,0.4793022871017456
selected_2023_2025,3,2025|Rounds 3-5|2025-09-03|HANJIN BRION|Nongshim RedForce,2025-09-03 08:08:06,0,0.5789607763290405
selected_2023_2025,3,2025|Rounds 3-5|2025-09-04|BNK FEARX|Dplus Kia,2025-09-04 08:08:41,1,0.576109766960144
selected_2023_2025,3,2025|Rounds 3-5|2025-09-05|BNK FEARX|Nongshim RedForce,2025-09-05 08:07:35,1,0.578666627407074
selected_2023_2025,3,2025|Rounds 3-5|2025-09-06|Dplus Kia|HANJIN BRION,2025-09-06 06:09:11,1,0.5035763382911682
selected_2023_2025,3,2025|Rounds 3-5|2025-09-07|Dplus Kia|Nongshim RedForce,2025-09-07 06:09:43,1,0.618044376373291
selected_2023_2025,3,2025|Rounds 3-5|2025-09-10|Dplus Kia|T1,2025-09-10 08:11:38,0,0.8051716089248657
selected_2023_2025,3,2025|Rounds 3-5|2025-09-11|BNK FEARX|KT Rolster,2025-09-11 08:09:47,0,0.5915339589118958
selected_2023_2025,3,2025|Rounds 3-5|2025-09-13|Gen.G|KT Rolster,2025-09-13 06:11:13,0,0.6383993625640869
selected_2023_2025,3,2025|Rounds 3-5|2025-09-14|Hanwha Life Esports|T1,2025-09-14 06:11:34,1,0.4357389509677887
selected_2023_2025,3,2025|Rounds 3-5|2025-09-17|BNK FEARX|Dplus Kia,2025-09-17 08:12:41,0,0.6338406801223755
selected_2023_2025,3,2025|Rounds 3-5|2025-09-18|Dplus Kia|T1,2025-09-18 08:13:43,0,0.6222926378250122
selected_2023_2025,3,2025|Rounds 3-5|2025-09-20|Hanwha Life Esports|KT Rolster,2025-09-20 06:07:09,1,0.6963709592819214
selected_2023_2025,3,2025|Rounds 3-5|2025-09-21|Gen.G|T1,2025-09-21 06:08:55,1,0.31899645924568176
selected_2023_2025,3,2025|Rounds 3-5|2025-09-27|Gen.G|KT Rolster,2025-09-27 05:23:49,1,0.709398090839386
selected_2023_2025,3,2025|Rounds 3-5|2025-09-28|Gen.G|Hanwha Life Esports,2025-09-28 05:30:31,1,0.5869946479797363
