candidate,fold,series_key,date,y,p
all13,1,2025|Rounds 1-2|2025-05-04|KT Rolster|T1,2025-05-04 06:06:00,0,0.2842910885810852
all13,1,2025|Rounds 1-2|2025-05-04|DN SOOPers|HANJIN BRION,2025-05-04 08:20:59,0,0.4662427306175232
all13,1,2025|Rounds 1-2|2025-05-07|BNK FEARX|HANJIN BRION,2025-05-07 08:03:23,1,0.44893187284469604
all13,1,2025|Rounds 1-2|2025-05-07|Dplus Kia|KT Rolster,2025-05-07 11:02:40,0,0.4113207459449768
all13,1,2025|Rounds 1-2|2025-05-08|Kiwoom DRX|T1,2025-05-08 08:06:11,0,0.4321826696395874
all13,1,2025|Rounds 1-2|2025-05-08|Gen.G|Nongshim RedForce,2025-05-08 10:16:11,1,0.8149535655975342
all13,1,2025|Rounds 1-2|2025-05-09|DN SOOPers|KT Rolster,2025-05-09 08:06:29,0,0.538745641708374
all13,1,2025|Rounds 1-2|2025-05-09|HANJIN BRION|Hanwha Life Esports,2025-05-09 10:06:12,0,0.17712858319282532
all13,1,2025|Rounds 1-2|2025-05-10|Dplus Kia|T1,2025-05-10 06:05:23,0,0.13463877141475677
all13,1,2025|Rounds 1-2|2025-05-10|BNK FEARX|Gen.G,2025-05-10 08:12:35,0,0.29294660687446594
all13,1,2025|Rounds 1-2|2025-05-11|DN SOOPers|Nongshim RedForce,2025-05-11 06:05:43,1,0.6250684261322021
all13,1,2025|Rounds 1-2|2025-05-11|Hanwha Life Esports|Kiwoom DRX,2025-05-11 09:23:56,1,0.7431769967079163
all13,1,2025|Rounds 1-2|2025-05-14|BNK FEARX|Nongshim RedForce,2025-05-14 08:04:35,0,0.359367698431015
all13,1,2025|Rounds 1-2|2025-05-14|Dplus Kia|Kiwoom DRX,2025-05-14 10:57:54,1,0.41529351472854614
all13,1,2025|Rounds 1-2|2025-05-15|Hanwha Life Esports|KT Rolster,2025-05-15 08:06:53,0,0.6371451616287231
all13,1,2025|Rounds 1-2|2025-05-15|HANJIN BRION|T1,2025-05-15 11:18:14,0,0.2066221386194229
all13,1,2025|Rounds 1-2|2025-05-16|BNK FEARX|Dplus Kia,2025-05-16 08:07:23,0,0.36893028020858765
all13,1,2025|Rounds 1-2|2025-05-16|DN SOOPers|Gen.G,2025-05-16 10:15:50,0,0.20950207114219666
all13,1,2025|Rounds 1-2|2025-05-17|Kiwoom DRX|Nongshim RedForce,2025-05-17 06:06:29,0,0.4198751449584961
all13,1,2025|Rounds 1-2|2025-05-17|HANJIN BRION|KT Rolster,2025-05-17 09:01:31,0,0.4577571749687195
all13,1,2025|Rounds 1-2|2025-05-18|DN SOOPers|Hanwha Life Esports,2025-05-18 06:04:32,0,0.22973310947418213
all13,1,2025|Rounds 1-2|2025-05-18|Gen.G|T1,2025-05-18 08:21:01,1,0.5300480127334595
all13,1,2025|Rounds 1-2|2025-05-21|Gen.G|Hanwha Life Esports,2025-05-21 08:06:27,1,0.5648953914642334
all13,1,2025|Rounds 1-2|2025-05-21|DN SOOPers|Kiwoom DRX,2025-05-21 11:23:37,0,0.3155037760734558
all13,1,2025|Rounds 1-2|2025-05-22|Dplus Kia|HANJIN BRION,2025-05-22 08:07:11,0,0.7738330960273743
all13,1,2025|Rounds 1-2|2025-05-22|BNK FEARX|T1,2025-05-22 10:12:41,0,0.3147064745426178
all13,1,2025|Rounds 1-2|2025-05-23|Gen.G|Kiwoom DRX,2025-05-23 08:07:24,1,0.6494783163070679
all13,1,2025|Rounds 1-2|2025-05-23|KT Rolster|Nongshim RedForce,2025-05-23 10:20:15,1,0.5848292112350464
all13,1,2025|Rounds 1-2|2025-05-24|Dplus Kia|Hanwha Life Esports,2025-05-24 06:04:59,1,0.5700686573982239
all13,1,2025|Rounds 1-2|2025-05-24|DN SOOPers|T1,2025-05-24 09:07:30,0,0.2565411925315857
all13,1,2025|Rounds 1-2|2025-05-25|HANJIN BRION|Nongshim RedForce,2025-05-25 06:04:05,0,0.5246389508247375
all13,1,2025|Rounds 1-2|2025-05-25|BNK FEARX|KT Rolster,2025-05-25 09:10:27,0,0.4799782633781433
all13,1,2025|Rounds 1-2|2025-05-28|BNK FEARX|DN SOOPers,2025-05-28 08:03:32,1,0.5974133014678955
all13,1,2025|Rounds 1-2|2025-05-28|Hanwha Life Esports|T1,2025-05-28 11:13:02,1,0.4158121943473816
all13,1,2025|Rounds 1-2|2025-05-29|HANJIN BRION|Kiwoom DRX,2025-05-29 08:06:13,0,0.49692606925964355
all13,1,2025|Rounds 1-2|2025-05-29|Gen.G|KT Rolster,2025-05-29 11:54:37,1,0.6598363518714905
all13,1,2025|Rounds 1-2|2025-05-30|Nongshim RedForce|T1,2025-05-30 08:06:20,1,0.5888859033584595
all13,1,2025|Rounds 1-2|2025-05-30|DN SOOPers|Dplus Kia,2025-05-30 10:17:54,0,0.4732719659805298
all13,1,2025|Rounds 1-2|2025-05-31|KT Rolster|Kiwoom DRX,2025-05-31 06:05:53,1,0.6694847345352173
all13,1,2025|Rounds 1-2|2025-05-31|Gen.G|HANJIN BRION,2025-05-31 08:16:20,1,0.6721563339233398
all13,1,2025|Rounds 1-2|2025-06-01|BNK FEARX|Hanwha Life Esports,2025-06-01 06:05:16,0,0.496570348739624
all13,1,2025|Rounds 1-2|2025-06-01|Dplus Kia|Nongshim RedForce,2025-06-01 08:07:40,1,0.36321717500686646
all13,1,2025|Rounds 1-2|2025-06-04|Dplus Kia|KT Rolster,2025-06-04 08:08:19,0,0.5986670255661011
all13,1,2025|Rounds 1-2|2025-06-07|Dplus Kia|KT Rolster,2025-06-07 06:06:28,0,0.31165143847465515
all13,1,2025|Rounds 1-2|2025-06-08|KT Rolster|Nongshim RedForce,2025-06-08 06:07:06,1,0.7335433959960938
all13,2,2025|Rounds 1-2|2025-06-13|Gen.G|Hanwha Life Esports,2025-06-13 08:18:23,1,0.37152454257011414
all13,2,2025|Rounds 1-2|2025-06-14|KT Rolster|T1,2025-06-14 06:20:04,0,0.9775340557098389
all13,2,2025|Rounds 1-2|2025-06-15|Hanwha Life Esports|T1,2025-06-15 06:17:37,0,0.30170688033103943
all13,2,2025|Rounds 3-5|2025-07-23|Dplus Kia|HANJIN BRION,2025-07-23 08:07:58,0,0.5077570676803589
all13,2,2025|Rounds 3-5|2025-07-23|Gen.G|Hanwha Life Esports,2025-07-23 11:17:36,1,0.6656557321548462
all13,2,2025|Rounds 3-5|2025-07-24|BNK FEARX|DN SOOPers,2025-07-24 08:05:02,1,0.587601900100708
all13,2,2025|Rounds 3-5|2025-07-24|KT Rolster|Nongshim RedForce,2025-07-24 10:11:20,1,0.4919596314430237
all13,2,2025|Rounds 3-5|2025-07-25|Gen.G|T1,2025-07-25 08:11:59,0,0.47089311480522156
all13,2,2025|Rounds 3-5|2025-07-25|HANJIN BRION|Kiwoom DRX,2025-07-25 11:15:42,1,0.40896522998809814
all13,2,2025|Rounds 3-5|2025-07-26|BNK FEARX|Dplus Kia,2025-07-26 06:07:12,0,0.6980159282684326
all13,2,2025|Rounds 3-5|2025-07-26|Hanwha Life Esports|KT Rolster,2025-07-26 08:31:59,1,0.5221576690673828
all13,2,2025|Rounds 3-5|2025-07-27|DN SOOPers|Kiwoom DRX,2025-07-27 06:05:40,0,0.2765747904777527
all13,2,2025|Rounds 3-5|2025-07-27|Nongshim RedForce|T1,2025-07-27 09:29:10,0,0.3982328176498413
all13,2,2025|Rounds 3-5|2025-07-30|Dplus Kia|Kiwoom DRX,2025-07-30 08:07:21,1,0.7888296842575073
all13,2,2025|Rounds 3-5|2025-07-30|KT Rolster|T1,2025-07-30 11:48:43,0,0.33020371198654175
all13,2,2025|Rounds 3-5|2025-07-31|BNK FEARX|HANJIN BRION,2025-07-31 08:06:28,1,0.21352830529212952
all13,2,2025|Rounds 3-5|2025-07-31|Hanwha Life Esports|Nongshim RedForce,2025-07-31 10:31:25,1,0.7343395352363586
all13,2,2025|Rounds 3-5|2025-08-01|Gen.G|KT Rolster,2025-08-01 08:04:50,1,0.6254212856292725
all13,2,2025|Rounds 3-5|2025-08-01|DN SOOPers|Dplus Kia,2025-08-01 10:25:35,0,0.11153608560562134
all13,2,2025|Rounds 3-5|2025-08-02|Hanwha Life Esports|T1,2025-08-02 06:07:06,0,0.32527071237564087
all13,2,2025|Rounds 3-5|2025-08-02|BNK FEARX|Kiwoom DRX,2025-08-02 08:31:55,0,0.6288005113601685
all13,2,2025|Rounds 3-5|2025-08-03|DN SOOPers|HANJIN BRION,2025-08-03 06:07:00,0,0.7662461996078491
all13,2,2025|Rounds 3-5|2025-08-03|Gen.G|Nongshim RedForce,2025-08-03 08:33:38,1,0.36026620864868164
all13,2,2025|Rounds 3-5|2025-08-06|Hanwha Life Esports|Nongshim RedForce,2025-08-06 08:06:02,1,0.686835765838623
all13,2,2025|Rounds 3-5|2025-08-06|BNK FEARX|HANJIN BRION,2025-08-06 10:22:21,1,0.5684288144111633
all13,2,2025|Rounds 3-5|2025-08-07|DN SOOPers|Kiwoom DRX,2025-08-07 08:06:22,1,0.4228702187538147
all13,2,2025|Rounds 3-5|2025-08-07|Gen.G|T1,2025-08-07 11:20:03,1,0.43051955103874207
all13,2,2025|Rounds 3-5|2025-08-08|BNK FEARX|Dplus Kia,2025-08-08 08:08:25,1,0.245502308011055
all13,2,2025|Rounds 3-5|2025-08-08|Hanwha Life Esports|KT Rolster,2025-08-08 10:27:25,1,0.49374938011169434
all13,2,2025|Rounds 3-5|2025-08-09|HANJIN BRION|Kiwoom DRX,2025-08-09 06:11:11,1,0.26644498109817505
all13,2,2025|Rounds 3-5|2025-08-09|Nongshim RedForce|T1,2025-08-09 09:16:24,0,0.33627551794052124
all13,2,2025|Rounds 3-5|2025-08-10|Gen.G|KT Rolster,2025-08-10 06:06:45,1,0.7694806456565857
all13,2,2025|Rounds 3-5|2025-08-10|DN SOOPers|Dplus Kia,2025-08-10 08:19:07,0,0.19424334168434143
all13,2,2025|Rounds 3-5|2025-08-13|KT Rolster|T1,2025-08-13 08:10:10,0,0.2851399779319763
all13,2,2025|Rounds 3-5|2025-08-13|BNK FEARX|DN SOOPers,2025-08-13 10:08:55,1,0.6135388612747192
all13,2,2025|Rounds 3-5|2025-08-14|Gen.G|Nongshim RedForce,2025-08-14 08:07:37,1,0.7355493307113647
all13,2,2025|Rounds 3-5|2025-08-14|Dplus Kia|Kiwoom DRX,2025-08-14 10:09:25,1,0.5369373559951782
all13,2,2025|Rounds 3-5|2025-08-15|DN SOOPers|HANJIN BRION,2025-08-15 08:06:45,1,0.7628394961357117
all13,2,2025|Rounds 3-5|2025-08-15|Hanwha Life Esports|T1,2025-08-15 11:15:30,0,0.33622661232948303
all13,2,2025|Rounds 3-5|2025-08-16|KT Rolster|Nongshim RedForce,2025-08-16 06:05:19,1,0.300595760345459
all13,2,2025|Rounds 3-5|2025-08-16|BNK FEARX|Kiwoom DRX,2025-08-16 09:05:30,0,0.803693413734436
all13,2,2025|Rounds 3-5|2025-08-17|Gen.G|Hanwha Life Esports,2025-08-17 06:07:44,1,0.9008424282073975
all13,2,2025|Rounds 3-5|2025-08-17|Dplus Kia|HANJIN BRION,2025-08-17 09:10:43,0,0.5892618894577026
all13,2,2025|Rounds 3-5|2025-08-20|DN SOOPers|Kiwoom DRX,2025-08-20 08:06:31,0,0.7268791198730469
all13,2,2025|Rounds 3-5|2025-08-20|Gen.G|Nongshim RedForce,2025-08-20 10:33:21,1,0.7061971426010132
all13,3,2025|Rounds 3-5|2025-08-21|Hanwha Life Esports|KT Rolster,2025-08-21 08:05:15,1,0.4045649468898773
all13,3,2025|Rounds 3-5|2025-08-21|BNK FEARX|HANJIN BRION,2025-08-21 11:27:46,1,0.5145223140716553
all13,3,2025|Rounds 3-5|2025-08-22|Nongshim RedForce|T1,2025-08-22 08:05:01,0,0.10251548141241074
all13,3,2025|Rounds 3-5|2025-08-22|Dplus Kia|Kiwoom DRX,2025-08-22 10:59:29,1,0.4011302888393402
all13,3,2025|Rounds 3-5|2025-08-23|Gen.G|Hanwha Life Esports,2025-08-23 06:06:52,1,0.6253084540367126
all13,3,2025|Rounds 3-5|2025-08-23|DN SOOPers|HANJIN BRION,2025-08-23 09:20:22,1,0.42270946502685547
all13,3,2025|Rounds 3-5|2025-08-24|BNK FEARX|Dplus Kia,2025-08-24 06:06:54,0,0.6144510507583618
all13,3,2025|Rounds 3-5|2025-08-24|KT Rolster|T1,2025-08-24 08:27:55,1,0.40174123644828796
all13,3,2025|Rounds 3-5|2025-08-27|Hanwha Life Esports|T1,2025-08-27 08:04:11,0,0.6351555585861206
all13,3,2025|Rounds 3-5|2025-08-27|BNK FEARX|DN SOOPers,2025-08-27 11:21:15,1,0.5075932741165161
all13,3,2025|Rounds 3-5|2025-08-28|Dplus Kia|HANJIN BRION,2025-08-28 08:08:10,1,0.7900459170341492
all13,3,2025|Rounds 3-5|2025-08-28|Gen.G|KT Rolster,2025-08-28 10:12:22,1,0.5027645826339722
all13,3,2025|Rounds 3-5|2025-08-29|BNK FEARX|Kiwoom DRX,2025-08-29 08:07:17,1,0.5978434085845947
all13,3,2025|Rounds 3-5|2025-08-29|Hanwha Life Esports|Nongshim RedForce,2025-08-29 11:12:12,1,0.5352457761764526
all13,3,2025|Rounds 3-5|2025-08-30|Gen.G|T1,2025-08-30 06:12:29,1,0.6551936864852905
all13,3,2025|Rounds 3-5|2025-08-30|DN SOOPers|Dplus Kia,2025-08-30 09:32:44,0,0.26243680715560913
all13,3,2025|Rounds 3-5|2025-08-31|KT Rolster|Nongshim RedForce,2025-08-31 06:06:31,1,0.6330228447914124
all13,3,2025|Rounds 3-5|2025-08-31|HANJIN BRION|Kiwoom DRX,2025-08-31 08:29:18,1,0.4787343144416809
all13,3,2025|Rounds 3-5|2025-09-03|HANJIN BRION|Nongshim RedForce,2025-09-03 08:08:06,0,0.617181658744812
all13,3,2025|Rounds 3-5|2025-09-04|BNK FEARX|Dplus Kia,2025-09-04 08:08:41,1,0.5773736834526062
all13,3,2025|Rounds 3-5|2025-09-05|BNK FEARX|Nongshim RedForce,2025-09-05 08:07:35,1,0.5242025256156921
all13,3,2025|Rounds 3-5|2025-09-06|Dplus Kia|HANJIN BRION,2025-09-06 06:09:11,1,0.492068886756897
all13,3,2025|Rounds 3-5|2025-09-07|Dplus Kia|Nongshim RedForce,2025-09-07 06:09:43,1,0.6620200872421265
all13,3,2025|Rounds 3-5|2025-09-10|Dplus Kia|T1,2025-09-10 08:11:38,0,0.8136471509933472
all13,3,2025|Rounds 3-5|2025-09-11|BNK FEARX|KT Rolster,2025-09-11 08:09:47,0,0.5661721229553223
all13,3,2025|Rounds 3-5|2025-09-13|Gen.G|KT Rolster,2025-09-13 06:11:13,0,0.6547110676765442
all13,3,2025|Rounds 3-5|2025-09-14|Hanwha Life Esports|T1,2025-09-14 06:11:34,1,0.43264350295066833
all13,3,2025|Rounds 3-5|2025-09-17|BNK FEARX|Dplus Kia,2025-09-17 08:12:41,0,0.5989578366279602
all13,3,2025|Rounds 3-5|2025-09-18|Dplus Kia|T1,2025-09-18 08:13:43,0,0.6401767134666443
all13,3,2025|Rounds 3-5|2025-09-20|Hanwha Life Esports|KT Rolster,2025-09-20 06:07:09,1,0.7021942138671875
all13,3,2025|Rounds 3-5|2025-09-21|Gen.G|T1,2025-09-21 06:08:55,1,0.3196456730365753
all13,3,2025|Rounds 3-5|2025-09-27|Gen.G|KT Rolster,2025-09-27 05:23:49,1,0.7429219484329224
all13,3,2025|Rounds 3-5|2025-09-28|Gen.G|Hanwha Life Esports,2025-09-28 05:30:31,1,0.6252443790435791
without_past_result,1,2025|Rounds 1-2|2025-05-04|KT Rolster|T1,2025-05-04 06:06:00,0,0.404453843832016
without_past_result,1,2025|Rounds 1-2|2025-05-04|DN SOOPers|HANJIN BRION,2025-05-04 08:20:59,0,0.4658377766609192
without_past_result,1,2025|Rounds 1-2|2025-05-07|BNK FEARX|HANJIN BRION,2025-05-07 08:03:23,1,0.43240875005722046
without_past_result,1,2025|Rounds 1-2|2025-05-07|Dplus Kia|KT Rolster,2025-05-07 11:02:40,0,0.46082592010498047
without_past_result,1,2025|Rounds 1-2|2025-05-08|Kiwoom DRX|T1,2025-05-08 08:06:11,0,0.44050854444503784
without_past_result,1,2025|Rounds 1-2|2025-05-08|Gen.G|Nongshim RedForce,2025-05-08 10:16:11,1,0.7083411812782288
without_past_result,1,2025|Rounds 1-2|2025-05-09|DN SOOPers|KT Rolster,2025-05-09 08:06:29,0,0.46413975954055786
without_past_result,1,2025|Rounds 1-2|2025-05-09|HANJIN BRION|Hanwha Life Esports,2025-05-09 10:06:12,0,0.29447200894355774
without_past_result,1,2025|Rounds 1-2|2025-05-10|Dplus Kia|T1,2025-05-10 06:05:23,0,0.23932945728302002
without_past_result,1,2025|Rounds 1-2|2025-05-10|BNK FEARX|Gen.G,2025-05-10 08:12:35,0,0.3893795609474182
without_past_result,1,2025|Rounds 1-2|2025-05-11|DN SOOPers|Nongshim RedForce,2025-05-11 06:05:43,1,0.5538574457168579
without_past_result,1,2025|Rounds 1-2|2025-05-11|Hanwha Life Esports|Kiwoom DRX,2025-05-11 09:23:56,1,0.6932728886604309
without_past_result,1,2025|Rounds 1-2|2025-05-14|BNK FEARX|Nongshim RedForce,2025-05-14 08:04:35,0,0.4429268538951874
without_past_result,1,2025|Rounds 1-2|2025-05-14|Dplus Kia|Kiwoom DRX,2025-05-14 10:57:54,1,0.41188690066337585
without_past_result,1,2025|Rounds 1-2|2025-05-15|Hanwha Life Esports|KT Rolster,2025-05-15 08:06:53,0,0.5500069856643677
without_past_result,1,2025|Rounds 1-2|2025-05-15|HANJIN BRION|T1,2025-05-15 11:18:14,0,0.350044846534729
without_past_result,1,2025|Rounds 1-2|2025-05-16|BNK FEARX|Dplus Kia,2025-05-16 08:07:23,0,0.43133533000946045
without_past_result,1,2025|Rounds 1-2|2025-05-16|DN SOOPers|Gen.G,2025-05-16 10:15:50,0,0.29654553532600403
without_past_result,1,2025|Rounds 1-2|2025-05-17|Kiwoom DRX|Nongshim RedForce,2025-05-17 06:06:29,0,0.47339558601379395
without_past_result,1,2025|Rounds 1-2|2025-05-17|HANJIN BRION|KT Rolster,2025-05-17 09:01:31,0,0.4238840341567993
without_past_result,1,2025|Rounds 1-2|2025-05-18|DN SOOPers|Hanwha Life Esports,2025-05-18 06:04:32,0,0.40444815158843994
without_past_result,1,2025|Rounds 1-2|2025-05-18|Gen.G|T1,2025-05-18 08:21:01,1,0.5053263902664185
without_past_result,1,2025|Rounds 1-2|2025-05-21|Gen.G|Hanwha Life Esports,2025-05-21 08:06:27,1,0.6304871439933777
without_past_result,1,2025|Rounds 1-2|2025-05-21|DN SOOPers|Kiwoom DRX,2025-05-21 11:23:37,0,0.4124106764793396
without_past_result,1,2025|Rounds 1-2|2025-05-22|Dplus Kia|HANJIN BRION,2025-05-22 08:07:11,0,0.6443482041358948
without_past_result,1,2025|Rounds 1-2|2025-05-22|BNK FEARX|T1,2025-05-22 10:12:41,0,0.30090436339378357
without_past_result,1,2025|Rounds 1-2|2025-05-23|Gen.G|Kiwoom DRX,2025-05-23 08:07:24,1,0.5867905616760254
without_past_result,1,2025|Rounds 1-2|2025-05-23|KT Rolster|Nongshim RedForce,2025-05-23 10:20:15,1,0.5667846202850342
without_past_result,1,2025|Rounds 1-2|2025-05-24|Dplus Kia|Hanwha Life Esports,2025-05-24 06:04:59,1,0.6217260360717773
without_past_result,1,2025|Rounds 1-2|2025-05-24|DN SOOPers|T1,2025-05-24 09:07:30,0,0.30439215898513794
without_past_result,1,2025|Rounds 1-2|2025-05-25|HANJIN BRION|Nongshim RedForce,2025-05-25 06:04:05,0,0.5847152471542358
without_past_result,1,2025|Rounds 1-2|2025-05-25|BNK FEARX|KT Rolster,2025-05-25 09:10:27,0,0.5034741163253784
without_past_result,1,2025|Rounds 1-2|2025-05-28|BNK FEARX|DN SOOPers,2025-05-28 08:03:32,1,0.5622267723083496
without_past_result,1,2025|Rounds 1-2|2025-05-28|Hanwha Life Esports|T1,2025-05-28 11:13:02,1,0.42058175802230835
without_past_result,1,2025|Rounds 1-2|2025-05-29|HANJIN BRION|Kiwoom DRX,2025-05-29 08:06:13,0,0.48970869183540344
without_past_result,1,2025|Rounds 1-2|2025-05-29|Gen.G|KT Rolster,2025-05-29 11:54:37,1,0.6508625745773315
without_past_result,1,2025|Rounds 1-2|2025-05-30|Nongshim RedForce|T1,2025-05-30 08:06:20,1,0.463922917842865
without_past_result,1,2025|Rounds 1-2|2025-05-30|DN SOOPers|Dplus Kia,2025-05-30 10:17:54,0,0.5004312992095947
without_past_result,1,2025|Rounds 1-2|2025-05-31|KT Rolster|Kiwoom DRX,2025-05-31 06:05:53,1,0.6427661180496216
without_past_result,1,2025|Rounds 1-2|2025-05-31|Gen.G|HANJIN BRION,2025-05-31 08:16:20,1,0.5458967685699463
without_past_result,1,2025|Rounds 1-2|2025-06-01|BNK FEARX|Hanwha Life Esports,2025-06-01 06:05:16,0,0.5290859937667847
without_past_result,1,2025|Rounds 1-2|2025-06-01|Dplus Kia|Nongshim RedForce,2025-06-01 08:07:40,1,0.4404798746109009
without_past_result,1,2025|Rounds 1-2|2025-06-04|Dplus Kia|KT Rolster,2025-06-04 08:08:19,0,0.4835900068283081
without_past_result,1,2025|Rounds 1-2|2025-06-07|Dplus Kia|KT Rolster,2025-06-07 06:06:28,0,0.46892696619033813
without_past_result,1,2025|Rounds 1-2|2025-06-08|KT Rolster|Nongshim RedForce,2025-06-08 06:07:06,1,0.6069850921630859
without_past_result,2,2025|Rounds 1-2|2025-06-13|Gen.G|Hanwha Life Esports,2025-06-13 08:18:23,1,0.2814979553222656
without_past_result,2,2025|Rounds 1-2|2025-06-14|KT Rolster|T1,2025-06-14 06:20:04,0,0.9643359184265137
without_past_result,2,2025|Rounds 1-2|2025-06-15|Hanwha Life Esports|T1,2025-06-15 06:17:37,0,0.18000344932079315
without_past_result,2,2025|Rounds 3-5|2025-07-23|Dplus Kia|HANJIN BRION,2025-07-23 08:07:58,0,0.5541688203811646
without_past_result,2,2025|Rounds 3-5|2025-07-23|Gen.G|Hanwha Life Esports,2025-07-23 11:17:36,1,0.747405469417572
without_past_result,2,2025|Rounds 3-5|2025-07-24|BNK FEARX|DN SOOPers,2025-07-24 08:05:02,1,0.34900104999542236
without_past_result,2,2025|Rounds 3-5|2025-07-24|KT Rolster|Nongshim RedForce,2025-07-24 10:11:20,1,0.8252511024475098
without_past_result,2,2025|Rounds 3-5|2025-07-25|Gen.G|T1,2025-07-25 08:11:59,0,0.45298928022384644
without_past_result,2,2025|Rounds 3-5|2025-07-25|HANJIN BRION|Kiwoom DRX,2025-07-25 11:15:42,1,0.7233424782752991
without_past_result,2,2025|Rounds 3-5|2025-07-26|BNK FEARX|Dplus Kia,2025-07-26 06:07:12,0,0.5327410697937012
without_past_result,2,2025|Rounds 3-5|2025-07-26|Hanwha Life Esports|KT Rolster,2025-07-26 08:31:59,1,0.2430403232574463
without_past_result,2,2025|Rounds 3-5|2025-07-27|DN SOOPers|Kiwoom DRX,2025-07-27 06:05:40,0,0.5977987051010132
without_past_result,2,2025|Rounds 3-5|2025-07-27|Nongshim RedForce|T1,2025-07-27 09:29:10,0,0.17337384819984436
without_past_result,2,2025|Rounds 3-5|2025-07-30|Dplus Kia|Kiwoom DRX,2025-07-30 08:07:21,1,0.6394358277320862
without_past_result,2,2025|Rounds 3-5|2025-07-30|KT Rolster|T1,2025-07-30 11:48:43,0,0.4570857286453247
without_past_result,2,2025|Rounds 3-5|2025-07-31|BNK FEARX|HANJIN BRION,2025-07-31 08:06:28,1,0.1330716758966446
without_past_result,2,2025|Rounds 3-5|2025-07-31|Hanwha Life Esports|Nongshim RedForce,2025-07-31 10:31:25,1,0.6219028830528259
without_past_result,2,2025|Rounds 3-5|2025-08-01|Gen.G|KT Rolster,2025-08-01 08:04:50,1,0.5704442262649536
without_past_result,2,2025|Rounds 3-5|2025-08-01|DN SOOPers|Dplus Kia,2025-08-01 10:25:35,0,0.44082748889923096
without_past_result,2,2025|Rounds 3-5|2025-08-02|Hanwha Life Esports|T1,2025-08-02 06:07:06,0,0.5133237838745117
without_past_result,2,2025|Rounds 3-5|2025-08-02|BNK FEARX|Kiwoom DRX,2025-08-02 08:31:55,0,0.4649641513824463
without_past_result,2,2025|Rounds 3-5|2025-08-03|DN SOOPers|HANJIN BRION,2025-08-03 06:07:00,0,0.5507980585098267
without_past_result,2,2025|Rounds 3-5|2025-08-03|Gen.G|Nongshim RedForce,2025-08-03 08:33:38,1,0.4395051598548889
without_past_result,2,2025|Rounds 3-5|2025-08-06|Hanwha Life Esports|Nongshim RedForce,2025-08-06 08:06:02,1,0.8564415574073792
without_past_result,2,2025|Rounds 3-5|2025-08-06|BNK FEARX|HANJIN BRION,2025-08-06 10:22:21,1,0.4183264970779419
without_past_result,2,2025|Rounds 3-5|2025-08-07|DN SOOPers|Kiwoom DRX,2025-08-07 08:06:22,1,0.18467923998832703
without_past_result,2,2025|Rounds 3-5|2025-08-07|Gen.G|T1,2025-08-07 11:20:03,1,0.47294652462005615
without_past_result,2,2025|Rounds 3-5|2025-08-08|BNK FEARX|Dplus Kia,2025-08-08 08:08:25,1,0.17381632328033447
without_past_result,2,2025|Rounds 3-5|2025-08-08|Hanwha Life Esports|KT Rolster,2025-08-08 10:27:25,1,0.6546735763549805
without_past_result,2,2025|Rounds 3-5|2025-08-09|HANJIN BRION|Kiwoom DRX,2025-08-09 06:11:11,1,0.33425748348236084
without_past_result,2,2025|Rounds 3-5|2025-08-09|Nongshim RedForce|T1,2025-08-09 09:16:24,0,0.33441486954689026
without_past_result,2,2025|Rounds 3-5|2025-08-10|Gen.G|KT Rolster,2025-08-10 06:06:45,1,0.896578311920166
without_past_result,2,2025|Rounds 3-5|2025-08-10|DN SOOPers|Dplus Kia,2025-08-10 08:19:07,0,0.16235418617725372
without_past_result,2,2025|Rounds 3-5|2025-08-13|KT Rolster|T1,2025-08-13 08:10:10,0,0.3183152973651886
without_past_result,2,2025|Rounds 3-5|2025-08-13|BNK FEARX|DN SOOPers,2025-08-13 10:08:55,1,0.5586901903152466
without_past_result,2,2025|Rounds 3-5|2025-08-14|Gen.G|Nongshim RedForce,2025-08-14 08:07:37,1,0.8106970191001892
without_past_result,2,2025|Rounds 3-5|2025-08-14|Dplus Kia|Kiwoom DRX,2025-08-14 10:09:25,1,0.7907155752182007
without_past_result,2,2025|Rounds 3-5|2025-08-15|DN SOOPers|HANJIN BRION,2025-08-15 08:06:45,1,0.5258634090423584
without_past_result,2,2025|Rounds 3-5|2025-08-15|Hanwha Life Esports|T1,2025-08-15 11:15:30,0,0.28636592626571655
without_past_result,2,2025|Rounds 3-5|2025-08-16|KT Rolster|Nongshim RedForce,2025-08-16 06:05:19,1,0.32718396186828613
without_past_result,2,2025|Rounds 3-5|2025-08-16|BNK FEARX|Kiwoom DRX,2025-08-16 09:05:30,0,0.8501797914505005
without_past_result,2,2025|Rounds 3-5|2025-08-17|Gen.G|Hanwha Life Esports,2025-08-17 06:07:44,1,0.9491900205612183
without_past_result,2,2025|Rounds 3-5|2025-08-17|Dplus Kia|HANJIN BRION,2025-08-17 09:10:43,0,0.577588677406311
without_past_result,2,2025|Rounds 3-5|2025-08-20|DN SOOPers|Kiwoom DRX,2025-08-20 08:06:31,0,0.5981776714324951
without_past_result,2,2025|Rounds 3-5|2025-08-20|Gen.G|Nongshim RedForce,2025-08-20 10:33:21,1,0.8785619139671326
without_past_result,3,2025|Rounds 3-5|2025-08-21|Hanwha Life Esports|KT Rolster,2025-08-21 08:05:15,1,0.46559733152389526
without_past_result,3,2025|Rounds 3-5|2025-08-21|BNK FEARX|HANJIN BRION,2025-08-21 11:27:46,1,0.5255123376846313
without_past_result,3,2025|Rounds 3-5|2025-08-22|Nongshim RedForce|T1,2025-08-22 08:05:01,0,0.2181122601032257
without_past_result,3,2025|Rounds 3-5|2025-08-22|Dplus Kia|Kiwoom DRX,2025-08-22 10:59:29,1,0.43192780017852783
without_past_result,3,2025|Rounds 3-5|2025-08-23|Gen.G|Hanwha Life Esports,2025-08-23 06:06:52,1,0.5628561973571777
without_past_result,3,2025|Rounds 3-5|2025-08-23|DN SOOPers|HANJIN BRION,2025-08-23 09:20:22,1,0.48760122060775757
without_past_result,3,2025|Rounds 3-5|2025-08-24|BNK FEARX|Dplus Kia,2025-08-24 06:06:54,0,0.5391873717308044
without_past_result,3,2025|Rounds 3-5|2025-08-24|KT Rolster|T1,2025-08-24 08:27:55,1,0.4718719720840454
without_past_result,3,2025|Rounds 3-5|2025-08-27|Hanwha Life Esports|T1,2025-08-27 08:04:11,0,0.5661658048629761
without_past_result,3,2025|Rounds 3-5|2025-08-27|BNK FEARX|DN SOOPers,2025-08-27 11:21:15,1,0.4787309765815735
without_past_result,3,2025|Rounds 3-5|2025-08-28|Dplus Kia|HANJIN BRION,2025-08-28 08:08:10,1,0.6516242027282715
without_past_result,3,2025|Rounds 3-5|2025-08-28|Gen.G|KT Rolster,2025-08-28 10:12:22,1,0.4916829466819763
without_past_result,3,2025|Rounds 3-5|2025-08-29|BNK FEARX|Kiwoom DRX,2025-08-29 08:07:17,1,0.5798386335372925
without_past_result,3,2025|Rounds 3-5|2025-08-29|Hanwha Life Esports|Nongshim RedForce,2025-08-29 11:12:12,1,0.5415290594100952
without_past_result,3,2025|Rounds 3-5|2025-08-30|Gen.G|T1,2025-08-30 06:12:29,1,0.5264441967010498
without_past_result,3,2025|Rounds 3-5|2025-08-30|DN SOOPers|Dplus Kia,2025-08-30 09:32:44,0,0.4126684069633484
without_past_result,3,2025|Rounds 3-5|2025-08-31|KT Rolster|Nongshim RedForce,2025-08-31 06:06:31,1,0.5860792994499207
without_past_result,3,2025|Rounds 3-5|2025-08-31|HANJIN BRION|Kiwoom DRX,2025-08-31 08:29:18,1,0.4867092967033386
without_past_result,3,2025|Rounds 3-5|2025-09-03|HANJIN BRION|Nongshim RedForce,2025-09-03 08:08:06,0,0.5523008108139038
without_past_result,3,2025|Rounds 3-5|2025-09-04|BNK FEARX|Dplus Kia,2025-09-04 08:08:41,1,0.565584123134613
without_past_result,3,2025|Rounds 3-5|2025-09-05|BNK FEARX|Nongshim RedForce,2025-09-05 08:07:35,1,0.5233348608016968
without_past_result,3,2025|Rounds 3-5|2025-09-06|Dplus Kia|HANJIN BRION,2025-09-06 06:09:11,1,0.4984516203403473
without_past_result,3,2025|Rounds 3-5|2025-09-07|Dplus Kia|Nongshim RedForce,2025-09-07 06:09:43,1,0.5411439538002014
without_past_result,3,2025|Rounds 3-5|2025-09-10|Dplus Kia|T1,2025-09-10 08:11:38,0,0.6750590801239014
without_past_result,3,2025|Rounds 3-5|2025-09-11|BNK FEARX|KT Rolster,2025-09-11 08:09:47,0,0.5509150624275208
without_past_result,3,2025|Rounds 3-5|2025-09-13|Gen.G|KT Rolster,2025-09-13 06:11:13,0,0.6365458965301514
without_past_result,3,2025|Rounds 3-5|2025-09-14|Hanwha Life Esports|T1,2025-09-14 06:11:34,1,0.44465070962905884
without_past_result,3,2025|Rounds 3-5|2025-09-17|BNK FEARX|Dplus Kia,2025-09-17 08:12:41,0,0.6238522529602051
without_past_result,3,2025|Rounds 3-5|2025-09-18|Dplus Kia|T1,2025-09-18 08:13:43,0,0.516486406326294
without_past_result,3,2025|Rounds 3-5|2025-09-20|Hanwha Life Esports|KT Rolster,2025-09-20 06:07:09,1,0.6121876835823059
without_past_result,3,2025|Rounds 3-5|2025-09-21|Gen.G|T1,2025-09-21 06:08:55,1,0.40310144424438477
without_past_result,3,2025|Rounds 3-5|2025-09-27|Gen.G|KT Rolster,2025-09-27 05:23:49,1,0.6357422471046448
without_past_result,3,2025|Rounds 3-5|2025-09-28|Gen.G|Hanwha Life Esports,2025-09-28 05:30:31,1,0.5544238686561584
without_past_golddiffat15,1,2025|Rounds 1-2|2025-05-04|KT Rolster|T1,2025-05-04 06:06:00,0,0.35959064960479736
without_past_golddiffat15,1,2025|Rounds 1-2|2025-05-04|DN SOOPers|HANJIN BRION,2025-05-04 08:20:59,0,0.4246954321861267
without_past_golddiffat15,1,2025|Rounds 1-2|2025-05-07|BNK FEARX|HANJIN BRION,2025-05-07 08:03:23,1,0.39461401104927063
without_past_golddiffat15,1,2025|Rounds 1-2|2025-05-07|Dplus Kia|KT Rolster,2025-05-07 11:02:40,0,0.44689226150512695
without_past_golddiffat15,1,2025|Rounds 1-2|2025-05-08|Kiwoom DRX|T1,2025-05-08 08:06:11,0,0.5115036964416504
without_past_golddiffat15,1,2025|Rounds 1-2|2025-05-08|Gen.G|Nongshim RedForce,2025-05-08 10:16:11,1,0.7883022427558899
without_past_golddiffat15,1,2025|Rounds 1-2|2025-05-09|DN SOOPers|KT Rolster,2025-05-09 08:06:29,0,0.49817633628845215
without_past_golddiffat15,1,2025|Rounds 1-2|2025-05-09|HANJIN BRION|Hanwha Life Esports,2025-05-09 10:06:12,0,0.2621137201786041
without_past_golddiffat15,1,2025|Rounds 1-2|2025-05-10|Dplus Kia|T1,2025-05-10 06:05:23,0,0.1753336787223816
without_past_golddiffat15,1,2025|Rounds 1-2|2025-05-10|BNK FEARX|Gen.G,2025-05-10 08:12:35,0,0.31662899255752563
without_past_golddiffat15,1,2025|Rounds 1-2|2025-05-11|DN SOOPers|Nongshim RedForce,2025-05-11 06:05:43,1,0.5499306321144104
without_past_golddiffat15,1,2025|Rounds 1-2|2025-05-11|Hanwha Life Esports|Kiwoom DRX,2025-05-11 09:23:56,1,0.6903084516525269
without_past_golddiffat15,1,2025|Rounds 1-2|2025-05-14|BNK FEARX|Nongshim RedForce,2025-05-14 08:04:35,0,0.5888941884040833
without_past_golddiffat15,1,2025|Rounds 1-2|2025-05-14|Dplus Kia|Kiwoom DRX,2025-05-14 10:57:54,1,0.4988272786140442
without_past_golddiffat15,1,2025|Rounds 1-2|2025-05-15|Hanwha Life Esports|KT Rolster,2025-05-15 08:06:53,0,0.5641343593597412
without_past_golddiffat15,1,2025|Rounds 1-2|2025-05-15|HANJIN BRION|T1,2025-05-15 11:18:14,0,0.20718315243721008
without_past_golddiffat15,1,2025|Rounds 1-2|2025-05-16|BNK FEARX|Dplus Kia,2025-05-16 08:07:23,0,0.3571870028972626
without_past_golddiffat15,1,2025|Rounds 1-2|2025-05-16|DN SOOPers|Gen.G,2025-05-16 10:15:50,0,0.24329641461372375
without_past_golddiffat15,1,2025|Rounds 1-2|2025-05-17|Kiwoom DRX|Nongshim RedForce,2025-05-17 06:06:29,0,0.5199037790298462
without_past_golddiffat15,1,2025|Rounds 1-2|2025-05-17|HANJIN BRION|KT Rolster,2025-05-17 09:01:31,0,0.3011411428451538
without_past_golddiffat15,1,2025|Rounds 1-2|2025-05-18|DN SOOPers|Hanwha Life Esports,2025-05-18 06:04:32,0,0.26186859607696533
without_past_golddiffat15,1,2025|Rounds 1-2|2025-05-18|Gen.G|T1,2025-05-18 08:21:01,1,0.4960082471370697
without_past_golddiffat15,1,2025|Rounds 1-2|2025-05-21|Gen.G|Hanwha Life Esports,2025-05-21 08:06:27,1,0.5201619863510132
without_past_golddiffat15,1,2025|Rounds 1-2|2025-05-21|DN SOOPers|Kiwoom DRX,2025-05-21 11:23:37,0,0.3659881055355072
without_past_golddiffat15,1,2025|Rounds 1-2|2025-05-22|Dplus Kia|HANJIN BRION,2025-05-22 08:07:11,0,0.7690077424049377
without_past_golddiffat15,1,2025|Rounds 1-2|2025-05-22|BNK FEARX|T1,2025-05-22 10:12:41,0,0.3214677572250366
without_past_golddiffat15,1,2025|Rounds 1-2|2025-05-23|Gen.G|Kiwoom DRX,2025-05-23 08:07:24,1,0.6431884765625
without_past_golddiffat15,1,2025|Rounds 1-2|2025-05-23|KT Rolster|Nongshim RedForce,2025-05-23 10:20:15,1,0.549376904964447
without_past_golddiffat15,1,2025|Rounds 1-2|2025-05-24|Dplus Kia|Hanwha Life Esports,2025-05-24 06:04:59,1,0.5708556771278381
without_past_golddiffat15,1,2025|Rounds 1-2|2025-05-24|DN SOOPers|T1,2025-05-24 09:07:30,0,0.2834934592247009
without_past_golddiffat15,1,2025|Rounds 1-2|2025-05-25|HANJIN BRION|Nongshim RedForce,2025-05-25 06:04:05,0,0.5274825692176819
without_past_golddiffat15,1,2025|Rounds 1-2|2025-05-25|BNK FEARX|KT Rolster,2025-05-25 09:10:27,0,0.44455212354660034
without_past_golddiffat15,1,2025|Rounds 1-2|2025-05-28|BNK FEARX|DN SOOPers,2025-05-28 08:03:32,1,0.5378646850585938
without_past_golddiffat15,1,2025|Rounds 1-2|2025-05-28|Hanwha Life Esports|T1,2025-05-28 11:13:02,1,0.4204062223434448
without_past_golddiffat15,1,2025|Rounds 1-2|2025-05-29|HANJIN BRION|Kiwoom DRX,2025-05-29 08:06:13,0,0.6385433673858643
without_past_golddiffat15,1,2025|Rounds 1-2|2025-05-29|Gen.G|KT Rolster,2025-05-29 11:54:37,1,0.6341882944107056
without_past_golddiffat15,1,2025|Rounds 1-2|2025-05-30|Nongshim RedForce|T1,2025-05-30 08:06:20,1,0.5921059846878052
without_past_golddiffat15,1,2025|Rounds 1-2|2025-05-30|DN SOOPers|Dplus Kia,2025-05-30 10:17:54,0,0.416569322347641
without_past_golddiffat15,1,2025|Rounds 1-2|2025-05-31|KT Rolster|Kiwoom DRX,2025-05-31 06:05:53,1,0.6970310807228088
without_past_golddiffat15,1,2025|Rounds 1-2|2025-05-31|Gen.G|HANJIN BRION,2025-05-31 08:16:20,1,0.6879643797874451
without_past_golddiffat15,1,2025|Rounds 1-2|2025-06-01|BNK FEARX|Hanwha Life Esports,2025-06-01 06:05:16,0,0.5040737390518188
without_past_golddiffat15,1,2025|Rounds 1-2|2025-06-01|Dplus Kia|Nongshim RedForce,2025-06-01 08:07:40,1,0.3623085021972656
without_past_golddiffat15,1,2025|Rounds 1-2|2025-06-04|Dplus Kia|KT Rolster,2025-06-04 08:08:19,0,0.598711371421814
without_past_golddiffat15,1,2025|Rounds 1-2|2025-06-07|Dplus Kia|KT Rolster,2025-06-07 06:06:28,0,0.40556657314300537
without_past_golddiffat15,1,2025|Rounds 1-2|2025-06-08|KT Rolster|Nongshim RedForce,2025-06-08 06:07:06,1,0.6546968817710876
without_past_golddiffat15,2,2025|Rounds 1-2|2025-06-13|Gen.G|Hanwha Life Esports,2025-06-13 08:18:23,1,0.440485417842865
without_past_golddiffat15,2,2025|Rounds 1-2|2025-06-14|KT Rolster|T1,2025-06-14 06:20:04,0,0.9425535202026367
without_past_golddiffat15,2,2025|Rounds 1-2|2025-06-15|Hanwha Life Esports|T1,2025-06-15 06:17:37,0,0.3338351249694824
without_past_golddiffat15,2,2025|Rounds 3-5|2025-07-23|Dplus Kia|HANJIN BRION,2025-07-23 08:07:58,0,0.49713337421417236
without_past_golddiffat15,2,2025|Rounds 3-5|2025-07-23|Gen.G|Hanwha Life Esports,2025-07-23 11:17:36,1,0.7800045609474182
without_past_golddiffat15,2,2025|Rounds 3-5|2025-07-24|BNK FEARX|DN SOOPers,2025-07-24 08:05:02,1,0.4611141085624695
without_past_golddiffat15,2,2025|Rounds 3-5|2025-07-24|KT Rolster|Nongshim RedForce,2025-07-24 10:11:20,1,0.7192176580429077
without_past_golddiffat15,2,2025|Rounds 3-5|2025-07-25|Gen.G|T1,2025-07-25 08:11:59,0,0.4731025695800781
without_past_golddiffat15,2,2025|Rounds 3-5|2025-07-25|HANJIN BRION|Kiwoom DRX,2025-07-25 11:15:42,1,0.5417766571044922
without_past_golddiffat15,2,2025|Rounds 3-5|2025-07-26|BNK FEARX|Dplus Kia,2025-07-26 06:07:12,0,0.6445024013519287
without_past_golddiffat15,2,2025|Rounds 3-5|2025-07-26|Hanwha Life Esports|KT Rolster,2025-07-26 08:31:59,1,0.29608994722366333
without_past_golddiffat15,2,2025|Rounds 3-5|2025-07-27|DN SOOPers|Kiwoom DRX,2025-07-27 06:05:40,0,0.4885646104812622
without_past_golddiffat15,2,2025|Rounds 3-5|2025-07-27|Nongshim RedForce|T1,2025-07-27 09:29:10,0,0.17018501460552216
without_past_golddiffat15,2,2025|Rounds 3-5|2025-07-30|Dplus Kia|Kiwoom DRX,2025-07-30 08:07:21,1,0.5932413339614868
without_past_golddiffat15,2,2025|Rounds 3-5|2025-07-30|KT Rolster|T1,2025-07-30 11:48:43,0,0.4017646312713623
without_past_golddiffat15,2,2025|Rounds 3-5|2025-07-31|BNK FEARX|HANJIN BRION,2025-07-31 08:06:28,1,0.2344665676355362
without_past_golddiffat15,2,2025|Rounds 3-5|2025-07-31|Hanwha Life Esports|Nongshim RedForce,2025-07-31 10:31:25,1,0.5808635950088501
without_past_golddiffat15,2,2025|Rounds 3-5|2025-08-01|Gen.G|KT Rolster,2025-08-01 08:04:50,1,0.6762509346008301
without_past_golddiffat15,2,2025|Rounds 3-5|2025-08-01|DN SOOPers|Dplus Kia,2025-08-01 10:25:35,0,0.2432076632976532
without_past_golddiffat15,2,2025|Rounds 3-5|2025-08-02|Hanwha Life Esports|T1,2025-08-02 06:07:06,0,0.4456509053707123
without_past_golddiffat15,2,2025|Rounds 3-5|2025-08-02|BNK FEARX|Kiwoom DRX,2025-08-02 08:31:55,0,0.558168888092041
without_past_golddiffat15,2,2025|Rounds 3-5|2025-08-03|DN SOOPers|HANJIN BRION,2025-08-03 06:07:00,0,0.43367689847946167
without_past_golddiffat15,2,2025|Rounds 3-5|2025-08-03|Gen.G|Nongshim RedForce,2025-08-03 08:33:38,1,0.7454321384429932
without_past_golddiffat15,2,2025|Rounds 3-5|2025-08-06|Hanwha Life Esports|Nongshim RedForce,2025-08-06 08:06:02,1,0.8266859650611877
without_past_golddiffat15,2,2025|Rounds 3-5|2025-08-06|BNK FEARX|HANJIN BRION,2025-08-06 10:22:21,1,0.5119155645370483
without_past_golddiffat15,2,2025|Rounds 3-5|2025-08-07|DN SOOPers|Kiwoom DRX,2025-08-07 08:06:22,1,0.36972397565841675
without_past_golddiffat15,2,2025|Rounds 3-5|2025-08-07|Gen.G|T1,2025-08-07 11:20:03,1,0.4579164981842041
without_past_golddiffat15,2,2025|Rounds 3-5|2025-08-08|BNK FEARX|Dplus Kia,2025-08-08 08:08:25,1,0.3044390082359314
without_past_golddiffat15,2,2025|Rounds 3-5|2025-08-08|Hanwha Life Esports|KT Rolster,2025-08-08 10:27:25,1,0.6990454196929932
without_past_golddiffat15,2,2025|Rounds 3-5|2025-08-09|HANJIN BRION|Kiwoom DRX,2025-08-09 06:11:11,1,0.3575209975242615
without_past_golddiffat15,2,2025|Rounds 3-5|2025-08-09|Nongshim RedForce|T1,2025-08-09 09:16:24,0,0.2721181809902191
without_past_golddiffat15,2,2025|Rounds 3-5|2025-08-10|Gen.G|KT Rolster,2025-08-10 06:06:45,1,0.8630446791648865
without_past_golddiffat15,2,2025|Rounds 3-5|2025-08-10|DN SOOPers|Dplus Kia,2025-08-10 08:19:07,0,0.36428016424179077
without_past_golddiffat15,2,2025|Rounds 3-5|2025-08-13|KT Rolster|T1,2025-08-13 08:10:10,0,0.25477612018585205
without_past_golddiffat15,2,2025|Rounds 3-5|2025-08-13|BNK FEARX|DN SOOPers,2025-08-13 10:08:55,1,0.6421540975570679
without_past_golddiffat15,2,2025|Rounds 3-5|2025-08-14|Gen.G|Nongshim RedForce,2025-08-14 08:07:37,1,0.8383351564407349
without_past_golddiffat15,2,2025|Rounds 3-5|2025-08-14|Dplus Kia|Kiwoom DRX,2025-08-14 10:09:25,1,0.6410717964172363
without_past_golddiffat15,2,2025|Rounds 3-5|2025-08-15|DN SOOPers|HANJIN BRION,2025-08-15 08:06:45,1,0.41677922010421753
without_past_golddiffat15,2,2025|Rounds 3-5|2025-08-15|Hanwha Life Esports|T1,2025-08-15 11:15:30,0,0.4084717631340027
without_past_golddiffat15,2,2025|Rounds 3-5|2025-08-16|KT Rolster|Nongshim RedForce,2025-08-16 06:05:19,1,0.48418426513671875
without_past_golddiffat15,2,2025|Rounds 3-5|2025-08-16|BNK FEARX|Kiwoom DRX,2025-08-16 09:05:30,0,0.8058682680130005
without_past_golddiffat15,2,2025|Rounds 3-5|2025-08-17|Gen.G|Hanwha Life Esports,2025-08-17 06:07:44,1,0.7863380908966064
without_past_golddiffat15,2,2025|Rounds 3-5|2025-08-17|Dplus Kia|HANJIN BRION,2025-08-17 09:10:43,0,0.6555540561676025
without_past_golddiffat15,2,2025|Rounds 3-5|2025-08-20|DN SOOPers|Kiwoom DRX,2025-08-20 08:06:31,0,0.6444886326789856
without_past_golddiffat15,2,2025|Rounds 3-5|2025-08-20|Gen.G|Nongshim RedForce,2025-08-20 10:33:21,1,0.8783094882965088
without_past_golddiffat15,3,2025|Rounds 3-5|2025-08-21|Hanwha Life Esports|KT Rolster,2025-08-21 08:05:15,1,0.3975602686405182
without_past_golddiffat15,3,2025|Rounds 3-5|2025-08-21|BNK FEARX|HANJIN BRION,2025-08-21 11:27:46,1,0.4917089343070984
without_past_golddiffat15,3,2025|Rounds 3-5|2025-08-22|Nongshim RedForce|T1,2025-08-22 08:05:01,0,0.11072598397731781
without_past_golddiffat15,3,2025|Rounds 3-5|2025-08-22|Dplus Kia|Kiwoom DRX,2025-08-22 10:59:29,1,0.4066162705421448
without_past_golddiffat15,3,2025|Rounds 3-5|2025-08-23|Gen.G|Hanwha Life Esports,2025-08-23 06:06:52,1,0.5823068022727966
without_past_golddiffat15,3,2025|Rounds 3-5|2025-08-23|DN SOOPers|HANJIN BRION,2025-08-23 09:20:22,1,0.4354413151741028
without_past_golddiffat15,3,2025|Rounds 3-5|2025-08-24|BNK FEARX|Dplus Kia,2025-08-24 06:06:54,0,0.6104408502578735
without_past_golddiffat15,3,2025|Rounds 3-5|2025-08-24|KT Rolster|T1,2025-08-24 08:27:55,1,0.38600754737854004
without_past_golddiffat15,3,2025|Rounds 3-5|2025-08-27|Hanwha Life Esports|T1,2025-08-27 08:04:11,0,0.6373158693313599
without_past_golddiffat15,3,2025|Rounds 3-5|2025-08-27|BNK FEARX|DN SOOPers,2025-08-27 11:21:15,1,0.545554518699646
without_past_golddiffat15,3,2025|Rounds 3-5|2025-08-28|Dplus Kia|HANJIN BRION,2025-08-28 08:08:10,1,0.748295783996582
without_past_golddiffat15,3,2025|Rounds 3-5|2025-08-28|Gen.G|KT Rolster,2025-08-28 10:12:22,1,0.5486569404602051
without_past_golddiffat15,3,2025|Rounds 3-5|2025-08-29|BNK FEARX|Kiwoom DRX,2025-08-29 08:07:17,1,0.5862611532211304
without_past_golddiffat15,3,2025|Rounds 3-5|2025-08-29|Hanwha Life Esports|Nongshim RedForce,2025-08-29 11:12:12,1,0.5575621128082275
without_past_golddiffat15,3,2025|Rounds 3-5|2025-08-30|Gen.G|T1,2025-08-30 06:12:29,1,0.610214352607727
without_past_golddiffat15,3,2025|Rounds 3-5|2025-08-30|DN SOOPers|Dplus Kia,2025-08-30 09:32:44,0,0.2945024371147156
without_past_golddiffat15,3,2025|Rounds 3-5|2025-08-31|KT Rolster|Nongshim RedForce,2025-08-31 06:06:31,1,0.6476479768753052
without_past_golddiffat15,3,2025|Rounds 3-5|2025-08-31|HANJIN BRION|Kiwoom DRX,2025-08-31 08:29:18,1,0.4722529649734497
without_past_golddiffat15,3,2025|Rounds 3-5|2025-09-03|HANJIN BRION|Nongshim RedForce,2025-09-03 08:08:06,0,0.6234177350997925
without_past_golddiffat15,3,2025|Rounds 3-5|2025-09-04|BNK FEARX|Dplus Kia,2025-09-04 08:08:41,1,0.5629347562789917
without_past_golddiffat15,3,2025|Rounds 3-5|2025-09-05|BNK FEARX|Nongshim RedForce,2025-09-05 08:07:35,1,0.5600836277008057
without_past_golddiffat15,3,2025|Rounds 3-5|2025-09-06|Dplus Kia|HANJIN BRION,2025-09-06 06:09:11,1,0.47420525550842285
without_past_golddiffat15,3,2025|Rounds 3-5|2025-09-07|Dplus Kia|Nongshim RedForce,2025-09-07 06:09:43,1,0.6327821016311646
without_past_golddiffat15,3,2025|Rounds 3-5|2025-09-10|Dplus Kia|T1,2025-09-10 08:11:38,0,0.7952010631561279
without_past_golddiffat15,3,2025|Rounds 3-5|2025-09-11|BNK FEARX|KT Rolster,2025-09-11 08:09:47,0,0.5871206521987915
without_past_golddiffat15,3,2025|Rounds 3-5|2025-09-13|Gen.G|KT Rolster,2025-09-13 06:11:13,0,0.6324249505996704
without_past_golddiffat15,3,2025|Rounds 3-5|2025-09-14|Hanwha Life Esports|T1,2025-09-14 06:11:34,1,0.45006829500198364
without_past_golddiffat15,3,2025|Rounds 3-5|2025-09-17|BNK FEARX|Dplus Kia,2025-09-17 08:12:41,0,0.6252021193504333
without_past_golddiffat15,3,2025|Rounds 3-5|2025-09-18|Dplus Kia|T1,2025-09-18 08:13:43,0,0.6348811388015747
without_past_golddiffat15,3,2025|Rounds 3-5|2025-09-20|Hanwha Life Esports|KT Rolster,2025-09-20 06:07:09,1,0.697662353515625
without_past_golddiffat15,3,2025|Rounds 3-5|2025-09-21|Gen.G|T1,2025-09-21 06:08:55,1,0.3385203778743744
without_past_golddiffat15,3,2025|Rounds 3-5|2025-09-27|Gen.G|KT Rolster,2025-09-27 05:23:49,1,0.680860161781311
without_past_golddiffat15,3,2025|Rounds 3-5|2025-09-28|Gen.G|Hanwha Life Esports,2025-09-28 05:30:31,1,0.5615130662918091
without_past_xpdiffat15,1,2025|Rounds 1-2|2025-05-04|KT Rolster|T1,2025-05-04 06:06:00,0,0.24313868582248688
without_past_xpdiffat15,1,2025|Rounds 1-2|2025-05-04|DN SOOPers|HANJIN BRION,2025-05-04 08:20:59,0,0.4619687795639038
without_past_xpdiffat15,1,2025|Rounds 1-2|2025-05-07|BNK FEARX|HANJIN BRION,2025-05-07 08:03:23,1,0.3586657643318176
without_past_xpdiffat15,1,2025|Rounds 1-2|2025-05-07|Dplus Kia|KT Rolster,2025-05-07 11:02:40,0,0.45676812529563904
without_past_xpdiffat15,1,2025|Rounds 1-2|2025-05-08|Kiwoom DRX|T1,2025-05-08 08:06:11,0,0.46278923749923706
without_past_xpdiffat15,1,2025|Rounds 1-2|2025-05-08|Gen.G|Nongshim RedForce,2025-05-08 10:16:11,1,0.8938103914260864
without_past_xpdiffat15,1,2025|Rounds 1-2|2025-05-09|DN SOOPers|KT Rolster,2025-05-09 08:06:29,0,0.4740821123123169
without_past_xpdiffat15,1,2025|Rounds 1-2|2025-05-09|HANJIN BRION|Hanwha Life Esports,2025-05-09 10:06:12,0,0.15163233876228333
without_past_xpdiffat15,1,2025|Rounds 1-2|2025-05-10|Dplus Kia|T1,2025-05-10 06:05:23,0,0.07574525475502014
without_past_xpdiffat15,1,2025|Rounds 1-2|2025-05-10|BNK FEARX|Gen.G,2025-05-10 08:12:35,0,0.23766034841537476
without_past_xpdiffat15,1,2025|Rounds 1-2|2025-05-11|DN SOOPers|Nongshim RedForce,2025-05-11 06:05:43,1,0.5544562339782715
without_past_xpdiffat15,1,2025|Rounds 1-2|2025-05-11|Hanwha Life Esports|Kiwoom DRX,2025-05-11 09:23:56,1,0.8192837834358215
without_past_xpdiffat15,1,2025|Rounds 1-2|2025-05-14|BNK FEARX|Nongshim RedForce,2025-05-14 08:04:35,0,0.4897177219390869
without_past_xpdiffat15,1,2025|Rounds 1-2|2025-05-14|Dplus Kia|Kiwoom DRX,2025-05-14 10:57:54,1,0.4545633792877197
without_past_xpdiffat15,1,2025|Rounds 1-2|2025-05-15|Hanwha Life Esports|KT Rolster,2025-05-15 08:06:53,0,0.6366442441940308
without_past_xpdiffat15,1,2025|Rounds 1-2|2025-05-15|HANJIN BRION|T1,2025-05-15 11:18:14,0,0.12167733907699585
without_past_xpdiffat15,1,2025|Rounds 1-2|2025-05-16|BNK FEARX|Dplus Kia,2025-05-16 08:07:23,0,0.38811805844306946
without_past_xpdiffat15,1,2025|Rounds 1-2|2025-05-16|DN SOOPers|Gen.G,2025-05-16 10:15:50,0,0.12879137694835663
without_past_xpdiffat15,1,2025|Rounds 1-2|2025-05-17|Kiwoom DRX|Nongshim RedForce,2025-05-17 06:06:29,0,0.416526734828949
without_past_xpdiffat15,1,2025|Rounds 1-2|2025-05-17|HANJIN BRION|KT Rolster,2025-05-17 09:01:31,0,0.21160665154457092
without_past_xpdiffat15,1,2025|Rounds 1-2|2025-05-18|DN SOOPers|Hanwha Life Esports,2025-05-18 06:04:32,0,0.21393142640590668
without_past_xpdiffat15,1,2025|Rounds 1-2|2025-05-18|Gen.G|T1,2025-05-18 08:21:01,1,0.5974909067153931
without_past_xpdiffat15,1,2025|Rounds 1-2|2025-05-21|Gen.G|Hanwha Life Esports,2025-05-21 08:06:27,1,0.6814345121383667
without_past_xpdiffat15,1,2025|Rounds 1-2|2025-05-21|DN SOOPers|Kiwoom DRX,2025-05-21 11:23:37,0,0.27363380789756775
without_past_xpdiffat15,1,2025|Rounds 1-2|2025-05-22|Dplus Kia|HANJIN BRION,2025-05-22 08:07:11,0,0.8127897381782532
without_past_xpdiffat15,1,2025|Rounds 1-2|2025-05-22|BNK FEARX|T1,2025-05-22 10:12:41,0,0.3014927804470062
without_past_xpdiffat15,1,2025|Rounds 1-2|2025-05-23|Gen.G|Kiwoom DRX,2025-05-23 08:07:24,1,0.658972978591919
without_past_xpdiffat15,1,2025|Rounds 1-2|2025-05-23|KT Rolster|Nongshim RedForce,2025-05-23 10:20:15,1,0.6409326195716858
without_past_xpdiffat15,1,2025|Rounds 1-2|2025-05-24|Dplus Kia|Hanwha Life Esports,2025-05-24 06:04:59,1,0.5853251218795776
without_past_xpdiffat15,1,2025|Rounds 1-2|2025-05-24|DN SOOPers|T1,2025-05-24 09:07:30,0,0.20905113220214844
without_past_xpdiffat15,1,2025|Rounds 1-2|2025-05-25|HANJIN BRION|Nongshim RedForce,2025-05-25 06:04:05,0,0.6978820562362671
without_past_xpdiffat15,1,2025|Rounds 1-2|2025-05-25|BNK FEARX|KT Rolster,2025-05-25 09:10:27,0,0.3481370210647583
without_past_xpdiffat15,1,2025|Rounds 1-2|2025-05-28|BNK FEARX|DN SOOPers,2025-05-28 08:03:32,1,0.5635239481925964
without_past_xpdiffat15,1,2025|Rounds 1-2|2025-05-28|Hanwha Life Esports|T1,2025-05-28 11:13:02,1,0.3108913004398346
without_past_xpdiffat15,1,2025|Rounds 1-2|2025-05-29|HANJIN BRION|Kiwoom DRX,2025-05-29 08:06:13,0,0.6337021589279175
without_past_xpdiffat15,1,2025|Rounds 1-2|2025-05-29|Gen.G|KT Rolster,2025-05-29 11:54:37,1,0.6955733299255371
without_past_xpdiffat15,1,2025|Rounds 1-2|2025-05-30|Nongshim RedForce|T1,2025-05-30 08:06:20,1,0.5120817422866821
without_past_xpdiffat15,1,2025|Rounds 1-2|2025-05-30|DN SOOPers|Dplus Kia,2025-05-30 10:17:54,0,0.46468040347099304
without_past_xpdiffat15,1,2025|Rounds 1-2|2025-05-31|KT Rolster|Kiwoom DRX,2025-05-31 06:05:53,1,0.7328452467918396
without_past_xpdiffat15,1,2025|Rounds 1-2|2025-05-31|Gen.G|HANJIN BRION,2025-05-31 08:16:20,1,0.7935265898704529
without_past_xpdiffat15,1,2025|Rounds 1-2|2025-06-01|BNK FEARX|Hanwha Life Esports,2025-06-01 06:05:16,0,0.4416191875934601
without_past_xpdiffat15,1,2025|Rounds 1-2|2025-06-01|Dplus Kia|Nongshim RedForce,2025-06-01 08:07:40,1,0.3017898201942444
without_past_xpdiffat15,1,2025|Rounds 1-2|2025-06-04|Dplus Kia|KT Rolster,2025-06-04 08:08:19,0,0.6353991627693176
without_past_xpdiffat15,1,2025|Rounds 1-2|2025-06-07|Dplus Kia|KT Rolster,2025-06-07 06:06:28,0,0.2792169153690338
without_past_xpdiffat15,1,2025|Rounds 1-2|2025-06-08|KT Rolster|Nongshim RedForce,2025-06-08 06:07:06,1,0.7649109363555908
without_past_xpdiffat15,2,2025|Rounds 1-2|2025-06-13|Gen.G|Hanwha Life Esports,2025-06-13 08:18:23,1,0.37164413928985596
without_past_xpdiffat15,2,2025|Rounds 1-2|2025-06-14|KT Rolster|T1,2025-06-14 06:20:04,0,0.9809799194335938
without_past_xpdiffat15,2,2025|Rounds 1-2|2025-06-15|Hanwha Life Esports|T1,2025-06-15 06:17:37,0,0.29879432916641235
without_past_xpdiffat15,2,2025|Rounds 3-5|2025-07-23|Dplus Kia|HANJIN BRION,2025-07-23 08:07:58,0,0.5425664782524109
without_past_xpdiffat15,2,2025|Rounds 3-5|2025-07-23|Gen.G|Hanwha Life Esports,2025-07-23 11:17:36,1,0.7952408194541931
without_past_xpdiffat15,2,2025|Rounds 3-5|2025-07-24|BNK FEARX|DN SOOPers,2025-07-24 08:05:02,1,0.48400217294692993
without_past_xpdiffat15,2,2025|Rounds 3-5|2025-07-24|KT Rolster|Nongshim RedForce,2025-07-24 10:11:20,1,0.7288041114807129
without_past_xpdiffat15,2,2025|Rounds 3-5|2025-07-25|Gen.G|T1,2025-07-25 08:11:59,0,0.44956034421920776
without_past_xpdiffat15,2,2025|Rounds 3-5|2025-07-25|HANJIN BRION|Kiwoom DRX,2025-07-25 11:15:42,1,0.6024746894836426
without_past_xpdiffat15,2,2025|Rounds 3-5|2025-07-26|BNK FEARX|Dplus Kia,2025-07-26 06:07:12,0,0.7302117347717285
without_past_xpdiffat15,2,2025|Rounds 3-5|2025-07-26|Hanwha Life Esports|KT Rolster,2025-07-26 08:31:59,1,0.28540441393852234
without_past_xpdiffat15,2,2025|Rounds 3-5|2025-07-27|DN SOOPers|Kiwoom DRX,2025-07-27 06:05:40,0,0.434692919254303
without_past_xpdiffat15,2,2025|Rounds 3-5|2025-07-27|Nongshim RedForce|T1,2025-07-27 09:29:10,0,0.12856827676296234
without_past_xpdiffat15,2,2025|Rounds 3-5|2025-07-30|Dplus Kia|Kiwoom DRX,2025-07-30 08:07:21,1,0.6762725114822388
without_past_xpdiffat15,2,2025|Rounds 3-5|2025-07-30|KT Rolster|T1,2025-07-30 11:48:43,0,0.4219500720500946
without_past_xpdiffat15,2,2025|Rounds 3-5|2025-07-31|BNK FEARX|HANJIN BRION,2025-07-31 08:06:28,1,0.18027032911777496
without_past_xpdiffat15,2,2025|Rounds 3-5|2025-07-31|Hanwha Life Esports|Nongshim RedForce,2025-07-31 10:31:25,1,0.7039464116096497
without_past_xpdiffat15,2,2025|Rounds 3-5|2025-08-01|Gen.G|KT Rolster,2025-08-01 08:04:50,1,0.6594064235687256
without_past_xpdiffat15,2,2025|Rounds 3-5|2025-08-01|DN SOOPers|Dplus Kia,2025-08-01 10:25:35,0,0.18173512816429138
without_past_xpdiffat15,2,2025|Rounds 3-5|2025-08-02|Hanwha Life Esports|T1,2025-08-02 06:07:06,0,0.4729641377925873
without_past_xpdiffat15,2,2025|Rounds 3-5|2025-08-02|BNK FEARX|Kiwoom DRX,2025-08-02 08:31:55,0,0.5455015897750854
without_past_xpdiffat15,2,2025|Rounds 3-5|2025-08-03|DN SOOPers|HANJIN BRION,2025-08-03 06:07:00,0,0.48692160844802856
without_past_xpdiffat15,2,2025|Rounds 3-5|2025-08-03|Gen.G|Nongshim RedForce,2025-08-03 08:33:38,1,0.6073950529098511
without_past_xpdiffat15,2,2025|Rounds 3-5|2025-08-06|Hanwha Life Esports|Nongshim RedForce,2025-08-06 08:06:02,1,0.8738290667533875
without_past_xpdiffat15,2,2025|Rounds 3-5|2025-08-06|BNK FEARX|HANJIN BRION,2025-08-06 10:22:21,1,0.514002799987793
without_past_xpdiffat15,2,2025|Rounds 3-5|2025-08-07|DN SOOPers|Kiwoom DRX,2025-08-07 08:06:22,1,0.288769394159317
without_past_xpdiffat15,2,2025|Rounds 3-5|2025-08-07|Gen.G|T1,2025-08-07 11:20:03,1,0.37936532497406006
without_past_xpdiffat15,2,2025|Rounds 3-5|2025-08-08|BNK FEARX|Dplus Kia,2025-08-08 08:08:25,1,0.27085018157958984
without_past_xpdiffat15,2,2025|Rounds 3-5|2025-08-08|Hanwha Life Esports|KT Rolster,2025-08-08 10:27:25,1,0.7116147875785828
without_past_xpdiffat15,2,2025|Rounds 3-5|2025-08-09|HANJIN BRION|Kiwoom DRX,2025-08-09 06:11:11,1,0.35032638907432556
without_past_xpdiffat15,2,2025|Rounds 3-5|2025-08-09|Nongshim RedForce|T1,2025-08-09 09:16:24,0,0.1822110265493393
without_past_xpdiffat15,2,2025|Rounds 3-5|2025-08-10|Gen.G|KT Rolster,2025-08-10 06:06:45,1,0.8990819454193115
without_past_xpdiffat15,2,2025|Rounds 3-5|2025-08-10|DN SOOPers|Dplus Kia,2025-08-10 08:19:07,0,0.27462366223335266
without_past_xpdiffat15,2,2025|Rounds 3-5|2025-08-13|KT Rolster|T1,2025-08-13 08:10:10,0,0.2028559148311615
without_past_xpdiffat15,2,2025|Rounds 3-5|2025-08-13|BNK FEARX|DN SOOPers,2025-08-13 10:08:55,1,0.6634303331375122
without_past_xpdiffat15,2,2025|Rounds 3-5|2025-08-14|Gen.G|Nongshim RedForce,2025-08-14 08:07:37,1,0.8779147267341614
without_past_xpdiffat15,2,2025|Rounds 3-5|2025-08-14|Dplus Kia|Kiwoom DRX,2025-08-14 10:09:25,1,0.7077138423919678
without_past_xpdiffat15,2,2025|Rounds 3-5|2025-08-15|DN SOOPers|HANJIN BRION,2025-08-15 08:06:45,1,0.4398065209388733
without_past_xpdiffat15,2,2025|Rounds 3-5|2025-08-15|Hanwha Life Esports|T1,2025-08-15 11:15:30,0,0.42804569005966187
without_past_xpdiffat15,2,2025|Rounds 3-5|2025-08-16|KT Rolster|Nongshim RedForce,2025-08-16 06:05:19,1,0.3644765019416809
without_past_xpdiffat15,2,2025|Rounds 3-5|2025-08-16|BNK FEARX|Kiwoom DRX,2025-08-16 09:05:30,0,0.8952310085296631
without_past_xpdiffat15,2,2025|Rounds 3-5|2025-08-17|Gen.G|Hanwha Life Esports,2025-08-17 06:07:44,1,0.8372793197631836
without_past_xpdiffat15,2,2025|Rounds 3-5|2025-08-17|Dplus Kia|HANJIN BRION,2025-08-17 09:10:43,0,0.6304259896278381
without_past_xpdiffat15,2,2025|Rounds 3-5|2025-08-20|DN SOOPers|Kiwoom DRX,2025-08-20 08:06:31,0,0.5859434604644775
without_past_xpdiffat15,2,2025|Rounds 3-5|2025-08-20|Gen.G|Nongshim RedForce,2025-08-20 10:33:21,1,0.8564448356628418
without_past_xpdiffat15,3,2025|Rounds 3-5|2025-08-21|Hanwha Life Esports|KT Rolster,2025-08-21 08:05:15,1,0.3976912498474121
without_past_xpdiffat15,3,2025|Rounds 3-5|2025-08-21|BNK FEARX|HANJIN BRION,2025-08-21 11:27:46,1,0.524143636226654
without_past_xpdiffat15,3,2025|Rounds 3-5|2025-08-22|Nongshim RedForce|T1,2025-08-22 08:05:01,0,0.11801557242870331
without_past_xpdiffat15,3,2025|Rounds 3-5|2025-08-22|Dplus Kia|Kiwoom DRX,2025-08-22 10:59:29,1,0.4197145104408264
without_past_xpdiffat15,3,2025|Rounds 3-5|2025-08-23|Gen.G|Hanwha Life Esports,2025-08-23 06:06:52,1,0.5995739698410034
without_past_xpdiffat15,3,2025|Rounds 3-5|2025-08-23|DN SOOPers|HANJIN BRION,2025-08-23 09:20:22,1,0.44302570819854736
without_past_xpdiffat15,3,2025|Rounds 3-5|2025-08-24|BNK FEARX|Dplus Kia,2025-08-24 06:06:54,0,0.5997753143310547
without_past_xpdiffat15,3,2025|Rounds 3-5|2025-08-24|KT Rolster|T1,2025-08-24 08:27:55,1,0.4204041361808777
without_past_xpdiffat15,3,2025|Rounds 3-5|2025-08-27|Hanwha Life Esports|T1,2025-08-27 08:04:11,0,0.6282085180282593
without_past_xpdiffat15,3,2025|Rounds 3-5|2025-08-27|BNK FEARX|DN SOOPers,2025-08-27 11:21:15,1,0.5499525666236877
without_past_xpdiffat15,3,2025|Rounds 3-5|2025-08-28|Dplus Kia|HANJIN BRION,2025-08-28 08:08:10,1,0.7556402683258057
without_past_xpdiffat15,3,2025|Rounds 3-5|2025-08-28|Gen.G|KT Rolster,2025-08-28 10:12:22,1,0.5200983285903931
without_past_xpdiffat15,3,2025|Rounds 3-5|2025-08-29|BNK FEARX|Kiwoom DRX,2025-08-29 08:07:17,1,0.6051334142684937
without_past_xpdiffat15,3,2025|Rounds 3-5|2025-08-29|Hanwha Life Esports|Nongshim RedForce,2025-08-29 11:12:12,1,0.5495431423187256
without_past_xpdiffat15,3,2025|Rounds 3-5|2025-08-30|Gen.G|T1,2025-08-30 06:12:29,1,0.612761914730072
without_past_xpdiffat15,3,2025|Rounds 3-5|2025-08-30|DN SOOPers|Dplus Kia,2025-08-30 09:32:44,0,0.2873581349849701
without_past_xpdiffat15,3,2025|Rounds 3-5|2025-08-31|KT Rolster|Nongshim RedForce,2025-08-31 06:06:31,1,0.6399435997009277
without_past_xpdiffat15,3,2025|Rounds 3-5|2025-08-31|HANJIN BRION|Kiwoom DRX,2025-08-31 08:29:18,1,0.47427600622177124
without_past_xpdiffat15,3,2025|Rounds 3-5|2025-09-03|HANJIN BRION|Nongshim RedForce,2025-09-03 08:08:06,0,0.6067960262298584
without_past_xpdiffat15,3,2025|Rounds 3-5|2025-09-04|BNK FEARX|Dplus Kia,2025-09-04 08:08:41,1,0.5839589238166809
without_past_xpdiffat15,3,2025|Rounds 3-5|2025-09-05|BNK FEARX|Nongshim RedForce,2025-09-05 08:07:35,1,0.5676210522651672
without_past_xpdiffat15,3,2025|Rounds 3-5|2025-09-06|Dplus Kia|HANJIN BRION,2025-09-06 06:09:11,1,0.4823961853981018
without_past_xpdiffat15,3,2025|Rounds 3-5|2025-09-07|Dplus Kia|Nongshim RedForce,2025-09-07 06:09:43,1,0.6404410600662231
without_past_xpdiffat15,3,2025|Rounds 3-5|2025-09-10|Dplus Kia|T1,2025-09-10 08:11:38,0,0.7588589191436768
without_past_xpdiffat15,3,2025|Rounds 3-5|2025-09-11|BNK FEARX|KT Rolster,2025-09-11 08:09:47,0,0.5948404669761658
without_past_xpdiffat15,3,2025|Rounds 3-5|2025-09-13|Gen.G|KT Rolster,2025-09-13 06:11:13,0,0.6389928460121155
without_past_xpdiffat15,3,2025|Rounds 3-5|2025-09-14|Hanwha Life Esports|T1,2025-09-14 06:11:34,1,0.4280802309513092
without_past_xpdiffat15,3,2025|Rounds 3-5|2025-09-17|BNK FEARX|Dplus Kia,2025-09-17 08:12:41,0,0.632053017616272
without_past_xpdiffat15,3,2025|Rounds 3-5|2025-09-18|Dplus Kia|T1,2025-09-18 08:13:43,0,0.6191495060920715
without_past_xpdiffat15,3,2025|Rounds 3-5|2025-09-20|Hanwha Life Esports|KT Rolster,2025-09-20 06:07:09,1,0.6792104244232178
without_past_xpdiffat15,3,2025|Rounds 3-5|2025-09-21|Gen.G|T1,2025-09-21 06:08:55,1,0.32303372025489807
without_past_xpdiffat15,3,2025|Rounds 3-5|2025-09-27|Gen.G|KT Rolster,2025-09-27 05:23:49,1,0.6824371814727783
without_past_xpdiffat15,3,2025|Rounds 3-5|2025-09-28|Gen.G|Hanwha Life Esports,2025-09-28 05:30:31,1,0.572542667388916
without_past_csdiffat15,1,2025|Rounds 1-2|2025-05-04|KT Rolster|T1,2025-05-04 06:06:00,0,0.2838208079338074
without_past_csdiffat15,1,2025|Rounds 1-2|2025-05-04|DN SOOPers|HANJIN BRION,2025-05-04 08:20:59,0,0.46679556369781494
without_past_csdiffat15,1,2025|Rounds 1-2|2025-05-07|BNK FEARX|HANJIN BRION,2025-05-07 08:03:23,1,0.41849076747894287
without_past_csdiffat15,1,2025|Rounds 1-2|2025-05-07|Dplus Kia|KT Rolster,2025-05-07 11:02:40,0,0.44561922550201416
without_past_csdiffat15,1,2025|Rounds 1-2|2025-05-08|Kiwoom DRX|T1,2025-05-08 08:06:11,0,0.46457189321517944
without_past_csdiffat15,1,2025|Rounds 1-2|2025-05-08|Gen.G|Nongshim RedForce,2025-05-08 10:16:11,1,0.8180086612701416
without_past_csdiffat15,1,2025|Rounds 1-2|2025-05-09|DN SOOPers|KT Rolster,2025-05-09 08:06:29,0,0.5024621486663818
without_past_csdiffat15,1,2025|Rounds 1-2|2025-05-09|HANJIN BRION|Hanwha Life Esports,2025-05-09 10:06:12,0,0.20846478641033173
without_past_csdiffat15,1,2025|Rounds 1-2|2025-05-10|Dplus Kia|T1,2025-05-10 06:05:23,0,0.13126058876514435
without_past_csdiffat15,1,2025|Rounds 1-2|2025-05-10|BNK FEARX|Gen.G,2025-05-10 08:12:35,0,0.28644949197769165
without_past_csdiffat15,1,2025|Rounds 1-2|2025-05-11|DN SOOPers|Nongshim RedForce,2025-05-11 06:05:43,1,0.5575388669967651
without_past_csdiffat15,1,2025|Rounds 1-2|2025-05-11|Hanwha Life Esports|Kiwoom DRX,2025-05-11 09:23:56,1,0.7588492631912231
without_past_csdiffat15,1,2025|Rounds 1-2|2025-05-14|BNK FEARX|Nongshim RedForce,2025-05-14 08:04:35,0,0.38605690002441406
without_past_csdiffat15,1,2025|Rounds 1-2|2025-05-14|Dplus Kia|Kiwoom DRX,2025-05-14 10:57:54,1,0.40230315923690796
without_past_csdiffat15,1,2025|Rounds 1-2|2025-05-15|Hanwha Life Esports|KT Rolster,2025-05-15 08:06:53,0,0.6278185844421387
without_past_csdiffat15,1,2025|Rounds 1-2|2025-05-15|HANJIN BRION|T1,2025-05-15 11:18:14,0,0.20939674973487854
without_past_csdiffat15,1,2025|Rounds 1-2|2025-05-16|BNK FEARX|Dplus Kia,2025-05-16 08:07:23,0,0.43694379925727844
without_past_csdiffat15,1,2025|Rounds 1-2|2025-05-16|DN SOOPers|Gen.G,2025-05-16 10:15:50,0,0.19173473119735718
without_past_csdiffat15,1,2025|Rounds 1-2|2025-05-17|Kiwoom DRX|Nongshim RedForce,2025-05-17 06:06:29,0,0.45743027329444885
without_past_csdiffat15,1,2025|Rounds 1-2|2025-05-17|HANJIN BRION|KT Rolster,2025-05-17 09:01:31,0,0.31715476512908936
without_past_csdiffat15,1,2025|Rounds 1-2|2025-05-18|DN SOOPers|Hanwha Life Esports,2025-05-18 06:04:32,0,0.21149013936519623
without_past_csdiffat15,1,2025|Rounds 1-2|2025-05-18|Gen.G|T1,2025-05-18 08:21:01,1,0.5701828598976135
without_past_csdiffat15,1,2025|Rounds 1-2|2025-05-21|Gen.G|Hanwha Life Esports,2025-05-21 08:06:27,1,0.6144266128540039
without_past_csdiffat15,1,2025|Rounds 1-2|2025-05-21|DN SOOPers|Kiwoom DRX,2025-05-21 11:23:37,0,0.2530374228954315
without_past_csdiffat15,1,2025|Rounds 1-2|2025-05-22|Dplus Kia|HANJIN BRION,2025-05-22 08:07:11,0,0.7622525095939636
without_past_csdiffat15,1,2025|Rounds 1-2|2025-05-22|BNK FEARX|T1,2025-05-22 10:12:41,0,0.4351959526538849
without_past_csdiffat15,1,2025|Rounds 1-2|2025-05-23|Gen.G|Kiwoom DRX,2025-05-23 08:07:24,1,0.6104447841644287
without_past_csdiffat15,1,2025|Rounds 1-2|2025-05-23|KT Rolster|Nongshim RedForce,2025-05-23 10:20:15,1,0.6380734443664551
without_past_csdiffat15,1,2025|Rounds 1-2|2025-05-24|Dplus Kia|Hanwha Life Esports,2025-05-24 06:04:59,1,0.6026054620742798
without_past_csdiffat15,1,2025|Rounds 1-2|2025-05-24|DN SOOPers|T1,2025-05-24 09:07:30,0,0.2852323651313782
without_past_csdiffat15,1,2025|Rounds 1-2|2025-05-25|HANJIN BRION|Nongshim RedForce,2025-05-25 06:04:05,0,0.6148887872695923
without_past_csdiffat15,1,2025|Rounds 1-2|2025-05-25|BNK FEARX|KT Rolster,2025-05-25 09:10:27,0,0.5028443336486816
without_past_csdiffat15,1,2025|Rounds 1-2|2025-05-28|BNK FEARX|DN SOOPers,2025-05-28 08:03:32,1,0.5945518016815186
without_past_csdiffat15,1,2025|Rounds 1-2|2025-05-28|Hanwha Life Esports|T1,2025-05-28 11:13:02,1,0.3911411464214325
without_past_csdiffat15,1,2025|Rounds 1-2|2025-05-29|HANJIN BRION|Kiwoom DRX,2025-05-29 08:06:13,0,0.6013853549957275
without_past_csdiffat15,1,2025|Rounds 1-2|2025-05-29|Gen.G|KT Rolster,2025-05-29 11:54:37,1,0.6330796480178833
without_past_csdiffat15,1,2025|Rounds 1-2|2025-05-30|Nongshim RedForce|T1,2025-05-30 08:06:20,1,0.5593823194503784
without_past_csdiffat15,1,2025|Rounds 1-2|2025-05-30|DN SOOPers|Dplus Kia,2025-05-30 10:17:54,0,0.47267794609069824
without_past_csdiffat15,1,2025|Rounds 1-2|2025-05-31|KT Rolster|Kiwoom DRX,2025-05-31 06:05:53,1,0.6930873394012451
without_past_csdiffat15,1,2025|Rounds 1-2|2025-05-31|Gen.G|HANJIN BRION,2025-05-31 08:16:20,1,0.7123814225196838
without_past_csdiffat15,1,2025|Rounds 1-2|2025-06-01|BNK FEARX|Hanwha Life Esports,2025-06-01 06:05:16,0,0.5655667781829834
without_past_csdiffat15,1,2025|Rounds 1-2|2025-06-01|Dplus Kia|Nongshim RedForce,2025-06-01 08:07:40,1,0.34758150577545166
without_past_csdiffat15,1,2025|Rounds 1-2|2025-06-04|Dplus Kia|KT Rolster,2025-06-04 08:08:19,0,0.5984013080596924
without_past_csdiffat15,1,2025|Rounds 1-2|2025-06-07|Dplus Kia|KT Rolster,2025-06-07 06:06:28,0,0.41029202938079834
without_past_csdiffat15,1,2025|Rounds 1-2|2025-06-08|KT Rolster|Nongshim RedForce,2025-06-08 06:07:06,1,0.6830793619155884
without_past_csdiffat15,2,2025|Rounds 1-2|2025-06-13|Gen.G|Hanwha Life Esports,2025-06-13 08:18:23,1,0.3916228413581848
without_past_csdiffat15,2,2025|Rounds 1-2|2025-06-14|KT Rolster|T1,2025-06-14 06:20:04,0,0.9722957611083984
without_past_csdiffat15,2,2025|Rounds 1-2|2025-06-15|Hanwha Life Esports|T1,2025-06-15 06:17:37,0,0.2698553204536438
without_past_csdiffat15,2,2025|Rounds 3-5|2025-07-23|Dplus Kia|HANJIN BRION,2025-07-23 08:07:58,0,0.5382591485977173
without_past_csdiffat15,2,2025|Rounds 3-5|2025-07-23|Gen.G|Hanwha Life Esports,2025-07-23 11:17:36,1,0.827448308467865
without_past_csdiffat15,2,2025|Rounds 3-5|2025-07-24|BNK FEARX|DN SOOPers,2025-07-24 08:05:02,1,0.4097040891647339
without_past_csdiffat15,2,2025|Rounds 3-5|2025-07-24|KT Rolster|Nongshim RedForce,2025-07-24 10:11:20,1,0.7131199836730957
without_past_csdiffat15,2,2025|Rounds 3-5|2025-07-25|Gen.G|T1,2025-07-25 08:11:59,0,0.5075198411941528
without_past_csdiffat15,2,2025|Rounds 3-5|2025-07-25|HANJIN BRION|Kiwoom DRX,2025-07-25 11:15:42,1,0.5413745045661926
without_past_csdiffat15,2,2025|Rounds 3-5|2025-07-26|BNK FEARX|Dplus Kia,2025-07-26 06:07:12,0,0.6665000915527344
without_past_csdiffat15,2,2025|Rounds 3-5|2025-07-26|Hanwha Life Esports|KT Rolster,2025-07-26 08:31:59,1,0.30331963300704956
without_past_csdiffat15,2,2025|Rounds 3-5|2025-07-27|DN SOOPers|Kiwoom DRX,2025-07-27 06:05:40,0,0.4587329626083374
without_past_csdiffat15,2,2025|Rounds 3-5|2025-07-27|Nongshim RedForce|T1,2025-07-27 09:29:10,0,0.18487082421779633
without_past_csdiffat15,2,2025|Rounds 3-5|2025-07-30|Dplus Kia|Kiwoom DRX,2025-07-30 08:07:21,1,0.5654141902923584
without_past_csdiffat15,2,2025|Rounds 3-5|2025-07-30|KT Rolster|T1,2025-07-30 11:48:43,0,0.4799846410751343
without_past_csdiffat15,2,2025|Rounds 3-5|2025-07-31|BNK FEARX|HANJIN BRION,2025-07-31 08:06:28,1,0.26270222663879395
without_past_csdiffat15,2,2025|Rounds 3-5|2025-07-31|Hanwha Life Esports|Nongshim RedForce,2025-07-31 10:31:25,1,0.6688466668128967
without_past_csdiffat15,2,2025|Rounds 3-5|2025-08-01|Gen.G|KT Rolster,2025-08-01 08:04:50,1,0.6273776888847351
without_past_csdiffat15,2,2025|Rounds 3-5|2025-08-01|DN SOOPers|Dplus Kia,2025-08-01 10:25:35,0,0.22235563397407532
without_past_csdiffat15,2,2025|Rounds 3-5|2025-08-02|Hanwha Life Esports|T1,2025-08-02 06:07:06,0,0.4739390015602112
without_past_csdiffat15,2,2025|Rounds 3-5|2025-08-02|BNK FEARX|Kiwoom DRX,2025-08-02 08:31:55,0,0.5277612209320068
without_past_csdiffat15,2,2025|Rounds 3-5|2025-08-03|DN SOOPers|HANJIN BRION,2025-08-03 06:07:00,0,0.4133065938949585
without_past_csdiffat15,2,2025|Rounds 3-5|2025-08-03|Gen.G|Nongshim RedForce,2025-08-03 08:33:38,1,0.596064031124115
without_past_csdiffat15,2,2025|Rounds 3-5|2025-08-06|Hanwha Life Esports|Nongshim RedForce,2025-08-06 08:06:02,1,0.8566446304321289
without_past_csdiffat15,2,2025|Rounds 3-5|2025-08-06|BNK FEARX|HANJIN BRION,2025-08-06 10:22:21,1,0.46603477001190186
without_past_csdiffat15,2,2025|Rounds 3-5|2025-08-07|DN SOOPers|Kiwoom DRX,2025-08-07 08:06:22,1,0.26697444915771484
without_past_csdiffat15,2,2025|Rounds 3-5|2025-08-07|Gen.G|T1,2025-08-07 11:20:03,1,0.47408777475357056
without_past_csdiffat15,2,2025|Rounds 3-5|2025-08-08|BNK FEARX|Dplus Kia,2025-08-08 08:08:25,1,0.26303160190582275
without_past_csdiffat15,2,2025|Rounds 3-5|2025-08-08|Hanwha Life Esports|KT Rolster,2025-08-08 10:27:25,1,0.647301197052002
without_past_csdiffat15,2,2025|Rounds 3-5|2025-08-09|HANJIN BRION|Kiwoom DRX,2025-08-09 06:11:11,1,0.39241382479667664
without_past_csdiffat15,2,2025|Rounds 3-5|2025-08-09|Nongshim RedForce|T1,2025-08-09 09:16:24,0,0.23401036858558655
without_past_csdiffat15,2,2025|Rounds 3-5|2025-08-10|Gen.G|KT Rolster,2025-08-10 06:06:45,1,0.902198314666748
without_past_csdiffat15,2,2025|Rounds 3-5|2025-08-10|DN SOOPers|Dplus Kia,2025-08-10 08:19:07,0,0.26218903064727783
without_past_csdiffat15,2,2025|Rounds 3-5|2025-08-13|KT Rolster|T1,2025-08-13 08:10:10,0,0.26079609990119934
without_past_csdiffat15,2,2025|Rounds 3-5|2025-08-13|BNK FEARX|DN SOOPers,2025-08-13 10:08:55,1,0.5611437559127808
without_past_csdiffat15,2,2025|Rounds 3-5|2025-08-14|Gen.G|Nongshim RedForce,2025-08-14 08:07:37,1,0.8758223652839661
without_past_csdiffat15,2,2025|Rounds 3-5|2025-08-14|Dplus Kia|Kiwoom DRX,2025-08-14 10:09:25,1,0.724082350730896
without_past_csdiffat15,2,2025|Rounds 3-5|2025-08-15|DN SOOPers|HANJIN BRION,2025-08-15 08:06:45,1,0.48103925585746765
without_past_csdiffat15,2,2025|Rounds 3-5|2025-08-15|Hanwha Life Esports|T1,2025-08-15 11:15:30,0,0.39926618337631226
without_past_csdiffat15,2,2025|Rounds 3-5|2025-08-16|KT Rolster|Nongshim RedForce,2025-08-16 06:05:19,1,0.4320509433746338
without_past_csdiffat15,2,2025|Rounds 3-5|2025-08-16|BNK FEARX|Kiwoom DRX,2025-08-16 09:05:30,0,0.7871800065040588
without_past_csdiffat15,2,2025|Rounds 3-5|2025-08-17|Gen.G|Hanwha Life Esports,2025-08-17 06:07:44,1,0.8586466312408447
without_past_csdiffat15,2,2025|Rounds 3-5|2025-08-17|Dplus Kia|HANJIN BRION,2025-08-17 09:10:43,0,0.657460629940033
without_past_csdiffat15,2,2025|Rounds 3-5|2025-08-20|DN SOOPers|Kiwoom DRX,2025-08-20 08:06:31,0,0.6236750483512878
without_past_csdiffat15,2,2025|Rounds 3-5|2025-08-20|Gen.G|Nongshim RedForce,2025-08-20 10:33:21,1,0.8584945201873779
without_past_csdiffat15,3,2025|Rounds 3-5|2025-08-21|Hanwha Life Esports|KT Rolster,2025-08-21 08:05:15,1,0.4173606336116791
without_past_csdiffat15,3,2025|Rounds 3-5|2025-08-21|BNK FEARX|HANJIN BRION,2025-08-21 11:27:46,1,0.5284968018531799
without_past_csdiffat15,3,2025|Rounds 3-5|2025-08-22|Nongshim RedForce|T1,2025-08-22 08:05:01,0,0.10151281952857971
without_past_csdiffat15,3,2025|Rounds 3-5|2025-08-22|Dplus Kia|Kiwoom DRX,2025-08-22 10:59:29,1,0.4068562388420105
without_past_csdiffat15,3,2025|Rounds 3-5|2025-08-23|Gen.G|Hanwha Life Esports,2025-08-23 06:06:52,1,0.5833598375320435
without_past_csdiffat15,3,2025|Rounds 3-5|2025-08-23|DN SOOPers|HANJIN BRION,2025-08-23 09:20:22,1,0.4401829242706299
without_past_csdiffat15,3,2025|Rounds 3-5|2025-08-24|BNK FEARX|Dplus Kia,2025-08-24 06:06:54,0,0.6217884421348572
without_past_csdiffat15,3,2025|Rounds 3-5|2025-08-24|KT Rolster|T1,2025-08-24 08:27:55,1,0.4203405976295471
without_past_csdiffat15,3,2025|Rounds 3-5|2025-08-27|Hanwha Life Esports|T1,2025-08-27 08:04:11,0,0.6387652158737183
without_past_csdiffat15,3,2025|Rounds 3-5|2025-08-27|BNK FEARX|DN SOOPers,2025-08-27 11:21:15,1,0.5216802954673767
without_past_csdiffat15,3,2025|Rounds 3-5|2025-08-28|Dplus Kia|HANJIN BRION,2025-08-28 08:08:10,1,0.7906581163406372
without_past_csdiffat15,3,2025|Rounds 3-5|2025-08-28|Gen.G|KT Rolster,2025-08-28 10:12:22,1,0.4989369213581085
without_past_csdiffat15,3,2025|Rounds 3-5|2025-08-29|BNK FEARX|Kiwoom DRX,2025-08-29 08:07:17,1,0.6170399188995361
without_past_csdiffat15,3,2025|Rounds 3-5|2025-08-29|Hanwha Life Esports|Nongshim RedForce,2025-08-29 11:12:12,1,0.5353466272354126
without_past_csdiffat15,3,2025|Rounds 3-5|2025-08-30|Gen.G|T1,2025-08-30 06:12:29,1,0.6583656072616577
without_past_csdiffat15,3,2025|Rounds 3-5|2025-08-30|DN SOOPers|Dplus Kia,2025-08-30 09:32:44,0,0.25173428654670715
without_past_csdiffat15,3,2025|Rounds 3-5|2025-08-31|KT Rolster|Nongshim RedForce,2025-08-31 06:06:31,1,0.6349654197692871
without_past_csdiffat15,3,2025|Rounds 3-5|2025-08-31|HANJIN BRION|Kiwoom DRX,2025-08-31 08:29:18,1,0.46104466915130615
without_past_csdiffat15,3,2025|Rounds 3-5|2025-09-03|HANJIN BRION|Nongshim RedForce,2025-09-03 08:08:06,0,0.601507842540741
without_past_csdiffat15,3,2025|Rounds 3-5|2025-09-04|BNK FEARX|Dplus Kia,2025-09-04 08:08:41,1,0.6075484752655029
without_past_csdiffat15,3,2025|Rounds 3-5|2025-09-05|BNK FEARX|Nongshim RedForce,2025-09-05 08:07:35,1,0.5324795842170715
without_past_csdiffat15,3,2025|Rounds 3-5|2025-09-06|Dplus Kia|HANJIN BRION,2025-09-06 06:09:11,1,0.4778464734554291
without_past_csdiffat15,3,2025|Rounds 3-5|2025-09-07|Dplus Kia|Nongshim RedForce,2025-09-07 06:09:43,1,0.619621217250824
without_past_csdiffat15,3,2025|Rounds 3-5|2025-09-10|Dplus Kia|T1,2025-09-10 08:11:38,0,0.8189698457717896
without_past_csdiffat15,3,2025|Rounds 3-5|2025-09-11|BNK FEARX|KT Rolster,2025-09-11 08:09:47,0,0.5629662871360779
without_past_csdiffat15,3,2025|Rounds 3-5|2025-09-13|Gen.G|KT Rolster,2025-09-13 06:11:13,0,0.6500511169433594
without_past_csdiffat15,3,2025|Rounds 3-5|2025-09-14|Hanwha Life Esports|T1,2025-09-14 06:11:34,1,0.4458211064338684
without_past_csdiffat15,3,2025|Rounds 3-5|2025-09-17|BNK FEARX|Dplus Kia,2025-09-17 08:12:41,0,0.628241777420044
without_past_csdiffat15,3,2025|Rounds 3-5|2025-09-18|Dplus Kia|T1,2025-09-18 08:13:43,0,0.6518834829330444
without_past_csdiffat15,3,2025|Rounds 3-5|2025-09-20|Hanwha Life Esports|KT Rolster,2025-09-20 06:07:09,1,0.6915934681892395
without_past_csdiffat15,3,2025|Rounds 3-5|2025-09-21|Gen.G|T1,2025-09-21 06:08:55,1,0.2669772803783417
without_past_csdiffat15,3,2025|Rounds 3-5|2025-09-27|Gen.G|KT Rolster,2025-09-27 05:23:49,1,0.7124634385108948
without_past_csdiffat15,3,2025|Rounds 3-5|2025-09-28|Gen.G|Hanwha Life Esports,2025-09-28 05:30:31,1,0.6117173433303833
without_past_kills_per_min,1,2025|Rounds 1-2|2025-05-04|KT Rolster|T1,2025-05-04 06:06:00,0,0.21391086280345917
without_past_kills_per_min,1,2025|Rounds 1-2|2025-05-04|DN SOOPers|HANJIN BRION,2025-05-04 08:20:59,0,0.4502140283584595
without_past_kills_per_min,1,2025|Rounds 1-2|2025-05-07|BNK FEARX|HANJIN BRION,2025-05-07 08:03:23,1,0.398082435131073
without_past_kills_per_min,1,2025|Rounds 1-2|2025-05-07|Dplus Kia|KT Rolster,2025-05-07 11:02:40,0,0.4850781559944153
without_past_kills_per_min,1,2025|Rounds 1-2|2025-05-08|Kiwoom DRX|T1,2025-05-08 08:06:11,0,0.42586058378219604
without_past_kills_per_min,1,2025|Rounds 1-2|2025-05-08|Gen.G|Nongshim RedForce,2025-05-08 10:16:11,1,0.9130203723907471
without_past_kills_per_min,1,2025|Rounds 1-2|2025-05-09|DN SOOPers|KT Rolster,2025-05-09 08:06:29,0,0.4782314896583557
without_past_kills_per_min,1,2025|Rounds 1-2|2025-05-09|HANJIN BRION|Hanwha Life Esports,2025-05-09 10:06:12,0,0.11280077695846558
without_past_kills_per_min,1,2025|Rounds 1-2|2025-05-10|Dplus Kia|T1,2025-05-10 06:05:23,0,0.06305555254220963
without_past_kills_per_min,1,2025|Rounds 1-2|2025-05-10|BNK FEARX|Gen.G,2025-05-10 08:12:35,0,0.2607364058494568
without_past_kills_per_min,1,2025|Rounds 1-2|2025-05-11|DN SOOPers|Nongshim RedForce,2025-05-11 06:05:43,1,0.5767497420310974
without_past_kills_per_min,1,2025|Rounds 1-2|2025-05-11|Hanwha Life Esports|Kiwoom DRX,2025-05-11 09:23:56,1,0.8358194828033447
without_past_kills_per_min,1,2025|Rounds 1-2|2025-05-14|BNK FEARX|Nongshim RedForce,2025-05-14 08:04:35,0,0.4226127564907074
without_past_kills_per_min,1,2025|Rounds 1-2|2025-05-14|Dplus Kia|Kiwoom DRX,2025-05-14 10:57:54,1,0.3645188808441162
without_past_kills_per_min,1,2025|Rounds 1-2|2025-05-15|Hanwha Life Esports|KT Rolster,2025-05-15 08:06:53,0,0.6714743375778198
without_past_kills_per_min,1,2025|Rounds 1-2|2025-05-15|HANJIN BRION|T1,2025-05-15 11:18:14,0,0.1137266755104065
without_past_kills_per_min,1,2025|Rounds 1-2|2025-05-16|BNK FEARX|Dplus Kia,2025-05-16 08:07:23,0,0.3520427346229553
without_past_kills_per_min,1,2025|Rounds 1-2|2025-05-16|DN SOOPers|Gen.G,2025-05-16 10:15:50,0,0.1463533341884613
without_past_kills_per_min,1,2025|Rounds 1-2|2025-05-17|Kiwoom DRX|Nongshim RedForce,2025-05-17 06:06:29,0,0.39238762855529785
without_past_kills_per_min,1,2025|Rounds 1-2|2025-05-17|HANJIN BRION|KT Rolster,2025-05-17 09:01:31,0,0.317864328622818
without_past_kills_per_min,1,2025|Rounds 1-2|2025-05-18|DN SOOPers|Hanwha Life Esports,2025-05-18 06:04:32,0,0.1765272617340088
without_past_kills_per_min,1,2025|Rounds 1-2|2025-05-18|Gen.G|T1,2025-05-18 08:21:01,1,0.5902515649795532
without_past_kills_per_min,1,2025|Rounds 1-2|2025-05-21|Gen.G|Hanwha Life Esports,2025-05-21 08:06:27,1,0.6270319223403931
without_past_kills_per_min,1,2025|Rounds 1-2|2025-05-21|DN SOOPers|Kiwoom DRX,2025-05-21 11:23:37,0,0.21754345297813416
without_past_kills_per_min,1,2025|Rounds 1-2|2025-05-22|Dplus Kia|HANJIN BRION,2025-05-22 08:07:11,0,0.8358832597732544
without_past_kills_per_min,1,2025|Rounds 1-2|2025-05-22|BNK FEARX|T1,2025-05-22 10:12:41,0,0.35830265283584595
without_past_kills_per_min,1,2025|Rounds 1-2|2025-05-23|Gen.G|Kiwoom DRX,2025-05-23 08:07:24,1,0.6600257158279419
without_past_kills_per_min,1,2025|Rounds 1-2|2025-05-23|KT Rolster|Nongshim RedForce,2025-05-23 10:20:15,1,0.55694580078125
without_past_kills_per_min,1,2025|Rounds 1-2|2025-05-24|Dplus Kia|Hanwha Life Esports,2025-05-24 06:04:59,1,0.550313413143158
without_past_kills_per_min,1,2025|Rounds 1-2|2025-05-24|DN SOOPers|T1,2025-05-24 09:07:30,0,0.19394347071647644
without_past_kills_per_min,1,2025|Rounds 1-2|2025-05-25|HANJIN BRION|Nongshim RedForce,2025-05-25 06:04:05,0,0.6426495909690857
without_past_kills_per_min,1,2025|Rounds 1-2|2025-05-25|BNK FEARX|KT Rolster,2025-05-25 09:10:27,0,0.43679630756378174
without_past_kills_per_min,1,2025|Rounds 1-2|2025-05-28|BNK FEARX|DN SOOPers,2025-05-28 08:03:32,1,0.6160049438476562
without_past_kills_per_min,1,2025|Rounds 1-2|2025-05-28|Hanwha Life Esports|T1,2025-05-28 11:13:02,1,0.279986172914505
without_past_kills_per_min,1,2025|Rounds 1-2|2025-05-29|HANJIN BRION|Kiwoom DRX,2025-05-29 08:06:13,0,0.5321012735366821
without_past_kills_per_min,1,2025|Rounds 1-2|2025-05-29|Gen.G|KT Rolster,2025-05-29 11:54:37,1,0.7008331418037415
without_past_kills_per_min,1,2025|Rounds 1-2|2025-05-30|Nongshim RedForce|T1,2025-05-30 08:06:20,1,0.5144616961479187
without_past_kills_per_min,1,2025|Rounds 1-2|2025-05-30|DN SOOPers|Dplus Kia,2025-05-30 10:17:54,0,0.4497184455394745
without_past_kills_per_min,1,2025|Rounds 1-2|2025-05-31|KT Rolster|Kiwoom DRX,2025-05-31 06:05:53,1,0.6964257955551147
without_past_kills_per_min,1,2025|Rounds 1-2|2025-05-31|Gen.G|HANJIN BRION,2025-05-31 08:16:20,1,0.804936945438385
without_past_kills_per_min,1,2025|Rounds 1-2|2025-06-01|BNK FEARX|Hanwha Life Esports,2025-06-01 06:05:16,0,0.48442912101745605
without_past_kills_per_min,1,2025|Rounds 1-2|2025-06-01|Dplus Kia|Nongshim RedForce,2025-06-01 08:07:40,1,0.3568832278251648
without_past_kills_per_min,1,2025|Rounds 1-2|2025-06-04|Dplus Kia|KT Rolster,2025-06-04 08:08:19,0,0.7182514071464539
without_past_kills_per_min,1,2025|Rounds 1-2|2025-06-07|Dplus Kia|KT Rolster,2025-06-07 06:06:28,0,0.2987954020500183
without_past_kills_per_min,1,2025|Rounds 1-2|2025-06-08|KT Rolster|Nongshim RedForce,2025-06-08 06:07:06,1,0.7512767314910889
without_past_kills_per_min,2,2025|Rounds 1-2|2025-06-13|Gen.G|Hanwha Life Esports,2025-06-13 08:18:23,1,0.3841531574726105
without_past_kills_per_min,2,2025|Rounds 1-2|2025-06-14|KT Rolster|T1,2025-06-14 06:20:04,0,0.9739630222320557
without_past_kills_per_min,2,2025|Rounds 1-2|2025-06-15|Hanwha Life Esports|T1,2025-06-15 06:17:37,0,0.20941703021526337
without_past_kills_per_min,2,2025|Rounds 3-5|2025-07-23|Dplus Kia|HANJIN BRION,2025-07-23 08:07:58,0,0.5107008218765259
without_past_kills_per_min,2,2025|Rounds 3-5|2025-07-23|Gen.G|Hanwha Life Esports,2025-07-23 11:17:36,1,0.8461800813674927
without_past_kills_per_min,2,2025|Rounds 3-5|2025-07-24|BNK FEARX|DN SOOPers,2025-07-24 08:05:02,1,0.4101537764072418
without_past_kills_per_min,2,2025|Rounds 3-5|2025-07-24|KT Rolster|Nongshim RedForce,2025-07-24 10:11:20,1,0.6947879791259766
without_past_kills_per_min,2,2025|Rounds 3-5|2025-07-25|Gen.G|T1,2025-07-25 08:11:59,0,0.4699001908302307
without_past_kills_per_min,2,2025|Rounds 3-5|2025-07-25|HANJIN BRION|Kiwoom DRX,2025-07-25 11:15:42,1,0.7260921597480774
without_past_kills_per_min,2,2025|Rounds 3-5|2025-07-26|BNK FEARX|Dplus Kia,2025-07-26 06:07:12,0,0.7346979379653931
without_past_kills_per_min,2,2025|Rounds 3-5|2025-07-26|Hanwha Life Esports|KT Rolster,2025-07-26 08:31:59,1,0.3513873815536499
without_past_kills_per_min,2,2025|Rounds 3-5|2025-07-27|DN SOOPers|Kiwoom DRX,2025-07-27 06:05:40,0,0.5107602477073669
without_past_kills_per_min,2,2025|Rounds 3-5|2025-07-27|Nongshim RedForce|T1,2025-07-27 09:29:10,0,0.13690099120140076
without_past_kills_per_min,2,2025|Rounds 3-5|2025-07-30|Dplus Kia|Kiwoom DRX,2025-07-30 08:07:21,1,0.7703075408935547
without_past_kills_per_min,2,2025|Rounds 3-5|2025-07-30|KT Rolster|T1,2025-07-30 11:48:43,0,0.31589171290397644
without_past_kills_per_min,2,2025|Rounds 3-5|2025-07-31|BNK FEARX|HANJIN BRION,2025-07-31 08:06:28,1,0.12832455337047577
without_past_kills_per_min,2,2025|Rounds 3-5|2025-07-31|Hanwha Life Esports|Nongshim RedForce,2025-07-31 10:31:25,1,0.7104694843292236
without_past_kills_per_min,2,2025|Rounds 3-5|2025-08-01|Gen.G|KT Rolster,2025-08-01 08:04:50,1,0.7466714978218079
without_past_kills_per_min,2,2025|Rounds 3-5|2025-08-01|DN SOOPers|Dplus Kia,2025-08-01 10:25:35,0,0.23347248136997223
without_past_kills_per_min,2,2025|Rounds 3-5|2025-08-02|Hanwha Life Esports|T1,2025-08-02 06:07:06,0,0.5041446685791016
without_past_kills_per_min,2,2025|Rounds 3-5|2025-08-02|BNK FEARX|Kiwoom DRX,2025-08-02 08:31:55,0,0.5882229804992676
without_past_kills_per_min,2,2025|Rounds 3-5|2025-08-03|DN SOOPers|HANJIN BRION,2025-08-03 06:07:00,0,0.4733560085296631
without_past_kills_per_min,2,2025|Rounds 3-5|2025-08-03|Gen.G|Nongshim RedForce,2025-08-03 08:33:38,1,0.6236124038696289
without_past_kills_per_min,2,2025|Rounds 3-5|2025-08-06|Hanwha Life Esports|Nongshim RedForce,2025-08-06 08:06:02,1,0.8593072891235352
without_past_kills_per_min,2,2025|Rounds 3-5|2025-08-06|BNK FEARX|HANJIN BRION,2025-08-06 10:22:21,1,0.4911147952079773
without_past_kills_per_min,2,2025|Rounds 3-5|2025-08-07|DN SOOPers|Kiwoom DRX,2025-08-07 08:06:22,1,0.273146390914917
without_past_kills_per_min,2,2025|Rounds 3-5|2025-08-07|Gen.G|T1,2025-08-07 11:20:03,1,0.3997678756713867
without_past_kills_per_min,2,2025|Rounds 3-5|2025-08-08|BNK FEARX|Dplus Kia,2025-08-08 08:08:25,1,0.27672451734542847
without_past_kills_per_min,2,2025|Rounds 3-5|2025-08-08|Hanwha Life Esports|KT Rolster,2025-08-08 10:27:25,1,0.7159291505813599
without_past_kills_per_min,2,2025|Rounds 3-5|2025-08-09|HANJIN BRION|Kiwoom DRX,2025-08-09 06:11:11,1,0.26331332325935364
without_past_kills_per_min,2,2025|Rounds 3-5|2025-08-09|Nongshim RedForce|T1,2025-08-09 09:16:24,0,0.21304729580879211
without_past_kills_per_min,2,2025|Rounds 3-5|2025-08-10|Gen.G|KT Rolster,2025-08-10 06:06:45,1,0.9015963077545166
without_past_kills_per_min,2,2025|Rounds 3-5|2025-08-10|DN SOOPers|Dplus Kia,2025-08-10 08:19:07,0,0.22896090149879456
without_past_kills_per_min,2,2025|Rounds 3-5|2025-08-13|KT Rolster|T1,2025-08-13 08:10:10,0,0.20927266776561737
without_past_kills_per_min,2,2025|Rounds 3-5|2025-08-13|BNK FEARX|DN SOOPers,2025-08-13 10:08:55,1,0.6964730024337769
without_past_kills_per_min,2,2025|Rounds 3-5|2025-08-14|Gen.G|Nongshim RedForce,2025-08-14 08:07:37,1,0.8959828615188599
without_past_kills_per_min,2,2025|Rounds 3-5|2025-08-14|Dplus Kia|Kiwoom DRX,2025-08-14 10:09:25,1,0.7264173030853271
without_past_kills_per_min,2,2025|Rounds 3-5|2025-08-15|DN SOOPers|HANJIN BRION,2025-08-15 08:06:45,1,0.47788411378860474
without_past_kills_per_min,2,2025|Rounds 3-5|2025-08-15|Hanwha Life Esports|T1,2025-08-15 11:15:30,0,0.47065532207489014
without_past_kills_per_min,2,2025|Rounds 3-5|2025-08-16|KT Rolster|Nongshim RedForce,2025-08-16 06:05:19,1,0.4188843369483948
without_past_kills_per_min,2,2025|Rounds 3-5|2025-08-16|BNK FEARX|Kiwoom DRX,2025-08-16 09:05:30,0,0.8752338886260986
without_past_kills_per_min,2,2025|Rounds 3-5|2025-08-17|Gen.G|Hanwha Life Esports,2025-08-17 06:07:44,1,0.8175452947616577
without_past_kills_per_min,2,2025|Rounds 3-5|2025-08-17|Dplus Kia|HANJIN BRION,2025-08-17 09:10:43,0,0.6561272144317627
without_past_kills_per_min,2,2025|Rounds 3-5|2025-08-20|DN SOOPers|Kiwoom DRX,2025-08-20 08:06:31,0,0.6362193822860718
without_past_kills_per_min,2,2025|Rounds 3-5|2025-08-20|Gen.G|Nongshim RedForce,2025-08-20 10:33:21,1,0.8822345733642578
without_past_kills_per_min,3,2025|Rounds 3-5|2025-08-21|Hanwha Life Esports|KT Rolster,2025-08-21 08:05:15,1,0.40852105617523193
without_past_kills_per_min,3,2025|Rounds 3-5|2025-08-21|BNK FEARX|HANJIN BRION,2025-08-21 11:27:46,1,0.4923163056373596
without_past_kills_per_min,3,2025|Rounds 3-5|2025-08-22|Nongshim RedForce|T1,2025-08-22 08:05:01,0,0.1117568165063858
without_past_kills_per_min,3,2025|Rounds 3-5|2025-08-22|Dplus Kia|Kiwoom DRX,2025-08-22 10:59:29,1,0.4283066987991333
without_past_kills_per_min,3,2025|Rounds 3-5|2025-08-23|Gen.G|Hanwha Life Esports,2025-08-23 06:06:52,1,0.6020280718803406
without_past_kills_per_min,3,2025|Rounds 3-5|2025-08-23|DN SOOPers|HANJIN BRION,2025-08-23 09:20:22,1,0.461911141872406
without_past_kills_per_min,3,2025|Rounds 3-5|2025-08-24|BNK FEARX|Dplus Kia,2025-08-24 06:06:54,0,0.5637279748916626
without_past_kills_per_min,3,2025|Rounds 3-5|2025-08-24|KT Rolster|T1,2025-08-24 08:27:55,1,0.3657594323158264
without_past_kills_per_min,3,2025|Rounds 3-5|2025-08-27|Hanwha Life Esports|T1,2025-08-27 08:04:11,0,0.6342252492904663
without_past_kills_per_min,3,2025|Rounds 3-5|2025-08-27|BNK FEARX|DN SOOPers,2025-08-27 11:21:15,1,0.4899837374687195
without_past_kills_per_min,3,2025|Rounds 3-5|2025-08-28|Dplus Kia|HANJIN BRION,2025-08-28 08:08:10,1,0.7469817399978638
without_past_kills_per_min,3,2025|Rounds 3-5|2025-08-28|Gen.G|KT Rolster,2025-08-28 10:12:22,1,0.5456965565681458
without_past_kills_per_min,3,2025|Rounds 3-5|2025-08-29|BNK FEARX|Kiwoom DRX,2025-08-29 08:07:17,1,0.5801551342010498
without_past_kills_per_min,3,2025|Rounds 3-5|2025-08-29|Hanwha Life Esports|Nongshim RedForce,2025-08-29 11:12:12,1,0.5669360756874084
without_past_kills_per_min,3,2025|Rounds 3-5|2025-08-30|Gen.G|T1,2025-08-30 06:12:29,1,0.6303336024284363
without_past_kills_per_min,3,2025|Rounds 3-5|2025-08-30|DN SOOPers|Dplus Kia,2025-08-30 09:32:44,0,0.2827779948711395
without_past_kills_per_min,3,2025|Rounds 3-5|2025-08-31|KT Rolster|Nongshim RedForce,2025-08-31 06:06:31,1,0.6572133898735046
without_past_kills_per_min,3,2025|Rounds 3-5|2025-08-31|HANJIN BRION|Kiwoom DRX,2025-08-31 08:29:18,1,0.4757441282272339
without_past_kills_per_min,3,2025|Rounds 3-5|2025-09-03|HANJIN BRION|Nongshim RedForce,2025-09-03 08:08:06,0,0.6272227168083191
without_past_kills_per_min,3,2025|Rounds 3-5|2025-09-04|BNK FEARX|Dplus Kia,2025-09-04 08:08:41,1,0.572190523147583
without_past_kills_per_min,3,2025|Rounds 3-5|2025-09-05|BNK FEARX|Nongshim RedForce,2025-09-05 08:07:35,1,0.5056812763214111
without_past_kills_per_min,3,2025|Rounds 3-5|2025-09-06|Dplus Kia|HANJIN BRION,2025-09-06 06:09:11,1,0.472221314907074
without_past_kills_per_min,3,2025|Rounds 3-5|2025-09-07|Dplus Kia|Nongshim RedForce,2025-09-07 06:09:43,1,0.6788998246192932
without_past_kills_per_min,3,2025|Rounds 3-5|2025-09-10|Dplus Kia|T1,2025-09-10 08:11:38,0,0.8269534111022949
without_past_kills_per_min,3,2025|Rounds 3-5|2025-09-11|BNK FEARX|KT Rolster,2025-09-11 08:09:47,0,0.5985815525054932
without_past_kills_per_min,3,2025|Rounds 3-5|2025-09-13|Gen.G|KT Rolster,2025-09-13 06:11:13,0,0.6824367642402649
without_past_kills_per_min,3,2025|Rounds 3-5|2025-09-14|Hanwha Life Esports|T1,2025-09-14 06:11:34,1,0.42434340715408325
without_past_kills_per_min,3,2025|Rounds 3-5|2025-09-17|BNK FEARX|Dplus Kia,2025-09-17 08:12:41,0,0.6085147261619568
without_past_kills_per_min,3,2025|Rounds 3-5|2025-09-18|Dplus Kia|T1,2025-09-18 08:13:43,0,0.6629887819290161
without_past_kills_per_min,3,2025|Rounds 3-5|2025-09-20|Hanwha Life Esports|KT Rolster,2025-09-20 06:07:09,1,0.6990444660186768
without_past_kills_per_min,3,2025|Rounds 3-5|2025-09-21|Gen.G|T1,2025-09-21 06:08:55,1,0.3245692253112793
without_past_kills_per_min,3,2025|Rounds 3-5|2025-09-27|Gen.G|KT Rolster,2025-09-27 05:23:49,1,0.6994094848632812
without_past_kills_per_min,3,2025|Rounds 3-5|2025-09-28|Gen.G|Hanwha Life Esports,2025-09-28 05:30:31,1,0.5551681518554688
without_past_deaths_per_min,1,2025|Rounds 1-2|2025-05-04|KT Rolster|T1,2025-05-04 06:06:00,0,0.35885104537010193
without_past_deaths_per_min,1,2025|Rounds 1-2|2025-05-04|DN SOOPers|HANJIN BRION,2025-05-04 08:20:59,0,0.452327698469162
without_past_deaths_per_min,1,2025|Rounds 1-2|2025-05-07|BNK FEARX|HANJIN BRION,2025-05-07 08:03:23,1,0.36773881316185
without_past_deaths_per_min,1,2025|Rounds 1-2|2025-05-07|Dplus Kia|KT Rolster,2025-05-07 11:02:40,0,0.5043329000473022
without_past_deaths_per_min,1,2025|Rounds 1-2|2025-05-08|Kiwoom DRX|T1,2025-05-08 08:06:11,0,0.5016444325447083
without_past_deaths_per_min,1,2025|Rounds 1-2|2025-05-08|Gen.G|Nongshim RedForce,2025-05-08 10:16:11,1,0.7464329600334167
without_past_deaths_per_min,1,2025|Rounds 1-2|2025-05-09|DN SOOPers|KT Rolster,2025-05-09 08:06:29,0,0.4364064931869507
without_past_deaths_per_min,1,2025|Rounds 1-2|2025-05-09|HANJIN BRION|Hanwha Life Esports,2025-05-09 10:06:12,0,0.27793675661087036
without_past_deaths_per_min,1,2025|Rounds 1-2|2025-05-10|Dplus Kia|T1,2025-05-10 06:05:23,0,0.22604793310165405
without_past_deaths_per_min,1,2025|Rounds 1-2|2025-05-10|BNK FEARX|Gen.G,2025-05-10 08:12:35,0,0.30712997913360596
without_past_deaths_per_min,1,2025|Rounds 1-2|2025-05-11|DN SOOPers|Nongshim RedForce,2025-05-11 06:05:43,1,0.46621736884117126
without_past_deaths_per_min,1,2025|Rounds 1-2|2025-05-11|Hanwha Life Esports|Kiwoom DRX,2025-05-11 09:23:56,1,0.6595975756645203
without_past_deaths_per_min,1,2025|Rounds 1-2|2025-05-14|BNK FEARX|Nongshim RedForce,2025-05-14 08:04:35,0,0.5823520421981812
without_past_deaths_per_min,1,2025|Rounds 1-2|2025-05-14|Dplus Kia|Kiwoom DRX,2025-05-14 10:57:54,1,0.45825642347335815
without_past_deaths_per_min,1,2025|Rounds 1-2|2025-05-15|Hanwha Life Esports|KT Rolster,2025-05-15 08:06:53,0,0.5075069665908813
without_past_deaths_per_min,1,2025|Rounds 1-2|2025-05-15|HANJIN BRION|T1,2025-05-15 11:18:14,0,0.21718630194664001
without_past_deaths_per_min,1,2025|Rounds 1-2|2025-05-16|BNK FEARX|Dplus Kia,2025-05-16 08:07:23,0,0.44071948528289795
without_past_deaths_per_min,1,2025|Rounds 1-2|2025-05-16|DN SOOPers|Gen.G,2025-05-16 10:15:50,0,0.280387818813324
without_past_deaths_per_min,1,2025|Rounds 1-2|2025-05-17|Kiwoom DRX|Nongshim RedForce,2025-05-17 06:06:29,0,0.4571090340614319
without_past_deaths_per_min,1,2025|Rounds 1-2|2025-05-17|HANJIN BRION|KT Rolster,2025-05-17 09:01:31,0,0.3055025339126587
without_past_deaths_per_min,1,2025|Rounds 1-2|2025-05-18|DN SOOPers|Hanwha Life Esports,2025-05-18 06:04:32,0,0.37448859214782715
without_past_deaths_per_min,1,2025|Rounds 1-2|2025-05-18|Gen.G|T1,2025-05-18 08:21:01,1,0.5536350607872009
without_past_deaths_per_min,1,2025|Rounds 1-2|2025-05-21|Gen.G|Hanwha Life Esports,2025-05-21 08:06:27,1,0.6390743255615234
without_past_deaths_per_min,1,2025|Rounds 1-2|2025-05-21|DN SOOPers|Kiwoom DRX,2025-05-21 11:23:37,0,0.41837170720100403
without_past_deaths_per_min,1,2025|Rounds 1-2|2025-05-22|Dplus Kia|HANJIN BRION,2025-05-22 08:07:11,0,0.7056658267974854
without_past_deaths_per_min,1,2025|Rounds 1-2|2025-05-22|BNK FEARX|T1,2025-05-22 10:12:41,0,0.4356636703014374
without_past_deaths_per_min,1,2025|Rounds 1-2|2025-05-23|Gen.G|Kiwoom DRX,2025-05-23 08:07:24,1,0.6470803022384644
without_past_deaths_per_min,1,2025|Rounds 1-2|2025-05-23|KT Rolster|Nongshim RedForce,2025-05-23 10:20:15,1,0.557350754737854
without_past_deaths_per_min,1,2025|Rounds 1-2|2025-05-24|Dplus Kia|Hanwha Life Esports,2025-05-24 06:04:59,1,0.6136038303375244
without_past_deaths_per_min,1,2025|Rounds 1-2|2025-05-24|DN SOOPers|T1,2025-05-24 09:07:30,0,0.3294597864151001
without_past_deaths_per_min,1,2025|Rounds 1-2|2025-05-25|HANJIN BRION|Nongshim RedForce,2025-05-25 06:04:05,0,0.6517585515975952
without_past_deaths_per_min,1,2025|Rounds 1-2|2025-05-25|BNK FEARX|KT Rolster,2025-05-25 09:10:27,0,0.39085644483566284
without_past_deaths_per_min,1,2025|Rounds 1-2|2025-05-28|BNK FEARX|DN SOOPers,2025-05-28 08:03:32,1,0.5339308977127075
without_past_deaths_per_min,1,2025|Rounds 1-2|2025-05-28|Hanwha Life Esports|T1,2025-05-28 11:13:02,1,0.3743829131126404
without_past_deaths_per_min,1,2025|Rounds 1-2|2025-05-29|HANJIN BRION|Kiwoom DRX,2025-05-29 08:06:13,0,0.6423478126525879
without_past_deaths_per_min,1,2025|Rounds 1-2|2025-05-29|Gen.G|KT Rolster,2025-05-29 11:54:37,1,0.623742401599884
without_past_deaths_per_min,1,2025|Rounds 1-2|2025-05-30|Nongshim RedForce|T1,2025-05-30 08:06:20,1,0.5492113828659058
without_past_deaths_per_min,1,2025|Rounds 1-2|2025-05-30|DN SOOPers|Dplus Kia,2025-05-30 10:17:54,0,0.48512816429138184
without_past_deaths_per_min,1,2025|Rounds 1-2|2025-05-31|KT Rolster|Kiwoom DRX,2025-05-31 06:05:53,1,0.6376581192016602
without_past_deaths_per_min,1,2025|Rounds 1-2|2025-05-31|Gen.G|HANJIN BRION,2025-05-31 08:16:20,1,0.6608776450157166
without_past_deaths_per_min,1,2025|Rounds 1-2|2025-06-01|BNK FEARX|Hanwha Life Esports,2025-06-01 06:05:16,0,0.48011982440948486
without_past_deaths_per_min,1,2025|Rounds 1-2|2025-06-01|Dplus Kia|Nongshim RedForce,2025-06-01 08:07:40,1,0.4155668616294861
without_past_deaths_per_min,1,2025|Rounds 1-2|2025-06-04|Dplus Kia|KT Rolster,2025-06-04 08:08:19,0,0.5587278604507446
without_past_deaths_per_min,1,2025|Rounds 1-2|2025-06-07|Dplus Kia|KT Rolster,2025-06-07 06:06:28,0,0.3888624906539917
without_past_deaths_per_min,1,2025|Rounds 1-2|2025-06-08|KT Rolster|Nongshim RedForce,2025-06-08 06:07:06,1,0.6608242392539978
without_past_deaths_per_min,2,2025|Rounds 1-2|2025-06-13|Gen.G|Hanwha Life Esports,2025-06-13 08:18:23,1,0.3918783366680145
without_past_deaths_per_min,2,2025|Rounds 1-2|2025-06-14|KT Rolster|T1,2025-06-14 06:20:04,0,0.9741854667663574
without_past_deaths_per_min,2,2025|Rounds 1-2|2025-06-15|Hanwha Life Esports|T1,2025-06-15 06:17:37,0,0.3040797710418701
without_past_deaths_per_min,2,2025|Rounds 3-5|2025-07-23|Dplus Kia|HANJIN BRION,2025-07-23 08:07:58,0,0.4267788529396057
without_past_deaths_per_min,2,2025|Rounds 3-5|2025-07-23|Gen.G|Hanwha Life Esports,2025-07-23 11:17:36,1,0.8163350224494934
without_past_deaths_per_min,2,2025|Rounds 3-5|2025-07-24|BNK FEARX|DN SOOPers,2025-07-24 08:05:02,1,0.4706808924674988
without_past_deaths_per_min,2,2025|Rounds 3-5|2025-07-24|KT Rolster|Nongshim RedForce,2025-07-24 10:11:20,1,0.7708367705345154
without_past_deaths_per_min,2,2025|Rounds 3-5|2025-07-25|Gen.G|T1,2025-07-25 08:11:59,0,0.5607634782791138
without_past_deaths_per_min,2,2025|Rounds 3-5|2025-07-25|HANJIN BRION|Kiwoom DRX,2025-07-25 11:15:42,1,0.5959140658378601
without_past_deaths_per_min,2,2025|Rounds 3-5|2025-07-26|BNK FEARX|Dplus Kia,2025-07-26 06:07:12,0,0.7529765367507935
without_past_deaths_per_min,2,2025|Rounds 3-5|2025-07-26|Hanwha Life Esports|KT Rolster,2025-07-26 08:31:59,1,0.20598120987415314
without_past_deaths_per_min,2,2025|Rounds 3-5|2025-07-27|DN SOOPers|Kiwoom DRX,2025-07-27 06:05:40,0,0.5067415237426758
without_past_deaths_per_min,2,2025|Rounds 3-5|2025-07-27|Nongshim RedForce|T1,2025-07-27 09:29:10,0,0.13374994695186615
without_past_deaths_per_min,2,2025|Rounds 3-5|2025-07-30|Dplus Kia|Kiwoom DRX,2025-07-30 08:07:21,1,0.7372620701789856
without_past_deaths_per_min,2,2025|Rounds 3-5|2025-07-30|KT Rolster|T1,2025-07-30 11:48:43,0,0.41763395071029663
without_past_deaths_per_min,2,2025|Rounds 3-5|2025-07-31|BNK FEARX|HANJIN BRION,2025-07-31 08:06:28,1,0.20903407037258148
without_past_deaths_per_min,2,2025|Rounds 3-5|2025-07-31|Hanwha Life Esports|Nongshim RedForce,2025-07-31 10:31:25,1,0.6485848426818848
without_past_deaths_per_min,2,2025|Rounds 3-5|2025-08-01|Gen.G|KT Rolster,2025-08-01 08:04:50,1,0.7648885846138
without_past_deaths_per_min,2,2025|Rounds 3-5|2025-08-01|DN SOOPers|Dplus Kia,2025-08-01 10:25:35,0,0.1978159099817276
without_past_deaths_per_min,2,2025|Rounds 3-5|2025-08-02|Hanwha Life Esports|T1,2025-08-02 06:07:06,0,0.491005003452301
without_past_deaths_per_min,2,2025|Rounds 3-5|2025-08-02|BNK FEARX|Kiwoom DRX,2025-08-02 08:31:55,0,0.6914607286453247
without_past_deaths_per_min,2,2025|Rounds 3-5|2025-08-03|DN SOOPers|HANJIN BRION,2025-08-03 06:07:00,0,0.3988967835903168
without_past_deaths_per_min,2,2025|Rounds 3-5|2025-08-03|Gen.G|Nongshim RedForce,2025-08-03 08:33:38,1,0.6639344692230225
without_past_deaths_per_min,2,2025|Rounds 3-5|2025-08-06|Hanwha Life Esports|Nongshim RedForce,2025-08-06 08:06:02,1,0.872038722038269
without_past_deaths_per_min,2,2025|Rounds 3-5|2025-08-06|BNK FEARX|HANJIN BRION,2025-08-06 10:22:21,1,0.5552060604095459
without_past_deaths_per_min,2,2025|Rounds 3-5|2025-08-07|DN SOOPers|Kiwoom DRX,2025-08-07 08:06:22,1,0.21787571907043457
without_past_deaths_per_min,2,2025|Rounds 3-5|2025-08-07|Gen.G|T1,2025-08-07 11:20:03,1,0.44889235496520996
without_past_deaths_per_min,2,2025|Rounds 3-5|2025-08-08|BNK FEARX|Dplus Kia,2025-08-08 08:08:25,1,0.3712046146392822
without_past_deaths_per_min,2,2025|Rounds 3-5|2025-08-08|Hanwha Life Esports|KT Rolster,2025-08-08 10:27:25,1,0.7294912934303284
without_past_deaths_per_min,2,2025|Rounds 3-5|2025-08-09|HANJIN BRION|Kiwoom DRX,2025-08-09 06:11:11,1,0.2723386287689209
without_past_deaths_per_min,2,2025|Rounds 3-5|2025-08-09|Nongshim RedForce|T1,2025-08-09 09:16:24,0,0.23915015161037445
without_past_deaths_per_min,2,2025|Rounds 3-5|2025-08-10|Gen.G|KT Rolster,2025-08-10 06:06:45,1,0.9105777740478516
without_past_deaths_per_min,2,2025|Rounds 3-5|2025-08-10|DN SOOPers|Dplus Kia,2025-08-10 08:19:07,0,0.2715166211128235
without_past_deaths_per_min,2,2025|Rounds 3-5|2025-08-13|KT Rolster|T1,2025-08-13 08:10:10,0,0.2439851313829422
without_past_deaths_per_min,2,2025|Rounds 3-5|2025-08-13|BNK FEARX|DN SOOPers,2025-08-13 10:08:55,1,0.6774646043777466
without_past_deaths_per_min,2,2025|Rounds 3-5|2025-08-14|Gen.G|Nongshim RedForce,2025-08-14 08:07:37,1,0.9007879495620728
without_past_deaths_per_min,2,2025|Rounds 3-5|2025-08-14|Dplus Kia|Kiwoom DRX,2025-08-14 10:09:25,1,0.7157307267189026
without_past_deaths_per_min,2,2025|Rounds 3-5|2025-08-15|DN SOOPers|HANJIN BRION,2025-08-15 08:06:45,1,0.44214990735054016
without_past_deaths_per_min,2,2025|Rounds 3-5|2025-08-15|Hanwha Life Esports|T1,2025-08-15 11:15:30,0,0.45712828636169434
without_past_deaths_per_min,2,2025|Rounds 3-5|2025-08-16|KT Rolster|Nongshim RedForce,2025-08-16 06:05:19,1,0.34962740540504456
without_past_deaths_per_min,2,2025|Rounds 3-5|2025-08-16|BNK FEARX|Kiwoom DRX,2025-08-16 09:05:30,0,0.820834755897522
without_past_deaths_per_min,2,2025|Rounds 3-5|2025-08-17|Gen.G|Hanwha Life Esports,2025-08-17 06:07:44,1,0.8690219521522522
without_past_deaths_per_min,2,2025|Rounds 3-5|2025-08-17|Dplus Kia|HANJIN BRION,2025-08-17 09:10:43,0,0.7147423028945923
without_past_deaths_per_min,2,2025|Rounds 3-5|2025-08-20|DN SOOPers|Kiwoom DRX,2025-08-20 08:06:31,0,0.6343265771865845
without_past_deaths_per_min,2,2025|Rounds 3-5|2025-08-20|Gen.G|Nongshim RedForce,2025-08-20 10:33:21,1,0.8975263833999634
without_past_deaths_per_min,3,2025|Rounds 3-5|2025-08-21|Hanwha Life Esports|KT Rolster,2025-08-21 08:05:15,1,0.403059184551239
without_past_deaths_per_min,3,2025|Rounds 3-5|2025-08-21|BNK FEARX|HANJIN BRION,2025-08-21 11:27:46,1,0.6084505319595337
without_past_deaths_per_min,3,2025|Rounds 3-5|2025-08-22|Nongshim RedForce|T1,2025-08-22 08:05:01,0,0.11766773462295532
without_past_deaths_per_min,3,2025|Rounds 3-5|2025-08-22|Dplus Kia|Kiwoom DRX,2025-08-22 10:59:29,1,0.41349267959594727
without_past_deaths_per_min,3,2025|Rounds 3-5|2025-08-23|Gen.G|Hanwha Life Esports,2025-08-23 06:06:52,1,0.6132009029388428
without_past_deaths_per_min,3,2025|Rounds 3-5|2025-08-23|DN SOOPers|HANJIN BRION,2025-08-23 09:20:22,1,0.4291057884693146
without_past_deaths_per_min,3,2025|Rounds 3-5|2025-08-24|BNK FEARX|Dplus Kia,2025-08-24 06:06:54,0,0.6373928785324097
without_past_deaths_per_min,3,2025|Rounds 3-5|2025-08-24|KT Rolster|T1,2025-08-24 08:27:55,1,0.38608062267303467
without_past_deaths_per_min,3,2025|Rounds 3-5|2025-08-27|Hanwha Life Esports|T1,2025-08-27 08:04:11,0,0.6144827604293823
without_past_deaths_per_min,3,2025|Rounds 3-5|2025-08-27|BNK FEARX|DN SOOPers,2025-08-27 11:21:15,1,0.5707504749298096
without_past_deaths_per_min,3,2025|Rounds 3-5|2025-08-28|Dplus Kia|HANJIN BRION,2025-08-28 08:08:10,1,0.7939931750297546
without_past_deaths_per_min,3,2025|Rounds 3-5|2025-08-28|Gen.G|KT Rolster,2025-08-28 10:12:22,1,0.5155826807022095
without_past_deaths_per_min,3,2025|Rounds 3-5|2025-08-29|BNK FEARX|Kiwoom DRX,2025-08-29 08:07:17,1,0.616537868976593
without_past_deaths_per_min,3,2025|Rounds 3-5|2025-08-29|Hanwha Life Esports|Nongshim RedForce,2025-08-29 11:12:12,1,0.5633369088172913
without_past_deaths_per_min,3,2025|Rounds 3-5|2025-08-30|Gen.G|T1,2025-08-30 06:12:29,1,0.6542372703552246
without_past_deaths_per_min,3,2025|Rounds 3-5|2025-08-30|DN SOOPers|Dplus Kia,2025-08-30 09:32:44,0,0.27282002568244934
without_past_deaths_per_min,3,2025|Rounds 3-5|2025-08-31|KT Rolster|Nongshim RedForce,2025-08-31 06:06:31,1,0.6261663436889648
without_past_deaths_per_min,3,2025|Rounds 3-5|2025-08-31|HANJIN BRION|Kiwoom DRX,2025-08-31 08:29:18,1,0.4426935911178589
without_past_deaths_per_min,3,2025|Rounds 3-5|2025-09-03|HANJIN BRION|Nongshim RedForce,2025-09-03 08:08:06,0,0.6099936366081238
without_past_deaths_per_min,3,2025|Rounds 3-5|2025-09-04|BNK FEARX|Dplus Kia,2025-09-04 08:08:41,1,0.6018292903900146
without_past_deaths_per_min,3,2025|Rounds 3-5|2025-09-05|BNK FEARX|Nongshim RedForce,2025-09-05 08:07:35,1,0.5353348255157471
without_past_deaths_per_min,3,2025|Rounds 3-5|2025-09-06|Dplus Kia|HANJIN BRION,2025-09-06 06:09:11,1,0.5429127216339111
without_past_deaths_per_min,3,2025|Rounds 3-5|2025-09-07|Dplus Kia|Nongshim RedForce,2025-09-07 06:09:43,1,0.6468823552131653
without_past_deaths_per_min,3,2025|Rounds 3-5|2025-09-10|Dplus Kia|T1,2025-09-10 08:11:38,0,0.7984300851821899
without_past_deaths_per_min,3,2025|Rounds 3-5|2025-09-11|BNK FEARX|KT Rolster,2025-09-11 08:09:47,0,0.561840295791626
without_past_deaths_per_min,3,2025|Rounds 3-5|2025-09-13|Gen.G|KT Rolster,2025-09-13 06:11:13,0,0.653377890586853
without_past_deaths_per_min,3,2025|Rounds 3-5|2025-09-14|Hanwha Life Esports|T1,2025-09-14 06:11:34,1,0.49814730882644653
without_past_deaths_per_min,3,2025|Rounds 3-5|2025-09-17|BNK FEARX|Dplus Kia,2025-09-17 08:12:41,0,0.6204874515533447
without_past_deaths_per_min,3,2025|Rounds 3-5|2025-09-18|Dplus Kia|T1,2025-09-18 08:13:43,0,0.6809926629066467
without_past_deaths_per_min,3,2025|Rounds 3-5|2025-09-20|Hanwha Life Esports|KT Rolster,2025-09-20 06:07:09,1,0.7143502235412598
without_past_deaths_per_min,3,2025|Rounds 3-5|2025-09-21|Gen.G|T1,2025-09-21 06:08:55,1,0.34982484579086304
without_past_deaths_per_min,3,2025|Rounds 3-5|2025-09-27|Gen.G|KT Rolster,2025-09-27 05:23:49,1,0.6956799626350403
without_past_deaths_per_min,3,2025|Rounds 3-5|2025-09-28|Gen.G|Hanwha Life Esports,2025-09-28 05:30:31,1,0.6152498722076416
without_past_assists_per_min,1,2025|Rounds 1-2|2025-05-04|KT Rolster|T1,2025-05-04 06:06:00,0,0.3176836669445038
without_past_assists_per_min,1,2025|Rounds 1-2|2025-05-04|DN SOOPers|HANJIN BRION,2025-05-04 08:20:59,0,0.4673803448677063
without_past_assists_per_min,1,2025|Rounds 1-2|2025-05-07|BNK FEARX|HANJIN BRION,2025-05-07 08:03:23,1,0.3701198697090149
without_past_assists_per_min,1,2025|Rounds 1-2|2025-05-07|Dplus Kia|KT Rolster,2025-05-07 11:02:40,0,0.4111970067024231
without_past_assists_per_min,1,2025|Rounds 1-2|2025-05-08|Kiwoom DRX|T1,2025-05-08 08:06:11,0,0.4543081521987915
without_past_assists_per_min,1,2025|Rounds 1-2|2025-05-08|Gen.G|Nongshim RedForce,2025-05-08 10:16:11,1,0.8953534364700317
without_past_assists_per_min,1,2025|Rounds 1-2|2025-05-09|DN SOOPers|KT Rolster,2025-05-09 08:06:29,0,0.44330060482025146
without_past_assists_per_min,1,2025|Rounds 1-2|2025-05-09|HANJIN BRION|Hanwha Life Esports,2025-05-09 10:06:12,0,0.1166084036231041
without_past_assists_per_min,1,2025|Rounds 1-2|2025-05-10|Dplus Kia|T1,2025-05-10 06:05:23,0,0.06994587182998657
without_past_assists_per_min,1,2025|Rounds 1-2|2025-05-10|BNK FEARX|Gen.G,2025-05-10 08:12:35,0,0.17213720083236694
without_past_assists_per_min,1,2025|Rounds 1-2|2025-05-11|DN SOOPers|Nongshim RedForce,2025-05-11 06:05:43,1,0.5042327642440796
without_past_assists_per_min,1,2025|Rounds 1-2|2025-05-11|Hanwha Life Esports|Kiwoom DRX,2025-05-11 09:23:56,1,0.8319379091262817
without_past_assists_per_min,1,2025|Rounds 1-2|2025-05-14|BNK FEARX|Nongshim RedForce,2025-05-14 08:04:35,0,0.4616025686264038
without_past_assists_per_min,1,2025|Rounds 1-2|2025-05-14|Dplus Kia|Kiwoom DRX,2025-05-14 10:57:54,1,0.2865276336669922
without_past_assists_per_min,1,2025|Rounds 1-2|2025-05-15|Hanwha Life Esports|KT Rolster,2025-05-15 08:06:53,0,0.6688826084136963
without_past_assists_per_min,1,2025|Rounds 1-2|2025-05-15|HANJIN BRION|T1,2025-05-15 11:18:14,0,0.20189592242240906
without_past_assists_per_min,1,2025|Rounds 1-2|2025-05-16|BNK FEARX|Dplus Kia,2025-05-16 08:07:23,0,0.5048961639404297
without_past_assists_per_min,1,2025|Rounds 1-2|2025-05-16|DN SOOPers|Gen.G,2025-05-16 10:15:50,0,0.11517887562513351
without_past_assists_per_min,1,2025|Rounds 1-2|2025-05-17|Kiwoom DRX|Nongshim RedForce,2025-05-17 06:06:29,0,0.44444385170936584
without_past_assists_per_min,1,2025|Rounds 1-2|2025-05-17|HANJIN BRION|KT Rolster,2025-05-17 09:01:31,0,0.3380160927772522
without_past_assists_per_min,1,2025|Rounds 1-2|2025-05-18|DN SOOPers|Hanwha Life Esports,2025-05-18 06:04:32,0,0.2021065652370453
without_past_assists_per_min,1,2025|Rounds 1-2|2025-05-18|Gen.G|T1,2025-05-18 08:21:01,1,0.7208873629570007
without_past_assists_per_min,1,2025|Rounds 1-2|2025-05-21|Gen.G|Hanwha Life Esports,2025-05-21 08:06:27,1,0.6914768815040588
without_past_assists_per_min,1,2025|Rounds 1-2|2025-05-21|DN SOOPers|Kiwoom DRX,2025-05-21 11:23:37,0,0.3289124369621277
without_past_assists_per_min,1,2025|Rounds 1-2|2025-05-22|Dplus Kia|HANJIN BRION,2025-05-22 08:07:11,0,0.8150158524513245
without_past_assists_per_min,1,2025|Rounds 1-2|2025-05-22|BNK FEARX|T1,2025-05-22 10:12:41,0,0.39136964082717896
without_past_assists_per_min,1,2025|Rounds 1-2|2025-05-23|Gen.G|Kiwoom DRX,2025-05-23 08:07:24,1,0.7976120114326477
without_past_assists_per_min,1,2025|Rounds 1-2|2025-05-23|KT Rolster|Nongshim RedForce,2025-05-23 10:20:15,1,0.576360821723938
without_past_assists_per_min,1,2025|Rounds 1-2|2025-05-24|Dplus Kia|Hanwha Life Esports,2025-05-24 06:04:59,1,0.6195650100708008
without_past_assists_per_min,1,2025|Rounds 1-2|2025-05-24|DN SOOPers|T1,2025-05-24 09:07:30,0,0.19395679235458374
without_past_assists_per_min,1,2025|Rounds 1-2|2025-05-25|HANJIN BRION|Nongshim RedForce,2025-05-25 06:04:05,0,0.6891735196113586
without_past_assists_per_min,1,2025|Rounds 1-2|2025-05-25|BNK FEARX|KT Rolster,2025-05-25 09:10:27,0,0.4248567819595337
without_past_assists_per_min,1,2025|Rounds 1-2|2025-05-28|BNK FEARX|DN SOOPers,2025-05-28 08:03:32,1,0.48280590772628784
without_past_assists_per_min,1,2025|Rounds 1-2|2025-05-28|Hanwha Life Esports|T1,2025-05-28 11:13:02,1,0.28307002782821655
without_past_assists_per_min,1,2025|Rounds 1-2|2025-05-29|HANJIN BRION|Kiwoom DRX,2025-05-29 08:06:13,0,0.6107986569404602
without_past_assists_per_min,1,2025|Rounds 1-2|2025-05-29|Gen.G|KT Rolster,2025-05-29 11:54:37,1,0.7877979874610901
without_past_assists_per_min,1,2025|Rounds 1-2|2025-05-30|Nongshim RedForce|T1,2025-05-30 08:06:20,1,0.5679808855056763
without_past_assists_per_min,1,2025|Rounds 1-2|2025-05-30|DN SOOPers|Dplus Kia,2025-05-30 10:17:54,0,0.5392893552780151
without_past_assists_per_min,1,2025|Rounds 1-2|2025-05-31|KT Rolster|Kiwoom DRX,2025-05-31 06:05:53,1,0.6564528346061707
without_past_assists_per_min,1,2025|Rounds 1-2|2025-05-31|Gen.G|HANJIN BRION,2025-05-31 08:16:20,1,0.7838506698608398
without_past_assists_per_min,1,2025|Rounds 1-2|2025-06-01|BNK FEARX|Hanwha Life Esports,2025-06-01 06:05:16,0,0.31534552574157715
without_past_assists_per_min,1,2025|Rounds 1-2|2025-06-01|Dplus Kia|Nongshim RedForce,2025-06-01 08:07:40,1,0.32919132709503174
without_past_assists_per_min,1,2025|Rounds 1-2|2025-06-04|Dplus Kia|KT Rolster,2025-06-04 08:08:19,0,0.6189010143280029
without_past_assists_per_min,1,2025|Rounds 1-2|2025-06-07|Dplus Kia|KT Rolster,2025-06-07 06:06:28,0,0.21885189414024353
without_past_assists_per_min,1,2025|Rounds 1-2|2025-06-08|KT Rolster|Nongshim RedForce,2025-06-08 06:07:06,1,0.8117660880088806
without_past_assists_per_min,2,2025|Rounds 1-2|2025-06-13|Gen.G|Hanwha Life Esports,2025-06-13 08:18:23,1,0.6452823877334595
without_past_assists_per_min,2,2025|Rounds 1-2|2025-06-14|KT Rolster|T1,2025-06-14 06:20:04,0,0.9495835304260254
without_past_assists_per_min,2,2025|Rounds 1-2|2025-06-15|Hanwha Life Esports|T1,2025-06-15 06:17:37,0,0.27966901659965515
without_past_assists_per_min,2,2025|Rounds 3-5|2025-07-23|Dplus Kia|HANJIN BRION,2025-07-23 08:07:58,0,0.5132943391799927
without_past_assists_per_min,2,2025|Rounds 3-5|2025-07-23|Gen.G|Hanwha Life Esports,2025-07-23 11:17:36,1,0.7220960259437561
without_past_assists_per_min,2,2025|Rounds 3-5|2025-07-24|BNK FEARX|DN SOOPers,2025-07-24 08:05:02,1,0.41434741020202637
without_past_assists_per_min,2,2025|Rounds 3-5|2025-07-24|KT Rolster|Nongshim RedForce,2025-07-24 10:11:20,1,0.5370185971260071
without_past_assists_per_min,2,2025|Rounds 3-5|2025-07-25|Gen.G|T1,2025-07-25 08:11:59,0,0.4493269920349121
without_past_assists_per_min,2,2025|Rounds 3-5|2025-07-25|HANJIN BRION|Kiwoom DRX,2025-07-25 11:15:42,1,0.6001021862030029
without_past_assists_per_min,2,2025|Rounds 3-5|2025-07-26|BNK FEARX|Dplus Kia,2025-07-26 06:07:12,0,0.6096561551094055
without_past_assists_per_min,2,2025|Rounds 3-5|2025-07-26|Hanwha Life Esports|KT Rolster,2025-07-26 08:31:59,1,0.5200732350349426
without_past_assists_per_min,2,2025|Rounds 3-5|2025-07-27|DN SOOPers|Kiwoom DRX,2025-07-27 06:05:40,0,0.3985663056373596
without_past_assists_per_min,2,2025|Rounds 3-5|2025-07-27|Nongshim RedForce|T1,2025-07-27 09:29:10,0,0.14110472798347473
without_past_assists_per_min,2,2025|Rounds 3-5|2025-07-30|Dplus Kia|Kiwoom DRX,2025-07-30 08:07:21,1,0.7776294946670532
without_past_assists_per_min,2,2025|Rounds 3-5|2025-07-30|KT Rolster|T1,2025-07-30 11:48:43,0,0.2846008539199829
without_past_assists_per_min,2,2025|Rounds 3-5|2025-07-31|BNK FEARX|HANJIN BRION,2025-07-31 08:06:28,1,0.1415058672428131
without_past_assists_per_min,2,2025|Rounds 3-5|2025-07-31|Hanwha Life Esports|Nongshim RedForce,2025-07-31 10:31:25,1,0.6845580339431763
without_past_assists_per_min,2,2025|Rounds 3-5|2025-08-01|Gen.G|KT Rolster,2025-08-01 08:04:50,1,0.5878371000289917
without_past_assists_per_min,2,2025|Rounds 3-5|2025-08-01|DN SOOPers|Dplus Kia,2025-08-01 10:25:35,0,0.10438011586666107
without_past_assists_per_min,2,2025|Rounds 3-5|2025-08-02|Hanwha Life Esports|T1,2025-08-02 06:07:06,0,0.5244347453117371
without_past_assists_per_min,2,2025|Rounds 3-5|2025-08-02|BNK FEARX|Kiwoom DRX,2025-08-02 08:31:55,0,0.5968981981277466
without_past_assists_per_min,2,2025|Rounds 3-5|2025-08-03|DN SOOPers|HANJIN BRION,2025-08-03 06:07:00,0,0.5374212265014648
without_past_assists_per_min,2,2025|Rounds 3-5|2025-08-03|Gen.G|Nongshim RedForce,2025-08-03 08:33:38,1,0.3637416958808899
without_past_assists_per_min,2,2025|Rounds 3-5|2025-08-06|Hanwha Life Esports|Nongshim RedForce,2025-08-06 08:06:02,1,0.8023625016212463
without_past_assists_per_min,2,2025|Rounds 3-5|2025-08-06|BNK FEARX|HANJIN BRION,2025-08-06 10:22:21,1,0.5935832262039185
without_past_assists_per_min,2,2025|Rounds 3-5|2025-08-07|DN SOOPers|Kiwoom DRX,2025-08-07 08:06:22,1,0.4550260901451111
without_past_assists_per_min,2,2025|Rounds 3-5|2025-08-07|Gen.G|T1,2025-08-07 11:20:03,1,0.4131186306476593
without_past_assists_per_min,2,2025|Rounds 3-5|2025-08-08|BNK FEARX|Dplus Kia,2025-08-08 08:08:25,1,0.23521265387535095
without_past_assists_per_min,2,2025|Rounds 3-5|2025-08-08|Hanwha Life Esports|KT Rolster,2025-08-08 10:27:25,1,0.659406840801239
without_past_assists_per_min,2,2025|Rounds 3-5|2025-08-09|HANJIN BRION|Kiwoom DRX,2025-08-09 06:11:11,1,0.22243063151836395
without_past_assists_per_min,2,2025|Rounds 3-5|2025-08-09|Nongshim RedForce|T1,2025-08-09 09:16:24,0,0.2917717695236206
without_past_assists_per_min,2,2025|Rounds 3-5|2025-08-10|Gen.G|KT Rolster,2025-08-10 06:06:45,1,0.8841741681098938
without_past_assists_per_min,2,2025|Rounds 3-5|2025-08-10|DN SOOPers|Dplus Kia,2025-08-10 08:19:07,0,0.23432154953479767
without_past_assists_per_min,2,2025|Rounds 3-5|2025-08-13|KT Rolster|T1,2025-08-13 08:10:10,0,0.2785179913043976
without_past_assists_per_min,2,2025|Rounds 3-5|2025-08-13|BNK FEARX|DN SOOPers,2025-08-13 10:08:55,1,0.710771381855011
without_past_assists_per_min,2,2025|Rounds 3-5|2025-08-14|Gen.G|Nongshim RedForce,2025-08-14 08:07:37,1,0.8701711893081665
without_past_assists_per_min,2,2025|Rounds 3-5|2025-08-14|Dplus Kia|Kiwoom DRX,2025-08-14 10:09:25,1,0.8081624507904053
without_past_assists_per_min,2,2025|Rounds 3-5|2025-08-15|DN SOOPers|HANJIN BRION,2025-08-15 08:06:45,1,0.4974023699760437
without_past_assists_per_min,2,2025|Rounds 3-5|2025-08-15|Hanwha Life Esports|T1,2025-08-15 11:15:30,0,0.4193574786186218
without_past_assists_per_min,2,2025|Rounds 3-5|2025-08-16|KT Rolster|Nongshim RedForce,2025-08-16 06:05:19,1,0.32551324367523193
without_past_assists_per_min,2,2025|Rounds 3-5|2025-08-16|BNK FEARX|Kiwoom DRX,2025-08-16 09:05:30,0,0.8600833415985107
without_past_assists_per_min,2,2025|Rounds 3-5|2025-08-17|Gen.G|Hanwha Life Esports,2025-08-17 06:07:44,1,0.8429551720619202
without_past_assists_per_min,2,2025|Rounds 3-5|2025-08-17|Dplus Kia|HANJIN BRION,2025-08-17 09:10:43,0,0.7235400080680847
without_past_assists_per_min,2,2025|Rounds 3-5|2025-08-20|DN SOOPers|Kiwoom DRX,2025-08-20 08:06:31,0,0.7131553292274475
without_past_assists_per_min,2,2025|Rounds 3-5|2025-08-20|Gen.G|Nongshim RedForce,2025-08-20 10:33:21,1,0.6851752996444702
without_past_assists_per_min,3,2025|Rounds 3-5|2025-08-21|Hanwha Life Esports|KT Rolster,2025-08-21 08:05:15,1,0.45693597197532654
without_past_assists_per_min,3,2025|Rounds 3-5|2025-08-21|BNK FEARX|HANJIN BRION,2025-08-21 11:27:46,1,0.4422087073326111
without_past_assists_per_min,3,2025|Rounds 3-5|2025-08-22|Nongshim RedForce|T1,2025-08-22 08:05:01,0,0.2314816564321518
without_past_assists_per_min,3,2025|Rounds 3-5|2025-08-22|Dplus Kia|Kiwoom DRX,2025-08-22 10:59:29,1,0.4821416735649109
without_past_assists_per_min,3,2025|Rounds 3-5|2025-08-23|Gen.G|Hanwha Life Esports,2025-08-23 06:06:52,1,0.5853956341743469
without_past_assists_per_min,3,2025|Rounds 3-5|2025-08-23|DN SOOPers|HANJIN BRION,2025-08-23 09:20:22,1,0.45304426550865173
without_past_assists_per_min,3,2025|Rounds 3-5|2025-08-24|BNK FEARX|Dplus Kia,2025-08-24 06:06:54,0,0.5585963726043701
without_past_assists_per_min,3,2025|Rounds 3-5|2025-08-24|KT Rolster|T1,2025-08-24 08:27:55,1,0.46126145124435425
without_past_assists_per_min,3,2025|Rounds 3-5|2025-08-27|Hanwha Life Esports|T1,2025-08-27 08:04:11,0,0.6219823956489563
without_past_assists_per_min,3,2025|Rounds 3-5|2025-08-27|BNK FEARX|DN SOOPers,2025-08-27 11:21:15,1,0.49853378534317017
without_past_assists_per_min,3,2025|Rounds 3-5|2025-08-28|Dplus Kia|HANJIN BRION,2025-08-28 08:08:10,1,0.6679774522781372
without_past_assists_per_min,3,2025|Rounds 3-5|2025-08-28|Gen.G|KT Rolster,2025-08-28 10:12:22,1,0.5379028916358948
without_past_assists_per_min,3,2025|Rounds 3-5|2025-08-29|BNK FEARX|Kiwoom DRX,2025-08-29 08:07:17,1,0.5412235260009766
without_past_assists_per_min,3,2025|Rounds 3-5|2025-08-29|Hanwha Life Esports|Nongshim RedForce,2025-08-29 11:12:12,1,0.5447970032691956
without_past_assists_per_min,3,2025|Rounds 3-5|2025-08-30|Gen.G|T1,2025-08-30 06:12:29,1,0.6542297601699829
without_past_assists_per_min,3,2025|Rounds 3-5|2025-08-30|DN SOOPers|Dplus Kia,2025-08-30 09:32:44,0,0.3595741391181946
without_past_assists_per_min,3,2025|Rounds 3-5|2025-08-31|KT Rolster|Nongshim RedForce,2025-08-31 06:06:31,1,0.5735436677932739
without_past_assists_per_min,3,2025|Rounds 3-5|2025-08-31|HANJIN BRION|Kiwoom DRX,2025-08-31 08:29:18,1,0.49054479598999023
without_past_assists_per_min,3,2025|Rounds 3-5|2025-09-03|HANJIN BRION|Nongshim RedForce,2025-09-03 08:08:06,0,0.5704585909843445
without_past_assists_per_min,3,2025|Rounds 3-5|2025-09-04|BNK FEARX|Dplus Kia,2025-09-04 08:08:41,1,0.528342604637146
without_past_assists_per_min,3,2025|Rounds 3-5|2025-09-05|BNK FEARX|Nongshim RedForce,2025-09-05 08:07:35,1,0.48984062671661377
without_past_assists_per_min,3,2025|Rounds 3-5|2025-09-06|Dplus Kia|HANJIN BRION,2025-09-06 06:09:11,1,0.4802688658237457
without_past_assists_per_min,3,2025|Rounds 3-5|2025-09-07|Dplus Kia|Nongshim RedForce,2025-09-07 06:09:43,1,0.6167244911193848
without_past_assists_per_min,3,2025|Rounds 3-5|2025-09-10|Dplus Kia|T1,2025-09-10 08:11:38,0,0.6774307489395142
without_past_assists_per_min,3,2025|Rounds 3-5|2025-09-11|BNK FEARX|KT Rolster,2025-09-11 08:09:47,0,0.5596762299537659
without_past_assists_per_min,3,2025|Rounds 3-5|2025-09-13|Gen.G|KT Rolster,2025-09-13 06:11:13,0,0.5646080374717712
without_past_assists_per_min,3,2025|Rounds 3-5|2025-09-14|Hanwha Life Esports|T1,2025-09-14 06:11:34,1,0.43391847610473633
without_past_assists_per_min,3,2025|Rounds 3-5|2025-09-17|BNK FEARX|Dplus Kia,2025-09-17 08:12:41,0,0.5394011735916138
without_past_assists_per_min,3,2025|Rounds 3-5|2025-09-18|Dplus Kia|T1,2025-09-18 08:13:43,0,0.624491810798645
without_past_assists_per_min,3,2025|Rounds 3-5|2025-09-20|Hanwha Life Esports|KT Rolster,2025-09-20 06:07:09,1,0.6060277223587036
without_past_assists_per_min,3,2025|Rounds 3-5|2025-09-21|Gen.G|T1,2025-09-21 06:08:55,1,0.38836997747421265
without_past_assists_per_min,3,2025|Rounds 3-5|2025-09-27|Gen.G|KT Rolster,2025-09-27 05:23:49,1,0.6139472723007202
without_past_assists_per_min,3,2025|Rounds 3-5|2025-09-28|Gen.G|Hanwha Life Esports,2025-09-28 05:30:31,1,0.531970739364624
without_past_dpm,1,2025|Rounds 1-2|2025-05-04|KT Rolster|T1,2025-05-04 06:06:00,0,0.22276490926742554
without_past_dpm,1,2025|Rounds 1-2|2025-05-04|DN SOOPers|HANJIN BRION,2025-05-04 08:20:59,0,0.5319280028343201
without_past_dpm,1,2025|Rounds 1-2|2025-05-07|BNK FEARX|HANJIN BRION,2025-05-07 08:03:23,1,0.3768559992313385
without_past_dpm,1,2025|Rounds 1-2|2025-05-07|Dplus Kia|KT Rolster,2025-05-07 11:02:40,0,0.3072558641433716
without_past_dpm,1,2025|Rounds 1-2|2025-05-08|Kiwoom DRX|T1,2025-05-08 08:06:11,0,0.4873891770839691
without_past_dpm,1,2025|Rounds 1-2|2025-05-08|Gen.G|Nongshim RedForce,2025-05-08 10:16:11,1,0.943109393119812
without_past_dpm,1,2025|Rounds 1-2|2025-05-09|DN SOOPers|KT Rolster,2025-05-09 08:06:29,0,0.49069178104400635
without_past_dpm,1,2025|Rounds 1-2|2025-05-09|HANJIN BRION|Hanwha Life Esports,2025-05-09 10:06:12,0,0.11708485335111618
without_past_dpm,1,2025|Rounds 1-2|2025-05-10|Dplus Kia|T1,2025-05-10 06:05:23,0,0.03997425734996796
without_past_dpm,1,2025|Rounds 1-2|2025-05-10|BNK FEARX|Gen.G,2025-05-10 08:12:35,0,0.3461158573627472
without_past_dpm,1,2025|Rounds 1-2|2025-05-11|DN SOOPers|Nongshim RedForce,2025-05-11 06:05:43,1,0.6276330947875977
without_past_dpm,1,2025|Rounds 1-2|2025-05-11|Hanwha Life Esports|Kiwoom DRX,2025-05-11 09:23:56,1,0.7812952399253845
without_past_dpm,1,2025|Rounds 1-2|2025-05-14|BNK FEARX|Nongshim RedForce,2025-05-14 08:04:35,0,0.4456109404563904
without_past_dpm,1,2025|Rounds 1-2|2025-05-14|Dplus Kia|Kiwoom DRX,2025-05-14 10:57:54,1,0.29785698652267456
without_past_dpm,1,2025|Rounds 1-2|2025-05-15|Hanwha Life Esports|KT Rolster,2025-05-15 08:06:53,0,0.7200236916542053
without_past_dpm,1,2025|Rounds 1-2|2025-05-15|HANJIN BRION|T1,2025-05-15 11:18:14,0,0.15306834876537323
without_past_dpm,1,2025|Rounds 1-2|2025-05-16|BNK FEARX|Dplus Kia,2025-05-16 08:07:23,0,0.2219943106174469
without_past_dpm,1,2025|Rounds 1-2|2025-05-16|DN SOOPers|Gen.G,2025-05-16 10:15:50,0,0.07069816440343857
without_past_dpm,1,2025|Rounds 1-2|2025-05-17|Kiwoom DRX|Nongshim RedForce,2025-05-17 06:06:29,0,0.4930706024169922
without_past_dpm,1,2025|Rounds 1-2|2025-05-17|HANJIN BRION|KT Rolster,2025-05-17 09:01:31,0,0.3685891032218933
without_past_dpm,1,2025|Rounds 1-2|2025-05-18|DN SOOPers|Hanwha Life Esports,2025-05-18 06:04:32,0,0.12829121947288513
without_past_dpm,1,2025|Rounds 1-2|2025-05-18|Gen.G|T1,2025-05-18 08:21:01,1,0.630981981754303
without_past_dpm,1,2025|Rounds 1-2|2025-05-21|Gen.G|Hanwha Life Esports,2025-05-21 08:06:27,1,0.6803593635559082
without_past_dpm,1,2025|Rounds 1-2|2025-05-21|DN SOOPers|Kiwoom DRX,2025-05-21 11:23:37,0,0.13069210946559906
without_past_dpm,1,2025|Rounds 1-2|2025-05-22|Dplus Kia|HANJIN BRION,2025-05-22 08:07:11,0,0.8749590516090393
without_past_dpm,1,2025|Rounds 1-2|2025-05-22|BNK FEARX|T1,2025-05-22 10:12:41,0,0.2402833104133606
without_past_dpm,1,2025|Rounds 1-2|2025-05-23|Gen.G|Kiwoom DRX,2025-05-23 08:07:24,1,0.700005292892456
without_past_dpm,1,2025|Rounds 1-2|2025-05-23|KT Rolster|Nongshim RedForce,2025-05-23 10:20:15,1,0.3522065281867981
without_past_dpm,1,2025|Rounds 1-2|2025-05-24|Dplus Kia|Hanwha Life Esports,2025-05-24 06:04:59,1,0.4891729950904846
without_past_dpm,1,2025|Rounds 1-2|2025-05-24|DN SOOPers|T1,2025-05-24 09:07:30,0,0.26895633339881897
without_past_dpm,1,2025|Rounds 1-2|2025-05-25|HANJIN BRION|Nongshim RedForce,2025-05-25 06:04:05,0,0.44402241706848145
without_past_dpm,1,2025|Rounds 1-2|2025-05-25|BNK FEARX|KT Rolster,2025-05-25 09:10:27,0,0.28826114535331726
without_past_dpm,1,2025|Rounds 1-2|2025-05-28|BNK FEARX|DN SOOPers,2025-05-28 08:03:32,1,0.7364225387573242
without_past_dpm,1,2025|Rounds 1-2|2025-05-28|Hanwha Life Esports|T1,2025-05-28 11:13:02,1,0.38223832845687866
without_past_dpm,1,2025|Rounds 1-2|2025-05-29|HANJIN BRION|Kiwoom DRX,2025-05-29 08:06:13,0,0.5791694521903992
without_past_dpm,1,2025|Rounds 1-2|2025-05-29|Gen.G|KT Rolster,2025-05-29 11:54:37,1,0.7535470128059387
without_past_dpm,1,2025|Rounds 1-2|2025-05-30|Nongshim RedForce|T1,2025-05-30 08:06:20,1,0.6731572151184082
without_past_dpm,1,2025|Rounds 1-2|2025-05-30|DN SOOPers|Dplus Kia,2025-05-30 10:17:54,0,0.35119327902793884
without_past_dpm,1,2025|Rounds 1-2|2025-05-31|KT Rolster|Kiwoom DRX,2025-05-31 06:05:53,1,0.7701109647750854
without_past_dpm,1,2025|Rounds 1-2|2025-05-31|Gen.G|HANJIN BRION,2025-05-31 08:16:20,1,0.8455634117126465
without_past_dpm,1,2025|Rounds 1-2|2025-06-01|BNK FEARX|Hanwha Life Esports,2025-06-01 06:05:16,0,0.5826191902160645
without_past_dpm,1,2025|Rounds 1-2|2025-06-01|Dplus Kia|Nongshim RedForce,2025-06-01 08:07:40,1,0.26155173778533936
without_past_dpm,1,2025|Rounds 1-2|2025-06-04|Dplus Kia|KT Rolster,2025-06-04 08:08:19,0,0.6720129251480103
without_past_dpm,1,2025|Rounds 1-2|2025-06-07|Dplus Kia|KT Rolster,2025-06-07 06:06:28,0,0.29505541920661926
without_past_dpm,1,2025|Rounds 1-2|2025-06-08|KT Rolster|Nongshim RedForce,2025-06-08 06:07:06,1,0.7789735794067383
without_past_dpm,2,2025|Rounds 1-2|2025-06-13|Gen.G|Hanwha Life Esports,2025-06-13 08:18:23,1,0.36344054341316223
without_past_dpm,2,2025|Rounds 1-2|2025-06-14|KT Rolster|T1,2025-06-14 06:20:04,0,0.9807941913604736
without_past_dpm,2,2025|Rounds 1-2|2025-06-15|Hanwha Life Esports|T1,2025-06-15 06:17:37,0,0.3474331498146057
without_past_dpm,2,2025|Rounds 3-5|2025-07-23|Dplus Kia|HANJIN BRION,2025-07-23 08:07:58,0,0.45789507031440735
without_past_dpm,2,2025|Rounds 3-5|2025-07-23|Gen.G|Hanwha Life Esports,2025-07-23 11:17:36,1,0.8364278078079224
without_past_dpm,2,2025|Rounds 3-5|2025-07-24|BNK FEARX|DN SOOPers,2025-07-24 08:05:02,1,0.47830551862716675
without_past_dpm,2,2025|Rounds 3-5|2025-07-24|KT Rolster|Nongshim RedForce,2025-07-24 10:11:20,1,0.8122838139533997
without_past_dpm,2,2025|Rounds 3-5|2025-07-25|Gen.G|T1,2025-07-25 08:11:59,0,0.6343661546707153
without_past_dpm,2,2025|Rounds 3-5|2025-07-25|HANJIN BRION|Kiwoom DRX,2025-07-25 11:15:42,1,0.545857310295105
without_past_dpm,2,2025|Rounds 3-5|2025-07-26|BNK FEARX|Dplus Kia,2025-07-26 06:07:12,0,0.7262505292892456
without_past_dpm,2,2025|Rounds 3-5|2025-07-26|Hanwha Life Esports|KT Rolster,2025-07-26 08:31:59,1,0.2230188548564911
without_past_dpm,2,2025|Rounds 3-5|2025-07-27|DN SOOPers|Kiwoom DRX,2025-07-27 06:05:40,0,0.4106428027153015
without_past_dpm,2,2025|Rounds 3-5|2025-07-27|Nongshim RedForce|T1,2025-07-27 09:29:10,0,0.18526408076286316
without_past_dpm,2,2025|Rounds 3-5|2025-07-30|Dplus Kia|Kiwoom DRX,2025-07-30 08:07:21,1,0.6508135795593262
without_past_dpm,2,2025|Rounds 3-5|2025-07-30|KT Rolster|T1,2025-07-30 11:48:43,0,0.49361860752105713
without_past_dpm,2,2025|Rounds 3-5|2025-07-31|BNK FEARX|HANJIN BRION,2025-07-31 08:06:28,1,0.23354551196098328
without_past_dpm,2,2025|Rounds 3-5|2025-07-31|Hanwha Life Esports|Nongshim RedForce,2025-07-31 10:31:25,1,0.6121922135353088
without_past_dpm,2,2025|Rounds 3-5|2025-08-01|Gen.G|KT Rolster,2025-08-01 08:04:50,1,0.6429910063743591
without_past_dpm,2,2025|Rounds 3-5|2025-08-01|DN SOOPers|Dplus Kia,2025-08-01 10:25:35,0,0.23031213879585266
without_past_dpm,2,2025|Rounds 3-5|2025-08-02|Hanwha Life Esports|T1,2025-08-02 06:07:06,0,0.41429686546325684
without_past_dpm,2,2025|Rounds 3-5|2025-08-02|BNK FEARX|Kiwoom DRX,2025-08-02 08:31:55,0,0.4501038193702698
without_past_dpm,2,2025|Rounds 3-5|2025-08-03|DN SOOPers|HANJIN BRION,2025-08-03 06:07:00,0,0.4558715522289276
without_past_dpm,2,2025|Rounds 3-5|2025-08-03|Gen.G|Nongshim RedForce,2025-08-03 08:33:38,1,0.7038716673851013
without_past_dpm,2,2025|Rounds 3-5|2025-08-06|Hanwha Life Esports|Nongshim RedForce,2025-08-06 08:06:02,1,0.8664771914482117
without_past_dpm,2,2025|Rounds 3-5|2025-08-06|BNK FEARX|HANJIN BRION,2025-08-06 10:22:21,1,0.4529218375682831
without_past_dpm,2,2025|Rounds 3-5|2025-08-07|DN SOOPers|Kiwoom DRX,2025-08-07 08:06:22,1,0.22044506669044495
without_past_dpm,2,2025|Rounds 3-5|2025-08-07|Gen.G|T1,2025-08-07 11:20:03,1,0.5188158750534058
without_past_dpm,2,2025|Rounds 3-5|2025-08-08|BNK FEARX|Dplus Kia,2025-08-08 08:08:25,1,0.25515711307525635
without_past_dpm,2,2025|Rounds 3-5|2025-08-08|Hanwha Life Esports|KT Rolster,2025-08-08 10:27:25,1,0.6399068236351013
without_past_dpm,2,2025|Rounds 3-5|2025-08-09|HANJIN BRION|Kiwoom DRX,2025-08-09 06:11:11,1,0.3512716293334961
without_past_dpm,2,2025|Rounds 3-5|2025-08-09|Nongshim RedForce|T1,2025-08-09 09:16:24,0,0.24542537331581116
without_past_dpm,2,2025|Rounds 3-5|2025-08-10|Gen.G|KT Rolster,2025-08-10 06:06:45,1,0.9145796298980713
without_past_dpm,2,2025|Rounds 3-5|2025-08-10|DN SOOPers|Dplus Kia,2025-08-10 08:19:07,0,0.21222858130931854
without_past_dpm,2,2025|Rounds 3-5|2025-08-13|KT Rolster|T1,2025-08-13 08:10:10,0,0.2393314242362976
without_past_dpm,2,2025|Rounds 3-5|2025-08-13|BNK FEARX|DN SOOPers,2025-08-13 10:08:55,1,0.5830413699150085
without_past_dpm,2,2025|Rounds 3-5|2025-08-14|Gen.G|Nongshim RedForce,2025-08-14 08:07:37,1,0.877366840839386
without_past_dpm,2,2025|Rounds 3-5|2025-08-14|Dplus Kia|Kiwoom DRX,2025-08-14 10:09:25,1,0.6931241154670715
without_past_dpm,2,2025|Rounds 3-5|2025-08-15|DN SOOPers|HANJIN BRION,2025-08-15 08:06:45,1,0.49439412355422974
without_past_dpm,2,2025|Rounds 3-5|2025-08-15|Hanwha Life Esports|T1,2025-08-15 11:15:30,0,0.40860715508461
without_past_dpm,2,2025|Rounds 3-5|2025-08-16|KT Rolster|Nongshim RedForce,2025-08-16 06:05:19,1,0.3972100019454956
without_past_dpm,2,2025|Rounds 3-5|2025-08-16|BNK FEARX|Kiwoom DRX,2025-08-16 09:05:30,0,0.7941438555717468
without_past_dpm,2,2025|Rounds 3-5|2025-08-17|Gen.G|Hanwha Life Esports,2025-08-17 06:07:44,1,0.8973066806793213
without_past_dpm,2,2025|Rounds 3-5|2025-08-17|Dplus Kia|HANJIN BRION,2025-08-17 09:10:43,0,0.6448994874954224
without_past_dpm,2,2025|Rounds 3-5|2025-08-20|DN SOOPers|Kiwoom DRX,2025-08-20 08:06:31,0,0.5196342468261719
without_past_dpm,2,2025|Rounds 3-5|2025-08-20|Gen.G|Nongshim RedForce,2025-08-20 10:33:21,1,0.8989614248275757
without_past_dpm,3,2025|Rounds 3-5|2025-08-21|Hanwha Life Esports|KT Rolster,2025-08-21 08:05:15,1,0.43175268173217773
without_past_dpm,3,2025|Rounds 3-5|2025-08-21|BNK FEARX|HANJIN BRION,2025-08-21 11:27:46,1,0.5161793231964111
without_past_dpm,3,2025|Rounds 3-5|2025-08-22|Nongshim RedForce|T1,2025-08-22 08:05:01,0,0.12684454023838043
without_past_dpm,3,2025|Rounds 3-5|2025-08-22|Dplus Kia|Kiwoom DRX,2025-08-22 10:59:29,1,0.4139557182788849
without_past_dpm,3,2025|Rounds 3-5|2025-08-23|Gen.G|Hanwha Life Esports,2025-08-23 06:06:52,1,0.6092183589935303
without_past_dpm,3,2025|Rounds 3-5|2025-08-23|DN SOOPers|HANJIN BRION,2025-08-23 09:20:22,1,0.4280766248703003
without_past_dpm,3,2025|Rounds 3-5|2025-08-24|BNK FEARX|Dplus Kia,2025-08-24 06:06:54,0,0.6091697216033936
without_past_dpm,3,2025|Rounds 3-5|2025-08-24|KT Rolster|T1,2025-08-24 08:27:55,1,0.3980998396873474
without_past_dpm,3,2025|Rounds 3-5|2025-08-27|Hanwha Life Esports|T1,2025-08-27 08:04:11,0,0.6147093176841736
without_past_dpm,3,2025|Rounds 3-5|2025-08-27|BNK FEARX|DN SOOPers,2025-08-27 11:21:15,1,0.5219441652297974
without_past_dpm,3,2025|Rounds 3-5|2025-08-28|Dplus Kia|HANJIN BRION,2025-08-28 08:08:10,1,0.7628229856491089
without_past_dpm,3,2025|Rounds 3-5|2025-08-28|Gen.G|KT Rolster,2025-08-28 10:12:22,1,0.5128562450408936
without_past_dpm,3,2025|Rounds 3-5|2025-08-29|BNK FEARX|Kiwoom DRX,2025-08-29 08:07:17,1,0.5943717360496521
without_past_dpm,3,2025|Rounds 3-5|2025-08-29|Hanwha Life Esports|Nongshim RedForce,2025-08-29 11:12:12,1,0.5223272442817688
without_past_dpm,3,2025|Rounds 3-5|2025-08-30|Gen.G|T1,2025-08-30 06:12:29,1,0.6392459273338318
without_past_dpm,3,2025|Rounds 3-5|2025-08-30|DN SOOPers|Dplus Kia,2025-08-30 09:32:44,0,0.27765655517578125
without_past_dpm,3,2025|Rounds 3-5|2025-08-31|KT Rolster|Nongshim RedForce,2025-08-31 06:06:31,1,0.6049394011497498
without_past_dpm,3,2025|Rounds 3-5|2025-08-31|HANJIN BRION|Kiwoom DRX,2025-08-31 08:29:18,1,0.48310595750808716
without_past_dpm,3,2025|Rounds 3-5|2025-09-03|HANJIN BRION|Nongshim RedForce,2025-09-03 08:08:06,0,0.5871729850769043
without_past_dpm,3,2025|Rounds 3-5|2025-09-04|BNK FEARX|Dplus Kia,2025-09-04 08:08:41,1,0.574104905128479
without_past_dpm,3,2025|Rounds 3-5|2025-09-05|BNK FEARX|Nongshim RedForce,2025-09-05 08:07:35,1,0.5075660943984985
without_past_dpm,3,2025|Rounds 3-5|2025-09-06|Dplus Kia|HANJIN BRION,2025-09-06 06:09:11,1,0.4783095419406891
without_past_dpm,3,2025|Rounds 3-5|2025-09-07|Dplus Kia|Nongshim RedForce,2025-09-07 06:09:43,1,0.6477856636047363
without_past_dpm,3,2025|Rounds 3-5|2025-09-10|Dplus Kia|T1,2025-09-10 08:11:38,0,0.7914922833442688
without_past_dpm,3,2025|Rounds 3-5|2025-09-11|BNK FEARX|KT Rolster,2025-09-11 08:09:47,0,0.5480678677558899
without_past_dpm,3,2025|Rounds 3-5|2025-09-13|Gen.G|KT Rolster,2025-09-13 06:11:13,0,0.6394393444061279
without_past_dpm,3,2025|Rounds 3-5|2025-09-14|Hanwha Life Esports|T1,2025-09-14 06:11:34,1,0.4355417490005493
without_past_dpm,3,2025|Rounds 3-5|2025-09-17|BNK FEARX|Dplus Kia,2025-09-17 08:12:41,0,0.5876157283782959
without_past_dpm,3,2025|Rounds 3-5|2025-09-18|Dplus Kia|T1,2025-09-18 08:13:43,0,0.6496061682701111
without_past_dpm,3,2025|Rounds 3-5|2025-09-20|Hanwha Life Esports|KT Rolster,2025-09-20 06:07:09,1,0.6892713308334351
without_past_dpm,3,2025|Rounds 3-5|2025-09-21|Gen.G|T1,2025-09-21 06:08:55,1,0.33963704109191895
without_past_dpm,3,2025|Rounds 3-5|2025-09-27|Gen.G|KT Rolster,2025-09-27 05:23:49,1,0.7000753879547119
without_past_dpm,3,2025|Rounds 3-5|2025-09-28|Gen.G|Hanwha Life Esports,2025-09-28 05:30:31,1,0.5972216725349426
without_past_damageshare,1,2025|Rounds 1-2|2025-05-04|KT Rolster|T1,2025-05-04 06:06:00,0,0.24047765135765076
without_past_damageshare,1,2025|Rounds 1-2|2025-05-04|DN SOOPers|HANJIN BRION,2025-05-04 08:20:59,0,0.4855004549026489
without_past_damageshare,1,2025|Rounds 1-2|2025-05-07|BNK FEARX|HANJIN BRION,2025-05-07 08:03:23,1,0.4040488004684448
without_past_damageshare,1,2025|Rounds 1-2|2025-05-07|Dplus Kia|KT Rolster,2025-05-07 11:02:40,0,0.4548513889312744
without_past_damageshare,1,2025|Rounds 1-2|2025-05-08|Kiwoom DRX|T1,2025-05-08 08:06:11,0,0.4790293574333191
without_past_damageshare,1,2025|Rounds 1-2|2025-05-08|Gen.G|Nongshim RedForce,2025-05-08 10:16:11,1,0.9417077302932739
without_past_damageshare,1,2025|Rounds 1-2|2025-05-09|DN SOOPers|KT Rolster,2025-05-09 08:06:29,0,0.5162756443023682
without_past_damageshare,1,2025|Rounds 1-2|2025-05-09|HANJIN BRION|Hanwha Life Esports,2025-05-09 10:06:12,0,0.09205382317304611
without_past_damageshare,1,2025|Rounds 1-2|2025-05-10|Dplus Kia|T1,2025-05-10 06:05:23,0,0.0433385968208313
without_past_damageshare,1,2025|Rounds 1-2|2025-05-10|BNK FEARX|Gen.G,2025-05-10 08:12:35,0,0.2247270941734314
without_past_damageshare,1,2025|Rounds 1-2|2025-05-11|DN SOOPers|Nongshim RedForce,2025-05-11 06:05:43,1,0.5888789296150208
without_past_damageshare,1,2025|Rounds 1-2|2025-05-11|Hanwha Life Esports|Kiwoom DRX,2025-05-11 09:23:56,1,0.8793550729751587
without_past_damageshare,1,2025|Rounds 1-2|2025-05-14|BNK FEARX|Nongshim RedForce,2025-05-14 08:04:35,0,0.3528919816017151
without_past_damageshare,1,2025|Rounds 1-2|2025-05-14|Dplus Kia|Kiwoom DRX,2025-05-14 10:57:54,1,0.42883729934692383
without_past_damageshare,1,2025|Rounds 1-2|2025-05-15|Hanwha Life Esports|KT Rolster,2025-05-15 08:06:53,0,0.6916535496711731
without_past_damageshare,1,2025|Rounds 1-2|2025-05-15|HANJIN BRION|T1,2025-05-15 11:18:14,0,0.10668690502643585
without_past_damageshare,1,2025|Rounds 1-2|2025-05-16|BNK FEARX|Dplus Kia,2025-05-16 08:07:23,0,0.35136500000953674
without_past_damageshare,1,2025|Rounds 1-2|2025-05-16|DN SOOPers|Gen.G,2025-05-16 10:15:50,0,0.10328575223684311
without_past_damageshare,1,2025|Rounds 1-2|2025-05-17|Kiwoom DRX|Nongshim RedForce,2025-05-17 06:06:29,0,0.400434672832489
without_past_damageshare,1,2025|Rounds 1-2|2025-05-17|HANJIN BRION|KT Rolster,2025-05-17 09:01:31,0,0.23503370583057404
without_past_damageshare,1,2025|Rounds 1-2|2025-05-18|DN SOOPers|Hanwha Life Esports,2025-05-18 06:04:32,0,0.13357339799404144
without_past_damageshare,1,2025|Rounds 1-2|2025-05-18|Gen.G|T1,2025-05-18 08:21:01,1,0.6287603378295898
without_past_damageshare,1,2025|Rounds 1-2|2025-05-21|Gen.G|Hanwha Life Esports,2025-05-21 08:06:27,1,0.6680859327316284
without_past_damageshare,1,2025|Rounds 1-2|2025-05-21|DN SOOPers|Kiwoom DRX,2025-05-21 11:23:37,0,0.24322402477264404
without_past_damageshare,1,2025|Rounds 1-2|2025-05-22|Dplus Kia|HANJIN BRION,2025-05-22 08:07:11,0,0.7641869187355042
without_past_damageshare,1,2025|Rounds 1-2|2025-05-22|BNK FEARX|T1,2025-05-22 10:12:41,0,0.2356303185224533
without_past_damageshare,1,2025|Rounds 1-2|2025-05-23|Gen.G|Kiwoom DRX,2025-05-23 08:07:24,1,0.6781532764434814
without_past_damageshare,1,2025|Rounds 1-2|2025-05-23|KT Rolster|Nongshim RedForce,2025-05-23 10:20:15,1,0.5142315626144409
without_past_damageshare,1,2025|Rounds 1-2|2025-05-24|Dplus Kia|Hanwha Life Esports,2025-05-24 06:04:59,1,0.510834276676178
without_past_damageshare,1,2025|Rounds 1-2|2025-05-24|DN SOOPers|T1,2025-05-24 09:07:30,0,0.20028966665267944
without_past_damageshare,1,2025|Rounds 1-2|2025-05-25|HANJIN BRION|Nongshim RedForce,2025-05-25 06:04:05,0,0.6741276383399963
without_past_damageshare,1,2025|Rounds 1-2|2025-05-25|BNK FEARX|KT Rolster,2025-05-25 09:10:27,0,0.4836791455745697
without_past_damageshare,1,2025|Rounds 1-2|2025-05-28|BNK FEARX|DN SOOPers,2025-05-28 08:03:32,1,0.5226237773895264
without_past_damageshare,1,2025|Rounds 1-2|2025-05-28|Hanwha Life Esports|T1,2025-05-28 11:13:02,1,0.2662217319011688
without_past_damageshare,1,2025|Rounds 1-2|2025-05-29|HANJIN BRION|Kiwoom DRX,2025-05-29 08:06:13,0,0.5610653162002563
without_past_damageshare,1,2025|Rounds 1-2|2025-05-29|Gen.G|KT Rolster,2025-05-29 11:54:37,1,0.7480571866035461
without_past_damageshare,1,2025|Rounds 1-2|2025-05-30|Nongshim RedForce|T1,2025-05-30 08:06:20,1,0.49604612588882446
without_past_damageshare,1,2025|Rounds 1-2|2025-05-30|DN SOOPers|Dplus Kia,2025-05-30 10:17:54,0,0.5396715402603149
without_past_damageshare,1,2025|Rounds 1-2|2025-05-31|KT Rolster|Kiwoom DRX,2025-05-31 06:05:53,1,0.7087521553039551
without_past_damageshare,1,2025|Rounds 1-2|2025-05-31|Gen.G|HANJIN BRION,2025-05-31 08:16:20,1,0.836686372756958
without_past_damageshare,1,2025|Rounds 1-2|2025-06-01|BNK FEARX|Hanwha Life Esports,2025-06-01 06:05:16,0,0.37420982122421265
without_past_damageshare,1,2025|Rounds 1-2|2025-06-01|Dplus Kia|Nongshim RedForce,2025-06-01 08:07:40,1,0.31994906067848206
without_past_damageshare,1,2025|Rounds 1-2|2025-06-04|Dplus Kia|KT Rolster,2025-06-04 08:08:19,0,0.6520276069641113
without_past_damageshare,1,2025|Rounds 1-2|2025-06-07|Dplus Kia|KT Rolster,2025-06-07 06:06:28,0,0.24789643287658691
without_past_damageshare,1,2025|Rounds 1-2|2025-06-08|KT Rolster|Nongshim RedForce,2025-06-08 06:07:06,1,0.7968491315841675
without_past_damageshare,2,2025|Rounds 1-2|2025-06-13|Gen.G|Hanwha Life Esports,2025-06-13 08:18:23,1,0.48235011100769043
without_past_damageshare,2,2025|Rounds 1-2|2025-06-14|KT Rolster|T1,2025-06-14 06:20:04,0,0.961106538772583
without_past_damageshare,2,2025|Rounds 1-2|2025-06-15|Hanwha Life Esports|T1,2025-06-15 06:17:37,0,0.40753984451293945
without_past_damageshare,2,2025|Rounds 3-5|2025-07-23|Dplus Kia|HANJIN BRION,2025-07-23 08:07:58,0,0.5004076957702637
without_past_damageshare,2,2025|Rounds 3-5|2025-07-23|Gen.G|Hanwha Life Esports,2025-07-23 11:17:36,1,0.7493974566459656
without_past_damageshare,2,2025|Rounds 3-5|2025-07-24|BNK FEARX|DN SOOPers,2025-07-24 08:05:02,1,0.4824479818344116
without_past_damageshare,2,2025|Rounds 3-5|2025-07-24|KT Rolster|Nongshim RedForce,2025-07-24 10:11:20,1,0.6579468250274658
without_past_damageshare,2,2025|Rounds 3-5|2025-07-25|Gen.G|T1,2025-07-25 08:11:59,0,0.5588811635971069
without_past_damageshare,2,2025|Rounds 3-5|2025-07-25|HANJIN BRION|Kiwoom DRX,2025-07-25 11:15:42,1,0.49802201986312866
without_past_damageshare,2,2025|Rounds 3-5|2025-07-26|BNK FEARX|Dplus Kia,2025-07-26 06:07:12,0,0.6859335899353027
without_past_damageshare,2,2025|Rounds 3-5|2025-07-26|Hanwha Life Esports|KT Rolster,2025-07-26 08:31:59,1,0.39444297552108765
without_past_damageshare,2,2025|Rounds 3-5|2025-07-27|DN SOOPers|Kiwoom DRX,2025-07-27 06:05:40,0,0.3891914486885071
without_past_damageshare,2,2025|Rounds 3-5|2025-07-27|Nongshim RedForce|T1,2025-07-27 09:29:10,0,0.22594252228736877
without_past_damageshare,2,2025|Rounds 3-5|2025-07-30|Dplus Kia|Kiwoom DRX,2025-07-30 08:07:21,1,0.6327825784683228
without_past_damageshare,2,2025|Rounds 3-5|2025-07-30|KT Rolster|T1,2025-07-30 11:48:43,0,0.4284364581108093
without_past_damageshare,2,2025|Rounds 3-5|2025-07-31|BNK FEARX|HANJIN BRION,2025-07-31 08:06:28,1,0.2844833731651306
without_past_damageshare,2,2025|Rounds 3-5|2025-07-31|Hanwha Life Esports|Nongshim RedForce,2025-07-31 10:31:25,1,0.6485679149627686
without_past_damageshare,2,2025|Rounds 3-5|2025-08-01|Gen.G|KT Rolster,2025-08-01 08:04:50,1,0.628507137298584
without_past_damageshare,2,2025|Rounds 3-5|2025-08-01|DN SOOPers|Dplus Kia,2025-08-01 10:25:35,0,0.236633762717247
without_past_damageshare,2,2025|Rounds 3-5|2025-08-02|Hanwha Life Esports|T1,2025-08-02 06:07:06,0,0.41096752882003784
without_past_damageshare,2,2025|Rounds 3-5|2025-08-02|BNK FEARX|Kiwoom DRX,2025-08-02 08:31:55,0,0.4757652282714844
without_past_damageshare,2,2025|Rounds 3-5|2025-08-03|DN SOOPers|HANJIN BRION,2025-08-03 06:07:00,0,0.4914562702178955
without_past_damageshare,2,2025|Rounds 3-5|2025-08-03|Gen.G|Nongshim RedForce,2025-08-03 08:33:38,1,0.6197152733802795
without_past_damageshare,2,2025|Rounds 3-5|2025-08-06|Hanwha Life Esports|Nongshim RedForce,2025-08-06 08:06:02,1,0.8155493140220642
without_past_damageshare,2,2025|Rounds 3-5|2025-08-06|BNK FEARX|HANJIN BRION,2025-08-06 10:22:21,1,0.48990777134895325
without_past_damageshare,2,2025|Rounds 3-5|2025-08-07|DN SOOPers|Kiwoom DRX,2025-08-07 08:06:22,1,0.32888904213905334
without_past_damageshare,2,2025|Rounds 3-5|2025-08-07|Gen.G|T1,2025-08-07 11:20:03,1,0.516715943813324
without_past_damageshare,2,2025|Rounds 3-5|2025-08-08|BNK FEARX|Dplus Kia,2025-08-08 08:08:25,1,0.22156177461147308
without_past_damageshare,2,2025|Rounds 3-5|2025-08-08|Hanwha Life Esports|KT Rolster,2025-08-08 10:27:25,1,0.5844860076904297
without_past_damageshare,2,2025|Rounds 3-5|2025-08-09|HANJIN BRION|Kiwoom DRX,2025-08-09 06:11:11,1,0.39626753330230713
without_past_damageshare,2,2025|Rounds 3-5|2025-08-09|Nongshim RedForce|T1,2025-08-09 09:16:24,0,0.2295716404914856
without_past_damageshare,2,2025|Rounds 3-5|2025-08-10|Gen.G|KT Rolster,2025-08-10 06:06:45,1,0.890667200088501
without_past_damageshare,2,2025|Rounds 3-5|2025-08-10|DN SOOPers|Dplus Kia,2025-08-10 08:19:07,0,0.2875087261199951
without_past_damageshare,2,2025|Rounds 3-5|2025-08-13|KT Rolster|T1,2025-08-13 08:10:10,0,0.21250662207603455
without_past_damageshare,2,2025|Rounds 3-5|2025-08-13|BNK FEARX|DN SOOPers,2025-08-13 10:08:55,1,0.629654049873352
without_past_damageshare,2,2025|Rounds 3-5|2025-08-14|Gen.G|Nongshim RedForce,2025-08-14 08:07:37,1,0.8034710884094238
without_past_damageshare,2,2025|Rounds 3-5|2025-08-14|Dplus Kia|Kiwoom DRX,2025-08-14 10:09:25,1,0.6042189002037048
without_past_damageshare,2,2025|Rounds 3-5|2025-08-15|DN SOOPers|HANJIN BRION,2025-08-15 08:06:45,1,0.5156633853912354
without_past_damageshare,2,2025|Rounds 3-5|2025-08-15|Hanwha Life Esports|T1,2025-08-15 11:15:30,0,0.3345089852809906
without_past_damageshare,2,2025|Rounds 3-5|2025-08-16|KT Rolster|Nongshim RedForce,2025-08-16 06:05:19,1,0.3710460364818573
without_past_damageshare,2,2025|Rounds 3-5|2025-08-16|BNK FEARX|Kiwoom DRX,2025-08-16 09:05:30,0,0.7962602972984314
without_past_damageshare,2,2025|Rounds 3-5|2025-08-17|Gen.G|Hanwha Life Esports,2025-08-17 06:07:44,1,0.8593578338623047
without_past_damageshare,2,2025|Rounds 3-5|2025-08-17|Dplus Kia|HANJIN BRION,2025-08-17 09:10:43,0,0.6619398593902588
without_past_damageshare,2,2025|Rounds 3-5|2025-08-20|DN SOOPers|Kiwoom DRX,2025-08-20 08:06:31,0,0.5605988502502441
without_past_damageshare,2,2025|Rounds 3-5|2025-08-20|Gen.G|Nongshim RedForce,2025-08-20 10:33:21,1,0.841148316860199
without_past_damageshare,3,2025|Rounds 3-5|2025-08-21|Hanwha Life Esports|KT Rolster,2025-08-21 08:05:15,1,0.38413888216018677
without_past_damageshare,3,2025|Rounds 3-5|2025-08-21|BNK FEARX|HANJIN BRION,2025-08-21 11:27:46,1,0.4837454557418823
without_past_damageshare,3,2025|Rounds 3-5|2025-08-22|Nongshim RedForce|T1,2025-08-22 08:05:01,0,0.08528052270412445
without_past_damageshare,3,2025|Rounds 3-5|2025-08-22|Dplus Kia|Kiwoom DRX,2025-08-22 10:59:29,1,0.39468127489089966
without_past_damageshare,3,2025|Rounds 3-5|2025-08-23|Gen.G|Hanwha Life Esports,2025-08-23 06:06:52,1,0.6204176545143127
without_past_damageshare,3,2025|Rounds 3-5|2025-08-23|DN SOOPers|HANJIN BRION,2025-08-23 09:20:22,1,0.40828078985214233
without_past_damageshare,3,2025|Rounds 3-5|2025-08-24|BNK FEARX|Dplus Kia,2025-08-24 06:06:54,0,0.635215163230896
without_past_damageshare,3,2025|Rounds 3-5|2025-08-24|KT Rolster|T1,2025-08-24 08:27:55,1,0.40596437454223633
without_past_damageshare,3,2025|Rounds 3-5|2025-08-27|Hanwha Life Esports|T1,2025-08-27 08:04:11,0,0.6176689863204956
without_past_damageshare,3,2025|Rounds 3-5|2025-08-27|BNK FEARX|DN SOOPers,2025-08-27 11:21:15,1,0.5318055748939514
without_past_damageshare,3,2025|Rounds 3-5|2025-08-28|Dplus Kia|HANJIN BRION,2025-08-28 08:08:10,1,0.779636561870575
without_past_damageshare,3,2025|Rounds 3-5|2025-08-28|Gen.G|KT Rolster,2025-08-28 10:12:22,1,0.5297988653182983
without_past_damageshare,3,2025|Rounds 3-5|2025-08-29|BNK FEARX|Kiwoom DRX,2025-08-29 08:07:17,1,0.635517954826355
without_past_damageshare,3,2025|Rounds 3-5|2025-08-29|Hanwha Life Esports|Nongshim RedForce,2025-08-29 11:12:12,1,0.5553398132324219
without_past_damageshare,3,2025|Rounds 3-5|2025-08-30|Gen.G|T1,2025-08-30 06:12:29,1,0.6263390779495239
without_past_damageshare,3,2025|Rounds 3-5|2025-08-30|DN SOOPers|Dplus Kia,2025-08-30 09:32:44,0,0.24975892901420593
without_past_damageshare,3,2025|Rounds 3-5|2025-08-31|KT Rolster|Nongshim RedForce,2025-08-31 06:06:31,1,0.6376809477806091
without_past_damageshare,3,2025|Rounds 3-5|2025-08-31|HANJIN BRION|Kiwoom DRX,2025-08-31 08:29:18,1,0.5209364891052246
without_past_damageshare,3,2025|Rounds 3-5|2025-09-03|HANJIN BRION|Nongshim RedForce,2025-09-03 08:08:06,0,0.6208512187004089
without_past_damageshare,3,2025|Rounds 3-5|2025-09-04|BNK FEARX|Dplus Kia,2025-09-04 08:08:41,1,0.5861486196517944
without_past_damageshare,3,2025|Rounds 3-5|2025-09-05|BNK FEARX|Nongshim RedForce,2025-09-05 08:07:35,1,0.5240237712860107
without_past_damageshare,3,2025|Rounds 3-5|2025-09-06|Dplus Kia|HANJIN BRION,2025-09-06 06:09:11,1,0.4338391423225403
without_past_damageshare,3,2025|Rounds 3-5|2025-09-07|Dplus Kia|Nongshim RedForce,2025-09-07 06:09:43,1,0.650902271270752
without_past_damageshare,3,2025|Rounds 3-5|2025-09-10|Dplus Kia|T1,2025-09-10 08:11:38,0,0.773560643196106
without_past_damageshare,3,2025|Rounds 3-5|2025-09-11|BNK FEARX|KT Rolster,2025-09-11 08:09:47,0,0.5918445587158203
without_past_damageshare,3,2025|Rounds 3-5|2025-09-13|Gen.G|KT Rolster,2025-09-13 06:11:13,0,0.6917414665222168
without_past_damageshare,3,2025|Rounds 3-5|2025-09-14|Hanwha Life Esports|T1,2025-09-14 06:11:34,1,0.4389534592628479
without_past_damageshare,3,2025|Rounds 3-5|2025-09-17|BNK FEARX|Dplus Kia,2025-09-17 08:12:41,0,0.616866409778595
without_past_damageshare,3,2025|Rounds 3-5|2025-09-18|Dplus Kia|T1,2025-09-18 08:13:43,0,0.6690000295639038
without_past_damageshare,3,2025|Rounds 3-5|2025-09-20|Hanwha Life Esports|KT Rolster,2025-09-20 06:07:09,1,0.7029711604118347
without_past_damageshare,3,2025|Rounds 3-5|2025-09-21|Gen.G|T1,2025-09-21 06:08:55,1,0.28916460275650024
without_past_damageshare,3,2025|Rounds 3-5|2025-09-27|Gen.G|KT Rolster,2025-09-27 05:23:49,1,0.7596074342727661
without_past_damageshare,3,2025|Rounds 3-5|2025-09-28|Gen.G|Hanwha Life Esports,2025-09-28 05:30:31,1,0.6073000431060791
without_past_earnedgoldshare,1,2025|Rounds 1-2|2025-05-04|KT Rolster|T1,2025-05-04 06:06:00,0,0.27617940306663513
without_past_earnedgoldshare,1,2025|Rounds 1-2|2025-05-04|DN SOOPers|HANJIN BRION,2025-05-04 08:20:59,0,0.49003103375434875
without_past_earnedgoldshare,1,2025|Rounds 1-2|2025-05-07|BNK FEARX|HANJIN BRION,2025-05-07 08:03:23,1,0.44054916501045227
without_past_earnedgoldshare,1,2025|Rounds 1-2|2025-05-07|Dplus Kia|KT Rolster,2025-05-07 11:02:40,0,0.464061439037323
without_past_earnedgoldshare,1,2025|Rounds 1-2|2025-05-08|Kiwoom DRX|T1,2025-05-08 08:06:11,0,0.4500923752784729
without_past_earnedgoldshare,1,2025|Rounds 1-2|2025-05-08|Gen.G|Nongshim RedForce,2025-05-08 10:16:11,1,0.8620587587356567
without_past_earnedgoldshare,1,2025|Rounds 1-2|2025-05-09|DN SOOPers|KT Rolster,2025-05-09 08:06:29,0,0.505032479763031
without_past_earnedgoldshare,1,2025|Rounds 1-2|2025-05-09|HANJIN BRION|Hanwha Life Esports,2025-05-09 10:06:12,0,0.15596245229244232
without_past_earnedgoldshare,1,2025|Rounds 1-2|2025-05-10|Dplus Kia|T1,2025-05-10 06:05:23,0,0.09209585934877396
without_past_earnedgoldshare,1,2025|Rounds 1-2|2025-05-10|BNK FEARX|Gen.G,2025-05-10 08:12:35,0,0.26833364367485046
without_past_earnedgoldshare,1,2025|Rounds 1-2|2025-05-11|DN SOOPers|Nongshim RedForce,2025-05-11 06:05:43,1,0.5924647450447083
without_past_earnedgoldshare,1,2025|Rounds 1-2|2025-05-11|Hanwha Life Esports|Kiwoom DRX,2025-05-11 09:23:56,1,0.801730751991272
without_past_earnedgoldshare,1,2025|Rounds 1-2|2025-05-14|BNK FEARX|Nongshim RedForce,2025-05-14 08:04:35,0,0.4454992413520813
without_past_earnedgoldshare,1,2025|Rounds 1-2|2025-05-14|Dplus Kia|Kiwoom DRX,2025-05-14 10:57:54,1,0.4264959692955017
without_past_earnedgoldshare,1,2025|Rounds 1-2|2025-05-15|Hanwha Life Esports|KT Rolster,2025-05-15 08:06:53,0,0.638058066368103
without_past_earnedgoldshare,1,2025|Rounds 1-2|2025-05-15|HANJIN BRION|T1,2025-05-15 11:18:14,0,0.16655302047729492
without_past_earnedgoldshare,1,2025|Rounds 1-2|2025-05-16|BNK FEARX|Dplus Kia,2025-05-16 08:07:23,0,0.4207002818584442
without_past_earnedgoldshare,1,2025|Rounds 1-2|2025-05-16|DN SOOPers|Gen.G,2025-05-16 10:15:50,0,0.18872767686843872
without_past_earnedgoldshare,1,2025|Rounds 1-2|2025-05-17|Kiwoom DRX|Nongshim RedForce,2025-05-17 06:06:29,0,0.4289800524711609
without_past_earnedgoldshare,1,2025|Rounds 1-2|2025-05-17|HANJIN BRION|KT Rolster,2025-05-17 09:01:31,0,0.3546870946884155
without_past_earnedgoldshare,1,2025|Rounds 1-2|2025-05-18|DN SOOPers|Hanwha Life Esports,2025-05-18 06:04:32,0,0.1963759809732437
without_past_earnedgoldshare,1,2025|Rounds 1-2|2025-05-18|Gen.G|T1,2025-05-18 08:21:01,1,0.5773910284042358
without_past_earnedgoldshare,1,2025|Rounds 1-2|2025-05-21|Gen.G|Hanwha Life Esports,2025-05-21 08:06:27,1,0.5887424349784851
without_past_earnedgoldshare,1,2025|Rounds 1-2|2025-05-21|DN SOOPers|Kiwoom DRX,2025-05-21 11:23:37,0,0.2880287766456604
without_past_earnedgoldshare,1,2025|Rounds 1-2|2025-05-22|Dplus Kia|HANJIN BRION,2025-05-22 08:07:11,0,0.7911121845245361
without_past_earnedgoldshare,1,2025|Rounds 1-2|2025-05-22|BNK FEARX|T1,2025-05-22 10:12:41,0,0.34805452823638916
without_past_earnedgoldshare,1,2025|Rounds 1-2|2025-05-23|Gen.G|Kiwoom DRX,2025-05-23 08:07:24,1,0.6114620566368103
without_past_earnedgoldshare,1,2025|Rounds 1-2|2025-05-23|KT Rolster|Nongshim RedForce,2025-05-23 10:20:15,1,0.6350417733192444
without_past_earnedgoldshare,1,2025|Rounds 1-2|2025-05-24|Dplus Kia|Hanwha Life Esports,2025-05-24 06:04:59,1,0.6109249591827393
without_past_earnedgoldshare,1,2025|Rounds 1-2|2025-05-24|DN SOOPers|T1,2025-05-24 09:07:30,0,0.26723116636276245
without_past_earnedgoldshare,1,2025|Rounds 1-2|2025-05-25|HANJIN BRION|Nongshim RedForce,2025-05-25 06:04:05,0,0.6502492427825928
without_past_earnedgoldshare,1,2025|Rounds 1-2|2025-05-25|BNK FEARX|KT Rolster,2025-05-25 09:10:27,0,0.35317593812942505
without_past_earnedgoldshare,1,2025|Rounds 1-2|2025-05-28|BNK FEARX|DN SOOPers,2025-05-28 08:03:32,1,0.5416958928108215
without_past_earnedgoldshare,1,2025|Rounds 1-2|2025-05-28|Hanwha Life Esports|T1,2025-05-28 11:13:02,1,0.3619948625564575
without_past_earnedgoldshare,1,2025|Rounds 1-2|2025-05-29|HANJIN BRION|Kiwoom DRX,2025-05-29 08:06:13,0,0.5953783988952637
without_past_earnedgoldshare,1,2025|Rounds 1-2|2025-05-29|Gen.G|KT Rolster,2025-05-29 11:54:37,1,0.6280393600463867
without_past_earnedgoldshare,1,2025|Rounds 1-2|2025-05-30|Nongshim RedForce|T1,2025-05-30 08:06:20,1,0.5314010977745056
without_past_earnedgoldshare,1,2025|Rounds 1-2|2025-05-30|DN SOOPers|Dplus Kia,2025-05-30 10:17:54,0,0.44734442234039307
without_past_earnedgoldshare,1,2025|Rounds 1-2|2025-05-31|KT Rolster|Kiwoom DRX,2025-05-31 06:05:53,1,0.7424068450927734
without_past_earnedgoldshare,1,2025|Rounds 1-2|2025-05-31|Gen.G|HANJIN BRION,2025-05-31 08:16:20,1,0.7156724333763123
without_past_earnedgoldshare,1,2025|Rounds 1-2|2025-06-01|BNK FEARX|Hanwha Life Esports,2025-06-01 06:05:16,0,0.4984517991542816
without_past_earnedgoldshare,1,2025|Rounds 1-2|2025-06-01|Dplus Kia|Nongshim RedForce,2025-06-01 08:07:40,1,0.32235315442085266
without_past_earnedgoldshare,1,2025|Rounds 1-2|2025-06-04|Dplus Kia|KT Rolster,2025-06-04 08:08:19,0,0.6334793567657471
without_past_earnedgoldshare,1,2025|Rounds 1-2|2025-06-07|Dplus Kia|KT Rolster,2025-06-07 06:06:28,0,0.3341928720474243
without_past_earnedgoldshare,1,2025|Rounds 1-2|2025-06-08|KT Rolster|Nongshim RedForce,2025-06-08 06:07:06,1,0.7005298137664795
without_past_earnedgoldshare,2,2025|Rounds 1-2|2025-06-13|Gen.G|Hanwha Life Esports,2025-06-13 08:18:23,1,0.36414220929145813
without_past_earnedgoldshare,2,2025|Rounds 1-2|2025-06-14|KT Rolster|T1,2025-06-14 06:20:04,0,0.9745397567749023
without_past_earnedgoldshare,2,2025|Rounds 1-2|2025-06-15|Hanwha Life Esports|T1,2025-06-15 06:17:37,0,0.364457368850708
without_past_earnedgoldshare,2,2025|Rounds 3-5|2025-07-23|Dplus Kia|HANJIN BRION,2025-07-23 08:07:58,0,0.47155261039733887
without_past_earnedgoldshare,2,2025|Rounds 3-5|2025-07-23|Gen.G|Hanwha Life Esports,2025-07-23 11:17:36,1,0.7320870757102966
without_past_earnedgoldshare,2,2025|Rounds 3-5|2025-07-24|BNK FEARX|DN SOOPers,2025-07-24 08:05:02,1,0.4519541263580322
without_past_earnedgoldshare,2,2025|Rounds 3-5|2025-07-24|KT Rolster|Nongshim RedForce,2025-07-24 10:11:20,1,0.7772557735443115
without_past_earnedgoldshare,2,2025|Rounds 3-5|2025-07-25|Gen.G|T1,2025-07-25 08:11:59,0,0.5456962585449219
without_past_earnedgoldshare,2,2025|Rounds 3-5|2025-07-25|HANJIN BRION|Kiwoom DRX,2025-07-25 11:15:42,1,0.5879122614860535
without_past_earnedgoldshare,2,2025|Rounds 3-5|2025-07-26|BNK FEARX|Dplus Kia,2025-07-26 06:07:12,0,0.6751242876052856
without_past_earnedgoldshare,2,2025|Rounds 3-5|2025-07-26|Hanwha Life Esports|KT Rolster,2025-07-26 08:31:59,1,0.33646848797798157
without_past_earnedgoldshare,2,2025|Rounds 3-5|2025-07-27|DN SOOPers|Kiwoom DRX,2025-07-27 06:05:40,0,0.4522903561592102
without_past_earnedgoldshare,2,2025|Rounds 3-5|2025-07-27|Nongshim RedForce|T1,2025-07-27 09:29:10,0,0.13936975598335266
without_past_earnedgoldshare,2,2025|Rounds 3-5|2025-07-30|Dplus Kia|Kiwoom DRX,2025-07-30 08:07:21,1,0.6645537614822388
without_past_earnedgoldshare,2,2025|Rounds 3-5|2025-07-30|KT Rolster|T1,2025-07-30 11:48:43,0,0.4019325077533722
without_past_earnedgoldshare,2,2025|Rounds 3-5|2025-07-31|BNK FEARX|HANJIN BRION,2025-07-31 08:06:28,1,0.21122562885284424
without_past_earnedgoldshare,2,2025|Rounds 3-5|2025-07-31|Hanwha Life Esports|Nongshim RedForce,2025-07-31 10:31:25,1,0.5837169885635376
without_past_earnedgoldshare,2,2025|Rounds 3-5|2025-08-01|Gen.G|KT Rolster,2025-08-01 08:04:50,1,0.7086415886878967
without_past_earnedgoldshare,2,2025|Rounds 3-5|2025-08-01|DN SOOPers|Dplus Kia,2025-08-01 10:25:35,0,0.2545084059238434
without_past_earnedgoldshare,2,2025|Rounds 3-5|2025-08-02|Hanwha Life Esports|T1,2025-08-02 06:07:06,0,0.42699187994003296
without_past_earnedgoldshare,2,2025|Rounds 3-5|2025-08-02|BNK FEARX|Kiwoom DRX,2025-08-02 08:31:55,0,0.5105425119400024
without_past_earnedgoldshare,2,2025|Rounds 3-5|2025-08-03|DN SOOPers|HANJIN BRION,2025-08-03 06:07:00,0,0.5271488428115845
without_past_earnedgoldshare,2,2025|Rounds 3-5|2025-08-03|Gen.G|Nongshim RedForce,2025-08-03 08:33:38,1,0.6670479774475098
without_past_earnedgoldshare,2,2025|Rounds 3-5|2025-08-06|Hanwha Life Esports|Nongshim RedForce,2025-08-06 08:06:02,1,0.849912166595459
without_past_earnedgoldshare,2,2025|Rounds 3-5|2025-08-06|BNK FEARX|HANJIN BRION,2025-08-06 10:22:21,1,0.4553225040435791
without_past_earnedgoldshare,2,2025|Rounds 3-5|2025-08-07|DN SOOPers|Kiwoom DRX,2025-08-07 08:06:22,1,0.2722220718860626
without_past_earnedgoldshare,2,2025|Rounds 3-5|2025-08-07|Gen.G|T1,2025-08-07 11:20:03,1,0.42754900455474854
without_past_earnedgoldshare,2,2025|Rounds 3-5|2025-08-08|BNK FEARX|Dplus Kia,2025-08-08 08:08:25,1,0.28328144550323486
without_past_earnedgoldshare,2,2025|Rounds 3-5|2025-08-08|Hanwha Life Esports|KT Rolster,2025-08-08 10:27:25,1,0.6278509497642517
without_past_earnedgoldshare,2,2025|Rounds 3-5|2025-08-09|HANJIN BRION|Kiwoom DRX,2025-08-09 06:11:11,1,0.33446991443634033
without_past_earnedgoldshare,2,2025|Rounds 3-5|2025-08-09|Nongshim RedForce|T1,2025-08-09 09:16:24,0,0.3157397508621216
without_past_earnedgoldshare,2,2025|Rounds 3-5|2025-08-10|Gen.G|KT Rolster,2025-08-10 06:06:45,1,0.8776862025260925
without_past_earnedgoldshare,2,2025|Rounds 3-5|2025-08-10|DN SOOPers|Dplus Kia,2025-08-10 08:19:07,0,0.23581525683403015
without_past_earnedgoldshare,2,2025|Rounds 3-5|2025-08-13|KT Rolster|T1,2025-08-13 08:10:10,0,0.2880619764328003
without_past_earnedgoldshare,2,2025|Rounds 3-5|2025-08-13|BNK FEARX|DN SOOPers,2025-08-13 10:08:55,1,0.6463046669960022
without_past_earnedgoldshare,2,2025|Rounds 3-5|2025-08-14|Gen.G|Nongshim RedForce,2025-08-14 08:07:37,1,0.8099461197853088
without_past_earnedgoldshare,2,2025|Rounds 3-5|2025-08-14|Dplus Kia|Kiwoom DRX,2025-08-14 10:09:25,1,0.6816684007644653
without_past_earnedgoldshare,2,2025|Rounds 3-5|2025-08-15|DN SOOPers|HANJIN BRION,2025-08-15 08:06:45,1,0.4817436933517456
without_past_earnedgoldshare,2,2025|Rounds 3-5|2025-08-15|Hanwha Life Esports|T1,2025-08-15 11:15:30,0,0.360889196395874
without_past_earnedgoldshare,2,2025|Rounds 3-5|2025-08-16|KT Rolster|Nongshim RedForce,2025-08-16 06:05:19,1,0.3968963921070099
without_past_earnedgoldshare,2,2025|Rounds 3-5|2025-08-16|BNK FEARX|Kiwoom DRX,2025-08-16 09:05:30,0,0.8377102613449097
without_past_earnedgoldshare,2,2025|Rounds 3-5|2025-08-17|Gen.G|Hanwha Life Esports,2025-08-17 06:07:44,1,0.8701254725456238
without_past_earnedgoldshare,2,2025|Rounds 3-5|2025-08-17|Dplus Kia|HANJIN BRION,2025-08-17 09:10:43,0,0.6152739524841309
without_past_earnedgoldshare,2,2025|Rounds 3-5|2025-08-20|DN SOOPers|Kiwoom DRX,2025-08-20 08:06:31,0,0.5498121976852417
without_past_earnedgoldshare,2,2025|Rounds 3-5|2025-08-20|Gen.G|Nongshim RedForce,2025-08-20 10:33:21,1,0.8461768627166748
without_past_earnedgoldshare,3,2025|Rounds 3-5|2025-08-21|Hanwha Life Esports|KT Rolster,2025-08-21 08:05:15,1,0.4099896550178528
without_past_earnedgoldshare,3,2025|Rounds 3-5|2025-08-21|BNK FEARX|HANJIN BRION,2025-08-21 11:27:46,1,0.5022553205490112
without_past_earnedgoldshare,3,2025|Rounds 3-5|2025-08-22|Nongshim RedForce|T1,2025-08-22 08:05:01,0,0.08719083666801453
without_past_earnedgoldshare,3,2025|Rounds 3-5|2025-08-22|Dplus Kia|Kiwoom DRX,2025-08-22 10:59:29,1,0.38603129982948303
without_past_earnedgoldshare,3,2025|Rounds 3-5|2025-08-23|Gen.G|Hanwha Life Esports,2025-08-23 06:06:52,1,0.6285175085067749
without_past_earnedgoldshare,3,2025|Rounds 3-5|2025-08-23|DN SOOPers|HANJIN BRION,2025-08-23 09:20:22,1,0.4119371771812439
without_past_earnedgoldshare,3,2025|Rounds 3-5|2025-08-24|BNK FEARX|Dplus Kia,2025-08-24 06:06:54,0,0.6309999227523804
without_past_earnedgoldshare,3,2025|Rounds 3-5|2025-08-24|KT Rolster|T1,2025-08-24 08:27:55,1,0.39100533723831177
without_past_earnedgoldshare,3,2025|Rounds 3-5|2025-08-27|Hanwha Life Esports|T1,2025-08-27 08:04:11,0,0.6347943544387817
without_past_earnedgoldshare,3,2025|Rounds 3-5|2025-08-27|BNK FEARX|DN SOOPers,2025-08-27 11:21:15,1,0.5188055038452148
without_past_earnedgoldshare,3,2025|Rounds 3-5|2025-08-28|Dplus Kia|HANJIN BRION,2025-08-28 08:08:10,1,0.8115859031677246
without_past_earnedgoldshare,3,2025|Rounds 3-5|2025-08-28|Gen.G|KT Rolster,2025-08-28 10:12:22,1,0.5005543828010559
without_past_earnedgoldshare,3,2025|Rounds 3-5|2025-08-29|BNK FEARX|Kiwoom DRX,2025-08-29 08:07:17,1,0.6119625568389893
without_past_earnedgoldshare,3,2025|Rounds 3-5|2025-08-29|Hanwha Life Esports|Nongshim RedForce,2025-08-29 11:12:12,1,0.5447362661361694
without_past_earnedgoldshare,3,2025|Rounds 3-5|2025-08-30|Gen.G|T1,2025-08-30 06:12:29,1,0.6621931791305542
without_past_earnedgoldshare,3,2025|Rounds 3-5|2025-08-30|DN SOOPers|Dplus Kia,2025-08-30 09:32:44,0,0.2384231686592102
without_past_earnedgoldshare,3,2025|Rounds 3-5|2025-08-31|KT Rolster|Nongshim RedForce,2025-08-31 06:06:31,1,0.6388150453567505
without_past_earnedgoldshare,3,2025|Rounds 3-5|2025-08-31|HANJIN BRION|Kiwoom DRX,2025-08-31 08:29:18,1,0.48945218324661255
without_past_earnedgoldshare,3,2025|Rounds 3-5|2025-09-03|HANJIN BRION|Nongshim RedForce,2025-09-03 08:08:06,0,0.6180759072303772
without_past_earnedgoldshare,3,2025|Rounds 3-5|2025-09-04|BNK FEARX|Dplus Kia,2025-09-04 08:08:41,1,0.5935975313186646
without_past_earnedgoldshare,3,2025|Rounds 3-5|2025-09-05|BNK FEARX|Nongshim RedForce,2025-09-05 08:07:35,1,0.5286781191825867
without_past_earnedgoldshare,3,2025|Rounds 3-5|2025-09-06|Dplus Kia|HANJIN BRION,2025-09-06 06:09:11,1,0.4767630696296692
without_past_earnedgoldshare,3,2025|Rounds 3-5|2025-09-07|Dplus Kia|Nongshim RedForce,2025-09-07 06:09:43,1,0.6502138376235962
without_past_earnedgoldshare,3,2025|Rounds 3-5|2025-09-10|Dplus Kia|T1,2025-09-10 08:11:38,0,0.8323053121566772
without_past_earnedgoldshare,3,2025|Rounds 3-5|2025-09-11|BNK FEARX|KT Rolster,2025-09-11 08:09:47,0,0.5770054459571838
without_past_earnedgoldshare,3,2025|Rounds 3-5|2025-09-13|Gen.G|KT Rolster,2025-09-13 06:11:13,0,0.6503146290779114
without_past_earnedgoldshare,3,2025|Rounds 3-5|2025-09-14|Hanwha Life Esports|T1,2025-09-14 06:11:34,1,0.43968021869659424
without_past_earnedgoldshare,3,2025|Rounds 3-5|2025-09-17|BNK FEARX|Dplus Kia,2025-09-17 08:12:41,0,0.6038897037506104
without_past_earnedgoldshare,3,2025|Rounds 3-5|2025-09-18|Dplus Kia|T1,2025-09-18 08:13:43,0,0.6500595808029175
without_past_earnedgoldshare,3,2025|Rounds 3-5|2025-09-20|Hanwha Life Esports|KT Rolster,2025-09-20 06:07:09,1,0.7181290984153748
without_past_earnedgoldshare,3,2025|Rounds 3-5|2025-09-21|Gen.G|T1,2025-09-21 06:08:55,1,0.29437190294265747
without_past_earnedgoldshare,3,2025|Rounds 3-5|2025-09-27|Gen.G|KT Rolster,2025-09-27 05:23:49,1,0.7532780766487122
without_past_earnedgoldshare,3,2025|Rounds 3-5|2025-09-28|Gen.G|Hanwha Life Esports,2025-09-28 05:30:31,1,0.6257688999176025
without_past_cspm,1,2025|Rounds 1-2|2025-05-04|KT Rolster|T1,2025-05-04 06:06:00,0,0.2775424122810364
without_past_cspm,1,2025|Rounds 1-2|2025-05-04|DN SOOPers|HANJIN BRION,2025-05-04 08:20:59,0,0.4807693660259247
without_past_cspm,1,2025|Rounds 1-2|2025-05-07|BNK FEARX|HANJIN BRION,2025-05-07 08:03:23,1,0.4154640734195709
without_past_cspm,1,2025|Rounds 1-2|2025-05-07|Dplus Kia|KT Rolster,2025-05-07 11:02:40,0,0.46368643641471863
without_past_cspm,1,2025|Rounds 1-2|2025-05-08|Kiwoom DRX|T1,2025-05-08 08:06:11,0,0.46961402893066406
without_past_cspm,1,2025|Rounds 1-2|2025-05-08|Gen.G|Nongshim RedForce,2025-05-08 10:16:11,1,0.8039815425872803
without_past_cspm,1,2025|Rounds 1-2|2025-05-09|DN SOOPers|KT Rolster,2025-05-09 08:06:29,0,0.48972687125205994
without_past_cspm,1,2025|Rounds 1-2|2025-05-09|HANJIN BRION|Hanwha Life Esports,2025-05-09 10:06:12,0,0.20479989051818848
without_past_cspm,1,2025|Rounds 1-2|2025-05-10|Dplus Kia|T1,2025-05-10 06:05:23,0,0.15569663047790527
without_past_cspm,1,2025|Rounds 1-2|2025-05-10|BNK FEARX|Gen.G,2025-05-10 08:12:35,0,0.28087905049324036
without_past_cspm,1,2025|Rounds 1-2|2025-05-11|DN SOOPers|Nongshim RedForce,2025-05-11 06:05:43,1,0.6028932929039001
without_past_cspm,1,2025|Rounds 1-2|2025-05-11|Hanwha Life Esports|Kiwoom DRX,2025-05-11 09:23:56,1,0.6932430863380432
without_past_cspm,1,2025|Rounds 1-2|2025-05-14|BNK FEARX|Nongshim RedForce,2025-05-14 08:04:35,0,0.4069146513938904
without_past_cspm,1,2025|Rounds 1-2|2025-05-14|Dplus Kia|Kiwoom DRX,2025-05-14 10:57:54,1,0.4096290171146393
without_past_cspm,1,2025|Rounds 1-2|2025-05-15|Hanwha Life Esports|KT Rolster,2025-05-15 08:06:53,0,0.5644029378890991
without_past_cspm,1,2025|Rounds 1-2|2025-05-15|HANJIN BRION|T1,2025-05-15 11:18:14,0,0.20603172481060028
without_past_cspm,1,2025|Rounds 1-2|2025-05-16|BNK FEARX|Dplus Kia,2025-05-16 08:07:23,0,0.3510003685951233
without_past_cspm,1,2025|Rounds 1-2|2025-05-16|DN SOOPers|Gen.G,2025-05-16 10:15:50,0,0.22004194557666779
without_past_cspm,1,2025|Rounds 1-2|2025-05-17|Kiwoom DRX|Nongshim RedForce,2025-05-17 06:06:29,0,0.3965541124343872
without_past_cspm,1,2025|Rounds 1-2|2025-05-17|HANJIN BRION|KT Rolster,2025-05-17 09:01:31,0,0.3787936270236969
without_past_cspm,1,2025|Rounds 1-2|2025-05-18|DN SOOPers|Hanwha Life Esports,2025-05-18 06:04:32,0,0.2459692656993866
without_past_cspm,1,2025|Rounds 1-2|2025-05-18|Gen.G|T1,2025-05-18 08:21:01,1,0.536563515663147
without_past_cspm,1,2025|Rounds 1-2|2025-05-21|Gen.G|Hanwha Life Esports,2025-05-21 08:06:27,1,0.5601567625999451
without_past_cspm,1,2025|Rounds 1-2|2025-05-21|DN SOOPers|Kiwoom DRX,2025-05-21 11:23:37,0,0.2993132770061493
without_past_cspm,1,2025|Rounds 1-2|2025-05-22|Dplus Kia|HANJIN BRION,2025-05-22 08:07:11,0,0.7638232707977295
without_past_cspm,1,2025|Rounds 1-2|2025-05-22|BNK FEARX|T1,2025-05-22 10:12:41,0,0.32835477590560913
without_past_cspm,1,2025|Rounds 1-2|2025-05-23|Gen.G|Kiwoom DRX,2025-05-23 08:07:24,1,0.6274983286857605
without_past_cspm,1,2025|Rounds 1-2|2025-05-23|KT Rolster|Nongshim RedForce,2025-05-23 10:20:15,1,0.5262899994850159
without_past_cspm,1,2025|Rounds 1-2|2025-05-24|Dplus Kia|Hanwha Life Esports,2025-05-24 06:04:59,1,0.5934572219848633
without_past_cspm,1,2025|Rounds 1-2|2025-05-24|DN SOOPers|T1,2025-05-24 09:07:30,0,0.26978299021720886
without_past_cspm,1,2025|Rounds 1-2|2025-05-25|HANJIN BRION|Nongshim RedForce,2025-05-25 06:04:05,0,0.5379183292388916
without_past_cspm,1,2025|Rounds 1-2|2025-05-25|BNK FEARX|KT Rolster,2025-05-25 09:10:27,0,0.4115600883960724
without_past_cspm,1,2025|Rounds 1-2|2025-05-28|BNK FEARX|DN SOOPers,2025-05-28 08:03:32,1,0.6483871936798096
without_past_cspm,1,2025|Rounds 1-2|2025-05-28|Hanwha Life Esports|T1,2025-05-28 11:13:02,1,0.4263058304786682
without_past_cspm,1,2025|Rounds 1-2|2025-05-29|HANJIN BRION|Kiwoom DRX,2025-05-29 08:06:13,0,0.511104941368103
without_past_cspm,1,2025|Rounds 1-2|2025-05-29|Gen.G|KT Rolster,2025-05-29 11:54:37,1,0.6304483413696289
without_past_cspm,1,2025|Rounds 1-2|2025-05-30|Nongshim RedForce|T1,2025-05-30 08:06:20,1,0.59389328956604
without_past_cspm,1,2025|Rounds 1-2|2025-05-30|DN SOOPers|Dplus Kia,2025-05-30 10:17:54,0,0.46874308586120605
without_past_cspm,1,2025|Rounds 1-2|2025-05-31|KT Rolster|Kiwoom DRX,2025-05-31 06:05:53,1,0.6469284296035767
without_past_cspm,1,2025|Rounds 1-2|2025-05-31|Gen.G|HANJIN BRION,2025-05-31 08:16:20,1,0.7267248630523682
without_past_cspm,1,2025|Rounds 1-2|2025-06-01|BNK FEARX|Hanwha Life Esports,2025-06-01 06:05:16,0,0.4834482669830322
without_past_cspm,1,2025|Rounds 1-2|2025-06-01|Dplus Kia|Nongshim RedForce,2025-06-01 08:07:40,1,0.41638490557670593
without_past_cspm,1,2025|Rounds 1-2|2025-06-04|Dplus Kia|KT Rolster,2025-06-04 08:08:19,0,0.60333251953125
without_past_cspm,1,2025|Rounds 1-2|2025-06-07|Dplus Kia|KT Rolster,2025-06-07 06:06:28,0,0.334806352853775
without_past_cspm,1,2025|Rounds 1-2|2025-06-08|KT Rolster|Nongshim RedForce,2025-06-08 06:07:06,1,0.7095412015914917
without_past_cspm,2,2025|Rounds 1-2|2025-06-13|Gen.G|Hanwha Life Esports,2025-06-13 08:18:23,1,0.38610899448394775
without_past_cspm,2,2025|Rounds 1-2|2025-06-14|KT Rolster|T1,2025-06-14 06:20:04,0,0.9855160713195801
without_past_cspm,2,2025|Rounds 1-2|2025-06-15|Hanwha Life Esports|T1,2025-06-15 06:17:37,0,0.36061328649520874
without_past_cspm,2,2025|Rounds 3-5|2025-07-23|Dplus Kia|HANJIN BRION,2025-07-23 08:07:58,0,0.5374093651771545
without_past_cspm,2,2025|Rounds 3-5|2025-07-23|Gen.G|Hanwha Life Esports,2025-07-23 11:17:36,1,0.7942366003990173
without_past_cspm,2,2025|Rounds 3-5|2025-07-24|BNK FEARX|DN SOOPers,2025-07-24 08:05:02,1,0.44272148609161377
without_past_cspm,2,2025|Rounds 3-5|2025-07-24|KT Rolster|Nongshim RedForce,2025-07-24 10:11:20,1,0.7937723398208618
without_past_cspm,2,2025|Rounds 3-5|2025-07-25|Gen.G|T1,2025-07-25 08:11:59,0,0.6146737337112427
without_past_cspm,2,2025|Rounds 3-5|2025-07-25|HANJIN BRION|Kiwoom DRX,2025-07-25 11:15:42,1,0.5668712854385376
without_past_cspm,2,2025|Rounds 3-5|2025-07-26|BNK FEARX|Dplus Kia,2025-07-26 06:07:12,0,0.6271920204162598
without_past_cspm,2,2025|Rounds 3-5|2025-07-26|Hanwha Life Esports|KT Rolster,2025-07-26 08:31:59,1,0.28693529963493347
without_past_cspm,2,2025|Rounds 3-5|2025-07-27|DN SOOPers|Kiwoom DRX,2025-07-27 06:05:40,0,0.423099160194397
without_past_cspm,2,2025|Rounds 3-5|2025-07-27|Nongshim RedForce|T1,2025-07-27 09:29:10,0,0.16854679584503174
without_past_cspm,2,2025|Rounds 3-5|2025-07-30|Dplus Kia|Kiwoom DRX,2025-07-30 08:07:21,1,0.7131124138832092
without_past_cspm,2,2025|Rounds 3-5|2025-07-30|KT Rolster|T1,2025-07-30 11:48:43,0,0.4038203954696655
without_past_cspm,2,2025|Rounds 3-5|2025-07-31|BNK FEARX|HANJIN BRION,2025-07-31 08:06:28,1,0.20607970654964447
without_past_cspm,2,2025|Rounds 3-5|2025-07-31|Hanwha Life Esports|Nongshim RedForce,2025-07-31 10:31:25,1,0.6408603191375732
without_past_cspm,2,2025|Rounds 3-5|2025-08-01|Gen.G|KT Rolster,2025-08-01 08:04:50,1,0.6808633804321289
without_past_cspm,2,2025|Rounds 3-5|2025-08-01|DN SOOPers|Dplus Kia,2025-08-01 10:25:35,0,0.22431384027004242
without_past_cspm,2,2025|Rounds 3-5|2025-08-02|Hanwha Life Esports|T1,2025-08-02 06:07:06,0,0.395272821187973
without_past_cspm,2,2025|Rounds 3-5|2025-08-02|BNK FEARX|Kiwoom DRX,2025-08-02 08:31:55,0,0.4333973228931427
without_past_cspm,2,2025|Rounds 3-5|2025-08-03|DN SOOPers|HANJIN BRION,2025-08-03 06:07:00,0,0.5986325740814209
without_past_cspm,2,2025|Rounds 3-5|2025-08-03|Gen.G|Nongshim RedForce,2025-08-03 08:33:38,1,0.5623692274093628
without_past_cspm,2,2025|Rounds 3-5|2025-08-06|Hanwha Life Esports|Nongshim RedForce,2025-08-06 08:06:02,1,0.8457522392272949
without_past_cspm,2,2025|Rounds 3-5|2025-08-06|BNK FEARX|HANJIN BRION,2025-08-06 10:22:21,1,0.4092978239059448
without_past_cspm,2,2025|Rounds 3-5|2025-08-07|DN SOOPers|Kiwoom DRX,2025-08-07 08:06:22,1,0.3177199363708496
without_past_cspm,2,2025|Rounds 3-5|2025-08-07|Gen.G|T1,2025-08-07 11:20:03,1,0.5130964517593384
without_past_cspm,2,2025|Rounds 3-5|2025-08-08|BNK FEARX|Dplus Kia,2025-08-08 08:08:25,1,0.19214323163032532
without_past_cspm,2,2025|Rounds 3-5|2025-08-08|Hanwha Life Esports|KT Rolster,2025-08-08 10:27:25,1,0.5938112735748291
without_past_cspm,2,2025|Rounds 3-5|2025-08-09|HANJIN BRION|Kiwoom DRX,2025-08-09 06:11:11,1,0.3692871332168579
without_past_cspm,2,2025|Rounds 3-5|2025-08-09|Nongshim RedForce|T1,2025-08-09 09:16:24,0,0.34484201669692993
without_past_cspm,2,2025|Rounds 3-5|2025-08-10|Gen.G|KT Rolster,2025-08-10 06:06:45,1,0.9345071315765381
without_past_cspm,2,2025|Rounds 3-5|2025-08-10|DN SOOPers|Dplus Kia,2025-08-10 08:19:07,0,0.26173946261405945
without_past_cspm,2,2025|Rounds 3-5|2025-08-13|KT Rolster|T1,2025-08-13 08:10:10,0,0.26873841881752014
without_past_cspm,2,2025|Rounds 3-5|2025-08-13|BNK FEARX|DN SOOPers,2025-08-13 10:08:55,1,0.6211286783218384
without_past_cspm,2,2025|Rounds 3-5|2025-08-14|Gen.G|Nongshim RedForce,2025-08-14 08:07:37,1,0.8491387963294983
without_past_cspm,2,2025|Rounds 3-5|2025-08-14|Dplus Kia|Kiwoom DRX,2025-08-14 10:09:25,1,0.6919716000556946
without_past_cspm,2,2025|Rounds 3-5|2025-08-15|DN SOOPers|HANJIN BRION,2025-08-15 08:06:45,1,0.5533437728881836
without_past_cspm,2,2025|Rounds 3-5|2025-08-15|Hanwha Life Esports|T1,2025-08-15 11:15:30,0,0.37404584884643555
without_past_cspm,2,2025|Rounds 3-5|2025-08-16|KT Rolster|Nongshim RedForce,2025-08-16 06:05:19,1,0.3881716728210449
without_past_cspm,2,2025|Rounds 3-5|2025-08-16|BNK FEARX|Kiwoom DRX,2025-08-16 09:05:30,0,0.8602014183998108
without_past_cspm,2,2025|Rounds 3-5|2025-08-17|Gen.G|Hanwha Life Esports,2025-08-17 06:07:44,1,0.9114550352096558
without_past_cspm,2,2025|Rounds 3-5|2025-08-17|Dplus Kia|HANJIN BRION,2025-08-17 09:10:43,0,0.6361547708511353
without_past_cspm,2,2025|Rounds 3-5|2025-08-20|DN SOOPers|Kiwoom DRX,2025-08-20 08:06:31,0,0.5489451885223389
without_past_cspm,2,2025|Rounds 3-5|2025-08-20|Gen.G|Nongshim RedForce,2025-08-20 10:33:21,1,0.8795616030693054
without_past_cspm,3,2025|Rounds 3-5|2025-08-21|Hanwha Life Esports|KT Rolster,2025-08-21 08:05:15,1,0.4672251045703888
without_past_cspm,3,2025|Rounds 3-5|2025-08-21|BNK FEARX|HANJIN BRION,2025-08-21 11:27:46,1,0.5147765874862671
without_past_cspm,3,2025|Rounds 3-5|2025-08-22|Nongshim RedForce|T1,2025-08-22 08:05:01,0,0.1454508751630783
without_past_cspm,3,2025|Rounds 3-5|2025-08-22|Dplus Kia|Kiwoom DRX,2025-08-22 10:59:29,1,0.4169338047504425
without_past_cspm,3,2025|Rounds 3-5|2025-08-23|Gen.G|Hanwha Life Esports,2025-08-23 06:06:52,1,0.5592046976089478
without_past_cspm,3,2025|Rounds 3-5|2025-08-23|DN SOOPers|HANJIN BRION,2025-08-23 09:20:22,1,0.4345816969871521
without_past_cspm,3,2025|Rounds 3-5|2025-08-24|BNK FEARX|Dplus Kia,2025-08-24 06:06:54,0,0.6224774122238159
without_past_cspm,3,2025|Rounds 3-5|2025-08-24|KT Rolster|T1,2025-08-24 08:27:55,1,0.39236611127853394
without_past_cspm,3,2025|Rounds 3-5|2025-08-27|Hanwha Life Esports|T1,2025-08-27 08:04:11,0,0.6192721128463745
without_past_cspm,3,2025|Rounds 3-5|2025-08-27|BNK FEARX|DN SOOPers,2025-08-27 11:21:15,1,0.4789792597293854
without_past_cspm,3,2025|Rounds 3-5|2025-08-28|Dplus Kia|HANJIN BRION,2025-08-28 08:08:10,1,0.7693564295768738
without_past_cspm,3,2025|Rounds 3-5|2025-08-28|Gen.G|KT Rolster,2025-08-28 10:12:22,1,0.5298701524734497
without_past_cspm,3,2025|Rounds 3-5|2025-08-29|BNK FEARX|Kiwoom DRX,2025-08-29 08:07:17,1,0.6044732332229614
without_past_cspm,3,2025|Rounds 3-5|2025-08-29|Hanwha Life Esports|Nongshim RedForce,2025-08-29 11:12:12,1,0.5596453547477722
without_past_cspm,3,2025|Rounds 3-5|2025-08-30|Gen.G|T1,2025-08-30 06:12:29,1,0.6572744846343994
without_past_cspm,3,2025|Rounds 3-5|2025-08-30|DN SOOPers|Dplus Kia,2025-08-30 09:32:44,0,0.29610925912857056
without_past_cspm,3,2025|Rounds 3-5|2025-08-31|KT Rolster|Nongshim RedForce,2025-08-31 06:06:31,1,0.6200064420700073
without_past_cspm,3,2025|Rounds 3-5|2025-08-31|HANJIN BRION|Kiwoom DRX,2025-08-31 08:29:18,1,0.46216100454330444
without_past_cspm,3,2025|Rounds 3-5|2025-09-03|HANJIN BRION|Nongshim RedForce,2025-09-03 08:08:06,0,0.6114987134933472
without_past_cspm,3,2025|Rounds 3-5|2025-09-04|BNK FEARX|Dplus Kia,2025-09-04 08:08:41,1,0.5948107242584229
without_past_cspm,3,2025|Rounds 3-5|2025-09-05|BNK FEARX|Nongshim RedForce,2025-09-05 08:07:35,1,0.4696950912475586
without_past_cspm,3,2025|Rounds 3-5|2025-09-06|Dplus Kia|HANJIN BRION,2025-09-06 06:09:11,1,0.47021299600601196
without_past_cspm,3,2025|Rounds 3-5|2025-09-07|Dplus Kia|Nongshim RedForce,2025-09-07 06:09:43,1,0.6041334867477417
without_past_cspm,3,2025|Rounds 3-5|2025-09-10|Dplus Kia|T1,2025-09-10 08:11:38,0,0.7854288816452026
without_past_cspm,3,2025|Rounds 3-5|2025-09-11|BNK FEARX|KT Rolster,2025-09-11 08:09:47,0,0.5523416996002197
without_past_cspm,3,2025|Rounds 3-5|2025-09-13|Gen.G|KT Rolster,2025-09-13 06:11:13,0,0.5862284898757935
without_past_cspm,3,2025|Rounds 3-5|2025-09-14|Hanwha Life Esports|T1,2025-09-14 06:11:34,1,0.5016011595726013
without_past_cspm,3,2025|Rounds 3-5|2025-09-17|BNK FEARX|Dplus Kia,2025-09-17 08:12:41,0,0.5593539476394653
without_past_cspm,3,2025|Rounds 3-5|2025-09-18|Dplus Kia|T1,2025-09-18 08:13:43,0,0.690936267375946
without_past_cspm,3,2025|Rounds 3-5|2025-09-20|Hanwha Life Esports|KT Rolster,2025-09-20 06:07:09,1,0.6969239115715027
without_past_cspm,3,2025|Rounds 3-5|2025-09-21|Gen.G|T1,2025-09-21 06:08:55,1,0.32809171080589294
without_past_cspm,3,2025|Rounds 3-5|2025-09-27|Gen.G|KT Rolster,2025-09-27 05:23:49,1,0.6953204870223999
without_past_cspm,3,2025|Rounds 3-5|2025-09-28|Gen.G|Hanwha Life Esports,2025-09-28 05:30:31,1,0.5610811114311218
without_past_vision_per_min,1,2025|Rounds 1-2|2025-05-04|KT Rolster|T1,2025-05-04 06:06:00,0,0.30650901794433594
without_past_vision_per_min,1,2025|Rounds 1-2|2025-05-04|DN SOOPers|HANJIN BRION,2025-05-04 08:20:59,0,0.5017428994178772
without_past_vision_per_min,1,2025|Rounds 1-2|2025-05-07|BNK FEARX|HANJIN BRION,2025-05-07 08:03:23,1,0.3852612376213074
without_past_vision_per_min,1,2025|Rounds 1-2|2025-05-07|Dplus Kia|KT Rolster,2025-05-07 11:02:40,0,0.4907752275466919
without_past_vision_per_min,1,2025|Rounds 1-2|2025-05-08|Kiwoom DRX|T1,2025-05-08 08:06:11,0,0.5027014017105103
without_past_vision_per_min,1,2025|Rounds 1-2|2025-05-08|Gen.G|Nongshim RedForce,2025-05-08 10:16:11,1,0.7896016836166382
without_past_vision_per_min,1,2025|Rounds 1-2|2025-05-09|DN SOOPers|KT Rolster,2025-05-09 08:06:29,0,0.45472389459609985
without_past_vision_per_min,1,2025|Rounds 1-2|2025-05-09|HANJIN BRION|Hanwha Life Esports,2025-05-09 10:06:12,0,0.21994218230247498
without_past_vision_per_min,1,2025|Rounds 1-2|2025-05-10|Dplus Kia|T1,2025-05-10 06:05:23,0,0.16297659277915955
without_past_vision_per_min,1,2025|Rounds 1-2|2025-05-10|BNK FEARX|Gen.G,2025-05-10 08:12:35,0,0.28438472747802734
without_past_vision_per_min,1,2025|Rounds 1-2|2025-05-11|DN SOOPers|Nongshim RedForce,2025-05-11 06:05:43,1,0.518085241317749
without_past_vision_per_min,1,2025|Rounds 1-2|2025-05-11|Hanwha Life Esports|Kiwoom DRX,2025-05-11 09:23:56,1,0.7243973016738892
without_past_vision_per_min,1,2025|Rounds 1-2|2025-05-14|BNK FEARX|Nongshim RedForce,2025-05-14 08:04:35,0,0.4241418242454529
without_past_vision_per_min,1,2025|Rounds 1-2|2025-05-14|Dplus Kia|Kiwoom DRX,2025-05-14 10:57:54,1,0.39173856377601624
without_past_vision_per_min,1,2025|Rounds 1-2|2025-05-15|Hanwha Life Esports|KT Rolster,2025-05-15 08:06:53,0,0.5781608819961548
without_past_vision_per_min,1,2025|Rounds 1-2|2025-05-15|HANJIN BRION|T1,2025-05-15 11:18:14,0,0.23240762948989868
without_past_vision_per_min,1,2025|Rounds 1-2|2025-05-16|BNK FEARX|Dplus Kia,2025-05-16 08:07:23,0,0.4496515393257141
without_past_vision_per_min,1,2025|Rounds 1-2|2025-05-16|DN SOOPers|Gen.G,2025-05-16 10:15:50,0,0.20839473605155945
without_past_vision_per_min,1,2025|Rounds 1-2|2025-05-17|Kiwoom DRX|Nongshim RedForce,2025-05-17 06:06:29,0,0.4458426237106323
without_past_vision_per_min,1,2025|Rounds 1-2|2025-05-17|HANJIN BRION|KT Rolster,2025-05-17 09:01:31,0,0.34353041648864746
without_past_vision_per_min,1,2025|Rounds 1-2|2025-05-18|DN SOOPers|Hanwha Life Esports,2025-05-18 06:04:32,0,0.3140256404876709
without_past_vision_per_min,1,2025|Rounds 1-2|2025-05-18|Gen.G|T1,2025-05-18 08:21:01,1,0.57860267162323
without_past_vision_per_min,1,2025|Rounds 1-2|2025-05-21|Gen.G|Hanwha Life Esports,2025-05-21 08:06:27,1,0.6499305963516235
without_past_vision_per_min,1,2025|Rounds 1-2|2025-05-21|DN SOOPers|Kiwoom DRX,2025-05-21 11:23:37,0,0.3589129149913788
without_past_vision_per_min,1,2025|Rounds 1-2|2025-05-22|Dplus Kia|HANJIN BRION,2025-05-22 08:07:11,0,0.709373950958252
without_past_vision_per_min,1,2025|Rounds 1-2|2025-05-22|BNK FEARX|T1,2025-05-22 10:12:41,0,0.3739621639251709
without_past_vision_per_min,1,2025|Rounds 1-2|2025-05-23|Gen.G|Kiwoom DRX,2025-05-23 08:07:24,1,0.6539019346237183
without_past_vision_per_min,1,2025|Rounds 1-2|2025-05-23|KT Rolster|Nongshim RedForce,2025-05-23 10:20:15,1,0.5834876894950867
without_past_vision_per_min,1,2025|Rounds 1-2|2025-05-24|Dplus Kia|Hanwha Life Esports,2025-05-24 06:04:59,1,0.630940854549408
without_past_vision_per_min,1,2025|Rounds 1-2|2025-05-24|DN SOOPers|T1,2025-05-24 09:07:30,0,0.29924947023391724
without_past_vision_per_min,1,2025|Rounds 1-2|2025-05-25|HANJIN BRION|Nongshim RedForce,2025-05-25 06:04:05,0,0.6844742894172668
without_past_vision_per_min,1,2025|Rounds 1-2|2025-05-25|BNK FEARX|KT Rolster,2025-05-25 09:10:27,0,0.4408653974533081
without_past_vision_per_min,1,2025|Rounds 1-2|2025-05-28|BNK FEARX|DN SOOPers,2025-05-28 08:03:32,1,0.5401281118392944
without_past_vision_per_min,1,2025|Rounds 1-2|2025-05-28|Hanwha Life Esports|T1,2025-05-28 11:13:02,1,0.3575761616230011
without_past_vision_per_min,1,2025|Rounds 1-2|2025-05-29|HANJIN BRION|Kiwoom DRX,2025-05-29 08:06:13,0,0.6049141883850098
without_past_vision_per_min,1,2025|Rounds 1-2|2025-05-29|Gen.G|KT Rolster,2025-05-29 11:54:37,1,0.6765087246894836
without_past_vision_per_min,1,2025|Rounds 1-2|2025-05-30|Nongshim RedForce|T1,2025-05-30 08:06:20,1,0.5393468737602234
without_past_vision_per_min,1,2025|Rounds 1-2|2025-05-30|DN SOOPers|Dplus Kia,2025-05-30 10:17:54,0,0.49477535486221313
without_past_vision_per_min,1,2025|Rounds 1-2|2025-05-31|KT Rolster|Kiwoom DRX,2025-05-31 06:05:53,1,0.67582106590271
without_past_vision_per_min,1,2025|Rounds 1-2|2025-05-31|Gen.G|HANJIN BRION,2025-05-31 08:16:20,1,0.6876194477081299
without_past_vision_per_min,1,2025|Rounds 1-2|2025-06-01|BNK FEARX|Hanwha Life Esports,2025-06-01 06:05:16,0,0.4378647804260254
without_past_vision_per_min,1,2025|Rounds 1-2|2025-06-01|Dplus Kia|Nongshim RedForce,2025-06-01 08:07:40,1,0.3844674229621887
without_past_vision_per_min,1,2025|Rounds 1-2|2025-06-04|Dplus Kia|KT Rolster,2025-06-04 08:08:19,0,0.5294983386993408
without_past_vision_per_min,1,2025|Rounds 1-2|2025-06-07|Dplus Kia|KT Rolster,2025-06-07 06:06:28,0,0.3099457025527954
without_past_vision_per_min,1,2025|Rounds 1-2|2025-06-08|KT Rolster|Nongshim RedForce,2025-06-08 06:07:06,1,0.7098970413208008
without_past_vision_per_min,2,2025|Rounds 1-2|2025-06-13|Gen.G|Hanwha Life Esports,2025-06-13 08:18:23,1,0.27072253823280334
without_past_vision_per_min,2,2025|Rounds 1-2|2025-06-14|KT Rolster|T1,2025-06-14 06:20:04,0,0.9906127452850342
without_past_vision_per_min,2,2025|Rounds 1-2|2025-06-15|Hanwha Life Esports|T1,2025-06-15 06:17:37,0,0.23101459443569183
without_past_vision_per_min,2,2025|Rounds 3-5|2025-07-23|Dplus Kia|HANJIN BRION,2025-07-23 08:07:58,0,0.45348310470581055
without_past_vision_per_min,2,2025|Rounds 3-5|2025-07-23|Gen.G|Hanwha Life Esports,2025-07-23 11:17:36,1,0.8815948367118835
without_past_vision_per_min,2,2025|Rounds 3-5|2025-07-24|BNK FEARX|DN SOOPers,2025-07-24 08:05:02,1,0.4146096110343933
without_past_vision_per_min,2,2025|Rounds 3-5|2025-07-24|KT Rolster|Nongshim RedForce,2025-07-24 10:11:20,1,0.5150870680809021
without_past_vision_per_min,2,2025|Rounds 3-5|2025-07-25|Gen.G|T1,2025-07-25 08:11:59,0,0.7359591722488403
without_past_vision_per_min,2,2025|Rounds 3-5|2025-07-25|HANJIN BRION|Kiwoom DRX,2025-07-25 11:15:42,1,0.7453243136405945
without_past_vision_per_min,2,2025|Rounds 3-5|2025-07-26|BNK FEARX|Dplus Kia,2025-07-26 06:07:12,0,0.5151552557945251
without_past_vision_per_min,2,2025|Rounds 3-5|2025-07-26|Hanwha Life Esports|KT Rolster,2025-07-26 08:31:59,1,0.4242786765098572
without_past_vision_per_min,2,2025|Rounds 3-5|2025-07-27|DN SOOPers|Kiwoom DRX,2025-07-27 06:05:40,0,0.46312206983566284
without_past_vision_per_min,2,2025|Rounds 3-5|2025-07-27|Nongshim RedForce|T1,2025-07-27 09:29:10,0,0.47766947746276855
without_past_vision_per_min,2,2025|Rounds 3-5|2025-07-30|Dplus Kia|Kiwoom DRX,2025-07-30 08:07:21,1,0.7579094171524048
without_past_vision_per_min,2,2025|Rounds 3-5|2025-07-30|KT Rolster|T1,2025-07-30 11:48:43,0,0.4260769784450531
without_past_vision_per_min,2,2025|Rounds 3-5|2025-07-31|BNK FEARX|HANJIN BRION,2025-07-31 08:06:28,1,0.13088543713092804
without_past_vision_per_min,2,2025|Rounds 3-5|2025-07-31|Hanwha Life Esports|Nongshim RedForce,2025-07-31 10:31:25,1,0.4899698793888092
without_past_vision_per_min,2,2025|Rounds 3-5|2025-08-01|Gen.G|KT Rolster,2025-08-01 08:04:50,1,0.8472947478294373
without_past_vision_per_min,2,2025|Rounds 3-5|2025-08-01|DN SOOPers|Dplus Kia,2025-08-01 10:25:35,0,0.37656325101852417
without_past_vision_per_min,2,2025|Rounds 3-5|2025-08-02|Hanwha Life Esports|T1,2025-08-02 06:07:06,0,0.31893718242645264
without_past_vision_per_min,2,2025|Rounds 3-5|2025-08-02|BNK FEARX|Kiwoom DRX,2025-08-02 08:31:55,0,0.5801906585693359
without_past_vision_per_min,2,2025|Rounds 3-5|2025-08-03|DN SOOPers|HANJIN BRION,2025-08-03 06:07:00,0,0.5363476276397705
without_past_vision_per_min,2,2025|Rounds 3-5|2025-08-03|Gen.G|Nongshim RedForce,2025-08-03 08:33:38,1,0.7929951548576355
without_past_vision_per_min,2,2025|Rounds 3-5|2025-08-06|Hanwha Life Esports|Nongshim RedForce,2025-08-06 08:06:02,1,0.7367100715637207
without_past_vision_per_min,2,2025|Rounds 3-5|2025-08-06|BNK FEARX|HANJIN BRION,2025-08-06 10:22:21,1,0.372783899307251
without_past_vision_per_min,2,2025|Rounds 3-5|2025-08-07|DN SOOPers|Kiwoom DRX,2025-08-07 08:06:22,1,0.23323790729045868
without_past_vision_per_min,2,2025|Rounds 3-5|2025-08-07|Gen.G|T1,2025-08-07 11:20:03,1,0.5415452718734741
without_past_vision_per_min,2,2025|Rounds 3-5|2025-08-08|BNK FEARX|Dplus Kia,2025-08-08 08:08:25,1,0.3936539888381958
without_past_vision_per_min,2,2025|Rounds 3-5|2025-08-08|Hanwha Life Esports|KT Rolster,2025-08-08 10:27:25,1,0.6946072578430176
without_past_vision_per_min,2,2025|Rounds 3-5|2025-08-09|HANJIN BRION|Kiwoom DRX,2025-08-09 06:11:11,1,0.2529394030570984
without_past_vision_per_min,2,2025|Rounds 3-5|2025-08-09|Nongshim RedForce|T1,2025-08-09 09:16:24,0,0.5533647537231445
without_past_vision_per_min,2,2025|Rounds 3-5|2025-08-10|Gen.G|KT Rolster,2025-08-10 06:06:45,1,0.9283446073532104
without_past_vision_per_min,2,2025|Rounds 3-5|2025-08-10|DN SOOPers|Dplus Kia,2025-08-10 08:19:07,0,0.16845926642417908
without_past_vision_per_min,2,2025|Rounds 3-5|2025-08-13|KT Rolster|T1,2025-08-13 08:10:10,0,0.37442320585250854
without_past_vision_per_min,2,2025|Rounds 3-5|2025-08-13|BNK FEARX|DN SOOPers,2025-08-13 10:08:55,1,0.6961121559143066
without_past_vision_per_min,2,2025|Rounds 3-5|2025-08-14|Gen.G|Nongshim RedForce,2025-08-14 08:07:37,1,0.8391637802124023
without_past_vision_per_min,2,2025|Rounds 3-5|2025-08-14|Dplus Kia|Kiwoom DRX,2025-08-14 10:09:25,1,0.5617070198059082
without_past_vision_per_min,2,2025|Rounds 3-5|2025-08-15|DN SOOPers|HANJIN BRION,2025-08-15 08:06:45,1,0.582072377204895
without_past_vision_per_min,2,2025|Rounds 3-5|2025-08-15|Hanwha Life Esports|T1,2025-08-15 11:15:30,0,0.5553025007247925
without_past_vision_per_min,2,2025|Rounds 3-5|2025-08-16|KT Rolster|Nongshim RedForce,2025-08-16 06:05:19,1,0.26278790831565857
without_past_vision_per_min,2,2025|Rounds 3-5|2025-08-16|BNK FEARX|Kiwoom DRX,2025-08-16 09:05:30,0,0.8689635992050171
without_past_vision_per_min,2,2025|Rounds 3-5|2025-08-17|Gen.G|Hanwha Life Esports,2025-08-17 06:07:44,1,0.9266983270645142
without_past_vision_per_min,2,2025|Rounds 3-5|2025-08-17|Dplus Kia|HANJIN BRION,2025-08-17 09:10:43,0,0.5525612831115723
without_past_vision_per_min,2,2025|Rounds 3-5|2025-08-20|DN SOOPers|Kiwoom DRX,2025-08-20 08:06:31,0,0.6334497928619385
without_past_vision_per_min,2,2025|Rounds 3-5|2025-08-20|Gen.G|Nongshim RedForce,2025-08-20 10:33:21,1,0.9463515281677246
without_past_vision_per_min,3,2025|Rounds 3-5|2025-08-21|Hanwha Life Esports|KT Rolster,2025-08-21 08:05:15,1,0.4597070515155792
without_past_vision_per_min,3,2025|Rounds 3-5|2025-08-21|BNK FEARX|HANJIN BRION,2025-08-21 11:27:46,1,0.47033119201660156
without_past_vision_per_min,3,2025|Rounds 3-5|2025-08-22|Nongshim RedForce|T1,2025-08-22 08:05:01,0,0.1324644237756729
without_past_vision_per_min,3,2025|Rounds 3-5|2025-08-22|Dplus Kia|Kiwoom DRX,2025-08-22 10:59:29,1,0.40683579444885254
without_past_vision_per_min,3,2025|Rounds 3-5|2025-08-23|Gen.G|Hanwha Life Esports,2025-08-23 06:06:52,1,0.5693840980529785
without_past_vision_per_min,3,2025|Rounds 3-5|2025-08-23|DN SOOPers|HANJIN BRION,2025-08-23 09:20:22,1,0.42058855295181274
without_past_vision_per_min,3,2025|Rounds 3-5|2025-08-24|BNK FEARX|Dplus Kia,2025-08-24 06:06:54,0,0.6173820495605469
without_past_vision_per_min,3,2025|Rounds 3-5|2025-08-24|KT Rolster|T1,2025-08-24 08:27:55,1,0.38824039697647095
without_past_vision_per_min,3,2025|Rounds 3-5|2025-08-27|Hanwha Life Esports|T1,2025-08-27 08:04:11,0,0.6304408311843872
without_past_vision_per_min,3,2025|Rounds 3-5|2025-08-27|BNK FEARX|DN SOOPers,2025-08-27 11:21:15,1,0.47344887256622314
without_past_vision_per_min,3,2025|Rounds 3-5|2025-08-28|Dplus Kia|HANJIN BRION,2025-08-28 08:08:10,1,0.7790294289588928
without_past_vision_per_min,3,2025|Rounds 3-5|2025-08-28|Gen.G|KT Rolster,2025-08-28 10:12:22,1,0.5154011249542236
without_past_vision_per_min,3,2025|Rounds 3-5|2025-08-29|BNK FEARX|Kiwoom DRX,2025-08-29 08:07:17,1,0.6004965901374817
without_past_vision_per_min,3,2025|Rounds 3-5|2025-08-29|Hanwha Life Esports|Nongshim RedForce,2025-08-29 11:12:12,1,0.5624306797981262
without_past_vision_per_min,3,2025|Rounds 3-5|2025-08-30|Gen.G|T1,2025-08-30 06:12:29,1,0.6639668941497803
without_past_vision_per_min,3,2025|Rounds 3-5|2025-08-30|DN SOOPers|Dplus Kia,2025-08-30 09:32:44,0,0.27211281657218933
without_past_vision_per_min,3,2025|Rounds 3-5|2025-08-31|KT Rolster|Nongshim RedForce,2025-08-31 06:06:31,1,0.6327902674674988
without_past_vision_per_min,3,2025|Rounds 3-5|2025-08-31|HANJIN BRION|Kiwoom DRX,2025-08-31 08:29:18,1,0.47267287969589233
without_past_vision_per_min,3,2025|Rounds 3-5|2025-09-03|HANJIN BRION|Nongshim RedForce,2025-09-03 08:08:06,0,0.6482046246528625
without_past_vision_per_min,3,2025|Rounds 3-5|2025-09-04|BNK FEARX|Dplus Kia,2025-09-04 08:08:41,1,0.600610613822937
without_past_vision_per_min,3,2025|Rounds 3-5|2025-09-05|BNK FEARX|Nongshim RedForce,2025-09-05 08:07:35,1,0.49471181631088257
without_past_vision_per_min,3,2025|Rounds 3-5|2025-09-06|Dplus Kia|HANJIN BRION,2025-09-06 06:09:11,1,0.4852004647254944
without_past_vision_per_min,3,2025|Rounds 3-5|2025-09-07|Dplus Kia|Nongshim RedForce,2025-09-07 06:09:43,1,0.6341580152511597
without_past_vision_per_min,3,2025|Rounds 3-5|2025-09-10|Dplus Kia|T1,2025-09-10 08:11:38,0,0.7593591213226318
without_past_vision_per_min,3,2025|Rounds 3-5|2025-09-11|BNK FEARX|KT Rolster,2025-09-11 08:09:47,0,0.5466968417167664
without_past_vision_per_min,3,2025|Rounds 3-5|2025-09-13|Gen.G|KT Rolster,2025-09-13 06:11:13,0,0.5875301361083984
without_past_vision_per_min,3,2025|Rounds 3-5|2025-09-14|Hanwha Life Esports|T1,2025-09-14 06:11:34,1,0.487002968788147
without_past_vision_per_min,3,2025|Rounds 3-5|2025-09-17|BNK FEARX|Dplus Kia,2025-09-17 08:12:41,0,0.5419067144393921
without_past_vision_per_min,3,2025|Rounds 3-5|2025-09-18|Dplus Kia|T1,2025-09-18 08:13:43,0,0.7091274857521057
without_past_vision_per_min,3,2025|Rounds 3-5|2025-09-20|Hanwha Life Esports|KT Rolster,2025-09-20 06:07:09,1,0.7080521583557129
without_past_vision_per_min,3,2025|Rounds 3-5|2025-09-21|Gen.G|T1,2025-09-21 06:08:55,1,0.32967954874038696
without_past_vision_per_min,3,2025|Rounds 3-5|2025-09-27|Gen.G|KT Rolster,2025-09-27 05:23:49,1,0.7136989831924438
without_past_vision_per_min,3,2025|Rounds 3-5|2025-09-28|Gen.G|Hanwha Life Esports,2025-09-28 05:30:31,1,0.5575056076049805
without_history_fraction,1,2025|Rounds 1-2|2025-05-04|KT Rolster|T1,2025-05-04 06:06:00,0,0.3716196119785309
without_history_fraction,1,2025|Rounds 1-2|2025-05-04|DN SOOPers|HANJIN BRION,2025-05-04 08:20:59,0,0.5510852932929993
without_history_fraction,1,2025|Rounds 1-2|2025-05-07|BNK FEARX|HANJIN BRION,2025-05-07 08:03:23,1,0.3995978534221649
without_history_fraction,1,2025|Rounds 1-2|2025-05-07|Dplus Kia|KT Rolster,2025-05-07 11:02:40,0,0.43506094813346863
without_history_fraction,1,2025|Rounds 1-2|2025-05-08|Kiwoom DRX|T1,2025-05-08 08:06:11,0,0.4562060236930847
without_history_fraction,1,2025|Rounds 1-2|2025-05-08|Gen.G|Nongshim RedForce,2025-05-08 10:16:11,1,0.801872193813324
without_history_fraction,1,2025|Rounds 1-2|2025-05-09|DN SOOPers|KT Rolster,2025-05-09 08:06:29,0,0.49422597885131836
without_history_fraction,1,2025|Rounds 1-2|2025-05-09|HANJIN BRION|Hanwha Life Esports,2025-05-09 10:06:12,0,0.21615882217884064
without_history_fraction,1,2025|Rounds 1-2|2025-05-10|Dplus Kia|T1,2025-05-10 06:05:23,0,0.16555190086364746
without_history_fraction,1,2025|Rounds 1-2|2025-05-10|BNK FEARX|Gen.G,2025-05-10 08:12:35,0,0.28439342975616455
without_history_fraction,1,2025|Rounds 1-2|2025-05-11|DN SOOPers|Nongshim RedForce,2025-05-11 06:05:43,1,0.5444695949554443
without_history_fraction,1,2025|Rounds 1-2|2025-05-11|Hanwha Life Esports|Kiwoom DRX,2025-05-11 09:23:56,1,0.6951739192008972
without_history_fraction,1,2025|Rounds 1-2|2025-05-14|BNK FEARX|Nongshim RedForce,2025-05-14 08:04:35,0,0.4234400987625122
without_history_fraction,1,2025|Rounds 1-2|2025-05-14|Dplus Kia|Kiwoom DRX,2025-05-14 10:57:54,1,0.32682228088378906
without_history_fraction,1,2025|Rounds 1-2|2025-05-15|Hanwha Life Esports|KT Rolster,2025-05-15 08:06:53,0,0.6024211645126343
without_history_fraction,1,2025|Rounds 1-2|2025-05-15|HANJIN BRION|T1,2025-05-15 11:18:14,0,0.27150189876556396
without_history_fraction,1,2025|Rounds 1-2|2025-05-16|BNK FEARX|Dplus Kia,2025-05-16 08:07:23,0,0.5877895355224609
without_history_fraction,1,2025|Rounds 1-2|2025-05-16|DN SOOPers|Gen.G,2025-05-16 10:15:50,0,0.2328898012638092
without_history_fraction,1,2025|Rounds 1-2|2025-05-17|Kiwoom DRX|Nongshim RedForce,2025-05-17 06:06:29,0,0.4777544140815735
without_history_fraction,1,2025|Rounds 1-2|2025-05-17|HANJIN BRION|KT Rolster,2025-05-17 09:01:31,0,0.34280723333358765
without_history_fraction,1,2025|Rounds 1-2|2025-05-18|DN SOOPers|Hanwha Life Esports,2025-05-18 06:04:32,0,0.27045562863349915
without_history_fraction,1,2025|Rounds 1-2|2025-05-18|Gen.G|T1,2025-05-18 08:21:01,1,0.5678938031196594
without_history_fraction,1,2025|Rounds 1-2|2025-05-21|Gen.G|Hanwha Life Esports,2025-05-21 08:06:27,1,0.6177231073379517
without_history_fraction,1,2025|Rounds 1-2|2025-05-21|DN SOOPers|Kiwoom DRX,2025-05-21 11:23:37,0,0.3517206907272339
without_history_fraction,1,2025|Rounds 1-2|2025-05-22|Dplus Kia|HANJIN BRION,2025-05-22 08:07:11,0,0.679718017578125
without_history_fraction,1,2025|Rounds 1-2|2025-05-22|BNK FEARX|T1,2025-05-22 10:12:41,0,0.37292519211769104
without_history_fraction,1,2025|Rounds 1-2|2025-05-23|Gen.G|Kiwoom DRX,2025-05-23 08:07:24,1,0.6922451257705688
without_history_fraction,1,2025|Rounds 1-2|2025-05-23|KT Rolster|Nongshim RedForce,2025-05-23 10:20:15,1,0.5257686376571655
without_history_fraction,1,2025|Rounds 1-2|2025-05-24|Dplus Kia|Hanwha Life Esports,2025-05-24 06:04:59,1,0.5874955654144287
without_history_fraction,1,2025|Rounds 1-2|2025-05-24|DN SOOPers|T1,2025-05-24 09:07:30,0,0.33571919798851013
without_history_fraction,1,2025|Rounds 1-2|2025-05-25|HANJIN BRION|Nongshim RedForce,2025-05-25 06:04:05,0,0.6005188822746277
without_history_fraction,1,2025|Rounds 1-2|2025-05-25|BNK FEARX|KT Rolster,2025-05-25 09:10:27,0,0.588108241558075
without_history_fraction,1,2025|Rounds 1-2|2025-05-28|BNK FEARX|DN SOOPers,2025-05-28 08:03:32,1,0.4462231993675232
without_history_fraction,1,2025|Rounds 1-2|2025-05-28|Hanwha Life Esports|T1,2025-05-28 11:13:02,1,0.3449452519416809
without_history_fraction,1,2025|Rounds 1-2|2025-05-29|HANJIN BRION|Kiwoom DRX,2025-05-29 08:06:13,0,0.5266340970993042
without_history_fraction,1,2025|Rounds 1-2|2025-05-29|Gen.G|KT Rolster,2025-05-29 11:54:37,1,0.6658875942230225
without_history_fraction,1,2025|Rounds 1-2|2025-05-30|Nongshim RedForce|T1,2025-05-30 08:06:20,1,0.5432153940200806
without_history_fraction,1,2025|Rounds 1-2|2025-05-30|DN SOOPers|Dplus Kia,2025-05-30 10:17:54,0,0.5232916474342346
without_history_fraction,1,2025|Rounds 1-2|2025-05-31|KT Rolster|Kiwoom DRX,2025-05-31 06:05:53,1,0.6756229400634766
without_history_fraction,1,2025|Rounds 1-2|2025-05-31|Gen.G|HANJIN BRION,2025-05-31 08:16:20,1,0.7068765163421631
without_history_fraction,1,2025|Rounds 1-2|2025-06-01|BNK FEARX|Hanwha Life Esports,2025-06-01 06:05:16,0,0.4042266607284546
without_history_fraction,1,2025|Rounds 1-2|2025-06-01|Dplus Kia|Nongshim RedForce,2025-06-01 08:07:40,1,0.4255416989326477
without_history_fraction,1,2025|Rounds 1-2|2025-06-04|Dplus Kia|KT Rolster,2025-06-04 08:08:19,0,0.5465782284736633
without_history_fraction,1,2025|Rounds 1-2|2025-06-07|Dplus Kia|KT Rolster,2025-06-07 06:06:28,0,0.34086722135543823
without_history_fraction,1,2025|Rounds 1-2|2025-06-08|KT Rolster|Nongshim RedForce,2025-06-08 06:07:06,1,0.6732537150382996
without_history_fraction,2,2025|Rounds 1-2|2025-06-13|Gen.G|Hanwha Life Esports,2025-06-13 08:18:23,1,0.4605594575405121
without_history_fraction,2,2025|Rounds 1-2|2025-06-14|KT Rolster|T1,2025-06-14 06:20:04,0,0.9579391479492188
without_history_fraction,2,2025|Rounds 1-2|2025-06-15|Hanwha Life Esports|T1,2025-06-15 06:17:37,0,0.30667418241500854
without_history_fraction,2,2025|Rounds 3-5|2025-07-23|Dplus Kia|HANJIN BRION,2025-07-23 08:07:58,0,0.696664571762085
without_history_fraction,2,2025|Rounds 3-5|2025-07-23|Gen.G|Hanwha Life Esports,2025-07-23 11:17:36,1,0.7656979560852051
without_history_fraction,2,2025|Rounds 3-5|2025-07-24|BNK FEARX|DN SOOPers,2025-07-24 08:05:02,1,0.30503129959106445
without_history_fraction,2,2025|Rounds 3-5|2025-07-24|KT Rolster|Nongshim RedForce,2025-07-24 10:11:20,1,0.6044737100601196
without_history_fraction,2,2025|Rounds 3-5|2025-07-25|Gen.G|T1,2025-07-25 08:11:59,0,0.5549564361572266
without_history_fraction,2,2025|Rounds 3-5|2025-07-25|HANJIN BRION|Kiwoom DRX,2025-07-25 11:15:42,1,0.5066702365875244
without_history_fraction,2,2025|Rounds 3-5|2025-07-26|BNK FEARX|Dplus Kia,2025-07-26 06:07:12,0,0.5222023129463196
without_history_fraction,2,2025|Rounds 3-5|2025-07-26|Hanwha Life Esports|KT Rolster,2025-07-26 08:31:59,1,0.4158770740032196
without_history_fraction,2,2025|Rounds 3-5|2025-07-27|DN SOOPers|Kiwoom DRX,2025-07-27 06:05:40,0,0.3057539761066437
without_history_fraction,2,2025|Rounds 3-5|2025-07-27|Nongshim RedForce|T1,2025-07-27 09:29:10,0,0.17688888311386108
without_history_fraction,2,2025|Rounds 3-5|2025-07-30|Dplus Kia|Kiwoom DRX,2025-07-30 08:07:21,1,0.7065228223800659
without_history_fraction,2,2025|Rounds 3-5|2025-07-30|KT Rolster|T1,2025-07-30 11:48:43,0,0.3893570303916931
without_history_fraction,2,2025|Rounds 3-5|2025-07-31|BNK FEARX|HANJIN BRION,2025-07-31 08:06:28,1,0.20656824111938477
without_history_fraction,2,2025|Rounds 3-5|2025-07-31|Hanwha Life Esports|Nongshim RedForce,2025-07-31 10:31:25,1,0.623259961605072
without_history_fraction,2,2025|Rounds 3-5|2025-08-01|Gen.G|KT Rolster,2025-08-01 08:04:50,1,0.6353864669799805
without_history_fraction,2,2025|Rounds 3-5|2025-08-01|DN SOOPers|Dplus Kia,2025-08-01 10:25:35,0,0.17048649489879608
without_history_fraction,2,2025|Rounds 3-5|2025-08-02|Hanwha Life Esports|T1,2025-08-02 06:07:06,0,0.5005620718002319
without_history_fraction,2,2025|Rounds 3-5|2025-08-02|BNK FEARX|Kiwoom DRX,2025-08-02 08:31:55,0,0.6622204780578613
without_history_fraction,2,2025|Rounds 3-5|2025-08-03|DN SOOPers|HANJIN BRION,2025-08-03 06:07:00,0,0.661108136177063
without_history_fraction,2,2025|Rounds 3-5|2025-08-03|Gen.G|Nongshim RedForce,2025-08-03 08:33:38,1,0.19060996174812317
without_history_fraction,2,2025|Rounds 3-5|2025-08-06|Hanwha Life Esports|Nongshim RedForce,2025-08-06 08:06:02,1,0.7613009810447693
without_history_fraction,2,2025|Rounds 3-5|2025-08-06|BNK FEARX|HANJIN BRION,2025-08-06 10:22:21,1,0.48008355498313904
without_history_fraction,2,2025|Rounds 3-5|2025-08-07|DN SOOPers|Kiwoom DRX,2025-08-07 08:06:22,1,0.5240288972854614
without_history_fraction,2,2025|Rounds 3-5|2025-08-07|Gen.G|T1,2025-08-07 11:20:03,1,0.5584302544593811
without_history_fraction,2,2025|Rounds 3-5|2025-08-08|BNK FEARX|Dplus Kia,2025-08-08 08:08:25,1,0.20446404814720154
without_history_fraction,2,2025|Rounds 3-5|2025-08-08|Hanwha Life Esports|KT Rolster,2025-08-08 10:27:25,1,0.6135657429695129
without_history_fraction,2,2025|Rounds 3-5|2025-08-09|HANJIN BRION|Kiwoom DRX,2025-08-09 06:11:11,1,0.37263956665992737
without_history_fraction,2,2025|Rounds 3-5|2025-08-09|Nongshim RedForce|T1,2025-08-09 09:16:24,0,0.3514668941497803
without_history_fraction,2,2025|Rounds 3-5|2025-08-10|Gen.G|KT Rolster,2025-08-10 06:06:45,1,0.8267799019813538
without_history_fraction,2,2025|Rounds 3-5|2025-08-10|DN SOOPers|Dplus Kia,2025-08-10 08:19:07,0,0.23375524580478668
without_history_fraction,2,2025|Rounds 3-5|2025-08-13|KT Rolster|T1,2025-08-13 08:10:10,0,0.3627079129219055
without_history_fraction,2,2025|Rounds 3-5|2025-08-13|BNK FEARX|DN SOOPers,2025-08-13 10:08:55,1,0.6333991885185242
without_history_fraction,2,2025|Rounds 3-5|2025-08-14|Gen.G|Nongshim RedForce,2025-08-14 08:07:37,1,0.7833855748176575
without_history_fraction,2,2025|Rounds 3-5|2025-08-14|Dplus Kia|Kiwoom DRX,2025-08-14 10:09:25,1,0.7729077339172363
without_history_fraction,2,2025|Rounds 3-5|2025-08-15|DN SOOPers|HANJIN BRION,2025-08-15 08:06:45,1,0.6340575218200684
without_history_fraction,2,2025|Rounds 3-5|2025-08-15|Hanwha Life Esports|T1,2025-08-15 11:15:30,0,0.5223262310028076
without_history_fraction,2,2025|Rounds 3-5|2025-08-16|KT Rolster|Nongshim RedForce,2025-08-16 06:05:19,1,0.27813494205474854
without_history_fraction,2,2025|Rounds 3-5|2025-08-16|BNK FEARX|Kiwoom DRX,2025-08-16 09:05:30,0,0.8548572659492493
without_history_fraction,2,2025|Rounds 3-5|2025-08-17|Gen.G|Hanwha Life Esports,2025-08-17 06:07:44,1,0.7997022867202759
without_history_fraction,2,2025|Rounds 3-5|2025-08-17|Dplus Kia|HANJIN BRION,2025-08-17 09:10:43,0,0.6904295682907104
without_history_fraction,2,2025|Rounds 3-5|2025-08-20|DN SOOPers|Kiwoom DRX,2025-08-20 08:06:31,0,0.6692864894866943
without_history_fraction,2,2025|Rounds 3-5|2025-08-20|Gen.G|Nongshim RedForce,2025-08-20 10:33:21,1,0.6222751140594482
without_history_fraction,3,2025|Rounds 3-5|2025-08-21|Hanwha Life Esports|KT Rolster,2025-08-21 08:05:15,1,0.41745251417160034
without_history_fraction,3,2025|Rounds 3-5|2025-08-21|BNK FEARX|HANJIN BRION,2025-08-21 11:27:46,1,0.5119498372077942
without_history_fraction,3,2025|Rounds 3-5|2025-08-22|Nongshim RedForce|T1,2025-08-22 08:05:01,0,0.12656168639659882
without_history_fraction,3,2025|Rounds 3-5|2025-08-22|Dplus Kia|Kiwoom DRX,2025-08-22 10:59:29,1,0.40938258171081543
without_history_fraction,3,2025|Rounds 3-5|2025-08-23|Gen.G|Hanwha Life Esports,2025-08-23 06:06:52,1,0.61611407995224
without_history_fraction,3,2025|Rounds 3-5|2025-08-23|DN SOOPers|HANJIN BRION,2025-08-23 09:20:22,1,0.4367262125015259
without_history_fraction,3,2025|Rounds 3-5|2025-08-24|BNK FEARX|Dplus Kia,2025-08-24 06:06:54,0,0.6193609833717346
without_history_fraction,3,2025|Rounds 3-5|2025-08-24|KT Rolster|T1,2025-08-24 08:27:55,1,0.4184713363647461
without_history_fraction,3,2025|Rounds 3-5|2025-08-27|Hanwha Life Esports|T1,2025-08-27 08:04:11,0,0.6342504024505615
without_history_fraction,3,2025|Rounds 3-5|2025-08-27|BNK FEARX|DN SOOPers,2025-08-27 11:21:15,1,0.5238825082778931
without_history_fraction,3,2025|Rounds 3-5|2025-08-28|Dplus Kia|HANJIN BRION,2025-08-28 08:08:10,1,0.7705679535865784
without_history_fraction,3,2025|Rounds 3-5|2025-08-28|Gen.G|KT Rolster,2025-08-28 10:12:22,1,0.505226731300354
without_history_fraction,3,2025|Rounds 3-5|2025-08-29|BNK FEARX|Kiwoom DRX,2025-08-29 08:07:17,1,0.5982024669647217
without_history_fraction,3,2025|Rounds 3-5|2025-08-29|Hanwha Life Esports|Nongshim RedForce,2025-08-29 11:12:12,1,0.5292260646820068
without_history_fraction,3,2025|Rounds 3-5|2025-08-30|Gen.G|T1,2025-08-30 06:12:29,1,0.6577606201171875
without_history_fraction,3,2025|Rounds 3-5|2025-08-30|DN SOOPers|Dplus Kia,2025-08-30 09:32:44,0,0.26978442072868347
without_history_fraction,3,2025|Rounds 3-5|2025-08-31|KT Rolster|Nongshim RedForce,2025-08-31 06:06:31,1,0.6343629360198975
without_history_fraction,3,2025|Rounds 3-5|2025-08-31|HANJIN BRION|Kiwoom DRX,2025-08-31 08:29:18,1,0.49137425422668457
without_history_fraction,3,2025|Rounds 3-5|2025-09-03|HANJIN BRION|Nongshim RedForce,2025-09-03 08:08:06,0,0.6076511144638062
without_history_fraction,3,2025|Rounds 3-5|2025-09-04|BNK FEARX|Dplus Kia,2025-09-04 08:08:41,1,0.5927075743675232
without_history_fraction,3,2025|Rounds 3-5|2025-09-05|BNK FEARX|Nongshim RedForce,2025-09-05 08:07:35,1,0.5412501096725464
without_history_fraction,3,2025|Rounds 3-5|2025-09-06|Dplus Kia|HANJIN BRION,2025-09-06 06:09:11,1,0.44339826703071594
without_history_fraction,3,2025|Rounds 3-5|2025-09-07|Dplus Kia|Nongshim RedForce,2025-09-07 06:09:43,1,0.6472923755645752
without_history_fraction,3,2025|Rounds 3-5|2025-09-10|Dplus Kia|T1,2025-09-10 08:11:38,0,0.782575786113739
without_history_fraction,3,2025|Rounds 3-5|2025-09-11|BNK FEARX|KT Rolster,2025-09-11 08:09:47,0,0.5785189867019653
without_history_fraction,3,2025|Rounds 3-5|2025-09-13|Gen.G|KT Rolster,2025-09-13 06:11:13,0,0.6438503265380859
without_history_fraction,3,2025|Rounds 3-5|2025-09-14|Hanwha Life Esports|T1,2025-09-14 06:11:34,1,0.43790626525878906
without_history_fraction,3,2025|Rounds 3-5|2025-09-17|BNK FEARX|Dplus Kia,2025-09-17 08:12:41,0,0.6105155944824219
without_history_fraction,3,2025|Rounds 3-5|2025-09-18|Dplus Kia|T1,2025-09-18 08:13:43,0,0.6210336685180664
without_history_fraction,3,2025|Rounds 3-5|2025-09-20|Hanwha Life Esports|KT Rolster,2025-09-20 06:07:09,1,0.690688967704773
without_history_fraction,3,2025|Rounds 3-5|2025-09-21|Gen.G|T1,2025-09-21 06:08:55,1,0.32820001244544983
without_history_fraction,3,2025|Rounds 3-5|2025-09-27|Gen.G|KT Rolster,2025-09-27 05:23:49,1,0.7075085043907166
without_history_fraction,3,2025|Rounds 3-5|2025-09-28|Gen.G|Hanwha Life Esports,2025-09-28 05:30:31,1,0.6228377819061279
joint_removal,1,2025|Rounds 1-2|2025-05-04|KT Rolster|T1,2025-05-04 06:06:00,0,0.3288387060165405
joint_removal,1,2025|Rounds 1-2|2025-05-04|DN SOOPers|HANJIN BRION,2025-05-04 08:20:59,0,0.4995812177658081
joint_removal,1,2025|Rounds 1-2|2025-05-07|BNK FEARX|HANJIN BRION,2025-05-07 08:03:23,1,0.4295559525489807
joint_removal,1,2025|Rounds 1-2|2025-05-07|Dplus Kia|KT Rolster,2025-05-07 11:02:40,0,0.42126813530921936
joint_removal,1,2025|Rounds 1-2|2025-05-08|Kiwoom DRX|T1,2025-05-08 08:06:11,0,0.4813159108161926
joint_removal,1,2025|Rounds 1-2|2025-05-08|Gen.G|Nongshim RedForce,2025-05-08 10:16:11,1,0.8111733794212341
joint_removal,1,2025|Rounds 1-2|2025-05-09|DN SOOPers|KT Rolster,2025-05-09 08:06:29,0,0.540306806564331
joint_removal,1,2025|Rounds 1-2|2025-05-09|HANJIN BRION|Hanwha Life Esports,2025-05-09 10:06:12,0,0.23526674509048462
joint_removal,1,2025|Rounds 1-2|2025-05-10|Dplus Kia|T1,2025-05-10 06:05:23,0,0.1642003208398819
joint_removal,1,2025|Rounds 1-2|2025-05-10|BNK FEARX|Gen.G,2025-05-10 08:12:35,0,0.29991620779037476
joint_removal,1,2025|Rounds 1-2|2025-05-11|DN SOOPers|Nongshim RedForce,2025-05-11 06:05:43,1,0.5810746550559998
joint_removal,1,2025|Rounds 1-2|2025-05-11|Hanwha Life Esports|Kiwoom DRX,2025-05-11 09:23:56,1,0.7339686751365662
joint_removal,1,2025|Rounds 1-2|2025-05-14|BNK FEARX|Nongshim RedForce,2025-05-14 08:04:35,0,0.40340301394462585
joint_removal,1,2025|Rounds 1-2|2025-05-14|Dplus Kia|Kiwoom DRX,2025-05-14 10:57:54,1,0.4111846685409546
joint_removal,1,2025|Rounds 1-2|2025-05-15|Hanwha Life Esports|KT Rolster,2025-05-15 08:06:53,0,0.6221475601196289
joint_removal,1,2025|Rounds 1-2|2025-05-15|HANJIN BRION|T1,2025-05-15 11:18:14,0,0.24638333916664124
joint_removal,1,2025|Rounds 1-2|2025-05-16|BNK FEARX|Dplus Kia,2025-05-16 08:07:23,0,0.43855756521224976
joint_removal,1,2025|Rounds 1-2|2025-05-16|DN SOOPers|Gen.G,2025-05-16 10:15:50,0,0.20385052263736725
joint_removal,1,2025|Rounds 1-2|2025-05-17|Kiwoom DRX|Nongshim RedForce,2025-05-17 06:06:29,0,0.4536910653114319
joint_removal,1,2025|Rounds 1-2|2025-05-17|HANJIN BRION|KT Rolster,2025-05-17 09:01:31,0,0.3469456434249878
joint_removal,1,2025|Rounds 1-2|2025-05-18|DN SOOPers|Hanwha Life Esports,2025-05-18 06:04:32,0,0.26124560832977295
joint_removal,1,2025|Rounds 1-2|2025-05-18|Gen.G|T1,2025-05-18 08:21:01,1,0.6147010326385498
joint_removal,1,2025|Rounds 1-2|2025-05-21|Gen.G|Hanwha Life Esports,2025-05-21 08:06:27,1,0.6386967897415161
joint_removal,1,2025|Rounds 1-2|2025-05-21|DN SOOPers|Kiwoom DRX,2025-05-21 11:23:37,0,0.3093501329421997
joint_removal,1,2025|Rounds 1-2|2025-05-22|Dplus Kia|HANJIN BRION,2025-05-22 08:07:11,0,0.7376125454902649
joint_removal,1,2025|Rounds 1-2|2025-05-22|BNK FEARX|T1,2025-05-22 10:12:41,0,0.34036582708358765
joint_removal,1,2025|Rounds 1-2|2025-05-23|Gen.G|Kiwoom DRX,2025-05-23 08:07:24,1,0.5933116674423218
joint_removal,1,2025|Rounds 1-2|2025-05-23|KT Rolster|Nongshim RedForce,2025-05-23 10:20:15,1,0.5648021697998047
joint_removal,1,2025|Rounds 1-2|2025-05-24|Dplus Kia|Hanwha Life Esports,2025-05-24 06:04:59,1,0.5347550511360168
joint_removal,1,2025|Rounds 1-2|2025-05-24|DN SOOPers|T1,2025-05-24 09:07:30,0,0.306315541267395
joint_removal,1,2025|Rounds 1-2|2025-05-25|HANJIN BRION|Nongshim RedForce,2025-05-25 06:04:05,0,0.6034178733825684
joint_removal,1,2025|Rounds 1-2|2025-05-25|BNK FEARX|KT Rolster,2025-05-25 09:10:27,0,0.42252302169799805
joint_removal,1,2025|Rounds 1-2|2025-05-28|BNK FEARX|DN SOOPers,2025-05-28 08:03:32,1,0.5279045104980469
joint_removal,1,2025|Rounds 1-2|2025-05-28|Hanwha Life Esports|T1,2025-05-28 11:13:02,1,0.4239293336868286
joint_removal,1,2025|Rounds 1-2|2025-05-29|HANJIN BRION|Kiwoom DRX,2025-05-29 08:06:13,0,0.5289139151573181
joint_removal,1,2025|Rounds 1-2|2025-05-29|Gen.G|KT Rolster,2025-05-29 11:54:37,1,0.6612200736999512
joint_removal,1,2025|Rounds 1-2|2025-05-30|Nongshim RedForce|T1,2025-05-30 08:06:20,1,0.5542343854904175
joint_removal,1,2025|Rounds 1-2|2025-05-30|DN SOOPers|Dplus Kia,2025-05-30 10:17:54,0,0.4531179666519165
joint_removal,1,2025|Rounds 1-2|2025-05-31|KT Rolster|Kiwoom DRX,2025-05-31 06:05:53,1,0.6734125018119812
joint_removal,1,2025|Rounds 1-2|2025-05-31|Gen.G|HANJIN BRION,2025-05-31 08:16:20,1,0.7159295082092285
joint_removal,1,2025|Rounds 1-2|2025-06-01|BNK FEARX|Hanwha Life Esports,2025-06-01 06:05:16,0,0.46680864691734314
joint_removal,1,2025|Rounds 1-2|2025-06-01|Dplus Kia|Nongshim RedForce,2025-06-01 08:07:40,1,0.36383330821990967
joint_removal,1,2025|Rounds 1-2|2025-06-04|Dplus Kia|KT Rolster,2025-06-04 08:08:19,0,0.5931714773178101
joint_removal,1,2025|Rounds 1-2|2025-06-07|Dplus Kia|KT Rolster,2025-06-07 06:06:28,0,0.2879066467285156
joint_removal,1,2025|Rounds 1-2|2025-06-08|KT Rolster|Nongshim RedForce,2025-06-08 06:07:06,1,0.7115300893783569
joint_removal,2,2025|Rounds 1-2|2025-06-13|Gen.G|Hanwha Life Esports,2025-06-13 08:18:23,1,0.35693395137786865
joint_removal,2,2025|Rounds 1-2|2025-06-14|KT Rolster|T1,2025-06-14 06:20:04,0,0.9915227890014648
joint_removal,2,2025|Rounds 1-2|2025-06-15|Hanwha Life Esports|T1,2025-06-15 06:17:37,0,0.2603592872619629
joint_removal,2,2025|Rounds 3-5|2025-07-23|Dplus Kia|HANJIN BRION,2025-07-23 08:07:58,0,0.5360984802246094
joint_removal,2,2025|Rounds 3-5|2025-07-23|Gen.G|Hanwha Life Esports,2025-07-23 11:17:36,1,0.83555006980896
joint_removal,2,2025|Rounds 3-5|2025-07-24|BNK FEARX|DN SOOPers,2025-07-24 08:05:02,1,0.34542369842529297
joint_removal,2,2025|Rounds 3-5|2025-07-24|KT Rolster|Nongshim RedForce,2025-07-24 10:11:20,1,0.766817569732666
joint_removal,2,2025|Rounds 3-5|2025-07-25|Gen.G|T1,2025-07-25 08:11:59,0,0.7112272381782532
joint_removal,2,2025|Rounds 3-5|2025-07-25|HANJIN BRION|Kiwoom DRX,2025-07-25 11:15:42,1,0.645910918712616
joint_removal,2,2025|Rounds 3-5|2025-07-26|BNK FEARX|Dplus Kia,2025-07-26 06:07:12,0,0.6507372856140137
joint_removal,2,2025|Rounds 3-5|2025-07-26|Hanwha Life Esports|KT Rolster,2025-07-26 08:31:59,1,0.2843891680240631
joint_removal,2,2025|Rounds 3-5|2025-07-27|DN SOOPers|Kiwoom DRX,2025-07-27 06:05:40,0,0.4905257523059845
joint_removal,2,2025|Rounds 3-5|2025-07-27|Nongshim RedForce|T1,2025-07-27 09:29:10,0,0.19950741529464722
joint_removal,2,2025|Rounds 3-5|2025-07-30|Dplus Kia|Kiwoom DRX,2025-07-30 08:07:21,1,0.7043070793151855
joint_removal,2,2025|Rounds 3-5|2025-07-30|KT Rolster|T1,2025-07-30 11:48:43,0,0.4575977027416229
joint_removal,2,2025|Rounds 3-5|2025-07-31|BNK FEARX|HANJIN BRION,2025-07-31 08:06:28,1,0.1759101152420044
joint_removal,2,2025|Rounds 3-5|2025-07-31|Hanwha Life Esports|Nongshim RedForce,2025-07-31 10:31:25,1,0.6380356550216675
joint_removal,2,2025|Rounds 3-5|2025-08-01|Gen.G|KT Rolster,2025-08-01 08:04:50,1,0.6998156309127808
joint_removal,2,2025|Rounds 3-5|2025-08-01|DN SOOPers|Dplus Kia,2025-08-01 10:25:35,0,0.2502661347389221
joint_removal,2,2025|Rounds 3-5|2025-08-02|Hanwha Life Esports|T1,2025-08-02 06:07:06,0,0.3896642327308655
joint_removal,2,2025|Rounds 3-5|2025-08-02|BNK FEARX|Kiwoom DRX,2025-08-02 08:31:55,0,0.4494612514972687
joint_removal,2,2025|Rounds 3-5|2025-08-03|DN SOOPers|HANJIN BRION,2025-08-03 06:07:00,0,0.5727686882019043
joint_removal,2,2025|Rounds 3-5|2025-08-03|Gen.G|Nongshim RedForce,2025-08-03 08:33:38,1,0.663425624370575
joint_removal,2,2025|Rounds 3-5|2025-08-06|Hanwha Life Esports|Nongshim RedForce,2025-08-06 08:06:02,1,0.8637300133705139
joint_removal,2,2025|Rounds 3-5|2025-08-06|BNK FEARX|HANJIN BRION,2025-08-06 10:22:21,1,0.4354538917541504
joint_removal,2,2025|Rounds 3-5|2025-08-07|DN SOOPers|Kiwoom DRX,2025-08-07 08:06:22,1,0.26003018021583557
joint_removal,2,2025|Rounds 3-5|2025-08-07|Gen.G|T1,2025-08-07 11:20:03,1,0.5376760959625244
joint_removal,2,2025|Rounds 3-5|2025-08-08|BNK FEARX|Dplus Kia,2025-08-08 08:08:25,1,0.27232542634010315
joint_removal,2,2025|Rounds 3-5|2025-08-08|Hanwha Life Esports|KT Rolster,2025-08-08 10:27:25,1,0.6740663051605225
joint_removal,2,2025|Rounds 3-5|2025-08-09|HANJIN BRION|Kiwoom DRX,2025-08-09 06:11:11,1,0.291928768157959
joint_removal,2,2025|Rounds 3-5|2025-08-09|Nongshim RedForce|T1,2025-08-09 09:16:24,0,0.33699649572372437
joint_removal,2,2025|Rounds 3-5|2025-08-10|Gen.G|KT Rolster,2025-08-10 06:06:45,1,0.932778000831604
joint_removal,2,2025|Rounds 3-5|2025-08-10|DN SOOPers|Dplus Kia,2025-08-10 08:19:07,0,0.23173198103904724
joint_removal,2,2025|Rounds 3-5|2025-08-13|KT Rolster|T1,2025-08-13 08:10:10,0,0.2624815106391907
joint_removal,2,2025|Rounds 3-5|2025-08-13|BNK FEARX|DN SOOPers,2025-08-13 10:08:55,1,0.6109738945960999
joint_removal,2,2025|Rounds 3-5|2025-08-14|Gen.G|Nongshim RedForce,2025-08-14 08:07:37,1,0.8853495121002197
joint_removal,2,2025|Rounds 3-5|2025-08-14|Dplus Kia|Kiwoom DRX,2025-08-14 10:09:25,1,0.7792789340019226
joint_removal,2,2025|Rounds 3-5|2025-08-15|DN SOOPers|HANJIN BRION,2025-08-15 08:06:45,1,0.49759238958358765
joint_removal,2,2025|Rounds 3-5|2025-08-15|Hanwha Life Esports|T1,2025-08-15 11:15:30,0,0.4387766718864441
joint_removal,2,2025|Rounds 3-5|2025-08-16|KT Rolster|Nongshim RedForce,2025-08-16 06:05:19,1,0.3708031475543976
joint_removal,2,2025|Rounds 3-5|2025-08-16|BNK FEARX|Kiwoom DRX,2025-08-16 09:05:30,0,0.9238803386688232
joint_removal,2,2025|Rounds 3-5|2025-08-17|Gen.G|Hanwha Life Esports,2025-08-17 06:07:44,1,0.903505802154541
joint_removal,2,2025|Rounds 3-5|2025-08-17|Dplus Kia|HANJIN BRION,2025-08-17 09:10:43,0,0.5524731874465942
joint_removal,2,2025|Rounds 3-5|2025-08-20|DN SOOPers|Kiwoom DRX,2025-08-20 08:06:31,0,0.5329288244247437
joint_removal,2,2025|Rounds 3-5|2025-08-20|Gen.G|Nongshim RedForce,2025-08-20 10:33:21,1,0.8467848300933838
joint_removal,3,2025|Rounds 3-5|2025-08-21|Hanwha Life Esports|KT Rolster,2025-08-21 08:05:15,1,0.45788145065307617
joint_removal,3,2025|Rounds 3-5|2025-08-21|BNK FEARX|HANJIN BRION,2025-08-21 11:27:46,1,0.49346640706062317
joint_removal,3,2025|Rounds 3-5|2025-08-22|Nongshim RedForce|T1,2025-08-22 08:05:01,0,0.14110544323921204
joint_removal,3,2025|Rounds 3-5|2025-08-22|Dplus Kia|Kiwoom DRX,2025-08-22 10:59:29,1,0.4098586440086365
joint_removal,3,2025|Rounds 3-5|2025-08-23|Gen.G|Hanwha Life Esports,2025-08-23 06:06:52,1,0.559810221195221
joint_removal,3,2025|Rounds 3-5|2025-08-23|DN SOOPers|HANJIN BRION,2025-08-23 09:20:22,1,0.4301624298095703
joint_removal,3,2025|Rounds 3-5|2025-08-24|BNK FEARX|Dplus Kia,2025-08-24 06:06:54,0,0.6295802593231201
joint_removal,3,2025|Rounds 3-5|2025-08-24|KT Rolster|T1,2025-08-24 08:27:55,1,0.4148011803627014
joint_removal,3,2025|Rounds 3-5|2025-08-27|Hanwha Life Esports|T1,2025-08-27 08:04:11,0,0.6169363260269165
joint_removal,3,2025|Rounds 3-5|2025-08-27|BNK FEARX|DN SOOPers,2025-08-27 11:21:15,1,0.49685266613960266
joint_removal,3,2025|Rounds 3-5|2025-08-28|Dplus Kia|HANJIN BRION,2025-08-28 08:08:10,1,0.7791662216186523
joint_removal,3,2025|Rounds 3-5|2025-08-28|Gen.G|KT Rolster,2025-08-28 10:12:22,1,0.5339446067810059
joint_removal,3,2025|Rounds 3-5|2025-08-29|BNK FEARX|Kiwoom DRX,2025-08-29 08:07:17,1,0.6000072956085205
joint_removal,3,2025|Rounds 3-5|2025-08-29|Hanwha Life Esports|Nongshim RedForce,2025-08-29 11:12:12,1,0.578917920589447
joint_removal,3,2025|Rounds 3-5|2025-08-30|Gen.G|T1,2025-08-30 06:12:29,1,0.6576220989227295
joint_removal,3,2025|Rounds 3-5|2025-08-30|DN SOOPers|Dplus Kia,2025-08-30 09:32:44,0,0.28264281153678894
joint_removal,3,2025|Rounds 3-5|2025-08-31|KT Rolster|Nongshim RedForce,2025-08-31 06:06:31,1,0.622398853302002
joint_removal,3,2025|Rounds 3-5|2025-08-31|HANJIN BRION|Kiwoom DRX,2025-08-31 08:29:18,1,0.4644089341163635
joint_removal,3,2025|Rounds 3-5|2025-09-03|HANJIN BRION|Nongshim RedForce,2025-09-03 08:08:06,0,0.6210569143295288
joint_removal,3,2025|Rounds 3-5|2025-09-04|BNK FEARX|Dplus Kia,2025-09-04 08:08:41,1,0.5822127461433411
joint_removal,3,2025|Rounds 3-5|2025-09-05|BNK FEARX|Nongshim RedForce,2025-09-05 08:07:35,1,0.50555419921875
joint_removal,3,2025|Rounds 3-5|2025-09-06|Dplus Kia|HANJIN BRION,2025-09-06 06:09:11,1,0.4723425805568695
joint_removal,3,2025|Rounds 3-5|2025-09-07|Dplus Kia|Nongshim RedForce,2025-09-07 06:09:43,1,0.584619402885437
joint_removal,3,2025|Rounds 3-5|2025-09-10|Dplus Kia|T1,2025-09-10 08:11:38,0,0.7665323615074158
joint_removal,3,2025|Rounds 3-5|2025-09-11|BNK FEARX|KT Rolster,2025-09-11 08:09:47,0,0.5792586207389832
joint_removal,3,2025|Rounds 3-5|2025-09-13|Gen.G|KT Rolster,2025-09-13 06:11:13,0,0.5532217621803284
joint_removal,3,2025|Rounds 3-5|2025-09-14|Hanwha Life Esports|T1,2025-09-14 06:11:34,1,0.5141136646270752
joint_removal,3,2025|Rounds 3-5|2025-09-17|BNK FEARX|Dplus Kia,2025-09-17 08:12:41,0,0.5699847936630249
joint_removal,3,2025|Rounds 3-5|2025-09-18|Dplus Kia|T1,2025-09-18 08:13:43,0,0.6969937086105347
joint_removal,3,2025|Rounds 3-5|2025-09-20|Hanwha Life Esports|KT Rolster,2025-09-20 06:07:09,1,0.704023540019989
joint_removal,3,2025|Rounds 3-5|2025-09-21|Gen.G|T1,2025-09-21 06:08:55,1,0.3282487392425537
joint_removal,3,2025|Rounds 3-5|2025-09-27|Gen.G|KT Rolster,2025-09-27 05:23:49,1,0.6875929832458496
joint_removal,3,2025|Rounds 3-5|2025-09-28|Gen.G|Hanwha Life Esports,2025-09-28 05:30:31,1,0.5469652414321899
all13_2024_2025,1,2025|Rounds 1-2|2025-05-04|KT Rolster|T1,2025-05-04 06:06:00,0,0.23287391662597656
all13_2024_2025,1,2025|Rounds 1-2|2025-05-04|DN SOOPers|HANJIN BRION,2025-05-04 08:20:59,0,0.38336652517318726
all13_2024_2025,1,2025|Rounds 1-2|2025-05-07|BNK FEARX|HANJIN BRION,2025-05-07 08:03:23,1,0.293941855430603
all13_2024_2025,1,2025|Rounds 1-2|2025-05-07|Dplus Kia|KT Rolster,2025-05-07 11:02:40,0,0.4684295654296875
all13_2024_2025,1,2025|Rounds 1-2|2025-05-08|Kiwoom DRX|T1,2025-05-08 08:06:11,0,0.4569503664970398
all13_2024_2025,1,2025|Rounds 1-2|2025-05-08|Gen.G|Nongshim RedForce,2025-05-08 10:16:11,1,0.9461816549301147
all13_2024_2025,1,2025|Rounds 1-2|2025-05-09|DN SOOPers|KT Rolster,2025-05-09 08:06:29,0,0.45085206627845764
all13_2024_2025,1,2025|Rounds 1-2|2025-05-09|HANJIN BRION|Hanwha Life Esports,2025-05-09 10:06:12,0,0.07686080783605576
all13_2024_2025,1,2025|Rounds 1-2|2025-05-10|Dplus Kia|T1,2025-05-10 06:05:23,0,0.04194820299744606
all13_2024_2025,1,2025|Rounds 1-2|2025-05-10|BNK FEARX|Gen.G,2025-05-10 08:12:35,0,0.16070470213890076
all13_2024_2025,1,2025|Rounds 1-2|2025-05-11|DN SOOPers|Nongshim RedForce,2025-05-11 06:05:43,1,0.6032997369766235
all13_2024_2025,1,2025|Rounds 1-2|2025-05-11|Hanwha Life Esports|Kiwoom DRX,2025-05-11 09:23:56,1,0.8900548219680786
all13_2024_2025,1,2025|Rounds 1-2|2025-05-14|BNK FEARX|Nongshim RedForce,2025-05-14 08:04:35,0,0.634520947933197
all13_2024_2025,1,2025|Rounds 1-2|2025-05-14|Dplus Kia|Kiwoom DRX,2025-05-14 10:57:54,1,0.4795334041118622
all13_2024_2025,1,2025|Rounds 1-2|2025-05-15|Hanwha Life Esports|KT Rolster,2025-05-15 08:06:53,0,0.6329649090766907
all13_2024_2025,1,2025|Rounds 1-2|2025-05-15|HANJIN BRION|T1,2025-05-15 11:18:14,0,0.07804714143276215
all13_2024_2025,1,2025|Rounds 1-2|2025-05-16|BNK FEARX|Dplus Kia,2025-05-16 08:07:23,0,0.34995314478874207
all13_2024_2025,1,2025|Rounds 1-2|2025-05-16|DN SOOPers|Gen.G,2025-05-16 10:15:50,0,0.08887902647256851
all13_2024_2025,1,2025|Rounds 1-2|2025-05-17|Kiwoom DRX|Nongshim RedForce,2025-05-17 06:06:29,0,0.3758997321128845
all13_2024_2025,1,2025|Rounds 1-2|2025-05-17|HANJIN BRION|KT Rolster,2025-05-17 09:01:31,0,0.18007025122642517
all13_2024_2025,1,2025|Rounds 1-2|2025-05-18|DN SOOPers|Hanwha Life Esports,2025-05-18 06:04:32,0,0.17767567932605743
all13_2024_2025,1,2025|Rounds 1-2|2025-05-18|Gen.G|T1,2025-05-18 08:21:01,1,0.7246929407119751
all13_2024_2025,1,2025|Rounds 1-2|2025-05-21|Gen.G|Hanwha Life Esports,2025-05-21 08:06:27,1,0.7086554169654846
all13_2024_2025,1,2025|Rounds 1-2|2025-05-21|DN SOOPers|Kiwoom DRX,2025-05-21 11:23:37,0,0.39357659220695496
all13_2024_2025,1,2025|Rounds 1-2|2025-05-22|Dplus Kia|HANJIN BRION,2025-05-22 08:07:11,0,0.8095395565032959
all13_2024_2025,1,2025|Rounds 1-2|2025-05-22|BNK FEARX|T1,2025-05-22 10:12:41,0,0.2812369465827942
all13_2024_2025,1,2025|Rounds 1-2|2025-05-23|Gen.G|Kiwoom DRX,2025-05-23 08:07:24,1,0.8277212977409363
all13_2024_2025,1,2025|Rounds 1-2|2025-05-23|KT Rolster|Nongshim RedForce,2025-05-23 10:20:15,1,0.38358527421951294
all13_2024_2025,1,2025|Rounds 1-2|2025-05-24|Dplus Kia|Hanwha Life Esports,2025-05-24 06:04:59,1,0.579704999923706
all13_2024_2025,1,2025|Rounds 1-2|2025-05-24|DN SOOPers|T1,2025-05-24 09:07:30,0,0.17962056398391724
all13_2024_2025,1,2025|Rounds 1-2|2025-05-25|HANJIN BRION|Nongshim RedForce,2025-05-25 06:04:05,0,0.6367904543876648
all13_2024_2025,1,2025|Rounds 1-2|2025-05-25|BNK FEARX|KT Rolster,2025-05-25 09:10:27,0,0.278207004070282
all13_2024_2025,1,2025|Rounds 1-2|2025-05-28|BNK FEARX|DN SOOPers,2025-05-28 08:03:32,1,0.5769846439361572
all13_2024_2025,1,2025|Rounds 1-2|2025-05-28|Hanwha Life Esports|T1,2025-05-28 11:13:02,1,0.24283280968666077
all13_2024_2025,1,2025|Rounds 1-2|2025-05-29|HANJIN BRION|Kiwoom DRX,2025-05-29 08:06:13,0,0.7277287840843201
all13_2024_2025,1,2025|Rounds 1-2|2025-05-29|Gen.G|KT Rolster,2025-05-29 11:54:37,1,0.6899284720420837
all13_2024_2025,1,2025|Rounds 1-2|2025-05-30|Nongshim RedForce|T1,2025-05-30 08:06:20,1,0.5567501783370972
all13_2024_2025,1,2025|Rounds 1-2|2025-05-30|DN SOOPers|Dplus Kia,2025-05-30 10:17:54,0,0.4027932286262512
all13_2024_2025,1,2025|Rounds 1-2|2025-05-31|KT Rolster|Kiwoom DRX,2025-05-31 06:05:53,1,0.7378202080726624
all13_2024_2025,1,2025|Rounds 1-2|2025-05-31|Gen.G|HANJIN BRION,2025-05-31 08:16:20,1,0.8167837858200073
all13_2024_2025,1,2025|Rounds 1-2|2025-06-01|BNK FEARX|Hanwha Life Esports,2025-06-01 06:05:16,0,0.3492724895477295
all13_2024_2025,1,2025|Rounds 1-2|2025-06-01|Dplus Kia|Nongshim RedForce,2025-06-01 08:07:40,1,0.28606605529785156
all13_2024_2025,1,2025|Rounds 1-2|2025-06-04|Dplus Kia|KT Rolster,2025-06-04 08:08:19,0,0.5621054768562317
all13_2024_2025,1,2025|Rounds 1-2|2025-06-07|Dplus Kia|KT Rolster,2025-06-07 06:06:28,0,0.27464234828948975
all13_2024_2025,1,2025|Rounds 1-2|2025-06-08|KT Rolster|Nongshim RedForce,2025-06-08 06:07:06,1,0.8700441122055054
all13_2024_2025,2,2025|Rounds 1-2|2025-06-13|Gen.G|Hanwha Life Esports,2025-06-13 08:18:23,1,0.4535333514213562
all13_2024_2025,2,2025|Rounds 1-2|2025-06-14|KT Rolster|T1,2025-06-14 06:20:04,0,0.9567093849182129
all13_2024_2025,2,2025|Rounds 1-2|2025-06-15|Hanwha Life Esports|T1,2025-06-15 06:17:37,0,0.3056464195251465
all13_2024_2025,2,2025|Rounds 3-5|2025-07-23|Dplus Kia|HANJIN BRION,2025-07-23 08:07:58,0,0.47586145997047424
all13_2024_2025,2,2025|Rounds 3-5|2025-07-23|Gen.G|Hanwha Life Esports,2025-07-23 11:17:36,1,0.7875625491142273
all13_2024_2025,2,2025|Rounds 3-5|2025-07-24|BNK FEARX|DN SOOPers,2025-07-24 08:05:02,1,0.46294134855270386
all13_2024_2025,2,2025|Rounds 3-5|2025-07-24|KT Rolster|Nongshim RedForce,2025-07-24 10:11:20,1,0.7236874103546143
all13_2024_2025,2,2025|Rounds 3-5|2025-07-25|Gen.G|T1,2025-07-25 08:11:59,0,0.40972191095352173
all13_2024_2025,2,2025|Rounds 3-5|2025-07-25|HANJIN BRION|Kiwoom DRX,2025-07-25 11:15:42,1,0.6566945314407349
all13_2024_2025,2,2025|Rounds 3-5|2025-07-26|BNK FEARX|Dplus Kia,2025-07-26 06:07:12,0,0.6602462530136108
all13_2024_2025,2,2025|Rounds 3-5|2025-07-26|Hanwha Life Esports|KT Rolster,2025-07-26 08:31:59,1,0.31634312868118286
all13_2024_2025,2,2025|Rounds 3-5|2025-07-27|DN SOOPers|Kiwoom DRX,2025-07-27 06:05:40,0,0.5394243001937866
all13_2024_2025,2,2025|Rounds 3-5|2025-07-27|Nongshim RedForce|T1,2025-07-27 09:29:10,0,0.12898576259613037
all13_2024_2025,2,2025|Rounds 3-5|2025-07-30|Dplus Kia|Kiwoom DRX,2025-07-30 08:07:21,1,0.605819821357727
all13_2024_2025,2,2025|Rounds 3-5|2025-07-30|KT Rolster|T1,2025-07-30 11:48:43,0,0.34676477313041687
all13_2024_2025,2,2025|Rounds 3-5|2025-07-31|BNK FEARX|HANJIN BRION,2025-07-31 08:06:28,1,0.2025945782661438
all13_2024_2025,2,2025|Rounds 3-5|2025-07-31|Hanwha Life Esports|Nongshim RedForce,2025-07-31 10:31:25,1,0.6216719150543213
all13_2024_2025,2,2025|Rounds 3-5|2025-08-01|Gen.G|KT Rolster,2025-08-01 08:04:50,1,0.7282241582870483
all13_2024_2025,2,2025|Rounds 3-5|2025-08-01|DN SOOPers|Dplus Kia,2025-08-01 10:25:35,0,0.2634948492050171
all13_2024_2025,2,2025|Rounds 3-5|2025-08-02|Hanwha Life Esports|T1,2025-08-02 06:07:06,0,0.48138588666915894
all13_2024_2025,2,2025|Rounds 3-5|2025-08-02|BNK FEARX|Kiwoom DRX,2025-08-02 08:31:55,0,0.5938408374786377
all13_2024_2025,2,2025|Rounds 3-5|2025-08-03|DN SOOPers|HANJIN BRION,2025-08-03 06:07:00,0,0.37756672501564026
all13_2024_2025,2,2025|Rounds 3-5|2025-08-03|Gen.G|Nongshim RedForce,2025-08-03 08:33:38,1,0.6943400502204895
all13_2024_2025,2,2025|Rounds 3-5|2025-08-06|Hanwha Life Esports|Nongshim RedForce,2025-08-06 08:06:02,1,0.8461681008338928
all13_2024_2025,2,2025|Rounds 3-5|2025-08-06|BNK FEARX|HANJIN BRION,2025-08-06 10:22:21,1,0.5026391744613647
all13_2024_2025,2,2025|Rounds 3-5|2025-08-07|DN SOOPers|Kiwoom DRX,2025-08-07 08:06:22,1,0.2828415036201477
all13_2024_2025,2,2025|Rounds 3-5|2025-08-07|Gen.G|T1,2025-08-07 11:20:03,1,0.3160831928253174
all13_2024_2025,2,2025|Rounds 3-5|2025-08-08|BNK FEARX|Dplus Kia,2025-08-08 08:08:25,1,0.4019930958747864
all13_2024_2025,2,2025|Rounds 3-5|2025-08-08|Hanwha Life Esports|KT Rolster,2025-08-08 10:27:25,1,0.7416456937789917
all13_2024_2025,2,2025|Rounds 3-5|2025-08-09|HANJIN BRION|Kiwoom DRX,2025-08-09 06:11:11,1,0.334685355424881
all13_2024_2025,2,2025|Rounds 3-5|2025-08-09|Nongshim RedForce|T1,2025-08-09 09:16:24,0,0.25486764311790466
all13_2024_2025,2,2025|Rounds 3-5|2025-08-10|Gen.G|KT Rolster,2025-08-10 06:06:45,1,0.8647116422653198
all13_2024_2025,2,2025|Rounds 3-5|2025-08-10|DN SOOPers|Dplus Kia,2025-08-10 08:19:07,0,0.3136509954929352
all13_2024_2025,2,2025|Rounds 3-5|2025-08-13|KT Rolster|T1,2025-08-13 08:10:10,0,0.2518099546432495
all13_2024_2025,2,2025|Rounds 3-5|2025-08-13|BNK FEARX|DN SOOPers,2025-08-13 10:08:55,1,0.6783168315887451
all13_2024_2025,2,2025|Rounds 3-5|2025-08-14|Gen.G|Nongshim RedForce,2025-08-14 08:07:37,1,0.8491163849830627
all13_2024_2025,2,2025|Rounds 3-5|2025-08-14|Dplus Kia|Kiwoom DRX,2025-08-14 10:09:25,1,0.6950809955596924
all13_2024_2025,2,2025|Rounds 3-5|2025-08-15|DN SOOPers|HANJIN BRION,2025-08-15 08:06:45,1,0.40184175968170166
all13_2024_2025,2,2025|Rounds 3-5|2025-08-15|Hanwha Life Esports|T1,2025-08-15 11:15:30,0,0.37075677514076233
all13_2024_2025,2,2025|Rounds 3-5|2025-08-16|KT Rolster|Nongshim RedForce,2025-08-16 06:05:19,1,0.437173455953598
all13_2024_2025,2,2025|Rounds 3-5|2025-08-16|BNK FEARX|Kiwoom DRX,2025-08-16 09:05:30,0,0.8140308260917664
all13_2024_2025,2,2025|Rounds 3-5|2025-08-17|Gen.G|Hanwha Life Esports,2025-08-17 06:07:44,1,0.7834736108779907
all13_2024_2025,2,2025|Rounds 3-5|2025-08-17|Dplus Kia|HANJIN BRION,2025-08-17 09:10:43,0,0.645116925239563
all13_2024_2025,2,2025|Rounds 3-5|2025-08-20|DN SOOPers|Kiwoom DRX,2025-08-20 08:06:31,0,0.6296024322509766
all13_2024_2025,2,2025|Rounds 3-5|2025-08-20|Gen.G|Nongshim RedForce,2025-08-20 10:33:21,1,0.8536617755889893
all13_2024_2025,3,2025|Rounds 3-5|2025-08-21|Hanwha Life Esports|KT Rolster,2025-08-21 08:05:15,1,0.4205181300640106
all13_2024_2025,3,2025|Rounds 3-5|2025-08-21|BNK FEARX|HANJIN BRION,2025-08-21 11:27:46,1,0.5143270492553711
all13_2024_2025,3,2025|Rounds 3-5|2025-08-22|Nongshim RedForce|T1,2025-08-22 08:05:01,0,0.12868106365203857
all13_2024_2025,3,2025|Rounds 3-5|2025-08-22|Dplus Kia|Kiwoom DRX,2025-08-22 10:59:29,1,0.41141170263290405
all13_2024_2025,3,2025|Rounds 3-5|2025-08-23|Gen.G|Hanwha Life Esports,2025-08-23 06:06:52,1,0.5910071134567261
all13_2024_2025,3,2025|Rounds 3-5|2025-08-23|DN SOOPers|HANJIN BRION,2025-08-23 09:20:22,1,0.44742274284362793
all13_2024_2025,3,2025|Rounds 3-5|2025-08-24|BNK FEARX|Dplus Kia,2025-08-24 06:06:54,0,0.6107890009880066
all13_2024_2025,3,2025|Rounds 3-5|2025-08-24|KT Rolster|T1,2025-08-24 08:27:55,1,0.42325761914253235
all13_2024_2025,3,2025|Rounds 3-5|2025-08-27|Hanwha Life Esports|T1,2025-08-27 08:04:11,0,0.6477762460708618
all13_2024_2025,3,2025|Rounds 3-5|2025-08-27|BNK FEARX|DN SOOPers,2025-08-27 11:21:15,1,0.5031299591064453
all13_2024_2025,3,2025|Rounds 3-5|2025-08-28|Dplus Kia|HANJIN BRION,2025-08-28 08:08:10,1,0.7697474956512451
all13_2024_2025,3,2025|Rounds 3-5|2025-08-28|Gen.G|KT Rolster,2025-08-28 10:12:22,1,0.532511830329895
all13_2024_2025,3,2025|Rounds 3-5|2025-08-29|BNK FEARX|Kiwoom DRX,2025-08-29 08:07:17,1,0.5990889072418213
all13_2024_2025,3,2025|Rounds 3-5|2025-08-29|Hanwha Life Esports|Nongshim RedForce,2025-08-29 11:12:12,1,0.5362362265586853
all13_2024_2025,3,2025|Rounds 3-5|2025-08-30|Gen.G|T1,2025-08-30 06:12:29,1,0.630936324596405
all13_2024_2025,3,2025|Rounds 3-5|2025-08-30|DN SOOPers|Dplus Kia,2025-08-30 09:32:44,0,0.2929428219795227
all13_2024_2025,3,2025|Rounds 3-5|2025-08-31|KT Rolster|Nongshim RedForce,2025-08-31 06:06:31,1,0.6082125902175903
all13_2024_2025,3,2025|Rounds 3-5|2025-08-31|HANJIN BRION|Kiwoom DRX,2025-08-31 08:29:18,1,0.48605072498321533
all13_2024_2025,3,2025|Rounds 3-5|2025-09-03|HANJIN BRION|Nongshim RedForce,2025-09-03 08:08:06,0,0.5764967203140259
all13_2024_2025,3,2025|Rounds 3-5|2025-09-04|BNK FEARX|Dplus Kia,2025-09-04 08:08:41,1,0.5778294205665588
all13_2024_2025,3,2025|Rounds 3-5|2025-09-05|BNK FEARX|Nongshim RedForce,2025-09-05 08:07:35,1,0.5498298406600952
all13_2024_2025,3,2025|Rounds 3-5|2025-09-06|Dplus Kia|HANJIN BRION,2025-09-06 06:09:11,1,0.4801017642021179
all13_2024_2025,3,2025|Rounds 3-5|2025-09-07|Dplus Kia|Nongshim RedForce,2025-09-07 06:09:43,1,0.6172469258308411
all13_2024_2025,3,2025|Rounds 3-5|2025-09-10|Dplus Kia|T1,2025-09-10 08:11:38,0,0.798945963382721
all13_2024_2025,3,2025|Rounds 3-5|2025-09-11|BNK FEARX|KT Rolster,2025-09-11 08:09:47,0,0.5627679228782654
all13_2024_2025,3,2025|Rounds 3-5|2025-09-13|Gen.G|KT Rolster,2025-09-13 06:11:13,0,0.6237187385559082
all13_2024_2025,3,2025|Rounds 3-5|2025-09-14|Hanwha Life Esports|T1,2025-09-14 06:11:34,1,0.44726863503456116
all13_2024_2025,3,2025|Rounds 3-5|2025-09-17|BNK FEARX|Dplus Kia,2025-09-17 08:12:41,0,0.6074965000152588
all13_2024_2025,3,2025|Rounds 3-5|2025-09-18|Dplus Kia|T1,2025-09-18 08:13:43,0,0.6119116544723511
all13_2024_2025,3,2025|Rounds 3-5|2025-09-20|Hanwha Life Esports|KT Rolster,2025-09-20 06:07:09,1,0.6828246712684631
all13_2024_2025,3,2025|Rounds 3-5|2025-09-21|Gen.G|T1,2025-09-21 06:08:55,1,0.29561594128608704
all13_2024_2025,3,2025|Rounds 3-5|2025-09-27|Gen.G|KT Rolster,2025-09-27 05:23:49,1,0.7006329894065857
all13_2024_2025,3,2025|Rounds 3-5|2025-09-28|Gen.G|Hanwha Life Esports,2025-09-28 05:30:31,1,0.5791641473770142
all13_2023_2024_2025,1,2025|Rounds 1-2|2025-05-04|KT Rolster|T1,2025-05-04 06:06:00,0,0.23545080423355103
all13_2023_2024_2025,1,2025|Rounds 1-2|2025-05-04|DN SOOPers|HANJIN BRION,2025-05-04 08:20:59,0,0.3667033612728119
all13_2023_2024_2025,1,2025|Rounds 1-2|2025-05-07|BNK FEARX|HANJIN BRION,2025-05-07 08:03:23,1,0.27484479546546936
all13_2023_2024_2025,1,2025|Rounds 1-2|2025-05-07|Dplus Kia|KT Rolster,2025-05-07 11:02:40,0,0.4976101517677307
all13_2023_2024_2025,1,2025|Rounds 1-2|2025-05-08|Kiwoom DRX|T1,2025-05-08 08:06:11,0,0.4441261887550354
all13_2023_2024_2025,1,2025|Rounds 1-2|2025-05-08|Gen.G|Nongshim RedForce,2025-05-08 10:16:11,1,0.9410420656204224
all13_2023_2024_2025,1,2025|Rounds 1-2|2025-05-09|DN SOOPers|KT Rolster,2025-05-09 08:06:29,0,0.41963106393814087
all13_2023_2024_2025,1,2025|Rounds 1-2|2025-05-09|HANJIN BRION|Hanwha Life Esports,2025-05-09 10:06:12,0,0.088504858314991
all13_2023_2024_2025,1,2025|Rounds 1-2|2025-05-10|Dplus Kia|T1,2025-05-10 06:05:23,0,0.05527602136135101
all13_2023_2024_2025,1,2025|Rounds 1-2|2025-05-10|BNK FEARX|Gen.G,2025-05-10 08:12:35,0,0.17872558534145355
all13_2023_2024_2025,1,2025|Rounds 1-2|2025-05-11|DN SOOPers|Nongshim RedForce,2025-05-11 06:05:43,1,0.5427813529968262
all13_2023_2024_2025,1,2025|Rounds 1-2|2025-05-11|Hanwha Life Esports|Kiwoom DRX,2025-05-11 09:23:56,1,0.8722354769706726
all13_2023_2024_2025,1,2025|Rounds 1-2|2025-05-14|BNK FEARX|Nongshim RedForce,2025-05-14 08:04:35,0,0.6633574962615967
all13_2023_2024_2025,1,2025|Rounds 1-2|2025-05-14|Dplus Kia|Kiwoom DRX,2025-05-14 10:57:54,1,0.5041924715042114
all13_2023_2024_2025,1,2025|Rounds 1-2|2025-05-15|Hanwha Life Esports|KT Rolster,2025-05-15 08:06:53,0,0.5973942279815674
all13_2023_2024_2025,1,2025|Rounds 1-2|2025-05-15|HANJIN BRION|T1,2025-05-15 11:18:14,0,0.07879143953323364
all13_2023_2024_2025,1,2025|Rounds 1-2|2025-05-16|BNK FEARX|Dplus Kia,2025-05-16 08:07:23,0,0.38872405886650085
all13_2023_2024_2025,1,2025|Rounds 1-2|2025-05-16|DN SOOPers|Gen.G,2025-05-16 10:15:50,0,0.10710899531841278
all13_2023_2024_2025,1,2025|Rounds 1-2|2025-05-17|Kiwoom DRX|Nongshim RedForce,2025-05-17 06:06:29,0,0.3213353157043457
all13_2023_2024_2025,1,2025|Rounds 1-2|2025-05-17|HANJIN BRION|KT Rolster,2025-05-17 09:01:31,0,0.17077308893203735
all13_2023_2024_2025,1,2025|Rounds 1-2|2025-05-18|DN SOOPers|Hanwha Life Esports,2025-05-18 06:04:32,0,0.19851726293563843
all13_2023_2024_2025,1,2025|Rounds 1-2|2025-05-18|Gen.G|T1,2025-05-18 08:21:01,1,0.7146528959274292
all13_2023_2024_2025,1,2025|Rounds 1-2|2025-05-21|Gen.G|Hanwha Life Esports,2025-05-21 08:06:27,1,0.6873630881309509
all13_2023_2024_2025,1,2025|Rounds 1-2|2025-05-21|DN SOOPers|Kiwoom DRX,2025-05-21 11:23:37,0,0.432866632938385
all13_2023_2024_2025,1,2025|Rounds 1-2|2025-05-22|Dplus Kia|HANJIN BRION,2025-05-22 08:07:11,0,0.7954943180084229
all13_2023_2024_2025,1,2025|Rounds 1-2|2025-05-22|BNK FEARX|T1,2025-05-22 10:12:41,0,0.28192338347435
all13_2023_2024_2025,1,2025|Rounds 1-2|2025-05-23|Gen.G|Kiwoom DRX,2025-05-23 08:07:24,1,0.8025282621383667
all13_2023_2024_2025,1,2025|Rounds 1-2|2025-05-23|KT Rolster|Nongshim RedForce,2025-05-23 10:20:15,1,0.4303421378135681
all13_2023_2024_2025,1,2025|Rounds 1-2|2025-05-24|Dplus Kia|Hanwha Life Esports,2025-05-24 06:04:59,1,0.5747991800308228
all13_2023_2024_2025,1,2025|Rounds 1-2|2025-05-24|DN SOOPers|T1,2025-05-24 09:07:30,0,0.1862049251794815
all13_2023_2024_2025,1,2025|Rounds 1-2|2025-05-25|HANJIN BRION|Nongshim RedForce,2025-05-25 06:04:05,0,0.6984615325927734
all13_2023_2024_2025,1,2025|Rounds 1-2|2025-05-25|BNK FEARX|KT Rolster,2025-05-25 09:10:27,0,0.2687540054321289
all13_2023_2024_2025,1,2025|Rounds 1-2|2025-05-28|BNK FEARX|DN SOOPers,2025-05-28 08:03:32,1,0.5198655128479004
all13_2023_2024_2025,1,2025|Rounds 1-2|2025-05-28|Hanwha Life Esports|T1,2025-05-28 11:13:02,1,0.22113102674484253
all13_2023_2024_2025,1,2025|Rounds 1-2|2025-05-29|HANJIN BRION|Kiwoom DRX,2025-05-29 08:06:13,0,0.7665177583694458
all13_2023_2024_2025,1,2025|Rounds 1-2|2025-05-29|Gen.G|KT Rolster,2025-05-29 11:54:37,1,0.72635418176651
all13_2023_2024_2025,1,2025|Rounds 1-2|2025-05-30|Nongshim RedForce|T1,2025-05-30 08:06:20,1,0.5022413730621338
all13_2023_2024_2025,1,2025|Rounds 1-2|2025-05-30|DN SOOPers|Dplus Kia,2025-05-30 10:17:54,0,0.4256560206413269
all13_2023_2024_2025,1,2025|Rounds 1-2|2025-05-31|KT Rolster|Kiwoom DRX,2025-05-31 06:05:53,1,0.729236900806427
all13_2023_2024_2025,1,2025|Rounds 1-2|2025-05-31|Gen.G|HANJIN BRION,2025-05-31 08:16:20,1,0.8138350248336792
all13_2023_2024_2025,1,2025|Rounds 1-2|2025-06-01|BNK FEARX|Hanwha Life Esports,2025-06-01 06:05:16,0,0.3655957579612732
all13_2023_2024_2025,1,2025|Rounds 1-2|2025-06-01|Dplus Kia|Nongshim RedForce,2025-06-01 08:07:40,1,0.2933667302131653
all13_2023_2024_2025,1,2025|Rounds 1-2|2025-06-04|Dplus Kia|KT Rolster,2025-06-04 08:08:19,0,0.5684956312179565
all13_2023_2024_2025,1,2025|Rounds 1-2|2025-06-07|Dplus Kia|KT Rolster,2025-06-07 06:06:28,0,0.28668826818466187
all13_2023_2024_2025,1,2025|Rounds 1-2|2025-06-08|KT Rolster|Nongshim RedForce,2025-06-08 06:07:06,1,0.8434104919433594
all13_2023_2024_2025,2,2025|Rounds 1-2|2025-06-13|Gen.G|Hanwha Life Esports,2025-06-13 08:18:23,1,0.5612950921058655
all13_2023_2024_2025,2,2025|Rounds 1-2|2025-06-14|KT Rolster|T1,2025-06-14 06:20:04,0,0.9290974140167236
all13_2023_2024_2025,2,2025|Rounds 1-2|2025-06-15|Hanwha Life Esports|T1,2025-06-15 06:17:37,0,0.22906939685344696
all13_2023_2024_2025,2,2025|Rounds 3-5|2025-07-23|Dplus Kia|HANJIN BRION,2025-07-23 08:07:58,0,0.4422035217285156
all13_2023_2024_2025,2,2025|Rounds 3-5|2025-07-23|Gen.G|Hanwha Life Esports,2025-07-23 11:17:36,1,0.7926713228225708
all13_2023_2024_2025,2,2025|Rounds 3-5|2025-07-24|BNK FEARX|DN SOOPers,2025-07-24 08:05:02,1,0.4138574004173279
all13_2023_2024_2025,2,2025|Rounds 3-5|2025-07-24|KT Rolster|Nongshim RedForce,2025-07-24 10:11:20,1,0.7265993356704712
all13_2023_2024_2025,2,2025|Rounds 3-5|2025-07-25|Gen.G|T1,2025-07-25 08:11:59,0,0.47523266077041626
all13_2023_2024_2025,2,2025|Rounds 3-5|2025-07-25|HANJIN BRION|Kiwoom DRX,2025-07-25 11:15:42,1,0.6189342141151428
all13_2023_2024_2025,2,2025|Rounds 3-5|2025-07-26|BNK FEARX|Dplus Kia,2025-07-26 06:07:12,0,0.6190564036369324
all13_2023_2024_2025,2,2025|Rounds 3-5|2025-07-26|Hanwha Life Esports|KT Rolster,2025-07-26 08:31:59,1,0.30958861112594604
all13_2023_2024_2025,2,2025|Rounds 3-5|2025-07-27|DN SOOPers|Kiwoom DRX,2025-07-27 06:05:40,0,0.5720463395118713
all13_2023_2024_2025,2,2025|Rounds 3-5|2025-07-27|Nongshim RedForce|T1,2025-07-27 09:29:10,0,0.13226723670959473
all13_2023_2024_2025,2,2025|Rounds 3-5|2025-07-30|Dplus Kia|Kiwoom DRX,2025-07-30 08:07:21,1,0.6421188712120056
all13_2023_2024_2025,2,2025|Rounds 3-5|2025-07-30|KT Rolster|T1,2025-07-30 11:48:43,0,0.33515793085098267
all13_2023_2024_2025,2,2025|Rounds 3-5|2025-07-31|BNK FEARX|HANJIN BRION,2025-07-31 08:06:28,1,0.1872531920671463
all13_2023_2024_2025,2,2025|Rounds 3-5|2025-07-31|Hanwha Life Esports|Nongshim RedForce,2025-07-31 10:31:25,1,0.5865906476974487
all13_2023_2024_2025,2,2025|Rounds 3-5|2025-08-01|Gen.G|KT Rolster,2025-08-01 08:04:50,1,0.7257229685783386
all13_2023_2024_2025,2,2025|Rounds 3-5|2025-08-01|DN SOOPers|Dplus Kia,2025-08-01 10:25:35,0,0.3004617691040039
all13_2023_2024_2025,2,2025|Rounds 3-5|2025-08-02|Hanwha Life Esports|T1,2025-08-02 06:07:06,0,0.54624342918396
all13_2023_2024_2025,2,2025|Rounds 3-5|2025-08-02|BNK FEARX|Kiwoom DRX,2025-08-02 08:31:55,0,0.5683844089508057
all13_2023_2024_2025,2,2025|Rounds 3-5|2025-08-03|DN SOOPers|HANJIN BRION,2025-08-03 06:07:00,0,0.40003108978271484
all13_2023_2024_2025,2,2025|Rounds 3-5|2025-08-03|Gen.G|Nongshim RedForce,2025-08-03 08:33:38,1,0.7739530205726624
all13_2023_2024_2025,2,2025|Rounds 3-5|2025-08-06|Hanwha Life Esports|Nongshim RedForce,2025-08-06 08:06:02,1,0.8658926486968994
all13_2023_2024_2025,2,2025|Rounds 3-5|2025-08-06|BNK FEARX|HANJIN BRION,2025-08-06 10:22:21,1,0.5327735543251038
all13_2023_2024_2025,2,2025|Rounds 3-5|2025-08-07|DN SOOPers|Kiwoom DRX,2025-08-07 08:06:22,1,0.31673598289489746
all13_2023_2024_2025,2,2025|Rounds 3-5|2025-08-07|Gen.G|T1,2025-08-07 11:20:03,1,0.3964443802833557
all13_2023_2024_2025,2,2025|Rounds 3-5|2025-08-08|BNK FEARX|Dplus Kia,2025-08-08 08:08:25,1,0.3960638642311096
all13_2023_2024_2025,2,2025|Rounds 3-5|2025-08-08|Hanwha Life Esports|KT Rolster,2025-08-08 10:27:25,1,0.7525657415390015
all13_2023_2024_2025,2,2025|Rounds 3-5|2025-08-09|HANJIN BRION|Kiwoom DRX,2025-08-09 06:11:11,1,0.3014528155326843
all13_2023_2024_2025,2,2025|Rounds 3-5|2025-08-09|Nongshim RedForce|T1,2025-08-09 09:16:24,0,0.2822210490703583
all13_2023_2024_2025,2,2025|Rounds 3-5|2025-08-10|Gen.G|KT Rolster,2025-08-10 06:06:45,1,0.881382167339325
all13_2023_2024_2025,2,2025|Rounds 3-5|2025-08-10|DN SOOPers|Dplus Kia,2025-08-10 08:19:07,0,0.31511634588241577
all13_2023_2024_2025,2,2025|Rounds 3-5|2025-08-13|KT Rolster|T1,2025-08-13 08:10:10,0,0.2832126319408417
all13_2023_2024_2025,2,2025|Rounds 3-5|2025-08-13|BNK FEARX|DN SOOPers,2025-08-13 10:08:55,1,0.6607204675674438
all13_2023_2024_2025,2,2025|Rounds 3-5|2025-08-14|Gen.G|Nongshim RedForce,2025-08-14 08:07:37,1,0.8745502829551697
all13_2023_2024_2025,2,2025|Rounds 3-5|2025-08-14|Dplus Kia|Kiwoom DRX,2025-08-14 10:09:25,1,0.7163310647010803
all13_2023_2024_2025,2,2025|Rounds 3-5|2025-08-15|DN SOOPers|HANJIN BRION,2025-08-15 08:06:45,1,0.3893352150917053
all13_2023_2024_2025,2,2025|Rounds 3-5|2025-08-15|Hanwha Life Esports|T1,2025-08-15 11:15:30,0,0.34834587574005127
all13_2023_2024_2025,2,2025|Rounds 3-5|2025-08-16|KT Rolster|Nongshim RedForce,2025-08-16 06:05:19,1,0.49388450384140015
all13_2023_2024_2025,2,2025|Rounds 3-5|2025-08-16|BNK FEARX|Kiwoom DRX,2025-08-16 09:05:30,0,0.8161611557006836
all13_2023_2024_2025,2,2025|Rounds 3-5|2025-08-17|Gen.G|Hanwha Life Esports,2025-08-17 06:07:44,1,0.820854663848877
all13_2023_2024_2025,2,2025|Rounds 3-5|2025-08-17|Dplus Kia|HANJIN BRION,2025-08-17 09:10:43,0,0.6701792478561401
all13_2023_2024_2025,2,2025|Rounds 3-5|2025-08-20|DN SOOPers|Kiwoom DRX,2025-08-20 08:06:31,0,0.6911993622779846
all13_2023_2024_2025,2,2025|Rounds 3-5|2025-08-20|Gen.G|Nongshim RedForce,2025-08-20 10:33:21,1,0.8969451189041138
all13_2023_2024_2025,3,2025|Rounds 3-5|2025-08-21|Hanwha Life Esports|KT Rolster,2025-08-21 08:05:15,1,0.43362170457839966
all13_2023_2024_2025,3,2025|Rounds 3-5|2025-08-21|BNK FEARX|HANJIN BRION,2025-08-21 11:27:46,1,0.5369429588317871
all13_2023_2024_2025,3,2025|Rounds 3-5|2025-08-22|Nongshim RedForce|T1,2025-08-22 08:05:01,0,0.10049647092819214
all13_2023_2024_2025,3,2025|Rounds 3-5|2025-08-22|Dplus Kia|Kiwoom DRX,2025-08-22 10:59:29,1,0.4176851212978363
all13_2023_2024_2025,3,2025|Rounds 3-5|2025-08-23|Gen.G|Hanwha Life Esports,2025-08-23 06:06:52,1,0.5913436412811279
all13_2023_2024_2025,3,2025|Rounds 3-5|2025-08-23|DN SOOPers|HANJIN BRION,2025-08-23 09:20:22,1,0.4560748338699341
all13_2023_2024_2025,3,2025|Rounds 3-5|2025-08-24|BNK FEARX|Dplus Kia,2025-08-24 06:06:54,0,0.6216883659362793
all13_2023_2024_2025,3,2025|Rounds 3-5|2025-08-24|KT Rolster|T1,2025-08-24 08:27:55,1,0.4013445973396301
all13_2023_2024_2025,3,2025|Rounds 3-5|2025-08-27|Hanwha Life Esports|T1,2025-08-27 08:04:11,0,0.6608108282089233
all13_2023_2024_2025,3,2025|Rounds 3-5|2025-08-27|BNK FEARX|DN SOOPers,2025-08-27 11:21:15,1,0.49036234617233276
all13_2023_2024_2025,3,2025|Rounds 3-5|2025-08-28|Dplus Kia|HANJIN BRION,2025-08-28 08:08:10,1,0.7988101243972778
all13_2023_2024_2025,3,2025|Rounds 3-5|2025-08-28|Gen.G|KT Rolster,2025-08-28 10:12:22,1,0.5396270751953125
all13_2023_2024_2025,3,2025|Rounds 3-5|2025-08-29|BNK FEARX|Kiwoom DRX,2025-08-29 08:07:17,1,0.6076978445053101
all13_2023_2024_2025,3,2025|Rounds 3-5|2025-08-29|Hanwha Life Esports|Nongshim RedForce,2025-08-29 11:12:12,1,0.5418918132781982
all13_2023_2024_2025,3,2025|Rounds 3-5|2025-08-30|Gen.G|T1,2025-08-30 06:12:29,1,0.6514241695404053
all13_2023_2024_2025,3,2025|Rounds 3-5|2025-08-30|DN SOOPers|Dplus Kia,2025-08-30 09:32:44,0,0.2675221264362335
all13_2023_2024_2025,3,2025|Rounds 3-5|2025-08-31|KT Rolster|Nongshim RedForce,2025-08-31 06:06:31,1,0.6228686571121216
all13_2023_2024_2025,3,2025|Rounds 3-5|2025-08-31|HANJIN BRION|Kiwoom DRX,2025-08-31 08:29:18,1,0.4823025166988373
all13_2023_2024_2025,3,2025|Rounds 3-5|2025-09-03|HANJIN BRION|Nongshim RedForce,2025-09-03 08:08:06,0,0.5767868161201477
all13_2023_2024_2025,3,2025|Rounds 3-5|2025-09-04|BNK FEARX|Dplus Kia,2025-09-04 08:08:41,1,0.5825281739234924
all13_2023_2024_2025,3,2025|Rounds 3-5|2025-09-05|BNK FEARX|Nongshim RedForce,2025-09-05 08:07:35,1,0.5708093047142029
all13_2023_2024_2025,3,2025|Rounds 3-5|2025-09-06|Dplus Kia|HANJIN BRION,2025-09-06 06:09:11,1,0.4855085015296936
all13_2023_2024_2025,3,2025|Rounds 3-5|2025-09-07|Dplus Kia|Nongshim RedForce,2025-09-07 06:09:43,1,0.6250656843185425
all13_2023_2024_2025,3,2025|Rounds 3-5|2025-09-10|Dplus Kia|T1,2025-09-10 08:11:38,0,0.8341271281242371
all13_2023_2024_2025,3,2025|Rounds 3-5|2025-09-11|BNK FEARX|KT Rolster,2025-09-11 08:09:47,0,0.5810585021972656
all13_2023_2024_2025,3,2025|Rounds 3-5|2025-09-13|Gen.G|KT Rolster,2025-09-13 06:11:13,0,0.6477751135826111
all13_2023_2024_2025,3,2025|Rounds 3-5|2025-09-14|Hanwha Life Esports|T1,2025-09-14 06:11:34,1,0.4329078197479248
all13_2023_2024_2025,3,2025|Rounds 3-5|2025-09-17|BNK FEARX|Dplus Kia,2025-09-17 08:12:41,0,0.6456382870674133
all13_2023_2024_2025,3,2025|Rounds 3-5|2025-09-18|Dplus Kia|T1,2025-09-18 08:13:43,0,0.6284607648849487
all13_2023_2024_2025,3,2025|Rounds 3-5|2025-09-20|Hanwha Life Esports|KT Rolster,2025-09-20 06:07:09,1,0.7121948003768921
all13_2023_2024_2025,3,2025|Rounds 3-5|2025-09-21|Gen.G|T1,2025-09-21 06:08:55,1,0.2844224274158478
all13_2023_2024_2025,3,2025|Rounds 3-5|2025-09-27|Gen.G|KT Rolster,2025-09-27 05:23:49,1,0.7179462909698486
all13_2023_2024_2025,3,2025|Rounds 3-5|2025-09-28|Gen.G|Hanwha Life Esports,2025-09-28 05:30:31,1,0.5975484251976013
reduced_2024_2025,1,2025|Rounds 1-2|2025-05-04|KT Rolster|T1,2025-05-04 06:06:00,0,0.2588012218475342
reduced_2024_2025,1,2025|Rounds 1-2|2025-05-04|DN SOOPers|HANJIN BRION,2025-05-04 08:20:59,0,0.36051100492477417
reduced_2024_2025,1,2025|Rounds 1-2|2025-05-07|BNK FEARX|HANJIN BRION,2025-05-07 08:03:23,1,0.310033917427063
reduced_2024_2025,1,2025|Rounds 1-2|2025-05-07|Dplus Kia|KT Rolster,2025-05-07 11:02:40,0,0.5117965936660767
reduced_2024_2025,1,2025|Rounds 1-2|2025-05-08|Kiwoom DRX|T1,2025-05-08 08:06:11,0,0.4864463806152344
reduced_2024_2025,1,2025|Rounds 1-2|2025-05-08|Gen.G|Nongshim RedForce,2025-05-08 10:16:11,1,0.9310883283615112
reduced_2024_2025,1,2025|Rounds 1-2|2025-05-09|DN SOOPers|KT Rolster,2025-05-09 08:06:29,0,0.4545820951461792
reduced_2024_2025,1,2025|Rounds 1-2|2025-05-09|HANJIN BRION|Hanwha Life Esports,2025-05-09 10:06:12,0,0.07688368856906891
reduced_2024_2025,1,2025|Rounds 1-2|2025-05-10|Dplus Kia|T1,2025-05-10 06:05:23,0,0.039514102041721344
reduced_2024_2025,1,2025|Rounds 1-2|2025-05-10|BNK FEARX|Gen.G,2025-05-10 08:12:35,0,0.1556263417005539
reduced_2024_2025,1,2025|Rounds 1-2|2025-05-11|DN SOOPers|Nongshim RedForce,2025-05-11 06:05:43,1,0.5780300498008728
reduced_2024_2025,1,2025|Rounds 1-2|2025-05-11|Hanwha Life Esports|Kiwoom DRX,2025-05-11 09:23:56,1,0.8946777582168579
reduced_2024_2025,1,2025|Rounds 1-2|2025-05-14|BNK FEARX|Nongshim RedForce,2025-05-14 08:04:35,0,0.6563540697097778
reduced_2024_2025,1,2025|Rounds 1-2|2025-05-14|Dplus Kia|Kiwoom DRX,2025-05-14 10:57:54,1,0.4976595640182495
reduced_2024_2025,1,2025|Rounds 1-2|2025-05-15|Hanwha Life Esports|KT Rolster,2025-05-15 08:06:53,0,0.6828088760375977
reduced_2024_2025,1,2025|Rounds 1-2|2025-05-15|HANJIN BRION|T1,2025-05-15 11:18:14,0,0.07616892457008362
reduced_2024_2025,1,2025|Rounds 1-2|2025-05-16|BNK FEARX|Dplus Kia,2025-05-16 08:07:23,0,0.3949936032295227
reduced_2024_2025,1,2025|Rounds 1-2|2025-05-16|DN SOOPers|Gen.G,2025-05-16 10:15:50,0,0.099982351064682
reduced_2024_2025,1,2025|Rounds 1-2|2025-05-17|Kiwoom DRX|Nongshim RedForce,2025-05-17 06:06:29,0,0.3680129647254944
reduced_2024_2025,1,2025|Rounds 1-2|2025-05-17|HANJIN BRION|KT Rolster,2025-05-17 09:01:31,0,0.2016492635011673
reduced_2024_2025,1,2025|Rounds 1-2|2025-05-18|DN SOOPers|Hanwha Life Esports,2025-05-18 06:04:32,0,0.16953207552433014
reduced_2024_2025,1,2025|Rounds 1-2|2025-05-18|Gen.G|T1,2025-05-18 08:21:01,1,0.7338170409202576
reduced_2024_2025,1,2025|Rounds 1-2|2025-05-21|Gen.G|Hanwha Life Esports,2025-05-21 08:06:27,1,0.6674622297286987
reduced_2024_2025,1,2025|Rounds 1-2|2025-05-21|DN SOOPers|Kiwoom DRX,2025-05-21 11:23:37,0,0.390247106552124
reduced_2024_2025,1,2025|Rounds 1-2|2025-05-22|Dplus Kia|HANJIN BRION,2025-05-22 08:07:11,0,0.794218897819519
reduced_2024_2025,1,2025|Rounds 1-2|2025-05-22|BNK FEARX|T1,2025-05-22 10:12:41,0,0.2690458297729492
reduced_2024_2025,1,2025|Rounds 1-2|2025-05-23|Gen.G|Kiwoom DRX,2025-05-23 08:07:24,1,0.8287069201469421
reduced_2024_2025,1,2025|Rounds 1-2|2025-05-23|KT Rolster|Nongshim RedForce,2025-05-23 10:20:15,1,0.4723348915576935
reduced_2024_2025,1,2025|Rounds 1-2|2025-05-24|Dplus Kia|Hanwha Life Esports,2025-05-24 06:04:59,1,0.5498714447021484
reduced_2024_2025,1,2025|Rounds 1-2|2025-05-24|DN SOOPers|T1,2025-05-24 09:07:30,0,0.21067701280117035
reduced_2024_2025,1,2025|Rounds 1-2|2025-05-25|HANJIN BRION|Nongshim RedForce,2025-05-25 06:04:05,0,0.6228806972503662
reduced_2024_2025,1,2025|Rounds 1-2|2025-05-25|BNK FEARX|KT Rolster,2025-05-25 09:10:27,0,0.2276528924703598
reduced_2024_2025,1,2025|Rounds 1-2|2025-05-28|BNK FEARX|DN SOOPers,2025-05-28 08:03:32,1,0.487399697303772
reduced_2024_2025,1,2025|Rounds 1-2|2025-05-28|Hanwha Life Esports|T1,2025-05-28 11:13:02,1,0.23337361216545105
reduced_2024_2025,1,2025|Rounds 1-2|2025-05-29|HANJIN BRION|Kiwoom DRX,2025-05-29 08:06:13,0,0.7146499156951904
reduced_2024_2025,1,2025|Rounds 1-2|2025-05-29|Gen.G|KT Rolster,2025-05-29 11:54:37,1,0.7446070909500122
reduced_2024_2025,1,2025|Rounds 1-2|2025-05-30|Nongshim RedForce|T1,2025-05-30 08:06:20,1,0.5327945947647095
reduced_2024_2025,1,2025|Rounds 1-2|2025-05-30|DN SOOPers|Dplus Kia,2025-05-30 10:17:54,0,0.42600351572036743
reduced_2024_2025,1,2025|Rounds 1-2|2025-05-31|KT Rolster|Kiwoom DRX,2025-05-31 06:05:53,1,0.7315807938575745
reduced_2024_2025,1,2025|Rounds 1-2|2025-05-31|Gen.G|HANJIN BRION,2025-05-31 08:16:20,1,0.8358024954795837
reduced_2024_2025,1,2025|Rounds 1-2|2025-06-01|BNK FEARX|Hanwha Life Esports,2025-06-01 06:05:16,0,0.3385266065597534
reduced_2024_2025,1,2025|Rounds 1-2|2025-06-01|Dplus Kia|Nongshim RedForce,2025-06-01 08:07:40,1,0.2414865791797638
reduced_2024_2025,1,2025|Rounds 1-2|2025-06-04|Dplus Kia|KT Rolster,2025-06-04 08:08:19,0,0.5636959671974182
reduced_2024_2025,1,2025|Rounds 1-2|2025-06-07|Dplus Kia|KT Rolster,2025-06-07 06:06:28,0,0.3210715055465698
reduced_2024_2025,1,2025|Rounds 1-2|2025-06-08|KT Rolster|Nongshim RedForce,2025-06-08 06:07:06,1,0.8837127685546875
reduced_2024_2025,2,2025|Rounds 1-2|2025-06-13|Gen.G|Hanwha Life Esports,2025-06-13 08:18:23,1,0.46019524335861206
reduced_2024_2025,2,2025|Rounds 1-2|2025-06-14|KT Rolster|T1,2025-06-14 06:20:04,0,0.9499962329864502
reduced_2024_2025,2,2025|Rounds 1-2|2025-06-15|Hanwha Life Esports|T1,2025-06-15 06:17:37,0,0.3089500069618225
reduced_2024_2025,2,2025|Rounds 3-5|2025-07-23|Dplus Kia|HANJIN BRION,2025-07-23 08:07:58,0,0.47011587023735046
reduced_2024_2025,2,2025|Rounds 3-5|2025-07-23|Gen.G|Hanwha Life Esports,2025-07-23 11:17:36,1,0.7845290303230286
reduced_2024_2025,2,2025|Rounds 3-5|2025-07-24|BNK FEARX|DN SOOPers,2025-07-24 08:05:02,1,0.4538087844848633
reduced_2024_2025,2,2025|Rounds 3-5|2025-07-24|KT Rolster|Nongshim RedForce,2025-07-24 10:11:20,1,0.711887538433075
reduced_2024_2025,2,2025|Rounds 3-5|2025-07-25|Gen.G|T1,2025-07-25 08:11:59,0,0.4551435112953186
reduced_2024_2025,2,2025|Rounds 3-5|2025-07-25|HANJIN BRION|Kiwoom DRX,2025-07-25 11:15:42,1,0.6267517805099487
reduced_2024_2025,2,2025|Rounds 3-5|2025-07-26|BNK FEARX|Dplus Kia,2025-07-26 06:07:12,0,0.6529898643493652
reduced_2024_2025,2,2025|Rounds 3-5|2025-07-26|Hanwha Life Esports|KT Rolster,2025-07-26 08:31:59,1,0.3249102830886841
reduced_2024_2025,2,2025|Rounds 3-5|2025-07-27|DN SOOPers|Kiwoom DRX,2025-07-27 06:05:40,0,0.553383469581604
reduced_2024_2025,2,2025|Rounds 3-5|2025-07-27|Nongshim RedForce|T1,2025-07-27 09:29:10,0,0.1355142742395401
reduced_2024_2025,2,2025|Rounds 3-5|2025-07-30|Dplus Kia|Kiwoom DRX,2025-07-30 08:07:21,1,0.5899944305419922
reduced_2024_2025,2,2025|Rounds 3-5|2025-07-30|KT Rolster|T1,2025-07-30 11:48:43,0,0.34789764881134033
reduced_2024_2025,2,2025|Rounds 3-5|2025-07-31|BNK FEARX|HANJIN BRION,2025-07-31 08:06:28,1,0.2140895426273346
reduced_2024_2025,2,2025|Rounds 3-5|2025-07-31|Hanwha Life Esports|Nongshim RedForce,2025-07-31 10:31:25,1,0.592231273651123
reduced_2024_2025,2,2025|Rounds 3-5|2025-08-01|Gen.G|KT Rolster,2025-08-01 08:04:50,1,0.7102570533752441
reduced_2024_2025,2,2025|Rounds 3-5|2025-08-01|DN SOOPers|Dplus Kia,2025-08-01 10:25:35,0,0.28744348883628845
reduced_2024_2025,2,2025|Rounds 3-5|2025-08-02|Hanwha Life Esports|T1,2025-08-02 06:07:06,0,0.4977712631225586
reduced_2024_2025,2,2025|Rounds 3-5|2025-08-02|BNK FEARX|Kiwoom DRX,2025-08-02 08:31:55,0,0.5850927829742432
reduced_2024_2025,2,2025|Rounds 3-5|2025-08-03|DN SOOPers|HANJIN BRION,2025-08-03 06:07:00,0,0.3712455928325653
reduced_2024_2025,2,2025|Rounds 3-5|2025-08-03|Gen.G|Nongshim RedForce,2025-08-03 08:33:38,1,0.7452440857887268
reduced_2024_2025,2,2025|Rounds 3-5|2025-08-06|Hanwha Life Esports|Nongshim RedForce,2025-08-06 08:06:02,1,0.8419494032859802
reduced_2024_2025,2,2025|Rounds 3-5|2025-08-06|BNK FEARX|HANJIN BRION,2025-08-06 10:22:21,1,0.5153040885925293
reduced_2024_2025,2,2025|Rounds 3-5|2025-08-07|DN SOOPers|Kiwoom DRX,2025-08-07 08:06:22,1,0.30988025665283203
reduced_2024_2025,2,2025|Rounds 3-5|2025-08-07|Gen.G|T1,2025-08-07 11:20:03,1,0.3573192358016968
reduced_2024_2025,2,2025|Rounds 3-5|2025-08-08|BNK FEARX|Dplus Kia,2025-08-08 08:08:25,1,0.41358983516693115
reduced_2024_2025,2,2025|Rounds 3-5|2025-08-08|Hanwha Life Esports|KT Rolster,2025-08-08 10:27:25,1,0.7327107787132263
reduced_2024_2025,2,2025|Rounds 3-5|2025-08-09|HANJIN BRION|Kiwoom DRX,2025-08-09 06:11:11,1,0.34440335631370544
reduced_2024_2025,2,2025|Rounds 3-5|2025-08-09|Nongshim RedForce|T1,2025-08-09 09:16:24,0,0.27499014139175415
reduced_2024_2025,2,2025|Rounds 3-5|2025-08-10|Gen.G|KT Rolster,2025-08-10 06:06:45,1,0.8469281196594238
reduced_2024_2025,2,2025|Rounds 3-5|2025-08-10|DN SOOPers|Dplus Kia,2025-08-10 08:19:07,0,0.3708934187889099
reduced_2024_2025,2,2025|Rounds 3-5|2025-08-13|KT Rolster|T1,2025-08-13 08:10:10,0,0.2594688832759857
reduced_2024_2025,2,2025|Rounds 3-5|2025-08-13|BNK FEARX|DN SOOPers,2025-08-13 10:08:55,1,0.6842489242553711
reduced_2024_2025,2,2025|Rounds 3-5|2025-08-14|Gen.G|Nongshim RedForce,2025-08-14 08:07:37,1,0.8347766399383545
reduced_2024_2025,2,2025|Rounds 3-5|2025-08-14|Dplus Kia|Kiwoom DRX,2025-08-14 10:09:25,1,0.6633497476577759
reduced_2024_2025,2,2025|Rounds 3-5|2025-08-15|DN SOOPers|HANJIN BRION,2025-08-15 08:06:45,1,0.3881301283836365
reduced_2024_2025,2,2025|Rounds 3-5|2025-08-15|Hanwha Life Esports|T1,2025-08-15 11:15:30,0,0.40106287598609924
reduced_2024_2025,2,2025|Rounds 3-5|2025-08-16|KT Rolster|Nongshim RedForce,2025-08-16 06:05:19,1,0.5005134344100952
reduced_2024_2025,2,2025|Rounds 3-5|2025-08-16|BNK FEARX|Kiwoom DRX,2025-08-16 09:05:30,0,0.8057184219360352
reduced_2024_2025,2,2025|Rounds 3-5|2025-08-17|Gen.G|Hanwha Life Esports,2025-08-17 06:07:44,1,0.7744868397712708
reduced_2024_2025,2,2025|Rounds 3-5|2025-08-17|Dplus Kia|HANJIN BRION,2025-08-17 09:10:43,0,0.6257413029670715
reduced_2024_2025,2,2025|Rounds 3-5|2025-08-20|DN SOOPers|Kiwoom DRX,2025-08-20 08:06:31,0,0.6181133985519409
reduced_2024_2025,2,2025|Rounds 3-5|2025-08-20|Gen.G|Nongshim RedForce,2025-08-20 10:33:21,1,0.8773571252822876
reduced_2024_2025,3,2025|Rounds 3-5|2025-08-21|Hanwha Life Esports|KT Rolster,2025-08-21 08:05:15,1,0.4139440655708313
reduced_2024_2025,3,2025|Rounds 3-5|2025-08-21|BNK FEARX|HANJIN BRION,2025-08-21 11:27:46,1,0.5104864835739136
reduced_2024_2025,3,2025|Rounds 3-5|2025-08-22|Nongshim RedForce|T1,2025-08-22 08:05:01,0,0.12599577009677887
reduced_2024_2025,3,2025|Rounds 3-5|2025-08-22|Dplus Kia|Kiwoom DRX,2025-08-22 10:59:29,1,0.40572649240493774
reduced_2024_2025,3,2025|Rounds 3-5|2025-08-23|Gen.G|Hanwha Life Esports,2025-08-23 06:06:52,1,0.594372034072876
reduced_2024_2025,3,2025|Rounds 3-5|2025-08-23|DN SOOPers|HANJIN BRION,2025-08-23 09:20:22,1,0.44086629152297974
reduced_2024_2025,3,2025|Rounds 3-5|2025-08-24|BNK FEARX|Dplus Kia,2025-08-24 06:06:54,0,0.6051642298698425
reduced_2024_2025,3,2025|Rounds 3-5|2025-08-24|KT Rolster|T1,2025-08-24 08:27:55,1,0.42157405614852905
reduced_2024_2025,3,2025|Rounds 3-5|2025-08-27|Hanwha Life Esports|T1,2025-08-27 08:04:11,0,0.640934944152832
reduced_2024_2025,3,2025|Rounds 3-5|2025-08-27|BNK FEARX|DN SOOPers,2025-08-27 11:21:15,1,0.5096308588981628
reduced_2024_2025,3,2025|Rounds 3-5|2025-08-28|Dplus Kia|HANJIN BRION,2025-08-28 08:08:10,1,0.7607150673866272
reduced_2024_2025,3,2025|Rounds 3-5|2025-08-28|Gen.G|KT Rolster,2025-08-28 10:12:22,1,0.5422736406326294
reduced_2024_2025,3,2025|Rounds 3-5|2025-08-29|BNK FEARX|Kiwoom DRX,2025-08-29 08:07:17,1,0.5972640514373779
reduced_2024_2025,3,2025|Rounds 3-5|2025-08-29|Hanwha Life Esports|Nongshim RedForce,2025-08-29 11:12:12,1,0.5423023700714111
reduced_2024_2025,3,2025|Rounds 3-5|2025-08-30|Gen.G|T1,2025-08-30 06:12:29,1,0.6225059032440186
reduced_2024_2025,3,2025|Rounds 3-5|2025-08-30|DN SOOPers|Dplus Kia,2025-08-30 09:32:44,0,0.29774823784828186
reduced_2024_2025,3,2025|Rounds 3-5|2025-08-31|KT Rolster|Nongshim RedForce,2025-08-31 06:06:31,1,0.6157845258712769
reduced_2024_2025,3,2025|Rounds 3-5|2025-08-31|HANJIN BRION|Kiwoom DRX,2025-08-31 08:29:18,1,0.4813224673271179
reduced_2024_2025,3,2025|Rounds 3-5|2025-09-03|HANJIN BRION|Nongshim RedForce,2025-09-03 08:08:06,0,0.5909059047698975
reduced_2024_2025,3,2025|Rounds 3-5|2025-09-04|BNK FEARX|Dplus Kia,2025-09-04 08:08:41,1,0.5710635185241699
reduced_2024_2025,3,2025|Rounds 3-5|2025-09-05|BNK FEARX|Nongshim RedForce,2025-09-05 08:07:35,1,0.5786910057067871
reduced_2024_2025,3,2025|Rounds 3-5|2025-09-06|Dplus Kia|HANJIN BRION,2025-09-06 06:09:11,1,0.48986679315567017
reduced_2024_2025,3,2025|Rounds 3-5|2025-09-07|Dplus Kia|Nongshim RedForce,2025-09-07 06:09:43,1,0.6055570840835571
reduced_2024_2025,3,2025|Rounds 3-5|2025-09-10|Dplus Kia|T1,2025-09-10 08:11:38,0,0.780436635017395
reduced_2024_2025,3,2025|Rounds 3-5|2025-09-11|BNK FEARX|KT Rolster,2025-09-11 08:09:47,0,0.5845195055007935
reduced_2024_2025,3,2025|Rounds 3-5|2025-09-13|Gen.G|KT Rolster,2025-09-13 06:11:13,0,0.6256518363952637
reduced_2024_2025,3,2025|Rounds 3-5|2025-09-14|Hanwha Life Esports|T1,2025-09-14 06:11:34,1,0.4469177722930908
reduced_2024_2025,3,2025|Rounds 3-5|2025-09-17|BNK FEARX|Dplus Kia,2025-09-17 08:12:41,0,0.6078415513038635
reduced_2024_2025,3,2025|Rounds 3-5|2025-09-18|Dplus Kia|T1,2025-09-18 08:13:43,0,0.6181346774101257
reduced_2024_2025,3,2025|Rounds 3-5|2025-09-20|Hanwha Life Esports|KT Rolster,2025-09-20 06:07:09,1,0.6811537146568298
reduced_2024_2025,3,2025|Rounds 3-5|2025-09-21|Gen.G|T1,2025-09-21 06:08:55,1,0.3326813876628876
reduced_2024_2025,3,2025|Rounds 3-5|2025-09-27|Gen.G|KT Rolster,2025-09-27 05:23:49,1,0.7027409076690674
reduced_2024_2025,3,2025|Rounds 3-5|2025-09-28|Gen.G|Hanwha Life Esports,2025-09-28 05:30:31,1,0.5801727175712585
reduced_2023_2024_2025,1,2025|Rounds 1-2|2025-05-04|KT Rolster|T1,2025-05-04 06:06:00,0,0.2450994998216629
reduced_2023_2024_2025,1,2025|Rounds 1-2|2025-05-04|DN SOOPers|HANJIN BRION,2025-05-04 08:20:59,0,0.3560800552368164
reduced_2023_2024_2025,1,2025|Rounds 1-2|2025-05-07|BNK FEARX|HANJIN BRION,2025-05-07 08:03:23,1,0.2847890853881836
reduced_2023_2024_2025,1,2025|Rounds 1-2|2025-05-07|Dplus Kia|KT Rolster,2025-05-07 11:02:40,0,0.49858754873275757
reduced_2023_2024_2025,1,2025|Rounds 1-2|2025-05-08|Kiwoom DRX|T1,2025-05-08 08:06:11,0,0.4492208957672119
reduced_2023_2024_2025,1,2025|Rounds 1-2|2025-05-08|Gen.G|Nongshim RedForce,2025-05-08 10:16:11,1,0.9289529323577881
reduced_2023_2024_2025,1,2025|Rounds 1-2|2025-05-09|DN SOOPers|KT Rolster,2025-05-09 08:06:29,0,0.4229941964149475
reduced_2023_2024_2025,1,2025|Rounds 1-2|2025-05-09|HANJIN BRION|Hanwha Life Esports,2025-05-09 10:06:12,0,0.09119727462530136
reduced_2023_2024_2025,1,2025|Rounds 1-2|2025-05-10|Dplus Kia|T1,2025-05-10 06:05:23,0,0.053576961159706116
reduced_2023_2024_2025,1,2025|Rounds 1-2|2025-05-10|BNK FEARX|Gen.G,2025-05-10 08:12:35,0,0.15922775864601135
reduced_2023_2024_2025,1,2025|Rounds 1-2|2025-05-11|DN SOOPers|Nongshim RedForce,2025-05-11 06:05:43,1,0.5635424256324768
reduced_2023_2024_2025,1,2025|Rounds 1-2|2025-05-11|Hanwha Life Esports|Kiwoom DRX,2025-05-11 09:23:56,1,0.8781817555427551
reduced_2023_2024_2025,1,2025|Rounds 1-2|2025-05-14|BNK FEARX|Nongshim RedForce,2025-05-14 08:04:35,0,0.6437351107597351
reduced_2023_2024_2025,1,2025|Rounds 1-2|2025-05-14|Dplus Kia|Kiwoom DRX,2025-05-14 10:57:54,1,0.5103965401649475
reduced_2023_2024_2025,1,2025|Rounds 1-2|2025-05-15|Hanwha Life Esports|KT Rolster,2025-05-15 08:06:53,0,0.6228036880493164
reduced_2023_2024_2025,1,2025|Rounds 1-2|2025-05-15|HANJIN BRION|T1,2025-05-15 11:18:14,0,0.09234852343797684
reduced_2023_2024_2025,1,2025|Rounds 1-2|2025-05-16|BNK FEARX|Dplus Kia,2025-05-16 08:07:23,0,0.38701415061950684
reduced_2023_2024_2025,1,2025|Rounds 1-2|2025-05-16|DN SOOPers|Gen.G,2025-05-16 10:15:50,0,0.10355301201343536
reduced_2023_2024_2025,1,2025|Rounds 1-2|2025-05-17|Kiwoom DRX|Nongshim RedForce,2025-05-17 06:06:29,0,0.3428303897380829
reduced_2023_2024_2025,1,2025|Rounds 1-2|2025-05-17|HANJIN BRION|KT Rolster,2025-05-17 09:01:31,0,0.1875271499156952
reduced_2023_2024_2025,1,2025|Rounds 1-2|2025-05-18|DN SOOPers|Hanwha Life Esports,2025-05-18 06:04:32,0,0.20381861925125122
reduced_2023_2024_2025,1,2025|Rounds 1-2|2025-05-18|Gen.G|T1,2025-05-18 08:21:01,1,0.7256761193275452
reduced_2023_2024_2025,1,2025|Rounds 1-2|2025-05-21|Gen.G|Hanwha Life Esports,2025-05-21 08:06:27,1,0.6572621464729309
reduced_2023_2024_2025,1,2025|Rounds 1-2|2025-05-21|DN SOOPers|Kiwoom DRX,2025-05-21 11:23:37,0,0.42247849702835083
reduced_2023_2024_2025,1,2025|Rounds 1-2|2025-05-22|Dplus Kia|HANJIN BRION,2025-05-22 08:07:11,0,0.7730291485786438
reduced_2023_2024_2025,1,2025|Rounds 1-2|2025-05-22|BNK FEARX|T1,2025-05-22 10:12:41,0,0.2950683832168579
reduced_2023_2024_2025,1,2025|Rounds 1-2|2025-05-23|Gen.G|Kiwoom DRX,2025-05-23 08:07:24,1,0.8063036203384399
reduced_2023_2024_2025,1,2025|Rounds 1-2|2025-05-23|KT Rolster|Nongshim RedForce,2025-05-23 10:20:15,1,0.42053765058517456
reduced_2023_2024_2025,1,2025|Rounds 1-2|2025-05-24|Dplus Kia|Hanwha Life Esports,2025-05-24 06:04:59,1,0.5719084739685059
reduced_2023_2024_2025,1,2025|Rounds 1-2|2025-05-24|DN SOOPers|T1,2025-05-24 09:07:30,0,0.19830526411533356
reduced_2023_2024_2025,1,2025|Rounds 1-2|2025-05-25|HANJIN BRION|Nongshim RedForce,2025-05-25 06:04:05,0,0.6398559808731079
reduced_2023_2024_2025,1,2025|Rounds 1-2|2025-05-25|BNK FEARX|KT Rolster,2025-05-25 09:10:27,0,0.24777942895889282
reduced_2023_2024_2025,1,2025|Rounds 1-2|2025-05-28|BNK FEARX|DN SOOPers,2025-05-28 08:03:32,1,0.5187968611717224
reduced_2023_2024_2025,1,2025|Rounds 1-2|2025-05-28|Hanwha Life Esports|T1,2025-05-28 11:13:02,1,0.23679256439208984
reduced_2023_2024_2025,1,2025|Rounds 1-2|2025-05-29|HANJIN BRION|Kiwoom DRX,2025-05-29 08:06:13,0,0.7609862685203552
reduced_2023_2024_2025,1,2025|Rounds 1-2|2025-05-29|Gen.G|KT Rolster,2025-05-29 11:54:37,1,0.7445391416549683
reduced_2023_2024_2025,1,2025|Rounds 1-2|2025-05-30|Nongshim RedForce|T1,2025-05-30 08:06:20,1,0.5080230832099915
reduced_2023_2024_2025,1,2025|Rounds 1-2|2025-05-30|DN SOOPers|Dplus Kia,2025-05-30 10:17:54,0,0.40585455298423767
reduced_2023_2024_2025,1,2025|Rounds 1-2|2025-05-31|KT Rolster|Kiwoom DRX,2025-05-31 06:05:53,1,0.7106806635856628
reduced_2023_2024_2025,1,2025|Rounds 1-2|2025-05-31|Gen.G|HANJIN BRION,2025-05-31 08:16:20,1,0.7941339015960693
reduced_2023_2024_2025,1,2025|Rounds 1-2|2025-06-01|BNK FEARX|Hanwha Life Esports,2025-06-01 06:05:16,0,0.39224714040756226
reduced_2023_2024_2025,1,2025|Rounds 1-2|2025-06-01|Dplus Kia|Nongshim RedForce,2025-06-01 08:07:40,1,0.30133718252182007
reduced_2023_2024_2025,1,2025|Rounds 1-2|2025-06-04|Dplus Kia|KT Rolster,2025-06-04 08:08:19,0,0.5888049602508545
reduced_2023_2024_2025,1,2025|Rounds 1-2|2025-06-07|Dplus Kia|KT Rolster,2025-06-07 06:06:28,0,0.3129718005657196
reduced_2023_2024_2025,1,2025|Rounds 1-2|2025-06-08|KT Rolster|Nongshim RedForce,2025-06-08 06:07:06,1,0.8602427244186401
reduced_2023_2024_2025,2,2025|Rounds 1-2|2025-06-13|Gen.G|Hanwha Life Esports,2025-06-13 08:18:23,1,0.5704832077026367
reduced_2023_2024_2025,2,2025|Rounds 1-2|2025-06-14|KT Rolster|T1,2025-06-14 06:20:04,0,0.9335759878158569
reduced_2023_2024_2025,2,2025|Rounds 1-2|2025-06-15|Hanwha Life Esports|T1,2025-06-15 06:17:37,0,0.21294456720352173
reduced_2023_2024_2025,2,2025|Rounds 3-5|2025-07-23|Dplus Kia|HANJIN BRION,2025-07-23 08:07:58,0,0.4522964358329773
reduced_2023_2024_2025,2,2025|Rounds 3-5|2025-07-23|Gen.G|Hanwha Life Esports,2025-07-23 11:17:36,1,0.7965260744094849
reduced_2023_2024_2025,2,2025|Rounds 3-5|2025-07-24|BNK FEARX|DN SOOPers,2025-07-24 08:05:02,1,0.4135977327823639
reduced_2023_2024_2025,2,2025|Rounds 3-5|2025-07-24|KT Rolster|Nongshim RedForce,2025-07-24 10:11:20,1,0.7496225833892822
reduced_2023_2024_2025,2,2025|Rounds 3-5|2025-07-25|Gen.G|T1,2025-07-25 08:11:59,0,0.4817155599594116
reduced_2023_2024_2025,2,2025|Rounds 3-5|2025-07-25|HANJIN BRION|Kiwoom DRX,2025-07-25 11:15:42,1,0.6375992298126221
reduced_2023_2024_2025,2,2025|Rounds 3-5|2025-07-26|BNK FEARX|Dplus Kia,2025-07-26 06:07:12,0,0.6277393698692322
reduced_2023_2024_2025,2,2025|Rounds 3-5|2025-07-26|Hanwha Life Esports|KT Rolster,2025-07-26 08:31:59,1,0.29561126232147217
reduced_2023_2024_2025,2,2025|Rounds 3-5|2025-07-27|DN SOOPers|Kiwoom DRX,2025-07-27 06:05:40,0,0.5815130472183228
reduced_2023_2024_2025,2,2025|Rounds 3-5|2025-07-27|Nongshim RedForce|T1,2025-07-27 09:29:10,0,0.12029492110013962
reduced_2023_2024_2025,2,2025|Rounds 3-5|2025-07-30|Dplus Kia|Kiwoom DRX,2025-07-30 08:07:21,1,0.64249587059021
reduced_2023_2024_2025,2,2025|Rounds 3-5|2025-07-30|KT Rolster|T1,2025-07-30 11:48:43,0,0.3328663110733032
reduced_2023_2024_2025,2,2025|Rounds 3-5|2025-07-31|BNK FEARX|HANJIN BRION,2025-07-31 08:06:28,1,0.1760433316230774
reduced_2023_2024_2025,2,2025|Rounds 3-5|2025-07-31|Hanwha Life Esports|Nongshim RedForce,2025-07-31 10:31:25,1,0.5734409093856812
reduced_2023_2024_2025,2,2025|Rounds 3-5|2025-08-01|Gen.G|KT Rolster,2025-08-01 08:04:50,1,0.7439267635345459
reduced_2023_2024_2025,2,2025|Rounds 3-5|2025-08-01|DN SOOPers|Dplus Kia,2025-08-01 10:25:35,0,0.29707396030426025
reduced_2023_2024_2025,2,2025|Rounds 3-5|2025-08-02|Hanwha Life Esports|T1,2025-08-02 06:07:06,0,0.5362184643745422
reduced_2023_2024_2025,2,2025|Rounds 3-5|2025-08-02|BNK FEARX|Kiwoom DRX,2025-08-02 08:31:55,0,0.5840803384780884
reduced_2023_2024_2025,2,2025|Rounds 3-5|2025-08-03|DN SOOPers|HANJIN BRION,2025-08-03 06:07:00,0,0.40034446120262146
reduced_2023_2024_2025,2,2025|Rounds 3-5|2025-08-03|Gen.G|Nongshim RedForce,2025-08-03 08:33:38,1,0.7878133058547974
reduced_2023_2024_2025,2,2025|Rounds 3-5|2025-08-06|Hanwha Life Esports|Nongshim RedForce,2025-08-06 08:06:02,1,0.8731240630149841
reduced_2023_2024_2025,2,2025|Rounds 3-5|2025-08-06|BNK FEARX|HANJIN BRION,2025-08-06 10:22:21,1,0.5553115606307983
reduced_2023_2024_2025,2,2025|Rounds 3-5|2025-08-07|DN SOOPers|Kiwoom DRX,2025-08-07 08:06:22,1,0.31249767541885376
reduced_2023_2024_2025,2,2025|Rounds 3-5|2025-08-07|Gen.G|T1,2025-08-07 11:20:03,1,0.3867463171482086
reduced_2023_2024_2025,2,2025|Rounds 3-5|2025-08-08|BNK FEARX|Dplus Kia,2025-08-08 08:08:25,1,0.3928530216217041
reduced_2023_2024_2025,2,2025|Rounds 3-5|2025-08-08|Hanwha Life Esports|KT Rolster,2025-08-08 10:27:25,1,0.7691089510917664
reduced_2023_2024_2025,2,2025|Rounds 3-5|2025-08-09|HANJIN BRION|Kiwoom DRX,2025-08-09 06:11:11,1,0.319537878036499
reduced_2023_2024_2025,2,2025|Rounds 3-5|2025-08-09|Nongshim RedForce|T1,2025-08-09 09:16:24,0,0.2894391119480133
reduced_2023_2024_2025,2,2025|Rounds 3-5|2025-08-10|Gen.G|KT Rolster,2025-08-10 06:06:45,1,0.8772376179695129
reduced_2023_2024_2025,2,2025|Rounds 3-5|2025-08-10|DN SOOPers|Dplus Kia,2025-08-10 08:19:07,0,0.33219975233078003
reduced_2023_2024_2025,2,2025|Rounds 3-5|2025-08-13|KT Rolster|T1,2025-08-13 08:10:10,0,0.283711701631546
reduced_2023_2024_2025,2,2025|Rounds 3-5|2025-08-13|BNK FEARX|DN SOOPers,2025-08-13 10:08:55,1,0.6540789008140564
reduced_2023_2024_2025,2,2025|Rounds 3-5|2025-08-14|Gen.G|Nongshim RedForce,2025-08-14 08:07:37,1,0.8754758834838867
reduced_2023_2024_2025,2,2025|Rounds 3-5|2025-08-14|Dplus Kia|Kiwoom DRX,2025-08-14 10:09:25,1,0.6959291696548462
reduced_2023_2024_2025,2,2025|Rounds 3-5|2025-08-15|DN SOOPers|HANJIN BRION,2025-08-15 08:06:45,1,0.4109313488006592
reduced_2023_2024_2025,2,2025|Rounds 3-5|2025-08-15|Hanwha Life Esports|T1,2025-08-15 11:15:30,0,0.39479386806488037
reduced_2023_2024_2025,2,2025|Rounds 3-5|2025-08-16|KT Rolster|Nongshim RedForce,2025-08-16 06:05:19,1,0.4996849298477173
reduced_2023_2024_2025,2,2025|Rounds 3-5|2025-08-16|BNK FEARX|Kiwoom DRX,2025-08-16 09:05:30,0,0.8117092251777649
reduced_2023_2024_2025,2,2025|Rounds 3-5|2025-08-17|Gen.G|Hanwha Life Esports,2025-08-17 06:07:44,1,0.813892662525177
reduced_2023_2024_2025,2,2025|Rounds 3-5|2025-08-17|Dplus Kia|HANJIN BRION,2025-08-17 09:10:43,0,0.6455545425415039
reduced_2023_2024_2025,2,2025|Rounds 3-5|2025-08-20|DN SOOPers|Kiwoom DRX,2025-08-20 08:06:31,0,0.6960254311561584
reduced_2023_2024_2025,2,2025|Rounds 3-5|2025-08-20|Gen.G|Nongshim RedForce,2025-08-20 10:33:21,1,0.9012484550476074
reduced_2023_2024_2025,3,2025|Rounds 3-5|2025-08-21|Hanwha Life Esports|KT Rolster,2025-08-21 08:05:15,1,0.42068618535995483
reduced_2023_2024_2025,3,2025|Rounds 3-5|2025-08-21|BNK FEARX|HANJIN BRION,2025-08-21 11:27:46,1,0.523317813873291
reduced_2023_2024_2025,3,2025|Rounds 3-5|2025-08-22|Nongshim RedForce|T1,2025-08-22 08:05:01,0,0.11461906135082245
reduced_2023_2024_2025,3,2025|Rounds 3-5|2025-08-22|Dplus Kia|Kiwoom DRX,2025-08-22 10:59:29,1,0.40347975492477417
reduced_2023_2024_2025,3,2025|Rounds 3-5|2025-08-23|Gen.G|Hanwha Life Esports,2025-08-23 06:06:52,1,0.6048897504806519
reduced_2023_2024_2025,3,2025|Rounds 3-5|2025-08-23|DN SOOPers|HANJIN BRION,2025-08-23 09:20:22,1,0.4424850344657898
reduced_2023_2024_2025,3,2025|Rounds 3-5|2025-08-24|BNK FEARX|Dplus Kia,2025-08-24 06:06:54,0,0.6095629930496216
reduced_2023_2024_2025,3,2025|Rounds 3-5|2025-08-24|KT Rolster|T1,2025-08-24 08:27:55,1,0.414190411567688
reduced_2023_2024_2025,3,2025|Rounds 3-5|2025-08-27|Hanwha Life Esports|T1,2025-08-27 08:04:11,0,0.6501710414886475
reduced_2023_2024_2025,3,2025|Rounds 3-5|2025-08-27|BNK FEARX|DN SOOPers,2025-08-27 11:21:15,1,0.503577470779419
reduced_2023_2024_2025,3,2025|Rounds 3-5|2025-08-28|Dplus Kia|HANJIN BRION,2025-08-28 08:08:10,1,0.7795229554176331
reduced_2023_2024_2025,3,2025|Rounds 3-5|2025-08-28|Gen.G|KT Rolster,2025-08-28 10:12:22,1,0.5423076152801514
reduced_2023_2024_2025,3,2025|Rounds 3-5|2025-08-29|BNK FEARX|Kiwoom DRX,2025-08-29 08:07:17,1,0.6085506081581116
reduced_2023_2024_2025,3,2025|Rounds 3-5|2025-08-29|Hanwha Life Esports|Nongshim RedForce,2025-08-29 11:12:12,1,0.5397231578826904
reduced_2023_2024_2025,3,2025|Rounds 3-5|2025-08-30|Gen.G|T1,2025-08-30 06:12:29,1,0.6294311285018921
reduced_2023_2024_2025,3,2025|Rounds 3-5|2025-08-30|DN SOOPers|Dplus Kia,2025-08-30 09:32:44,0,0.2833216190338135
reduced_2023_2024_2025,3,2025|Rounds 3-5|2025-08-31|KT Rolster|Nongshim RedForce,2025-08-31 06:06:31,1,0.6166385412216187
reduced_2023_2024_2025,3,2025|Rounds 3-5|2025-08-31|HANJIN BRION|Kiwoom DRX,2025-08-31 08:29:18,1,0.4793022871017456
reduced_2023_2024_2025,3,2025|Rounds 3-5|2025-09-03|HANJIN BRION|Nongshim RedForce,2025-09-03 08:08:06,0,0.5789607763290405
reduced_2023_2024_2025,3,2025|Rounds 3-5|2025-09-04|BNK FEARX|Dplus Kia,2025-09-04 08:08:41,1,0.576109766960144
reduced_2023_2024_2025,3,2025|Rounds 3-5|2025-09-05|BNK FEARX|Nongshim RedForce,2025-09-05 08:07:35,1,0.578666627407074
reduced_2023_2024_2025,3,2025|Rounds 3-5|2025-09-06|Dplus Kia|HANJIN BRION,2025-09-06 06:09:11,1,0.5035763382911682
reduced_2023_2024_2025,3,2025|Rounds 3-5|2025-09-07|Dplus Kia|Nongshim RedForce,2025-09-07 06:09:43,1,0.618044376373291
reduced_2023_2024_2025,3,2025|Rounds 3-5|2025-09-10|Dplus Kia|T1,2025-09-10 08:11:38,0,0.8051716089248657
reduced_2023_2024_2025,3,2025|Rounds 3-5|2025-09-11|BNK FEARX|KT Rolster,2025-09-11 08:09:47,0,0.5915339589118958
reduced_2023_2024_2025,3,2025|Rounds 3-5|2025-09-13|Gen.G|KT Rolster,2025-09-13 06:11:13,0,0.6383993625640869
reduced_2023_2024_2025,3,2025|Rounds 3-5|2025-09-14|Hanwha Life Esports|T1,2025-09-14 06:11:34,1,0.4357389509677887
reduced_2023_2024_2025,3,2025|Rounds 3-5|2025-09-17|BNK FEARX|Dplus Kia,2025-09-17 08:12:41,0,0.6338406801223755
reduced_2023_2024_2025,3,2025|Rounds 3-5|2025-09-18|Dplus Kia|T1,2025-09-18 08:13:43,0,0.6222926378250122
reduced_2023_2024_2025,3,2025|Rounds 3-5|2025-09-20|Hanwha Life Esports|KT Rolster,2025-09-20 06:07:09,1,0.6963709592819214
reduced_2023_2024_2025,3,2025|Rounds 3-5|2025-09-21|Gen.G|T1,2025-09-21 06:08:55,1,0.31899645924568176
reduced_2023_2024_2025,3,2025|Rounds 3-5|2025-09-27|Gen.G|KT Rolster,2025-09-27 05:23:49,1,0.709398090839386
reduced_2023_2024_2025,3,2025|Rounds 3-5|2025-09-28|Gen.G|Hanwha Life Esports,2025-09-28 05:30:31,1,0.5869946479797363
