candidate,series_key,date,team1,team2,best_of,y,p,set_probability
all13_2025,2026|Cup|2026-01-14|DN SOOPers|KT Rolster,2026-01-14 08:13:43,DN SOOPers,KT Rolster,3,0,0.4990738034248352,0.49938252568244934
all13_2025,2026|Cup|2026-01-14|Dplus Kia|HANJIN BRION,2026-01-14 11:22:18,Dplus Kia,HANJIN BRION,3,1,0.5165107250213623,0.5110089182853699
all13_2025,2026|Cup|2026-01-15|Gen.G|Kiwoom DRX,2026-01-15 08:05:23,Gen.G,Kiwoom DRX,3,1,0.5751776695251465,0.5502880215644836
all13_2025,2026|Cup|2026-01-15|BNK FEARX|Nongshim RedForce,2026-01-15 10:15:24,BNK FEARX,Nongshim RedForce,3,1,0.5003859400749207,0.5002573132514954
all13_2025,2026|Cup|2026-01-16|DN SOOPers|Dplus Kia,2026-01-16 08:05:40,DN SOOPers,Dplus Kia,3,0,0.46770811080932617,0.4784587323665619
all13_2025,2026|Cup|2026-01-16|Hanwha Life Esports|T1,2026-01-16 10:08:16,Hanwha Life Esports,T1,3,0,0.5323849320411682,0.5216034054756165
all13_2025,2026|Cup|2026-01-17|BNK FEARX|HANJIN BRION,2026-01-17 08:05:53,BNK FEARX,HANJIN BRION,3,1,0.5513138771057129,0.5342628359794617
all13_2025,2026|Cup|2026-01-17|Gen.G|KT Rolster,2026-01-17 11:10:45,Gen.G,KT Rolster,3,1,0.559673547744751,0.5398668646812439
all13_2025,2026|Cup|2026-01-18|Hanwha Life Esports|Nongshim RedForce,2026-01-18 08:05:24,Hanwha Life Esports,Nongshim RedForce,3,0,0.5234274864196777,0.5156234502792358
all13_2025,2026|Cup|2026-01-18|Kiwoom DRX|T1,2026-01-18 10:20:18,Kiwoom DRX,T1,3,0,0.4578590393066406,0.4718763828277588
all13_2025,2026|Cup|2026-01-21|Dplus Kia|Nongshim RedForce,2026-01-21 08:05:24,Dplus Kia,Nongshim RedForce,3,1,0.55255126953125,0.5350918173789978
all13_2025,2026|Cup|2026-01-21|DN SOOPers|Kiwoom DRX,2026-01-21 11:14:52,DN SOOPers,Kiwoom DRX,3,1,0.4899226725101471,0.49328139424324036
all13_2025,2026|Cup|2026-01-22|HANJIN BRION|Hanwha Life Esports,2026-01-22 08:05:25,HANJIN BRION,Hanwha Life Esports,3,0,0.49848613142967224,0.4989907443523407
all13_2025,2026|Cup|2026-01-22|BNK FEARX|Gen.G,2026-01-22 11:14:53,BNK FEARX,Gen.G,3,0,0.44233083724975586,0.461477667093277
all13_2025,2026|Cup|2026-01-23|KT Rolster|T1,2026-01-23 08:04:55,KT Rolster,T1,3,0,0.44805485010147095,0.46531423926353455
all13_2025,2026|Cup|2026-01-23|Kiwoom DRX|Nongshim RedForce,2026-01-23 10:33:19,Kiwoom DRX,Nongshim RedForce,3,1,0.4766419529914856,0.4844229221343994
all13_2025,2026|Cup|2026-01-24|DN SOOPers|Hanwha Life Esports,2026-01-24 08:04:56,DN SOOPers,Hanwha Life Esports,3,0,0.48164886236190796,0.48776349425315857
all13_2025,2026|Cup|2026-01-24|Dplus Kia|Gen.G,2026-01-24 11:24:48,Dplus Kia,Gen.G,3,0,0.4534386396408081,0.468919038772583
all13_2025,2026|Cup|2026-01-25|BNK FEARX|T1,2026-01-25 08:05:39,BNK FEARX,T1,3,0,0.4800301194190979,0.48668360710144043
all13_2025,2026|Cup|2026-01-25|HANJIN BRION|KT Rolster,2026-01-25 11:28:02,HANJIN BRION,KT Rolster,3,0,0.5155521631240845,0.510369598865509
all13_2025,2026|Cup|2026-01-28|HANJIN BRION|Kiwoom DRX,2026-01-28 08:04:54,HANJIN BRION,Kiwoom DRX,5,0,0.49633699655532837,0.4980464279651642
all13_2025,2026|Cup|2026-01-29|BNK FEARX|DN SOOPers,2026-01-29 08:07:19,BNK FEARX,DN SOOPers,5,1,0.46096837520599365,0.47915899753570557
all13_2025,2026|Cup|2026-01-30|KT Rolster|Nongshim RedForce,2026-01-30 08:05:48,KT Rolster,Nongshim RedForce,5,0,0.4691619873046875,0.4835411608219147
all13_2025,2026|Cup|2026-01-31|Dplus Kia|T1,2026-01-31 08:17:53,Dplus Kia,T1,5,0,0.4803500473499298,0.4895169734954834
all13_2025,2026|Cup|2026-02-01|Gen.G|Hanwha Life Esports,2026-02-01 08:08:08,Gen.G,Hanwha Life Esports,5,1,0.5614312887191772,0.5328578352928162
all13_2025,2026|Cup|2026-02-06|HANJIN BRION|Kiwoom DRX,2026-02-06 08:05:10,HANJIN BRION,Kiwoom DRX,3,0,0.4857756495475769,0.49051597714424133
all13_2025,2026|Cup|2026-02-06|DN SOOPers|KT Rolster,2026-02-06 10:59:51,DN SOOPers,KT Rolster,3,1,0.48874104022979736,0.49249348044395447
all13_2025,2026|Cup|2026-02-07|Dplus Kia|Kiwoom DRX,2026-02-07 08:07:00,Dplus Kia,Kiwoom DRX,3,1,0.4258382320404053,0.4503960907459259
all13_2025,2026|Cup|2026-02-07|DN SOOPers|Nongshim RedForce,2026-02-07 10:09:22,DN SOOPers,Nongshim RedForce,3,1,0.48657023906707764,0.49104586243629456
all13_2025,2026|Cup|2026-02-08|Kiwoom DRX|Nongshim RedForce,2026-02-08 08:06:06,Kiwoom DRX,Nongshim RedForce,5,1,0.48163461685180664,0.49020257592201233
all13_2025,2026|Cup|2026-02-12|BNK FEARX|DN SOOPers,2026-02-12 08:04:05,BNK FEARX,DN SOOPers,5,1,0.5030170679092407,0.5016090273857117
all13_2025,2026|Cup|2026-02-13|Dplus Kia|Kiwoom DRX,2026-02-13 08:06:47,Dplus Kia,Kiwoom DRX,5,1,0.5215004086494446,0.5114708542823792
all13_2025,2026|Cup|2026-02-14|Dplus Kia|Gen.G,2026-02-14 08:07:25,Dplus Kia,Gen.G,5,0,0.48044830560684204,0.48956942558288574
all13_2025,2026|Cup|2026-02-15|BNK FEARX|T1,2026-02-15 08:05:24,BNK FEARX,T1,5,1,0.5144084692001343,0.5076857209205627
all13_2025,2026|Cup|2026-02-19|DN SOOPers|Kiwoom DRX,2026-02-19 08:06:05,DN SOOPers,Kiwoom DRX,5,1,0.5127987861633301,0.5068268775939941
all13_2025,2026|Cup|2026-02-20|DN SOOPers|Dplus Kia,2026-02-20 08:06:25,DN SOOPers,Dplus Kia,5,0,0.5492452383041382,0.5263126492500305
all13_2025,2026|Cup|2026-02-21|BNK FEARX|Gen.G,2026-02-21 08:08:52,BNK FEARX,Gen.G,5,0,0.49376875162124634,0.49667659401893616
all13_2025,2026|Cup|2026-02-22|Dplus Kia|T1,2026-02-22 08:08:41,Dplus Kia,T1,5,1,0.522528886795044,0.5120200514793396
all13_2025,2026|Cup|2026-02-28|BNK FEARX|Dplus Kia,2026-02-28 08:23:00,BNK FEARX,Dplus Kia,5,1,0.5093469619750977,0.5049853920936584
all13_2025,2026|Cup|2026-03-01|BNK FEARX|Gen.G,2026-03-01 08:22:46,BNK FEARX,Gen.G,5,0,0.49694550037384033,0.498370885848999
all13_2025,2026|Rounds 1-2|2026-04-01|HANJIN BRION|Hanwha Life Esports,2026-04-01 08:11:43,HANJIN BRION,Hanwha Life Esports,3,0,0.48921313881874084,0.4928082525730133
all13_2025,2026|Rounds 1-2|2026-04-01|KT Rolster|T1,2026-04-01 10:23:34,KT Rolster,T1,3,1,0.5037862062454224,0.5025241374969482
all13_2025,2026|Rounds 1-2|2026-04-02|Dplus Kia|Nongshim RedForce,2026-04-02 08:08:29,Dplus Kia,Nongshim RedForce,3,0,0.5050350427627563,0.5033567547798157
all13_2025,2026|Rounds 1-2|2026-04-02|DN SOOPers|Kiwoom DRX,2026-04-02 10:15:16,DN SOOPers,Kiwoom DRX,3,1,0.5157216191291809,0.5104826092720032
all13_2025,2026|Rounds 1-2|2026-04-03|Gen.G|KT Rolster,2026-04-03 08:10:24,Gen.G,KT Rolster,3,0,0.5633481740951538,0.5423332452774048
all13_2025,2026|Rounds 1-2|2026-04-03|BNK FEARX|HANJIN BRION,2026-04-03 11:10:37,BNK FEARX,HANJIN BRION,3,0,0.5117901563644409,0.5078607797622681
all13_2025,2026|Rounds 1-2|2026-04-04|Hanwha Life Esports|T1,2026-04-04 08:08:38,Hanwha Life Esports,T1,3,0,0.5267112255096436,0.5178150534629822
all13_2025,2026|Rounds 1-2|2026-04-04|Dplus Kia|Kiwoom DRX,2026-04-04 10:30:33,Dplus Kia,Kiwoom DRX,3,1,0.49665629863739014,0.49777087569236755
all13_2025,2026|Rounds 1-2|2026-04-05|DN SOOPers|Nongshim RedForce,2026-04-05 08:10:33,DN SOOPers,Nongshim RedForce,3,0,0.4822784662246704,0.48818346858024597
all13_2025,2026|Rounds 1-2|2026-04-05|BNK FEARX|Gen.G,2026-04-05 10:22:53,BNK FEARX,Gen.G,3,0,0.4573666453361511,0.47154700756073
all13_2025,2026|Rounds 1-2|2026-04-08|Dplus Kia|Hanwha Life Esports,2026-04-08 08:06:29,Dplus Kia,Hanwha Life Esports,3,0,0.48108604550361633,0.487388014793396
all13_2025,2026|Rounds 1-2|2026-04-08|Gen.G|T1,2026-04-08 10:19:02,Gen.G,T1,3,1,0.5472650527954102,0.5315518975257874
all13_2025,2026|Rounds 1-2|2026-04-09|HANJIN BRION|Kiwoom DRX,2026-04-09 08:06:21,HANJIN BRION,Kiwoom DRX,3,0,0.5267012119293213,0.5178083777427673
all13_2025,2026|Rounds 1-2|2026-04-09|KT Rolster|Nongshim RedForce,2026-04-09 11:25:00,KT Rolster,Nongshim RedForce,3,1,0.4571884274482727,0.4714278280735016
all13_2025,2026|Rounds 1-2|2026-04-10|DN SOOPers|T1,2026-04-10 08:09:34,DN SOOPers,T1,3,0,0.5189598202705383,0.5126425623893738
all13_2025,2026|Rounds 1-2|2026-04-10|BNK FEARX|Hanwha Life Esports,2026-04-10 10:10:47,BNK FEARX,Hanwha Life Esports,3,0,0.4382733106613159,0.45875534415245056
all13_2025,2026|Rounds 1-2|2026-04-11|Kiwoom DRX|Nongshim RedForce,2026-04-11 08:06:17,Kiwoom DRX,Nongshim RedForce,3,1,0.4574257433414459,0.47158655524253845
all13_2025,2026|Rounds 1-2|2026-04-11|Dplus Kia|Gen.G,2026-04-11 10:14:53,Dplus Kia,Gen.G,3,1,0.4209541082382202,0.44710540771484375
all13_2025,2026|Rounds 1-2|2026-04-12|BNK FEARX|DN SOOPers,2026-04-12 08:05:05,BNK FEARX,DN SOOPers,3,1,0.495120108127594,0.496746689081192
all13_2025,2026|Rounds 1-2|2026-04-12|HANJIN BRION|KT Rolster,2026-04-12 10:09:24,HANJIN BRION,KT Rolster,3,0,0.4899095892906189,0.49327266216278076
all13_2025,2026|Rounds 1-2|2026-04-15|BNK FEARX|Nongshim RedForce,2026-04-15 08:04:27,BNK FEARX,Nongshim RedForce,3,0,0.5438132882118225,0.5292421579360962
all13_2025,2026|Rounds 1-2|2026-04-15|Dplus Kia|KT Rolster,2026-04-15 10:10:22,Dplus Kia,KT Rolster,3,0,0.42545634508132935,0.45013895630836487
all13_2025,2026|Rounds 1-2|2026-04-16|Gen.G|HANJIN BRION,2026-04-16 08:07:45,Gen.G,HANJIN BRION,3,1,0.5518278479576111,0.5346071124076843
all13_2025,2026|Rounds 1-2|2026-04-16|DN SOOPers|Hanwha Life Esports,2026-04-16 10:19:53,DN SOOPers,Hanwha Life Esports,3,0,0.42428073287010193,0.44934722781181335
all13_2025,2026|Rounds 1-2|2026-04-17|BNK FEARX|Kiwoom DRX,2026-04-17 08:09:20,BNK FEARX,Kiwoom DRX,3,1,0.467190682888031,0.47811317443847656
all13_2025,2026|Rounds 1-2|2026-04-17|Dplus Kia|T1,2026-04-17 10:18:08,Dplus Kia,T1,3,1,0.48984652757644653,0.4932306110858917
all13_2025,2026|Rounds 1-2|2026-04-18|Gen.G|Hanwha Life Esports,2026-04-18 08:07:24,Gen.G,Hanwha Life Esports,3,0,0.48084089159965515,0.4872244894504547
all13_2025,2026|Rounds 1-2|2026-04-18|DN SOOPers|KT Rolster,2026-04-18 10:19:42,DN SOOPers,KT Rolster,3,0,0.42310839891433716,0.44855746626853943
all13_2025,2026|Rounds 1-2|2026-04-19|HANJIN BRION|Nongshim RedForce,2026-04-19 08:06:04,HANJIN BRION,Nongshim RedForce,3,0,0.4628719985485077,0.4752277433872223
all13_2025,2026|Rounds 1-2|2026-04-19|Kiwoom DRX|T1,2026-04-19 11:23:50,Kiwoom DRX,T1,3,0,0.48562583327293396,0.4904160499572754
all13_2025,2026|Rounds 1-2|2026-04-22|KT Rolster|Kiwoom DRX,2026-04-22 08:04:37,KT Rolster,Kiwoom DRX,3,1,0.5602891445159912,0.5402798652648926
all13_2025,2026|Rounds 1-2|2026-04-22|Hanwha Life Esports|Nongshim RedForce,2026-04-22 10:16:00,Hanwha Life Esports,Nongshim RedForce,3,1,0.5519660711288452,0.5346997380256653
all13_2025,2026|Rounds 1-2|2026-04-23|Dplus Kia|HANJIN BRION,2026-04-23 08:05:27,Dplus Kia,HANJIN BRION,3,1,0.5125146508216858,0.5083438754081726
all13_2025,2026|Rounds 1-2|2026-04-23|DN SOOPers|Gen.G,2026-04-23 10:15:14,DN SOOPers,Gen.G,3,0,0.46470052003860474,0.4764496088027954
all13_2025,2026|Rounds 1-2|2026-04-24|BNK FEARX|KT Rolster,2026-04-24 08:07:08,BNK FEARX,KT Rolster,3,0,0.44397369027137756,0.46257928013801575
all13_2025,2026|Rounds 1-2|2026-04-24|Hanwha Life Esports|Kiwoom DRX,2026-04-24 10:32:53,Hanwha Life Esports,Kiwoom DRX,3,1,0.572036623954773,0.5481734871864319
all13_2025,2026|Rounds 1-2|2026-04-25|HANJIN BRION|T1,2026-04-25 08:07:29,HANJIN BRION,T1,3,0,0.46718892455101013,0.47811195254325867
all13_2025,2026|Rounds 1-2|2026-04-25|DN SOOPers|Dplus Kia,2026-04-25 10:52:42,DN SOOPers,Dplus Kia,3,0,0.4326504170894623,0.4549785852432251
all13_2025,2026|Rounds 1-2|2026-04-26|BNK FEARX|T1,2026-04-26 08:06:17,BNK FEARX,T1,3,0,0.46997153759002686,0.4799703359603882
all13_2025,2026|Rounds 1-2|2026-04-26|Gen.G|Nongshim RedForce,2026-04-26 10:15:14,Gen.G,Nongshim RedForce,3,1,0.5123234987258911,0.5082164406776428
all13_2025,2026|Rounds 1-2|2026-04-29|Nongshim RedForce|T1,2026-04-29 08:05:12,Nongshim RedForce,T1,3,0,0.44772404432296753,0.46509262919425964
all13_2025,2026|Rounds 1-2|2026-04-29|Hanwha Life Esports|KT Rolster,2026-04-29 10:15:19,Hanwha Life Esports,KT Rolster,3,1,0.4551352262496948,0.47005435824394226
all13_2025,2026|Rounds 1-2|2026-04-30|Gen.G|Kiwoom DRX,2026-04-30 08:06:44,Gen.G,Kiwoom DRX,3,1,0.5833930373191833,0.5558273792266846
all13_2025,2026|Rounds 1-2|2026-04-30|BNK FEARX|Dplus Kia,2026-04-30 11:13:48,BNK FEARX,Dplus Kia,3,0,0.4251965880393982,0.4499640464782715
all13_2025,2026|Rounds 1-2|2026-05-01|DN SOOPers|HANJIN BRION,2026-05-01 08:06:11,DN SOOPers,HANJIN BRION,3,0,0.49218788743019104,0.49479174613952637
all13_2025,2026|Rounds 1-2|2026-05-01|Hanwha Life Esports|T1,2026-05-01 10:22:34,Hanwha Life Esports,T1,3,1,0.4846104383468628,0.4897388219833374
all13_2025,2026|Rounds 1-2|2026-05-02|Dplus Kia|Gen.G,2026-05-02 08:06:29,Dplus Kia,Gen.G,3,0,0.4986465573310852,0.49909770488739014
all13_2025,2026|Rounds 1-2|2026-05-02|Kiwoom DRX|Nongshim RedForce,2026-05-02 11:03:54,Kiwoom DRX,Nongshim RedForce,3,1,0.5040181875228882,0.5026788115501404
all13_2025,2026|Rounds 1-2|2026-05-03|HANJIN BRION|KT Rolster,2026-05-03 08:05:43,HANJIN BRION,KT Rolster,3,1,0.4739488363265991,0.4826255738735199
all13_2025,2026|Rounds 1-2|2026-05-03|BNK FEARX|DN SOOPers,2026-05-03 10:24:27,BNK FEARX,DN SOOPers,3,1,0.501274585723877,0.500849723815918
all13_2025,2026|Rounds 1-2|2026-05-06|Gen.G|Nongshim RedForce,2026-05-06 08:06:15,Gen.G,Nongshim RedForce,3,1,0.5542855858802795,0.5362539291381836
all13_2025,2026|Rounds 1-2|2026-05-06|DN SOOPers|Hanwha Life Esports,2026-05-06 10:34:43,DN SOOPers,Hanwha Life Esports,3,0,0.4166162610054016,0.44417890906333923
all13_2025,2026|Rounds 1-2|2026-05-07|Dplus Kia|KT Rolster,2026-05-07 08:07:34,Dplus Kia,KT Rolster,3,0,0.4991794228553772,0.49945294857025146
all13_2025,2026|Rounds 1-2|2026-05-07|BNK FEARX|HANJIN BRION,2026-05-07 10:30:17,BNK FEARX,HANJIN BRION,3,0,0.45580780506134033,0.4705043137073517
all13_2025,2026|Rounds 1-2|2026-05-08|DN SOOPers|T1,2026-05-08 08:05:48,DN SOOPers,T1,3,0,0.44499051570892334,0.4632608890533447
all13_2025,2026|Rounds 1-2|2026-05-08|Gen.G|Kiwoom DRX,2026-05-08 10:40:52,Gen.G,Kiwoom DRX,3,1,0.5095900893211365,0.5063937306404114
all13_2025,2026|Rounds 1-2|2026-05-09|BNK FEARX|KT Rolster,2026-05-09 08:06:41,BNK FEARX,KT Rolster,3,1,0.4973776340484619,0.4982517659664154
all13_2025,2026|Rounds 1-2|2026-05-09|HANJIN BRION|Nongshim RedForce,2026-05-09 10:15:45,HANJIN BRION,Nongshim RedForce,3,1,0.564428448677063,0.5430586934089661
all13_2025,2026|Rounds 1-2|2026-05-10|Dplus Kia|T1,2026-05-10 08:09:29,Dplus Kia,T1,3,0,0.45852339267730713,0.47232067584991455
all13_2025,2026|Rounds 1-2|2026-05-10|Hanwha Life Esports|Kiwoom DRX,2026-05-10 10:31:52,Hanwha Life Esports,Kiwoom DRX,3,1,0.5342915654182434,0.5228769779205322
all13_2025,2026|Rounds 1-2|2026-05-13|Nongshim RedForce|T1,2026-05-13 08:06:21,Nongshim RedForce,T1,3,0,0.44926559925079346,0.4661252498626709
all13_2025,2026|Rounds 1-2|2026-05-13|DN SOOPers|Dplus Kia,2026-05-13 10:12:11,DN SOOPers,Dplus Kia,3,0,0.4923032820224762,0.494868665933609
all13_2025,2026|Rounds 1-2|2026-05-14|BNK FEARX|Gen.G,2026-05-14 08:07:03,BNK FEARX,Gen.G,3,0,0.4477691352367401,0.46512284874916077
all13_2025,2026|Rounds 1-2|2026-05-14|KT Rolster|Kiwoom DRX,2026-05-14 10:15:56,KT Rolster,Kiwoom DRX,3,1,0.5046877861022949,0.5031251907348633
all13_2025,2026|Rounds 1-2|2026-05-15|Dplus Kia|Hanwha Life Esports,2026-05-15 08:07:51,Dplus Kia,Hanwha Life Esports,3,0,0.46339619159698486,0.47557803988456726
all13_2025,2026|Rounds 1-2|2026-05-15|DN SOOPers|HANJIN BRION,2026-05-15 10:22:39,DN SOOPers,HANJIN BRION,3,0,0.4251749813556671,0.4499495029449463
all13_2025,2026|Rounds 1-2|2026-05-16|Gen.G|T1,2026-05-16 08:05:55,Gen.G,T1,3,0,0.5152164101600647,0.5101456642150879
all13_2025,2026|Rounds 1-2|2026-05-16|BNK FEARX|Nongshim RedForce,2026-05-16 11:30:05,BNK FEARX,Nongshim RedForce,3,1,0.5323028564453125,0.5215485692024231
all13_2025,2026|Rounds 1-2|2026-05-17|Hanwha Life Esports|KT Rolster,2026-05-17 08:05:58,Hanwha Life Esports,KT Rolster,3,0,0.5530701875686646,0.5354394316673279
all13_2025,2026|Rounds 1-2|2026-05-17|HANJIN BRION|Kiwoom DRX,2026-05-17 11:06:33,HANJIN BRION,Kiwoom DRX,3,0,0.5776357650756836,0.5519440770149231
all13_2025,2026|Rounds 1-2|2026-05-20|Kiwoom DRX|T1,2026-05-20 08:05:29,Kiwoom DRX,T1,3,0,0.47776809334754944,0.48517441749572754
all13_2025,2026|Rounds 1-2|2026-05-20|KT Rolster|Nongshim RedForce,2026-05-20 11:01:11,KT Rolster,Nongshim RedForce,3,1,0.5240657329559326,0.516049325466156
all13_2025,2026|Rounds 1-2|2026-05-21|BNK FEARX|Hanwha Life Esports,2026-05-21 08:06:57,BNK FEARX,Hanwha Life Esports,3,0,0.4944237470626831,0.4962824285030365
all13_2025,2026|Rounds 1-2|2026-05-21|Dplus Kia|HANJIN BRION,2026-05-21 10:22:05,Dplus Kia,HANJIN BRION,3,1,0.4739798307418823,0.48264622688293457
all13_2025,2026|Rounds 1-2|2026-05-22|DN SOOPers|Kiwoom DRX,2026-05-22 08:06:39,DN SOOPers,Kiwoom DRX,3,0,0.4480527639389038,0.4653128683567047
all13_2025,2026|Rounds 1-2|2026-05-22|Gen.G|KT Rolster,2026-05-22 10:20:35,Gen.G,KT Rolster,3,1,0.5288510918617249,0.5192435383796692
all13_2025,2026|Rounds 1-2|2026-05-23|BNK FEARX|Dplus Kia,2026-05-23 08:06:07,BNK FEARX,Dplus Kia,3,0,0.5116405487060547,0.5077610015869141
all13_2025,2026|Rounds 1-2|2026-05-23|Hanwha Life Esports|Nongshim RedForce,2026-05-23 11:15:14,Hanwha Life Esports,Nongshim RedForce,3,1,0.5336645841598511,0.5224581360816956
all13_2025,2026|Rounds 1-2|2026-05-24|DN SOOPers|Gen.G,2026-05-24 08:06:42,DN SOOPers,Gen.G,3,0,0.4473966062068939,0.4648732841014862
all13_2025,2026|Rounds 1-2|2026-05-24|HANJIN BRION|T1,2026-05-24 10:10:10,HANJIN BRION,T1,3,0,0.44139403104782104,0.4608493149280548
all13_2025,2026|Rounds 1-2|2026-05-27|Gen.G|Hanwha Life Esports,2026-05-27 08:06:37,Gen.G,Hanwha Life Esports,3,1,0.49248361587524414,0.49498891830444336
all13_2025,2026|Rounds 1-2|2026-05-27|BNK FEARX|Kiwoom DRX,2026-05-27 11:17:26,BNK FEARX,Kiwoom DRX,3,1,0.4458545744419098,0.4638400077819824
all13_2025,2026|Rounds 1-2|2026-05-28|DN SOOPers|Nongshim RedForce,2026-05-28 08:03:36,DN SOOPers,Nongshim RedForce,3,0,0.4748300015926361,0.4832136929035187
all13_2025,2026|Rounds 1-2|2026-05-28|KT Rolster|T1,2026-05-28 11:03:41,KT Rolster,T1,3,0,0.45703986287117004,0.4713284969329834
all13_2025,2026|Rounds 1-2|2026-05-29|Dplus Kia|Kiwoom DRX,2026-05-29 08:09:08,Dplus Kia,Kiwoom DRX,3,1,0.45837563276290894,0.47222185134887695
all13_2025,2026|Rounds 1-2|2026-05-29|Gen.G|HANJIN BRION,2026-05-29 11:07:01,Gen.G,HANJIN BRION,3,1,0.5897221565246582,0.5601043105125427
all13_2025,2026|Rounds 1-2|2026-05-30|DN SOOPers|KT Rolster,2026-05-30 08:05:58,DN SOOPers,KT Rolster,3,0,0.49462300539016724,0.49641528725624084
all13_2025,2026|Rounds 1-2|2026-05-30|BNK FEARX|T1,2026-05-30 10:20:58,BNK FEARX,T1,3,0,0.4647960662841797,0.47651341557502747
all13_2025,2026|Rounds 1-2|2026-05-31|HANJIN BRION|Hanwha Life Esports,2026-05-31 08:06:48,HANJIN BRION,Hanwha Life Esports,3,0,0.4449973702430725,0.46326544880867004
all13_2025,2026|Rounds 1-2|2026-05-31|Dplus Kia|Nongshim RedForce,2026-05-31 10:17:32,Dplus Kia,Nongshim RedForce,3,1,0.503075122833252,0.5020501017570496
all13_2025,2026|Rounds 1-2|2026-06-06|Dplus Kia|HANJIN BRION,2026-06-06 08:12:31,Dplus Kia,HANJIN BRION,5,1,0.6009925603866577,0.5542879104614258
all13_2025,2026|Rounds 1-2|2026-06-07|Dplus Kia|KT Rolster,2026-06-07 08:09:33,Dplus Kia,KT Rolster,5,0,0.6089869141578674,0.558662474155426
all13_2025,2026|Rounds 1-2|2026-06-12|Hanwha Life Esports|T1,2026-06-12 08:25:00,Hanwha Life Esports,T1,5,1,0.45585793256759644,0.47642266750335693
all13_2025,2026|Rounds 1-2|2026-06-13|Gen.G|KT Rolster,2026-06-13 06:22:36,Gen.G,KT Rolster,5,1,0.584936261177063,0.5455507636070251
all13_2025,2026|Rounds 1-2|2026-06-14|Gen.G|T1,2026-06-14 06:27:21,Gen.G,T1,5,0,0.5574908256530762,0.5307391285896301
all13_2025,2026|Rounds 3-4|2026-07-29|Kiwoom DRX|Nongshim RedForce,2026-07-29 08:05:41,Kiwoom DRX,Nongshim RedForce,3,0,0.512108564376831,0.5080730319023132
all13_2025,2026|Rounds 3-4|2026-07-29|KT Rolster|T1,2026-07-29 10:14:12,KT Rolster,T1,3,1,0.48662689328193665,0.49108365178108215
all13_2025,2026|Rounds 3-4|2026-07-30|BNK FEARX|DN SOOPers,2026-07-30 08:07:12,BNK FEARX,DN SOOPers,3,1,0.5138320922851562,0.5092224478721619
all13_2025,2026|Rounds 3-4|2026-07-30|Dplus Kia|Hanwha Life Esports,2026-07-30 10:17:39,Dplus Kia,Hanwha Life Esports,3,1,0.4639299213886261,0.4759347140789032
all13_2025,2026|Rounds 3-4|2026-07-31|Gen.G|T1,2026-07-31 08:15:35,Gen.G,T1,3,0,0.5164437294006348,0.5109642148017883
all13_2025,2026|Rounds 3-4|2026-07-31|HANJIN BRION|Kiwoom DRX,2026-07-31 10:28:31,HANJIN BRION,Kiwoom DRX,3,0,0.48676711320877075,0.49117717146873474
all13_2025,2026|Rounds 3-4|2026-08-01|BNK FEARX|Nongshim RedForce,2026-08-01 08:05:28,BNK FEARX,Nongshim RedForce,3,0,0.4985954165458679,0.4990635812282562
all13_2025,2026|Rounds 3-4|2026-08-02|DN SOOPers|HANJIN BRION,2026-08-02 08:07:10,DN SOOPers,HANJIN BRION,3,1,0.5020882487297058,0.5013921856880188
all13_2025,2026|Rounds 3-4|2026-08-02|Hanwha Life Esports|KT Rolster,2026-08-02 11:27:57,Hanwha Life Esports,KT Rolster,3,0,0.5235936641693115,0.5157342553138733
all13_2025,2026|Rounds 3-4|2026-08-05|HANJIN BRION|Nongshim RedForce,2026-08-05 08:04:53,HANJIN BRION,Nongshim RedForce,3,1,0.4216999411582947,0.44760820269584656
all13_2025,2026|Rounds 3-4|2026-08-05|Gen.G|Hanwha Life Esports,2026-08-05 11:19:04,Gen.G,Hanwha Life Esports,3,1,0.4700269103050232,0.4800072908401489
all13_2025,2026|Rounds 3-4|2026-08-06|DN SOOPers|Kiwoom DRX,2026-08-06 08:07:39,DN SOOPers,Kiwoom DRX,3,0,0.4952786862850189,0.49685239791870117
all13_2025,2026|Rounds 3-4|2026-08-06|Dplus Kia|T1,2026-08-06 10:15:34,Dplus Kia,T1,3,0,0.48761826753616333,0.4917447566986084
all13_2025,2026|Rounds 3-4|2026-08-07|Gen.G|KT Rolster,2026-08-07 08:07:40,Gen.G,KT Rolster,3,1,0.468227744102478,0.478805810213089
all13_2025,2026|Rounds 3-4|2026-08-07|BNK FEARX|HANJIN BRION,2026-08-07 10:11:30,BNK FEARX,HANJIN BRION,3,0,0.5097776651382446,0.5065187811851501
all13_2025,2026|Rounds 3-4|2026-08-08|Hanwha Life Esports|T1,2026-08-08 08:08:11,Hanwha Life Esports,T1,3,1,0.48099517822265625,0.4873274266719818
all13_2025,2026|Rounds 3-4|2026-08-08|DN SOOPers|Nongshim RedForce,2026-08-08 11:16:34,DN SOOPers,Nongshim RedForce,3,1,0.48553165793418884,0.4903532564640045
all13_2025,2026|Rounds 3-4|2026-08-09|Dplus Kia|KT Rolster,2026-08-09 08:07:07,Dplus Kia,KT Rolster,3,1,0.4851277470588684,0.49008384346961975
all13_2025,2026|Rounds 3-4|2026-08-09|BNK FEARX|Kiwoom DRX,2026-08-09 11:01:09,BNK FEARX,Kiwoom DRX,3,1,0.4340741038322449,0.4559353291988373
all13_2025,2026|Rounds 3-4|2026-08-12|DN SOOPers|Nongshim RedForce,2026-08-12 08:07:18,DN SOOPers,Nongshim RedForce,3,1,0.49992942810058594,0.49995294213294983
all13_2025,2026|Rounds 3-4|2026-08-12|Dplus Kia|KT Rolster,2026-08-12 11:02:08,Dplus Kia,KT Rolster,3,1,0.513157844543457,0.5087728500366211
all13_2025,2026|Rounds 3-4|2026-08-13|BNK FEARX|Kiwoom DRX,2026-08-13 08:06:50,BNK FEARX,Kiwoom DRX,3,1,0.4674919843673706,0.4783143997192383
all13_2025,2026|Rounds 3-4|2026-08-13|Gen.G|Hanwha Life Esports,2026-08-13 11:04:48,Gen.G,Hanwha Life Esports,3,1,0.5439754724502563,0.5293506979942322
all13_2025,2026|Rounds 3-4|2026-08-14|Dplus Kia|T1,2026-08-14 08:08:00,Dplus Kia,T1,3,1,0.5255898237228394,0.517066478729248
all13_2025,2026|Rounds 3-4|2026-08-14|HANJIN BRION|Nongshim RedForce,2026-08-14 11:28:48,HANJIN BRION,Nongshim RedForce,3,0,0.5284134149551392,0.5189513564109802
all13_2025,2026|Rounds 3-4|2026-08-15|Hanwha Life Esports|KT Rolster,2026-08-15 08:08:03,Hanwha Life Esports,KT Rolster,3,1,0.5283775329589844,0.5189273357391357
all13_2025,2026|Rounds 3-4|2026-08-15|BNK FEARX|DN SOOPers,2026-08-15 11:08:43,BNK FEARX,DN SOOPers,3,0,0.5257267355918884,0.5171579122543335
all13_2025,2026|Rounds 3-4|2026-08-16|Gen.G|T1,2026-08-16 08:07:26,Gen.G,T1,3,1,0.5787827372550964,0.5527172088623047
all13_2025,2026|Rounds 3-4|2026-08-16|HANJIN BRION|Kiwoom DRX,2026-08-16 10:44:01,HANJIN BRION,Kiwoom DRX,3,1,0.5310071110725403,0.520683228969574
all13_2025,2026|Rounds 3-4|2026-08-19|Gen.G|KT Rolster,2026-08-19 08:05:49,Gen.G,KT Rolster,3,1,0.5863497257232666,0.5578242540359497
all13_2025,2026|Rounds 3-4|2026-08-19|DN SOOPers|HANJIN BRION,2026-08-19 11:22:14,DN SOOPers,HANJIN BRION,3,0,0.5421299934387207,0.5281162858009338
all13_2025,2026|Rounds 3-4|2026-08-20|Dplus Kia|Hanwha Life Esports,2026-08-20 08:07:41,Dplus Kia,Hanwha Life Esports,3,0,0.5163048505783081,0.5108715891838074
all13_2025,2026|Rounds 3-4|2026-08-20|Kiwoom DRX|Nongshim RedForce,2026-08-20 10:33:18,Kiwoom DRX,Nongshim RedForce,3,0,0.43419092893600464,0.4560137987136841
all13_2025,2026|Rounds 3-4|2026-08-21|BNK FEARX|HANJIN BRION,2026-08-21 08:07:26,BNK FEARX,HANJIN BRION,3,1,0.4617955684661865,0.47450828552246094
all13_2025,2026|Rounds 3-4|2026-08-21|KT Rolster|T1,2026-08-21 11:24:11,KT Rolster,T1,3,0,0.4996565282344818,0.49977102875709534
all13_2025,2026|Rounds 3-4|2026-08-22|Dplus Kia|Gen.G,2026-08-22 08:08:17,Dplus Kia,Gen.G,3,1,0.47047296166419983,0.48030510544776917
all13_2025,2026|Rounds 3-4|2026-08-22|DN SOOPers|Kiwoom DRX,2026-08-22 11:31:02,DN SOOPers,Kiwoom DRX,3,1,0.5262531042098999,0.5175092220306396
all13_2025,2026|Rounds 3-4|2026-08-23|Hanwha Life Esports|T1,2026-08-23 08:07:42,Hanwha Life Esports,T1,3,1,0.5455304384231567,0.5303910374641418
all13_2025,2026|Rounds 3-4|2026-08-23|BNK FEARX|Nongshim RedForce,2026-08-23 10:20:23,BNK FEARX,Nongshim RedForce,3,0,0.4687921404838562,0.47918272018432617
all13_2025,2026|Rounds 3-4|2026-08-26|HANJIN BRION|KT Rolster,2026-08-26 08:08:21,HANJIN BRION,KT Rolster,5,0,0.5153520107269287,0.5081892013549805
all13_2025,2026|Rounds 3-4|2026-08-27|BNK FEARX|Nongshim RedForce,2026-08-27 08:07:15,BNK FEARX,Nongshim RedForce,5,1,0.45595476031303406,0.47647449374198914
all13_2025,2026|Rounds 3-4|2026-08-28|BNK FEARX|HANJIN BRION,2026-08-28 08:06:46,BNK FEARX,HANJIN BRION,5,1,0.5371271967887878,0.5198219418525696
all13_2025,2026|Rounds 3-4|2026-08-29|BNK FEARX|T1,2026-08-29 08:07:39,BNK FEARX,T1,5,0,0.535122811794281,0.5187497735023499
all13_2025,2026|Rounds 3-4|2026-08-30|Dplus Kia|KT Rolster,2026-08-30 08:10:04,Dplus Kia,KT Rolster,5,0,0.4845486581325531,0.4917577803134918
all13_2025,2026|Rounds 3-4|2026-09-01|Gen.G|KT Rolster,2026-09-01 08:11:13,Gen.G,KT Rolster,5,1,0.45920395851135254,0.4782145321369171
all13_2025,2026|Rounds 3-4|2026-09-02|Hanwha Life Esports|T1,2026-09-02 08:11:08,Hanwha Life Esports,T1,5,1,0.5673723816871643,0.5360567569732666
all13_2025,2026|Rounds 3-4|2026-09-03|BNK FEARX|Dplus Kia,2026-09-03 08:07:55,BNK FEARX,Dplus Kia,5,0,0.46713986992836,0.48246026039123535
all13_2025,2026|Rounds 3-4|2026-09-04|Dplus Kia|KT Rolster,2026-09-04 08:07:52,Dplus Kia,KT Rolster,5,1,0.5337107181549072,0.5179945230484009
all13_2025,2026|Rounds 3-4|2026-09-05|Gen.G|Hanwha Life Esports,2026-09-05 08:08:15,Gen.G,Hanwha Life Esports,5,1,0.48791196942329407,0.4935523569583893
all13_2025,2026|Rounds 3-4|2026-09-06|Dplus Kia|T1,2026-09-06 08:09:36,Dplus Kia,T1,5,0,0.5675222277641296,0.5361375212669373
all13_2025,2026|Rounds 3-4|2026-09-12|Hanwha Life Esports|T1,2026-09-12 05:21:16,Hanwha Life Esports,T1,5,1,0.4841686487197876,0.49155500531196594
all13_2024_2025,2026|Cup|2026-01-14|DN SOOPers|KT Rolster,2026-01-14 08:13:43,DN SOOPers,KT Rolster,3,0,0.49981996417045593,0.49987998604774475
all13_2024_2025,2026|Cup|2026-01-14|Dplus Kia|HANJIN BRION,2026-01-14 11:22:18,Dplus Kia,HANJIN BRION,3,1,0.5083575248718262,0.5055719017982483
all13_2024_2025,2026|Cup|2026-01-15|Gen.G|Kiwoom DRX,2026-01-15 08:05:23,Gen.G,Kiwoom DRX,3,1,0.5646149516105652,0.5431840419769287
all13_2024_2025,2026|Cup|2026-01-15|BNK FEARX|Nongshim RedForce,2026-01-15 10:15:24,BNK FEARX,Nongshim RedForce,3,1,0.49685609340667725,0.49790406227111816
all13_2024_2025,2026|Cup|2026-01-16|DN SOOPers|Dplus Kia,2026-01-16 08:05:40,DN SOOPers,Dplus Kia,3,0,0.4807981848716736,0.4871959984302521
all13_2024_2025,2026|Cup|2026-01-16|Hanwha Life Esports|T1,2026-01-16 10:08:16,Hanwha Life Esports,T1,3,0,0.5253450274467468,0.5169031023979187
all13_2024_2025,2026|Cup|2026-01-17|BNK FEARX|HANJIN BRION,2026-01-17 08:05:53,BNK FEARX,HANJIN BRION,3,1,0.5454905033111572,0.5303643345832825
all13_2024_2025,2026|Cup|2026-01-17|Gen.G|KT Rolster,2026-01-17 11:10:45,Gen.G,KT Rolster,3,1,0.5501782894134521,0.5335023403167725
all13_2024_2025,2026|Cup|2026-01-18|Hanwha Life Esports|Nongshim RedForce,2026-01-18 08:05:24,Hanwha Life Esports,Nongshim RedForce,3,0,0.5135927200317383,0.5090628266334534
all13_2024_2025,2026|Cup|2026-01-18|Kiwoom DRX|T1,2026-01-18 10:20:18,Kiwoom DRX,T1,3,0,0.46650636196136475,0.4776560366153717
all13_2024_2025,2026|Cup|2026-01-21|Dplus Kia|Nongshim RedForce,2026-01-21 08:05:24,Dplus Kia,Nongshim RedForce,3,1,0.5415894985198975,0.5277548432350159
all13_2024_2025,2026|Cup|2026-01-21|DN SOOPers|Kiwoom DRX,2026-01-21 11:14:52,DN SOOPers,Kiwoom DRX,3,1,0.4971488416194916,0.4980992078781128
all13_2024_2025,2026|Cup|2026-01-22|HANJIN BRION|Hanwha Life Esports,2026-01-22 08:05:25,HANJIN BRION,Hanwha Life Esports,3,0,0.5027204751968384,0.5018137097358704
all13_2024_2025,2026|Cup|2026-01-22|BNK FEARX|Gen.G,2026-01-22 11:14:53,BNK FEARX,Gen.G,3,0,0.45004111528396606,0.46664461493492126
all13_2024_2025,2026|Cup|2026-01-23|KT Rolster|T1,2026-01-23 08:04:55,KT Rolster,T1,3,0,0.452167809009552,0.4680684506893158
all13_2024_2025,2026|Cup|2026-01-23|Kiwoom DRX|Nongshim RedForce,2026-01-23 10:33:19,Kiwoom DRX,Nongshim RedForce,3,1,0.4883756935596466,0.49224984645843506
all13_2024_2025,2026|Cup|2026-01-24|DN SOOPers|Hanwha Life Esports,2026-01-24 08:04:56,DN SOOPers,Hanwha Life Esports,3,0,0.4834039807319641,0.48893415927886963
all13_2024_2025,2026|Cup|2026-01-24|Dplus Kia|Gen.G,2026-01-24 11:24:48,Dplus Kia,Gen.G,3,0,0.4549914598464966,0.46995818614959717
all13_2024_2025,2026|Cup|2026-01-25|BNK FEARX|T1,2026-01-25 08:05:39,BNK FEARX,T1,3,0,0.48984748125076294,0.4932312071323395
all13_2024_2025,2026|Cup|2026-01-25|HANJIN BRION|KT Rolster,2026-01-25 11:28:02,HANJIN BRION,KT Rolster,3,0,0.513811469078064,0.5092086791992188
all13_2024_2025,2026|Cup|2026-01-28|HANJIN BRION|Kiwoom DRX,2026-01-28 08:04:54,HANJIN BRION,Kiwoom DRX,5,0,0.49876922369003296,0.49934354424476624
all13_2024_2025,2026|Cup|2026-01-29|BNK FEARX|DN SOOPers,2026-01-29 08:07:19,BNK FEARX,DN SOOPers,5,1,0.4690225124359131,0.48346665501594543
all13_2024_2025,2026|Cup|2026-01-30|KT Rolster|Nongshim RedForce,2026-01-30 08:05:48,KT Rolster,Nongshim RedForce,5,0,0.48354947566986084,0.4912245571613312
all13_2024_2025,2026|Cup|2026-01-31|Dplus Kia|T1,2026-01-31 08:17:53,Dplus Kia,T1,5,0,0.48547685146331787,0.4922530949115753
all13_2024_2025,2026|Cup|2026-02-01|Gen.G|Hanwha Life Esports,2026-02-01 08:08:08,Gen.G,Hanwha Life Esports,5,1,0.5550936460494995,0.529451310634613
all13_2024_2025,2026|Cup|2026-02-06|HANJIN BRION|Kiwoom DRX,2026-02-06 08:05:10,HANJIN BRION,Kiwoom DRX,3,0,0.48295554518699646,0.4886350929737091
all13_2024_2025,2026|Cup|2026-02-06|DN SOOPers|KT Rolster,2026-02-06 10:59:51,DN SOOPers,KT Rolster,3,1,0.49180328845977783,0.49453529715538025
all13_2024_2025,2026|Cup|2026-02-07|Dplus Kia|Kiwoom DRX,2026-02-07 08:07:00,Dplus Kia,Kiwoom DRX,3,1,0.43122416734695435,0.45401981472969055
all13_2024_2025,2026|Cup|2026-02-07|DN SOOPers|Nongshim RedForce,2026-02-07 10:09:22,DN SOOPers,Nongshim RedForce,3,1,0.500679075717926,0.5004526972770691
all13_2024_2025,2026|Cup|2026-02-08|Kiwoom DRX|Nongshim RedForce,2026-02-08 08:06:06,Kiwoom DRX,Nongshim RedForce,5,1,0.46824535727500916,0.48305121064186096
all13_2024_2025,2026|Cup|2026-02-12|BNK FEARX|DN SOOPers,2026-02-12 08:04:05,BNK FEARX,DN SOOPers,5,1,0.499331533908844,0.4996434450149536
all13_2024_2025,2026|Cup|2026-02-13|Dplus Kia|Kiwoom DRX,2026-02-13 08:06:47,Dplus Kia,Kiwoom DRX,5,1,0.5218030214309692,0.51163250207901
all13_2024_2025,2026|Cup|2026-02-14|Dplus Kia|Gen.G,2026-02-14 08:07:25,Dplus Kia,Gen.G,5,0,0.4713496267795563,0.48471030592918396
all13_2024_2025,2026|Cup|2026-02-15|BNK FEARX|T1,2026-02-15 08:05:24,BNK FEARX,T1,5,1,0.5117267370223999,0.5062548518180847
all13_2024_2025,2026|Cup|2026-02-19|DN SOOPers|Kiwoom DRX,2026-02-19 08:06:05,DN SOOPers,Kiwoom DRX,5,1,0.5150793790817261,0.5080437064170837
all13_2024_2025,2026|Cup|2026-02-20|DN SOOPers|Dplus Kia,2026-02-20 08:06:25,DN SOOPers,Dplus Kia,5,0,0.5468168258666992,0.5250106453895569
all13_2024_2025,2026|Cup|2026-02-21|BNK FEARX|Gen.G,2026-02-21 08:08:52,BNK FEARX,Gen.G,5,0,0.5020456314086914,0.5010910034179688
all13_2024_2025,2026|Cup|2026-02-22|Dplus Kia|T1,2026-02-22 08:08:41,Dplus Kia,T1,5,1,0.5157372951507568,0.5083947777748108
all13_2024_2025,2026|Cup|2026-02-28|BNK FEARX|Dplus Kia,2026-02-28 08:23:00,BNK FEARX,Dplus Kia,5,1,0.5081204771995544,0.5043311715126038
all13_2024_2025,2026|Cup|2026-03-01|BNK FEARX|Gen.G,2026-03-01 08:22:46,BNK FEARX,Gen.G,5,0,0.5032491087913513,0.5017328858375549
all13_2024_2025,2026|Rounds 1-2|2026-04-01|HANJIN BRION|Hanwha Life Esports,2026-04-01 08:11:43,HANJIN BRION,Hanwha Life Esports,3,0,0.49030953645706177,0.49353933334350586
all13_2024_2025,2026|Rounds 1-2|2026-04-01|KT Rolster|T1,2026-04-01 10:23:34,KT Rolster,T1,3,1,0.5041630268096924,0.5027754306793213
all13_2024_2025,2026|Rounds 1-2|2026-04-02|Dplus Kia|Nongshim RedForce,2026-04-02 08:08:29,Dplus Kia,Nongshim RedForce,3,0,0.501392126083374,0.5009281039237976
all13_2024_2025,2026|Rounds 1-2|2026-04-02|DN SOOPers|Kiwoom DRX,2026-04-02 10:15:16,DN SOOPers,Kiwoom DRX,3,1,0.5129263401031494,0.5086184144020081
all13_2024_2025,2026|Rounds 1-2|2026-04-03|Gen.G|KT Rolster,2026-04-03 08:10:24,Gen.G,KT Rolster,3,0,0.5518324375152588,0.5346102118492126
all13_2024_2025,2026|Rounds 1-2|2026-04-03|BNK FEARX|HANJIN BRION,2026-04-03 11:10:37,BNK FEARX,HANJIN BRION,3,0,0.5069923400878906,0.5046616792678833
all13_2024_2025,2026|Rounds 1-2|2026-04-04|Hanwha Life Esports|T1,2026-04-04 08:08:38,Hanwha Life Esports,T1,3,0,0.5211598873138428,0.5141103267669678
all13_2024_2025,2026|Rounds 1-2|2026-04-04|Dplus Kia|Kiwoom DRX,2026-04-04 10:30:33,Dplus Kia,Kiwoom DRX,3,1,0.5009874105453491,0.5006582736968994
all13_2024_2025,2026|Rounds 1-2|2026-04-05|DN SOOPers|Nongshim RedForce,2026-04-05 08:10:33,DN SOOPers,Nongshim RedForce,3,0,0.48028564453125,0.48685407638549805
all13_2024_2025,2026|Rounds 1-2|2026-04-05|BNK FEARX|Gen.G,2026-04-05 10:22:53,BNK FEARX,Gen.G,3,0,0.47091078758239746,0.48059746623039246
all13_2024_2025,2026|Rounds 1-2|2026-04-08|Dplus Kia|Hanwha Life Esports,2026-04-08 08:06:29,Dplus Kia,Hanwha Life Esports,3,0,0.4858362674713135,0.49055638909339905
all13_2024_2025,2026|Rounds 1-2|2026-04-08|Gen.G|T1,2026-04-08 10:19:02,Gen.G,T1,3,1,0.5323587656021118,0.5215858817100525
all13_2024_2025,2026|Rounds 1-2|2026-04-09|HANJIN BRION|Kiwoom DRX,2026-04-09 08:06:21,HANJIN BRION,Kiwoom DRX,3,0,0.5227398872375488,0.5151646137237549
all13_2024_2025,2026|Rounds 1-2|2026-04-09|KT Rolster|Nongshim RedForce,2026-04-09 11:25:00,KT Rolster,Nongshim RedForce,3,1,0.4639505445957184,0.4759484827518463
all13_2024_2025,2026|Rounds 1-2|2026-04-10|DN SOOPers|T1,2026-04-10 08:09:34,DN SOOPers,T1,3,0,0.5104175806045532,0.5069454312324524
all13_2024_2025,2026|Rounds 1-2|2026-04-10|BNK FEARX|Hanwha Life Esports,2026-04-10 10:10:47,BNK FEARX,Hanwha Life Esports,3,0,0.4551346004009247,0.47005394101142883
all13_2024_2025,2026|Rounds 1-2|2026-04-11|Kiwoom DRX|Nongshim RedForce,2026-04-11 08:06:17,Kiwoom DRX,Nongshim RedForce,3,1,0.4519540071487427,0.4679253101348877
all13_2024_2025,2026|Rounds 1-2|2026-04-11|Dplus Kia|Gen.G,2026-04-11 10:14:53,Dplus Kia,Gen.G,3,1,0.4323291778564453,0.454762727022171
all13_2024_2025,2026|Rounds 1-2|2026-04-12|BNK FEARX|DN SOOPers,2026-04-12 08:05:05,BNK FEARX,DN SOOPers,3,1,0.4899235963821411,0.4932819902896881
all13_2024_2025,2026|Rounds 1-2|2026-04-12|HANJIN BRION|KT Rolster,2026-04-12 10:09:24,HANJIN BRION,KT Rolster,3,0,0.4966951608657837,0.4977967441082001
all13_2024_2025,2026|Rounds 1-2|2026-04-15|BNK FEARX|Nongshim RedForce,2026-04-15 08:04:27,BNK FEARX,Nongshim RedForce,3,0,0.5416723489761353,0.527810275554657
all13_2024_2025,2026|Rounds 1-2|2026-04-15|Dplus Kia|KT Rolster,2026-04-15 10:10:22,Dplus Kia,KT Rolster,3,0,0.4288996160030365,0.45245644450187683
all13_2024_2025,2026|Rounds 1-2|2026-04-16|Gen.G|HANJIN BRION,2026-04-16 08:07:45,Gen.G,HANJIN BRION,3,1,0.5385992527008057,0.5257556438446045
all13_2024_2025,2026|Rounds 1-2|2026-04-16|DN SOOPers|Hanwha Life Esports,2026-04-16 10:19:53,DN SOOPers,Hanwha Life Esports,3,0,0.4355355501174927,0.45691704750061035
all13_2024_2025,2026|Rounds 1-2|2026-04-17|BNK FEARX|Kiwoom DRX,2026-04-17 08:09:20,BNK FEARX,Kiwoom DRX,3,1,0.46021437644958496,0.47345128655433655
all13_2024_2025,2026|Rounds 1-2|2026-04-17|Dplus Kia|T1,2026-04-17 10:18:08,Dplus Kia,T1,3,1,0.4901970624923706,0.49346432089805603
all13_2024_2025,2026|Rounds 1-2|2026-04-18|Gen.G|Hanwha Life Esports,2026-04-18 08:07:24,Gen.G,Hanwha Life Esports,3,0,0.48697197437286377,0.49131378531455994
all13_2024_2025,2026|Rounds 1-2|2026-04-18|DN SOOPers|KT Rolster,2026-04-18 10:19:42,DN SOOPers,KT Rolster,3,0,0.43635064363479614,0.45746445655822754
all13_2024_2025,2026|Rounds 1-2|2026-04-19|HANJIN BRION|Nongshim RedForce,2026-04-19 08:06:04,HANJIN BRION,Nongshim RedForce,3,0,0.4714537262916565,0.4809599816799164
all13_2024_2025,2026|Rounds 1-2|2026-04-19|Kiwoom DRX|T1,2026-04-19 11:23:50,Kiwoom DRX,T1,3,0,0.5028244853019714,0.5018829703330994
all13_2024_2025,2026|Rounds 1-2|2026-04-22|KT Rolster|Kiwoom DRX,2026-04-22 08:04:37,KT Rolster,Kiwoom DRX,3,1,0.5434503555297852,0.5289994478225708
all13_2024_2025,2026|Rounds 1-2|2026-04-22|Hanwha Life Esports|Nongshim RedForce,2026-04-22 10:16:00,Hanwha Life Esports,Nongshim RedForce,3,1,0.5470465421676636,0.5314056277275085
all13_2024_2025,2026|Rounds 1-2|2026-04-23|Dplus Kia|HANJIN BRION,2026-04-23 08:05:27,Dplus Kia,HANJIN BRION,3,1,0.5051566362380981,0.5034378170967102
all13_2024_2025,2026|Rounds 1-2|2026-04-23|DN SOOPers|Gen.G,2026-04-23 10:15:14,DN SOOPers,Gen.G,3,0,0.4817312955856323,0.4878184497356415
all13_2024_2025,2026|Rounds 1-2|2026-04-24|BNK FEARX|KT Rolster,2026-04-24 08:07:08,BNK FEARX,KT Rolster,3,0,0.44367846846580505,0.4623813331127167
all13_2024_2025,2026|Rounds 1-2|2026-04-24|Hanwha Life Esports|Kiwoom DRX,2026-04-24 10:32:53,Hanwha Life Esports,Kiwoom DRX,3,1,0.5638080835342407,0.5426421165466309
all13_2024_2025,2026|Rounds 1-2|2026-04-25|HANJIN BRION|T1,2026-04-25 08:07:29,HANJIN BRION,T1,3,0,0.47907596826553345,0.48604702949523926
all13_2024_2025,2026|Rounds 1-2|2026-04-25|DN SOOPers|Dplus Kia,2026-04-25 10:52:42,DN SOOPers,Dplus Kia,3,0,0.45273494720458984,0.46844807267189026
all13_2024_2025,2026|Rounds 1-2|2026-04-26|BNK FEARX|T1,2026-04-26 08:06:17,BNK FEARX,T1,3,0,0.4678926467895508,0.4785819947719574
all13_2024_2025,2026|Rounds 1-2|2026-04-26|Gen.G|Nongshim RedForce,2026-04-26 10:15:14,Gen.G,Nongshim RedForce,3,1,0.5102226734161377,0.506815493106842
all13_2024_2025,2026|Rounds 1-2|2026-04-29|Nongshim RedForce|T1,2026-04-29 08:05:12,Nongshim RedForce,T1,3,0,0.465065598487854,0.4766935110092163
all13_2024_2025,2026|Rounds 1-2|2026-04-29|Hanwha Life Esports|KT Rolster,2026-04-29 10:15:19,Hanwha Life Esports,KT Rolster,3,1,0.4617552161216736,0.4744813144207001
all13_2024_2025,2026|Rounds 1-2|2026-04-30|Gen.G|Kiwoom DRX,2026-04-30 08:06:44,Gen.G,Kiwoom DRX,3,1,0.5668700933456421,0.5446991324424744
all13_2024_2025,2026|Rounds 1-2|2026-04-30|BNK FEARX|Dplus Kia,2026-04-30 11:13:48,BNK FEARX,Dplus Kia,3,0,0.4429832100868225,0.46191513538360596
all13_2024_2025,2026|Rounds 1-2|2026-05-01|DN SOOPers|HANJIN BRION,2026-05-01 08:06:11,DN SOOPers,HANJIN BRION,3,0,0.49431079626083374,0.4962071478366852
all13_2024_2025,2026|Rounds 1-2|2026-05-01|Hanwha Life Esports|T1,2026-05-01 10:22:34,Hanwha Life Esports,T1,3,1,0.4922889769077301,0.49485912919044495
all13_2024_2025,2026|Rounds 1-2|2026-05-02|Dplus Kia|Gen.G,2026-05-02 08:06:29,Dplus Kia,Gen.G,3,0,0.49289751052856445,0.49526485800743103
all13_2024_2025,2026|Rounds 1-2|2026-05-02|Kiwoom DRX|Nongshim RedForce,2026-05-02 11:03:54,Kiwoom DRX,Nongshim RedForce,3,1,0.507439136505127,0.5049595832824707
all13_2024_2025,2026|Rounds 1-2|2026-05-03|HANJIN BRION|KT Rolster,2026-05-03 08:05:43,HANJIN BRION,KT Rolster,3,1,0.48443686962127686,0.4896230697631836
all13_2024_2025,2026|Rounds 1-2|2026-05-03|BNK FEARX|DN SOOPers,2026-05-03 10:24:27,BNK FEARX,DN SOOPers,3,1,0.5042774677276611,0.502851665019989
all13_2024_2025,2026|Rounds 1-2|2026-05-06|Gen.G|Nongshim RedForce,2026-05-06 08:06:15,Gen.G,Nongshim RedForce,3,1,0.5408236980438232,0.5272427201271057
all13_2024_2025,2026|Rounds 1-2|2026-05-06|DN SOOPers|Hanwha Life Esports,2026-05-06 10:34:43,DN SOOPers,Hanwha Life Esports,3,0,0.43402284383773804,0.4559008777141571
all13_2024_2025,2026|Rounds 1-2|2026-05-07|Dplus Kia|KT Rolster,2026-05-07 08:07:34,Dplus Kia,KT Rolster,3,0,0.49652066826820374,0.4976804256439209
all13_2024_2025,2026|Rounds 1-2|2026-05-07|BNK FEARX|HANJIN BRION,2026-05-07 10:30:17,BNK FEARX,HANJIN BRION,3,0,0.4587610960006714,0.47247961163520813
all13_2024_2025,2026|Rounds 1-2|2026-05-08|DN SOOPers|T1,2026-05-08 08:05:48,DN SOOPers,T1,3,0,0.4538496732711792,0.4691941440105438
all13_2024_2025,2026|Rounds 1-2|2026-05-08|Gen.G|Kiwoom DRX,2026-05-08 10:40:52,Gen.G,Kiwoom DRX,3,1,0.4991047978401184,0.4994032084941864
all13_2024_2025,2026|Rounds 1-2|2026-05-09|BNK FEARX|KT Rolster,2026-05-09 08:06:41,BNK FEARX,KT Rolster,3,1,0.4960213303565979,0.49734756350517273
all13_2024_2025,2026|Rounds 1-2|2026-05-09|HANJIN BRION|Nongshim RedForce,2026-05-09 10:15:45,HANJIN BRION,Nongshim RedForce,3,1,0.5573790073394775,0.5383277535438538
all13_2024_2025,2026|Rounds 1-2|2026-05-10|Dplus Kia|T1,2026-05-10 08:09:29,Dplus Kia,T1,3,0,0.46771344542503357,0.4784623086452484
all13_2024_2025,2026|Rounds 1-2|2026-05-10|Hanwha Life Esports|Kiwoom DRX,2026-05-10 10:31:52,Hanwha Life Esports,Kiwoom DRX,3,1,0.5288045406341553,0.5192124247550964
all13_2024_2025,2026|Rounds 1-2|2026-05-13|Nongshim RedForce|T1,2026-05-13 08:06:21,Nongshim RedForce,T1,3,0,0.4598151743412018,0.4731844365596771
all13_2024_2025,2026|Rounds 1-2|2026-05-13|DN SOOPers|Dplus Kia,2026-05-13 10:12:11,DN SOOPers,Dplus Kia,3,0,0.49122634530067444,0.49415063858032227
all13_2024_2025,2026|Rounds 1-2|2026-05-14|BNK FEARX|Gen.G,2026-05-14 08:07:03,BNK FEARX,Gen.G,3,0,0.4554250240325928,0.4702482223510742
all13_2024_2025,2026|Rounds 1-2|2026-05-14|KT Rolster|Kiwoom DRX,2026-05-14 10:15:56,KT Rolster,Kiwoom DRX,3,1,0.5102903842926025,0.5068606734275818
all13_2024_2025,2026|Rounds 1-2|2026-05-15|Dplus Kia|Hanwha Life Esports,2026-05-15 08:07:51,Dplus Kia,Hanwha Life Esports,3,0,0.4700741767883301,0.4800388514995575
all13_2024_2025,2026|Rounds 1-2|2026-05-15|DN SOOPers|HANJIN BRION,2026-05-15 10:22:39,DN SOOPers,HANJIN BRION,3,0,0.44082242250442505,0.4604659080505371
all13_2024_2025,2026|Rounds 1-2|2026-05-16|Gen.G|T1,2026-05-16 08:05:55,Gen.G,T1,3,0,0.5214215517044067,0.5142849683761597
all13_2024_2025,2026|Rounds 1-2|2026-05-16|BNK FEARX|Nongshim RedForce,2026-05-16 11:30:05,BNK FEARX,Nongshim RedForce,3,1,0.527643084526062,0.5184370875358582
all13_2024_2025,2026|Rounds 1-2|2026-05-17|Hanwha Life Esports|KT Rolster,2026-05-17 08:05:58,Hanwha Life Esports,KT Rolster,3,0,0.5468988418579102,0.531306803226471
all13_2024_2025,2026|Rounds 1-2|2026-05-17|HANJIN BRION|Kiwoom DRX,2026-05-17 11:06:33,HANJIN BRION,Kiwoom DRX,3,0,0.5661846399307251,0.5442385077476501
all13_2024_2025,2026|Rounds 1-2|2026-05-20|Kiwoom DRX|T1,2026-05-20 08:05:29,Kiwoom DRX,T1,3,0,0.48353463411331177,0.48902133107185364
all13_2024_2025,2026|Rounds 1-2|2026-05-20|KT Rolster|Nongshim RedForce,2026-05-20 11:01:11,KT Rolster,Nongshim RedForce,3,1,0.5127879977226257,0.5085261464118958
all13_2024_2025,2026|Rounds 1-2|2026-05-21|BNK FEARX|Hanwha Life Esports,2026-05-21 08:06:57,BNK FEARX,Hanwha Life Esports,3,0,0.4932778477668762,0.49551844596862793
all13_2024_2025,2026|Rounds 1-2|2026-05-21|Dplus Kia|HANJIN BRION,2026-05-21 10:22:05,Dplus Kia,HANJIN BRION,3,1,0.4831107258796692,0.4887385666370392
all13_2024_2025,2026|Rounds 1-2|2026-05-22|DN SOOPers|Kiwoom DRX,2026-05-22 08:06:39,DN SOOPers,Kiwoom DRX,3,0,0.4586353003978729,0.47239550948143005
all13_2024_2025,2026|Rounds 1-2|2026-05-22|Gen.G|KT Rolster,2026-05-22 10:20:35,Gen.G,KT Rolster,3,1,0.5290257930755615,0.5193602442741394
all13_2024_2025,2026|Rounds 1-2|2026-05-23|BNK FEARX|Dplus Kia,2026-05-23 08:06:07,BNK FEARX,Dplus Kia,3,0,0.5083192586898804,0.5055463910102844
all13_2024_2025,2026|Rounds 1-2|2026-05-23|Hanwha Life Esports|Nongshim RedForce,2026-05-23 11:15:14,Hanwha Life Esports,Nongshim RedForce,3,1,0.5203322172164917,0.5135581493377686
all13_2024_2025,2026|Rounds 1-2|2026-05-24|DN SOOPers|Gen.G,2026-05-24 08:06:42,DN SOOPers,Gen.G,3,0,0.45791351795196533,0.47191283106803894
all13_2024_2025,2026|Rounds 1-2|2026-05-24|HANJIN BRION|T1,2026-05-24 10:10:10,HANJIN BRION,T1,3,0,0.4512244760990143,0.46743693947792053
all13_2024_2025,2026|Rounds 1-2|2026-05-27|Gen.G|Hanwha Life Esports,2026-05-27 08:06:37,Gen.G,Hanwha Life Esports,3,1,0.49401769042015076,0.49601173400878906
all13_2024_2025,2026|Rounds 1-2|2026-05-27|BNK FEARX|Kiwoom DRX,2026-05-27 11:17:26,BNK FEARX,Kiwoom DRX,3,1,0.4542076587677002,0.4694336950778961
all13_2024_2025,2026|Rounds 1-2|2026-05-28|DN SOOPers|Nongshim RedForce,2026-05-28 08:03:36,DN SOOPers,Nongshim RedForce,3,0,0.48111432790756226,0.4874068796634674
all13_2024_2025,2026|Rounds 1-2|2026-05-28|KT Rolster|T1,2026-05-28 11:03:41,KT Rolster,T1,3,0,0.46594297885894775,0.4772796630859375
all13_2024_2025,2026|Rounds 1-2|2026-05-29|Dplus Kia|Kiwoom DRX,2026-05-29 08:09:08,Dplus Kia,Kiwoom DRX,3,1,0.4602127969264984,0.47345027327537537
all13_2024_2025,2026|Rounds 1-2|2026-05-29|Gen.G|HANJIN BRION,2026-05-29 11:07:01,Gen.G,HANJIN BRION,3,1,0.5673501491546631,0.5450217723846436
all13_2024_2025,2026|Rounds 1-2|2026-05-30|DN SOOPers|KT Rolster,2026-05-30 08:05:58,DN SOOPers,KT Rolster,3,0,0.490459144115448,0.4936390817165375
all13_2024_2025,2026|Rounds 1-2|2026-05-30|BNK FEARX|T1,2026-05-30 10:20:58,BNK FEARX,T1,3,0,0.4548616409301758,0.46987128257751465
all13_2024_2025,2026|Rounds 1-2|2026-05-31|HANJIN BRION|Hanwha Life Esports,2026-05-31 08:06:48,HANJIN BRION,Hanwha Life Esports,3,0,0.45459654927253723,0.4696938991546631
all13_2024_2025,2026|Rounds 1-2|2026-05-31|Dplus Kia|Nongshim RedForce,2026-05-31 10:17:32,Dplus Kia,Nongshim RedForce,3,1,0.5008364915847778,0.5005576610565186
all13_2024_2025,2026|Rounds 1-2|2026-06-06|Dplus Kia|HANJIN BRION,2026-06-06 08:12:31,Dplus Kia,HANJIN BRION,5,1,0.5756012201309204,0.540497362613678
all13_2024_2025,2026|Rounds 1-2|2026-06-07|Dplus Kia|KT Rolster,2026-06-07 08:09:33,Dplus Kia,KT Rolster,5,0,0.5878733396530151,0.5471444129943848
all13_2024_2025,2026|Rounds 1-2|2026-06-12|Hanwha Life Esports|T1,2026-06-12 08:25:00,Hanwha Life Esports,T1,5,1,0.45023512840270996,0.47340866923332214
all13_2024_2025,2026|Rounds 1-2|2026-06-13|Gen.G|KT Rolster,2026-06-13 06:22:36,Gen.G,KT Rolster,5,1,0.5771958827972412,0.5413594841957092
all13_2024_2025,2026|Rounds 1-2|2026-06-14|Gen.G|T1,2026-06-14 06:27:21,Gen.G,T1,5,0,0.5522847175598145,0.5279433727264404
all13_2024_2025,2026|Rounds 3-4|2026-07-29|Kiwoom DRX|Nongshim RedForce,2026-07-29 08:05:41,Kiwoom DRX,Nongshim RedForce,3,0,0.5078039169311523,0.5052028298377991
all13_2024_2025,2026|Rounds 3-4|2026-07-29|KT Rolster|T1,2026-07-29 10:14:12,KT Rolster,T1,3,1,0.49382463097572327,0.4958830177783966
all13_2024_2025,2026|Rounds 3-4|2026-07-30|BNK FEARX|DN SOOPers,2026-07-30 08:07:12,BNK FEARX,DN SOOPers,3,1,0.5050417184829712,0.5033612251281738
all13_2024_2025,2026|Rounds 3-4|2026-07-30|Dplus Kia|Hanwha Life Esports,2026-07-30 10:17:39,Dplus Kia,Hanwha Life Esports,3,1,0.4702933132648468,0.4801851511001587
all13_2024_2025,2026|Rounds 3-4|2026-07-31|Gen.G|T1,2026-07-31 08:15:35,Gen.G,T1,3,0,0.514795184135437,0.5098647475242615
all13_2024_2025,2026|Rounds 3-4|2026-07-31|HANJIN BRION|Kiwoom DRX,2026-07-31 10:28:31,HANJIN BRION,Kiwoom DRX,3,0,0.4876757860183716,0.49178311228752136
all13_2024_2025,2026|Rounds 3-4|2026-08-01|BNK FEARX|Nongshim RedForce,2026-08-01 08:05:28,BNK FEARX,Nongshim RedForce,3,0,0.4929807484149933,0.4953203499317169
all13_2024_2025,2026|Rounds 3-4|2026-08-02|DN SOOPers|HANJIN BRION,2026-08-02 08:07:10,DN SOOPers,HANJIN BRION,3,1,0.5087931752204895,0.5058624148368835
all13_2024_2025,2026|Rounds 3-4|2026-08-02|Hanwha Life Esports|KT Rolster,2026-08-02 11:27:57,Hanwha Life Esports,KT Rolster,3,0,0.5161373615264893,0.5107598900794983
all13_2024_2025,2026|Rounds 3-4|2026-08-05|HANJIN BRION|Nongshim RedForce,2026-08-05 08:04:53,HANJIN BRION,Nongshim RedForce,3,1,0.42853844165802,0.45221343636512756
all13_2024_2025,2026|Rounds 3-4|2026-08-05|Gen.G|Hanwha Life Esports,2026-08-05 11:19:04,Gen.G,Hanwha Life Esports,3,1,0.4862990081310272,0.49086499214172363
all13_2024_2025,2026|Rounds 3-4|2026-08-06|DN SOOPers|Kiwoom DRX,2026-08-06 08:07:39,DN SOOPers,Kiwoom DRX,3,0,0.4935864210128784,0.4957241714000702
all13_2024_2025,2026|Rounds 3-4|2026-08-06|Dplus Kia|T1,2026-08-06 10:15:34,Dplus Kia,T1,3,0,0.4917517304420471,0.4945009648799896
all13_2024_2025,2026|Rounds 3-4|2026-08-07|Gen.G|KT Rolster,2026-08-07 08:07:40,Gen.G,KT Rolster,3,1,0.47027575969696045,0.4801734387874603
all13_2024_2025,2026|Rounds 3-4|2026-08-07|BNK FEARX|HANJIN BRION,2026-08-07 10:11:30,BNK FEARX,HANJIN BRION,3,0,0.5012921690940857,0.5008614659309387
all13_2024_2025,2026|Rounds 3-4|2026-08-08|Hanwha Life Esports|T1,2026-08-08 08:08:11,Hanwha Life Esports,T1,3,1,0.4909193813800812,0.4939459264278412
all13_2024_2025,2026|Rounds 3-4|2026-08-08|DN SOOPers|Nongshim RedForce,2026-08-08 11:16:34,DN SOOPers,Nongshim RedForce,3,1,0.488259494304657,0.49217236042022705
all13_2024_2025,2026|Rounds 3-4|2026-08-09|Dplus Kia|KT Rolster,2026-08-09 08:07:07,Dplus Kia,KT Rolster,3,1,0.4900074601173401,0.4933378994464874
all13_2024_2025,2026|Rounds 3-4|2026-08-09|BNK FEARX|Kiwoom DRX,2026-08-09 11:01:09,BNK FEARX,Kiwoom DRX,3,1,0.4466293454170227,0.46435919404029846
all13_2024_2025,2026|Rounds 3-4|2026-08-12|DN SOOPers|Nongshim RedForce,2026-08-12 08:07:18,DN SOOPers,Nongshim RedForce,3,1,0.4952722191810608,0.49684810638427734
all13_2024_2025,2026|Rounds 3-4|2026-08-12|Dplus Kia|KT Rolster,2026-08-12 11:02:08,Dplus Kia,KT Rolster,3,1,0.5084089040756226,0.5056061148643494
all13_2024_2025,2026|Rounds 3-4|2026-08-13|BNK FEARX|Kiwoom DRX,2026-08-13 08:06:50,BNK FEARX,Kiwoom DRX,3,1,0.4694839119911194,0.47964468598365784
all13_2024_2025,2026|Rounds 3-4|2026-08-13|Gen.G|Hanwha Life Esports,2026-08-13 11:04:48,Gen.G,Hanwha Life Esports,3,1,0.5308700799942017,0.520591676235199
all13_2024_2025,2026|Rounds 3-4|2026-08-14|Dplus Kia|T1,2026-08-14 08:08:00,Dplus Kia,T1,3,1,0.5232605338096619,0.5155119895935059
all13_2024_2025,2026|Rounds 3-4|2026-08-14|HANJIN BRION|Nongshim RedForce,2026-08-14 11:28:48,HANJIN BRION,Nongshim RedForce,3,0,0.5264291763305664,0.5176267623901367
all13_2024_2025,2026|Rounds 3-4|2026-08-15|Hanwha Life Esports|KT Rolster,2026-08-15 08:08:03,Hanwha Life Esports,KT Rolster,3,1,0.5183336734771729,0.5122249126434326
all13_2024_2025,2026|Rounds 3-4|2026-08-15|BNK FEARX|DN SOOPers,2026-08-15 11:08:43,BNK FEARX,DN SOOPers,3,0,0.516093909740448,0.5107309222221375
all13_2024_2025,2026|Rounds 3-4|2026-08-16|Gen.G|T1,2026-08-16 08:07:26,Gen.G,T1,3,1,0.5521586537361145,0.534828782081604
all13_2024_2025,2026|Rounds 3-4|2026-08-16|HANJIN BRION|Kiwoom DRX,2026-08-16 10:44:01,HANJIN BRION,Kiwoom DRX,3,1,0.5261101722717285,0.5174137949943542
all13_2024_2025,2026|Rounds 3-4|2026-08-19|Gen.G|KT Rolster,2026-08-19 08:05:49,Gen.G,KT Rolster,3,1,0.5669335722923279,0.5447418093681335
all13_2024_2025,2026|Rounds 3-4|2026-08-19|DN SOOPers|HANJIN BRION,2026-08-19 11:22:14,DN SOOPers,HANJIN BRION,3,0,0.5344170331954956,0.5229608416557312
all13_2024_2025,2026|Rounds 3-4|2026-08-20|Dplus Kia|Hanwha Life Esports,2026-08-20 08:07:41,Dplus Kia,Hanwha Life Esports,3,0,0.515536904335022,0.5103594660758972
all13_2024_2025,2026|Rounds 3-4|2026-08-20|Kiwoom DRX|Nongshim RedForce,2026-08-20 10:33:18,Kiwoom DRX,Nongshim RedForce,3,0,0.44883275032043457,0.4658353328704834
all13_2024_2025,2026|Rounds 3-4|2026-08-21|BNK FEARX|HANJIN BRION,2026-08-21 08:07:26,BNK FEARX,HANJIN BRION,3,1,0.4675671458244324,0.47836461663246155
all13_2024_2025,2026|Rounds 3-4|2026-08-21|KT Rolster|T1,2026-08-21 11:24:11,KT Rolster,T1,3,0,0.5031176805496216,0.5020784139633179
all13_2024_2025,2026|Rounds 3-4|2026-08-22|Dplus Kia|Gen.G,2026-08-22 08:08:17,Dplus Kia,Gen.G,3,1,0.47477245330810547,0.48317527770996094
all13_2024_2025,2026|Rounds 3-4|2026-08-22|DN SOOPers|Kiwoom DRX,2026-08-22 11:31:02,DN SOOPers,Kiwoom DRX,3,1,0.5205278396606445,0.5136886239051819
all13_2024_2025,2026|Rounds 3-4|2026-08-23|Hanwha Life Esports|T1,2026-08-23 08:07:42,Hanwha Life Esports,T1,3,1,0.5342187881469727,0.5228284001350403
all13_2024_2025,2026|Rounds 3-4|2026-08-23|BNK FEARX|Nongshim RedForce,2026-08-23 10:20:23,BNK FEARX,Nongshim RedForce,3,0,0.4725850522518158,0.48171520233154297
all13_2024_2025,2026|Rounds 3-4|2026-08-26|HANJIN BRION|KT Rolster,2026-08-26 08:08:21,HANJIN BRION,KT Rolster,5,0,0.5128059983253479,0.5068307518959045
all13_2024_2025,2026|Rounds 3-4|2026-08-27|BNK FEARX|Nongshim RedForce,2026-08-27 08:07:15,BNK FEARX,Nongshim RedForce,5,1,0.4527120292186737,0.4747367799282074
all13_2024_2025,2026|Rounds 3-4|2026-08-28|BNK FEARX|HANJIN BRION,2026-08-28 08:06:46,BNK FEARX,HANJIN BRION,5,1,0.5209952592849731,0.5112012028694153
all13_2024_2025,2026|Rounds 3-4|2026-08-29|BNK FEARX|T1,2026-08-29 08:07:39,BNK FEARX,T1,5,0,0.5343235731124878,0.5183222889900208
all13_2024_2025,2026|Rounds 3-4|2026-08-30|Dplus Kia|KT Rolster,2026-08-30 08:10:04,Dplus Kia,KT Rolster,5,0,0.4774371385574341,0.4879617989063263
all13_2024_2025,2026|Rounds 3-4|2026-09-01|Gen.G|KT Rolster,2026-09-01 08:11:13,Gen.G,KT Rolster,5,1,0.45545127987861633,0.4762047827243805
all13_2024_2025,2026|Rounds 3-4|2026-09-02|Hanwha Life Esports|T1,2026-09-02 08:11:08,Hanwha Life Esports,T1,5,1,0.5630861520767212,0.5337483882904053
all13_2024_2025,2026|Rounds 3-4|2026-09-03|BNK FEARX|Dplus Kia,2026-09-03 08:07:55,BNK FEARX,Dplus Kia,5,0,0.47072330117225647,0.48437559604644775
all13_2024_2025,2026|Rounds 3-4|2026-09-04|Dplus Kia|KT Rolster,2026-09-04 08:07:52,Dplus Kia,KT Rolster,5,1,0.5268592834472656,0.5143327713012695
all13_2024_2025,2026|Rounds 3-4|2026-09-05|Gen.G|Hanwha Life Esports,2026-09-05 08:08:15,Gen.G,Hanwha Life Esports,5,1,0.49602216482162476,0.49787846207618713
all13_2024_2025,2026|Rounds 3-4|2026-09-06|Dplus Kia|T1,2026-09-06 08:09:36,Dplus Kia,T1,5,0,0.5547423958778381,0.5292627215385437
all13_2024_2025,2026|Rounds 3-4|2026-09-12|Hanwha Life Esports|T1,2026-09-12 05:21:16,Hanwha Life Esports,T1,5,1,0.49277999997138977,0.4961491525173187
all13_2023_2024_2025,2026|Cup|2026-01-14|DN SOOPers|KT Rolster,2026-01-14 08:13:43,DN SOOPers,KT Rolster,3,0,0.5013251304626465,0.5008834600448608
all13_2023_2024_2025,2026|Cup|2026-01-14|Dplus Kia|HANJIN BRION,2026-01-14 11:22:18,Dplus Kia,HANJIN BRION,3,1,0.5060688257217407,0.5040459632873535
all13_2023_2024_2025,2026|Cup|2026-01-15|Gen.G|Kiwoom DRX,2026-01-15 08:05:23,Gen.G,Kiwoom DRX,3,1,0.5622390508651733,0.5415886044502258
all13_2023_2024_2025,2026|Cup|2026-01-15|BNK FEARX|Nongshim RedForce,2026-01-15 10:15:24,BNK FEARX,Nongshim RedForce,3,1,0.49680012464523315,0.49786674976348877
all13_2023_2024_2025,2026|Cup|2026-01-16|DN SOOPers|Dplus Kia,2026-01-16 08:05:40,DN SOOPers,Dplus Kia,3,0,0.48674213886260986,0.49116048216819763
all13_2023_2024_2025,2026|Cup|2026-01-16|Hanwha Life Esports|T1,2026-01-16 10:08:16,Hanwha Life Esports,T1,3,0,0.5230368375778198,0.5153627395629883
all13_2023_2024_2025,2026|Cup|2026-01-17|BNK FEARX|HANJIN BRION,2026-01-17 08:05:53,BNK FEARX,HANJIN BRION,3,1,0.5367002487182617,0.5244863629341125
all13_2023_2024_2025,2026|Cup|2026-01-17|Gen.G|KT Rolster,2026-01-17 11:10:45,Gen.G,KT Rolster,3,1,0.5509912967681885,0.5340468287467957
all13_2023_2024_2025,2026|Cup|2026-01-18|Hanwha Life Esports|Nongshim RedForce,2026-01-18 08:05:24,Hanwha Life Esports,Nongshim RedForce,3,0,0.5116347670555115,0.5077571272850037
all13_2023_2024_2025,2026|Cup|2026-01-18|Kiwoom DRX|T1,2026-01-18 10:20:18,Kiwoom DRX,T1,3,0,0.46795618534088135,0.4786244332790375
all13_2023_2024_2025,2026|Cup|2026-01-21|Dplus Kia|Nongshim RedForce,2026-01-21 08:05:24,Dplus Kia,Nongshim RedForce,3,1,0.5327560901641846,0.5218513011932373
all13_2023_2024_2025,2026|Cup|2026-01-21|DN SOOPers|Kiwoom DRX,2026-01-21 11:14:52,DN SOOPers,Kiwoom DRX,3,1,0.5000290870666504,0.500019371509552
all13_2023_2024_2025,2026|Cup|2026-01-22|HANJIN BRION|Hanwha Life Esports,2026-01-22 08:05:25,HANJIN BRION,Hanwha Life Esports,3,0,0.5051591396331787,0.5034394860267639
all13_2023_2024_2025,2026|Cup|2026-01-22|BNK FEARX|Gen.G,2026-01-22 11:14:53,BNK FEARX,Gen.G,3,0,0.45360761880874634,0.4690321385860443
all13_2023_2024_2025,2026|Cup|2026-01-23|KT Rolster|T1,2026-01-23 08:04:55,KT Rolster,T1,3,0,0.4543716311454773,0.4695434272289276
all13_2023_2024_2025,2026|Cup|2026-01-23|Kiwoom DRX|Nongshim RedForce,2026-01-23 10:33:19,Kiwoom DRX,Nongshim RedForce,3,1,0.493757039308548,0.495837926864624
all13_2023_2024_2025,2026|Cup|2026-01-24|DN SOOPers|Hanwha Life Esports,2026-01-24 08:04:56,DN SOOPers,Hanwha Life Esports,3,0,0.49266332387924194,0.4951087236404419
all13_2023_2024_2025,2026|Cup|2026-01-24|Dplus Kia|Gen.G,2026-01-24 11:24:48,Dplus Kia,Gen.G,3,0,0.45968174934387207,0.47309520840644836
all13_2023_2024_2025,2026|Cup|2026-01-25|BNK FEARX|T1,2026-01-25 08:05:39,BNK FEARX,T1,3,0,0.4903257489204407,0.4935501515865326
all13_2023_2024_2025,2026|Cup|2026-01-25|HANJIN BRION|KT Rolster,2026-01-25 11:28:02,HANJIN BRION,KT Rolster,3,0,0.5140411853790283,0.5093619227409363
all13_2023_2024_2025,2026|Cup|2026-01-28|HANJIN BRION|Kiwoom DRX,2026-01-28 08:04:54,HANJIN BRION,Kiwoom DRX,5,0,0.5052968263626099,0.5028250217437744
all13_2023_2024_2025,2026|Cup|2026-01-29|BNK FEARX|DN SOOPers,2026-01-29 08:07:19,BNK FEARX,DN SOOPers,5,1,0.47640371322631836,0.4874099791049957
all13_2023_2024_2025,2026|Cup|2026-01-30|KT Rolster|Nongshim RedForce,2026-01-30 08:05:48,KT Rolster,Nongshim RedForce,5,0,0.49334701895713806,0.49645161628723145
all13_2023_2024_2025,2026|Cup|2026-01-31|Dplus Kia|T1,2026-01-31 08:17:53,Dplus Kia,T1,5,0,0.4808574914932251,0.4897878170013428
all13_2023_2024_2025,2026|Cup|2026-02-01|Gen.G|Hanwha Life Esports,2026-02-01 08:08:08,Gen.G,Hanwha Life Esports,5,1,0.5494648218154907,0.5264304280281067
all13_2023_2024_2025,2026|Cup|2026-02-06|HANJIN BRION|Kiwoom DRX,2026-02-06 08:05:10,HANJIN BRION,Kiwoom DRX,3,0,0.484887957572937,0.48992395401000977
all13_2023_2024_2025,2026|Cup|2026-02-06|DN SOOPers|KT Rolster,2026-02-06 10:59:51,DN SOOPers,KT Rolster,3,1,0.4926748275756836,0.4951164424419403
all13_2023_2024_2025,2026|Cup|2026-02-07|Dplus Kia|Kiwoom DRX,2026-02-07 08:07:00,Dplus Kia,Kiwoom DRX,3,1,0.4357130527496338,0.4570362865924835
all13_2023_2024_2025,2026|Cup|2026-02-07|DN SOOPers|Nongshim RedForce,2026-02-07 10:09:22,DN SOOPers,Nongshim RedForce,3,1,0.5010663270950317,0.5007109045982361
all13_2023_2024_2025,2026|Cup|2026-02-08|Kiwoom DRX|Nongshim RedForce,2026-02-08 08:06:06,Kiwoom DRX,Nongshim RedForce,5,1,0.4596007466316223,0.4784269630908966
all13_2023_2024_2025,2026|Cup|2026-02-12|BNK FEARX|DN SOOPers,2026-02-12 08:04:05,BNK FEARX,DN SOOPers,5,1,0.4977515935897827,0.4988008737564087
all13_2023_2024_2025,2026|Cup|2026-02-13|Dplus Kia|Kiwoom DRX,2026-02-13 08:06:47,Dplus Kia,Kiwoom DRX,5,1,0.5267058610916138,0.5142508149147034
all13_2023_2024_2025,2026|Cup|2026-02-14|Dplus Kia|Gen.G,2026-02-14 08:07:25,Dplus Kia,Gen.G,5,0,0.47186988592147827,0.4849882423877716
all13_2023_2024_2025,2026|Cup|2026-02-15|BNK FEARX|T1,2026-02-15 08:05:24,BNK FEARX,T1,5,1,0.5127694606781006,0.5068112015724182
all13_2023_2024_2025,2026|Cup|2026-02-19|DN SOOPers|Kiwoom DRX,2026-02-19 08:06:05,DN SOOPers,Kiwoom DRX,5,1,0.5160730481147766,0.5085740089416504
all13_2023_2024_2025,2026|Cup|2026-02-20|DN SOOPers|Dplus Kia,2026-02-20 08:06:25,DN SOOPers,Dplus Kia,5,0,0.5398223996162415,0.5212642550468445
all13_2023_2024_2025,2026|Cup|2026-02-21|BNK FEARX|Gen.G,2026-02-21 08:08:52,BNK FEARX,Gen.G,5,0,0.5136289596557617,0.5072697997093201
all13_2023_2024_2025,2026|Cup|2026-02-22|Dplus Kia|T1,2026-02-22 08:08:41,Dplus Kia,T1,5,1,0.520755410194397,0.5110731720924377
all13_2023_2024_2025,2026|Cup|2026-02-28|BNK FEARX|Dplus Kia,2026-02-28 08:23:00,BNK FEARX,Dplus Kia,5,1,0.5032967925071716,0.5017582774162292
all13_2023_2024_2025,2026|Cup|2026-03-01|BNK FEARX|Gen.G,2026-03-01 08:22:46,BNK FEARX,Gen.G,5,0,0.5053504705429077,0.5028536915779114
all13_2023_2024_2025,2026|Rounds 1-2|2026-04-01|HANJIN BRION|Hanwha Life Esports,2026-04-01 08:11:43,HANJIN BRION,Hanwha Life Esports,3,0,0.4910675883293152,0.4940447509288788
all13_2023_2024_2025,2026|Rounds 1-2|2026-04-01|KT Rolster|T1,2026-04-01 10:23:34,KT Rolster,T1,3,1,0.5044925212860107,0.5029950737953186
all13_2023_2024_2025,2026|Rounds 1-2|2026-04-02|Dplus Kia|Nongshim RedForce,2026-04-02 08:08:29,Dplus Kia,Nongshim RedForce,3,0,0.49953413009643555,0.4996894299983978
all13_2023_2024_2025,2026|Rounds 1-2|2026-04-02|DN SOOPers|Kiwoom DRX,2026-04-02 10:15:16,DN SOOPers,Kiwoom DRX,3,1,0.5157045125961304,0.5104711651802063
all13_2023_2024_2025,2026|Rounds 1-2|2026-04-03|Gen.G|KT Rolster,2026-04-03 08:10:24,Gen.G,KT Rolster,3,0,0.5413926839828491,0.5276232361793518
all13_2023_2024_2025,2026|Rounds 1-2|2026-04-03|BNK FEARX|HANJIN BRION,2026-04-03 11:10:37,BNK FEARX,HANJIN BRION,3,0,0.5063936710357666,0.5042625069618225
all13_2023_2024_2025,2026|Rounds 1-2|2026-04-04|Hanwha Life Esports|T1,2026-04-04 08:08:38,Hanwha Life Esports,T1,3,0,0.5187737345695496,0.5125184655189514
all13_2023_2024_2025,2026|Rounds 1-2|2026-04-04|Dplus Kia|Kiwoom DRX,2026-04-04 10:30:33,Dplus Kia,Kiwoom DRX,3,1,0.5013659596443176,0.5009106397628784
all13_2023_2024_2025,2026|Rounds 1-2|2026-04-05|DN SOOPers|Nongshim RedForce,2026-04-05 08:10:33,DN SOOPers,Nongshim RedForce,3,0,0.4834672808647156,0.488976389169693
all13_2023_2024_2025,2026|Rounds 1-2|2026-04-05|BNK FEARX|Gen.G,2026-04-05 10:22:53,BNK FEARX,Gen.G,3,0,0.4768734872341156,0.4845774173736572
all13_2023_2024_2025,2026|Rounds 1-2|2026-04-08|Dplus Kia|Hanwha Life Esports,2026-04-08 08:06:29,Dplus Kia,Hanwha Life Esports,3,0,0.48410314321517944,0.4894004762172699
all13_2023_2024_2025,2026|Rounds 1-2|2026-04-08|Gen.G|T1,2026-04-08 10:19:02,Gen.G,T1,3,1,0.5247518420219421,0.5165072083473206
all13_2023_2024_2025,2026|Rounds 1-2|2026-04-09|HANJIN BRION|Kiwoom DRX,2026-04-09 08:06:21,HANJIN BRION,Kiwoom DRX,3,0,0.5238159894943237,0.515882670879364
all13_2023_2024_2025,2026|Rounds 1-2|2026-04-09|KT Rolster|Nongshim RedForce,2026-04-09 11:25:00,KT Rolster,Nongshim RedForce,3,1,0.46793001890182495,0.4786069691181183
all13_2023_2024_2025,2026|Rounds 1-2|2026-04-10|DN SOOPers|T1,2026-04-10 08:09:34,DN SOOPers,T1,3,0,0.5111894607543945,0.5074601769447327
all13_2023_2024_2025,2026|Rounds 1-2|2026-04-10|BNK FEARX|Hanwha Life Esports,2026-04-10 10:10:47,BNK FEARX,Hanwha Life Esports,3,0,0.4657074213027954,0.47712233662605286
all13_2023_2024_2025,2026|Rounds 1-2|2026-04-11|Kiwoom DRX|Nongshim RedForce,2026-04-11 08:06:17,Kiwoom DRX,Nongshim RedForce,3,1,0.4546419680118561,0.4697243273258209
all13_2023_2024_2025,2026|Rounds 1-2|2026-04-11|Dplus Kia|Gen.G,2026-04-11 10:14:53,Dplus Kia,Gen.G,3,1,0.4376763701438904,0.4583546221256256
all13_2023_2024_2025,2026|Rounds 1-2|2026-04-12|BNK FEARX|DN SOOPers,2026-04-12 08:05:05,BNK FEARX,DN SOOPers,3,1,0.4834558963775635,0.4889688491821289
all13_2023_2024_2025,2026|Rounds 1-2|2026-04-12|HANJIN BRION|KT Rolster,2026-04-12 10:09:24,HANJIN BRION,KT Rolster,3,0,0.5007941722869873,0.5005294680595398
all13_2023_2024_2025,2026|Rounds 1-2|2026-04-15|BNK FEARX|Nongshim RedForce,2026-04-15 08:04:27,BNK FEARX,Nongshim RedForce,3,0,0.5373066663742065,0.5248916745185852
all13_2023_2024_2025,2026|Rounds 1-2|2026-04-15|Dplus Kia|KT Rolster,2026-04-15 10:10:22,Dplus Kia,KT Rolster,3,0,0.4376086890697479,0.458309143781662
all13_2023_2024_2025,2026|Rounds 1-2|2026-04-16|Gen.G|HANJIN BRION,2026-04-16 08:07:45,Gen.G,HANJIN BRION,3,1,0.5328000783920288,0.5218806862831116
all13_2023_2024_2025,2026|Rounds 1-2|2026-04-16|DN SOOPers|Hanwha Life Esports,2026-04-16 10:19:53,DN SOOPers,Hanwha Life Esports,3,0,0.4477347135543823,0.4650997817516327
all13_2023_2024_2025,2026|Rounds 1-2|2026-04-17|BNK FEARX|Kiwoom DRX,2026-04-17 08:09:20,BNK FEARX,Kiwoom DRX,3,1,0.46281373500823975,0.47518882155418396
all13_2023_2024_2025,2026|Rounds 1-2|2026-04-17|Dplus Kia|T1,2026-04-17 10:18:08,Dplus Kia,T1,3,1,0.49431294202804565,0.4962085485458374
all13_2023_2024_2025,2026|Rounds 1-2|2026-04-18|Gen.G|Hanwha Life Esports,2026-04-18 08:07:24,Gen.G,Hanwha Life Esports,3,0,0.4923667311668396,0.49491095542907715
all13_2023_2024_2025,2026|Rounds 1-2|2026-04-18|DN SOOPers|KT Rolster,2026-04-18 10:19:42,DN SOOPers,KT Rolster,3,0,0.44154947996139526,0.46095359325408936
all13_2023_2024_2025,2026|Rounds 1-2|2026-04-19|HANJIN BRION|Nongshim RedForce,2026-04-19 08:06:04,HANJIN BRION,Nongshim RedForce,3,0,0.47451648116111755,0.48300445079803467
all13_2023_2024_2025,2026|Rounds 1-2|2026-04-19|Kiwoom DRX|T1,2026-04-19 11:23:50,Kiwoom DRX,T1,3,0,0.5023863315582275,0.5015908479690552
all13_2023_2024_2025,2026|Rounds 1-2|2026-04-22|KT Rolster|Kiwoom DRX,2026-04-22 08:04:37,KT Rolster,Kiwoom DRX,3,1,0.5405906438827515,0.5270869135856628
all13_2023_2024_2025,2026|Rounds 1-2|2026-04-22|Hanwha Life Esports|Nongshim RedForce,2026-04-22 10:16:00,Hanwha Life Esports,Nongshim RedForce,3,1,0.5402188301086426,0.5268383622169495
all13_2023_2024_2025,2026|Rounds 1-2|2026-04-23|Dplus Kia|HANJIN BRION,2026-04-23 08:05:27,Dplus Kia,HANJIN BRION,3,1,0.5054802894592285,0.5036535859107971
all13_2023_2024_2025,2026|Rounds 1-2|2026-04-23|DN SOOPers|Gen.G,2026-04-23 10:15:14,DN SOOPers,Gen.G,3,0,0.4853518307209015,0.49023333191871643
all13_2023_2024_2025,2026|Rounds 1-2|2026-04-24|BNK FEARX|KT Rolster,2026-04-24 08:07:08,BNK FEARX,KT Rolster,3,0,0.4423331022262573,0.46147918701171875
all13_2023_2024_2025,2026|Rounds 1-2|2026-04-24|Hanwha Life Esports|Kiwoom DRX,2026-04-24 10:32:53,Hanwha Life Esports,Kiwoom DRX,3,1,0.5589785575866699,0.539400577545166
all13_2023_2024_2025,2026|Rounds 1-2|2026-04-25|HANJIN BRION|T1,2026-04-25 08:07:29,HANJIN BRION,T1,3,0,0.48003411293029785,0.48668625950813293
all13_2023_2024_2025,2026|Rounds 1-2|2026-04-25|DN SOOPers|Dplus Kia,2026-04-25 10:52:42,DN SOOPers,Dplus Kia,3,0,0.46033573150634766,0.47353240847587585
all13_2023_2024_2025,2026|Rounds 1-2|2026-04-26|BNK FEARX|T1,2026-04-26 08:06:17,BNK FEARX,T1,3,0,0.4675407111644745,0.47834694385528564
all13_2023_2024_2025,2026|Rounds 1-2|2026-04-26|Gen.G|Nongshim RedForce,2026-04-26 10:15:14,Gen.G,Nongshim RedForce,3,1,0.5117813348770142,0.5078548789024353
all13_2023_2024_2025,2026|Rounds 1-2|2026-04-29|Nongshim RedForce|T1,2026-04-29 08:05:12,Nongshim RedForce,T1,3,0,0.4698542356491089,0.47989198565483093
all13_2023_2024_2025,2026|Rounds 1-2|2026-04-29|Hanwha Life Esports|KT Rolster,2026-04-29 10:15:19,Hanwha Life Esports,KT Rolster,3,1,0.4659547209739685,0.47728753089904785
all13_2023_2024_2025,2026|Rounds 1-2|2026-04-30|Gen.G|Kiwoom DRX,2026-04-30 08:06:44,Gen.G,Kiwoom DRX,3,1,0.5623984932899475,0.5416956543922424
all13_2023_2024_2025,2026|Rounds 1-2|2026-04-30|BNK FEARX|Dplus Kia,2026-04-30 11:13:48,BNK FEARX,Dplus Kia,3,0,0.4562244117259979,0.4707830250263214
all13_2023_2024_2025,2026|Rounds 1-2|2026-05-01|DN SOOPers|HANJIN BRION,2026-05-01 08:06:11,DN SOOPers,HANJIN BRION,3,0,0.49417582154273987,0.49611714482307434
all13_2023_2024_2025,2026|Rounds 1-2|2026-05-01|Hanwha Life Esports|T1,2026-05-01 10:22:34,Hanwha Life Esports,T1,3,1,0.4940425753593445,0.49602827429771423
all13_2023_2024_2025,2026|Rounds 1-2|2026-05-02|Dplus Kia|Gen.G,2026-05-02 08:06:29,Dplus Kia,Gen.G,3,0,0.48784714937210083,0.4918973743915558
all13_2023_2024_2025,2026|Rounds 1-2|2026-05-02|Kiwoom DRX|Nongshim RedForce,2026-05-02 11:03:54,Kiwoom DRX,Nongshim RedForce,3,1,0.5100995302200317,0.5067334771156311
all13_2023_2024_2025,2026|Rounds 1-2|2026-05-03|HANJIN BRION|KT Rolster,2026-05-03 08:05:43,HANJIN BRION,KT Rolster,3,1,0.49012720584869385,0.49341773986816406
all13_2023_2024_2025,2026|Rounds 1-2|2026-05-03|BNK FEARX|DN SOOPers,2026-05-03 10:24:27,BNK FEARX,DN SOOPers,3,1,0.50533527135849,0.5035569071769714
all13_2023_2024_2025,2026|Rounds 1-2|2026-05-06|Gen.G|Nongshim RedForce,2026-05-06 08:06:15,Gen.G,Nongshim RedForce,3,1,0.5366885662078857,0.5244786143302917
all13_2023_2024_2025,2026|Rounds 1-2|2026-05-06|DN SOOPers|Hanwha Life Esports,2026-05-06 10:34:43,DN SOOPers,Hanwha Life Esports,3,0,0.4431711435317993,0.4620411694049835
all13_2023_2024_2025,2026|Rounds 1-2|2026-05-07|Dplus Kia|KT Rolster,2026-05-07 08:07:34,Dplus Kia,KT Rolster,3,0,0.502738356590271,0.5018255710601807
all13_2023_2024_2025,2026|Rounds 1-2|2026-05-07|BNK FEARX|HANJIN BRION,2026-05-07 10:30:17,BNK FEARX,HANJIN BRION,3,0,0.46468329429626465,0.47643807530403137
all13_2023_2024_2025,2026|Rounds 1-2|2026-05-08|DN SOOPers|T1,2026-05-08 08:05:48,DN SOOPers,T1,3,0,0.46093428134918213,0.4739325940608978
all13_2023_2024_2025,2026|Rounds 1-2|2026-05-08|Gen.G|Kiwoom DRX,2026-05-08 10:40:52,Gen.G,Kiwoom DRX,3,1,0.49810266494750977,0.49873510003089905
all13_2023_2024_2025,2026|Rounds 1-2|2026-05-09|BNK FEARX|KT Rolster,2026-05-09 08:06:41,BNK FEARX,KT Rolster,3,1,0.4962192177772522,0.49747946858406067
all13_2023_2024_2025,2026|Rounds 1-2|2026-05-09|HANJIN BRION|Nongshim RedForce,2026-05-09 10:15:45,HANJIN BRION,Nongshim RedForce,3,1,0.5499753952026367,0.5333665013313293
all13_2023_2024_2025,2026|Rounds 1-2|2026-05-10|Dplus Kia|T1,2026-05-10 08:09:29,Dplus Kia,T1,3,0,0.4748355746269226,0.48321738839149475
all13_2023_2024_2025,2026|Rounds 1-2|2026-05-10|Hanwha Life Esports|Kiwoom DRX,2026-05-10 10:31:52,Hanwha Life Esports,Kiwoom DRX,3,1,0.5261815786361694,0.5174614787101746
all13_2023_2024_2025,2026|Rounds 1-2|2026-05-13|Nongshim RedForce|T1,2026-05-13 08:06:21,Nongshim RedForce,T1,3,0,0.46519988775253296,0.47678324580192566
all13_2023_2024_2025,2026|Rounds 1-2|2026-05-13|DN SOOPers|Dplus Kia,2026-05-13 10:12:11,DN SOOPers,Dplus Kia,3,0,0.4894063472747803,0.4929371178150177
all13_2023_2024_2025,2026|Rounds 1-2|2026-05-14|BNK FEARX|Gen.G,2026-05-14 08:07:03,BNK FEARX,Gen.G,3,0,0.46968168020248413,0.4797767698764801
all13_2023_2024_2025,2026|Rounds 1-2|2026-05-14|KT Rolster|Kiwoom DRX,2026-05-14 10:15:56,KT Rolster,Kiwoom DRX,3,1,0.5128755569458008,0.5085845589637756
all13_2023_2024_2025,2026|Rounds 1-2|2026-05-15|Dplus Kia|Hanwha Life Esports,2026-05-15 08:07:51,Dplus Kia,Hanwha Life Esports,3,0,0.48354047536849976,0.4890252351760864
all13_2023_2024_2025,2026|Rounds 1-2|2026-05-15|DN SOOPers|HANJIN BRION,2026-05-15 10:22:39,DN SOOPers,HANJIN BRION,3,0,0.45223870873451233,0.468115895986557
all13_2023_2024_2025,2026|Rounds 1-2|2026-05-16|Gen.G|T1,2026-05-16 08:05:55,Gen.G,T1,3,0,0.5236586332321167,0.5157776474952698
all13_2023_2024_2025,2026|Rounds 1-2|2026-05-16|BNK FEARX|Nongshim RedForce,2026-05-16 11:30:05,BNK FEARX,Nongshim RedForce,3,1,0.5295637249946594,0.5197193622589111
all13_2023_2024_2025,2026|Rounds 1-2|2026-05-17|Hanwha Life Esports|KT Rolster,2026-05-17 08:05:58,Hanwha Life Esports,KT Rolster,3,0,0.534009575843811,0.522688627243042
all13_2023_2024_2025,2026|Rounds 1-2|2026-05-17|HANJIN BRION|Kiwoom DRX,2026-05-17 11:06:33,HANJIN BRION,Kiwoom DRX,3,0,0.5585273504257202,0.5390979647636414
all13_2023_2024_2025,2026|Rounds 1-2|2026-05-20|Kiwoom DRX|T1,2026-05-20 08:05:29,Kiwoom DRX,T1,3,0,0.4824267327785492,0.48828235268592834
all13_2023_2024_2025,2026|Rounds 1-2|2026-05-20|KT Rolster|Nongshim RedForce,2026-05-20 11:01:11,KT Rolster,Nongshim RedForce,3,1,0.5105218887329102,0.50701504945755
all13_2023_2024_2025,2026|Rounds 1-2|2026-05-21|BNK FEARX|Hanwha Life Esports,2026-05-21 08:06:57,BNK FEARX,Hanwha Life Esports,3,0,0.498836874961853,0.49922457337379456
all13_2023_2024_2025,2026|Rounds 1-2|2026-05-21|Dplus Kia|HANJIN BRION,2026-05-21 10:22:05,Dplus Kia,HANJIN BRION,3,1,0.4833983778953552,0.48893043398857117
all13_2023_2024_2025,2026|Rounds 1-2|2026-05-22|DN SOOPers|Kiwoom DRX,2026-05-22 08:06:39,DN SOOPers,Kiwoom DRX,3,0,0.465082585811615,0.476704865694046
all13_2023_2024_2025,2026|Rounds 1-2|2026-05-22|Gen.G|KT Rolster,2026-05-22 10:20:35,Gen.G,KT Rolster,3,1,0.5269023180007935,0.5179426074028015
all13_2023_2024_2025,2026|Rounds 1-2|2026-05-23|BNK FEARX|Dplus Kia,2026-05-23 08:06:07,BNK FEARX,Dplus Kia,3,0,0.5051174163818359,0.503411591053009
all13_2023_2024_2025,2026|Rounds 1-2|2026-05-23|Hanwha Life Esports|Nongshim RedForce,2026-05-23 11:15:14,Hanwha Life Esports,Nongshim RedForce,3,1,0.5158265829086304,0.5105525851249695
all13_2023_2024_2025,2026|Rounds 1-2|2026-05-24|DN SOOPers|Gen.G,2026-05-24 08:06:42,DN SOOPers,Gen.G,3,0,0.46348732709884644,0.4756389558315277
all13_2023_2024_2025,2026|Rounds 1-2|2026-05-24|HANJIN BRION|T1,2026-05-24 10:10:10,HANJIN BRION,T1,3,0,0.4539172649383545,0.46923938393592834
all13_2023_2024_2025,2026|Rounds 1-2|2026-05-27|Gen.G|Hanwha Life Esports,2026-05-27 08:06:37,Gen.G,Hanwha Life Esports,3,1,0.4990270733833313,0.4993514120578766
all13_2023_2024_2025,2026|Rounds 1-2|2026-05-27|BNK FEARX|Kiwoom DRX,2026-05-27 11:17:26,BNK FEARX,Kiwoom DRX,3,1,0.46481600403785706,0.47652673721313477
all13_2023_2024_2025,2026|Rounds 1-2|2026-05-28|DN SOOPers|Nongshim RedForce,2026-05-28 08:03:36,DN SOOPers,Nongshim RedForce,3,0,0.4875742197036743,0.4917154014110565
all13_2023_2024_2025,2026|Rounds 1-2|2026-05-28|KT Rolster|T1,2026-05-28 11:03:41,KT Rolster,T1,3,0,0.4718620181083679,0.48123252391815186
all13_2023_2024_2025,2026|Rounds 1-2|2026-05-29|Dplus Kia|Kiwoom DRX,2026-05-29 08:09:08,Dplus Kia,Kiwoom DRX,3,1,0.4730258584022522,0.48200950026512146
all13_2023_2024_2025,2026|Rounds 1-2|2026-05-29|Gen.G|HANJIN BRION,2026-05-29 11:07:01,Gen.G,HANJIN BRION,3,1,0.5595203638076782,0.5397640466690063
all13_2023_2024_2025,2026|Rounds 1-2|2026-05-30|DN SOOPers|KT Rolster,2026-05-30 08:05:58,DN SOOPers,KT Rolster,3,0,0.4880269169807434,0.49201729893684387
all13_2023_2024_2025,2026|Rounds 1-2|2026-05-30|BNK FEARX|T1,2026-05-30 10:20:58,BNK FEARX,T1,3,0,0.4574562907218933,0.4716069996356964
all13_2023_2024_2025,2026|Rounds 1-2|2026-05-31|HANJIN BRION|Hanwha Life Esports,2026-05-31 08:06:48,HANJIN BRION,Hanwha Life Esports,3,0,0.46457159519195557,0.4763634502887726
all13_2023_2024_2025,2026|Rounds 1-2|2026-05-31|Dplus Kia|Nongshim RedForce,2026-05-31 10:17:32,Dplus Kia,Nongshim RedForce,3,1,0.5112012624740601,0.507468044757843
all13_2023_2024_2025,2026|Rounds 1-2|2026-06-06|Dplus Kia|HANJIN BRION,2026-06-06 08:12:31,Dplus Kia,HANJIN BRION,5,1,0.5703575015068054,0.5376663208007812
all13_2023_2024_2025,2026|Rounds 1-2|2026-06-07|Dplus Kia|KT Rolster,2026-06-07 08:09:33,Dplus Kia,KT Rolster,5,0,0.5677571296691895,0.5362641215324402
all13_2023_2024_2025,2026|Rounds 1-2|2026-06-12|Hanwha Life Esports|T1,2026-06-12 08:25:00,Hanwha Life Esports,T1,5,1,0.45231369137763977,0.4745232164859772
all13_2023_2024_2025,2026|Rounds 1-2|2026-06-13|Gen.G|KT Rolster,2026-06-13 06:22:36,Gen.G,KT Rolster,5,1,0.5696312189102173,0.5372745394706726
all13_2023_2024_2025,2026|Rounds 1-2|2026-06-14|Gen.G|T1,2026-06-14 06:27:21,Gen.G,T1,5,0,0.5433189868927002,0.5231364369392395
all13_2023_2024_2025,2026|Rounds 3-4|2026-07-29|Kiwoom DRX|Nongshim RedForce,2026-07-29 08:05:41,Kiwoom DRX,Nongshim RedForce,3,0,0.5084813833236694,0.505654513835907
all13_2023_2024_2025,2026|Rounds 3-4|2026-07-29|KT Rolster|T1,2026-07-29 10:14:12,KT Rolster,T1,3,1,0.4976435899734497,0.4984290301799774
all13_2023_2024_2025,2026|Rounds 3-4|2026-07-30|BNK FEARX|DN SOOPers,2026-07-30 08:07:12,BNK FEARX,DN SOOPers,3,1,0.5032145977020264,0.5021430850028992
all13_2023_2024_2025,2026|Rounds 3-4|2026-07-30|Dplus Kia|Hanwha Life Esports,2026-07-30 10:17:39,Dplus Kia,Hanwha Life Esports,3,1,0.48198533058166504,0.4879879057407379
all13_2023_2024_2025,2026|Rounds 3-4|2026-07-31|Gen.G|T1,2026-07-31 08:15:35,Gen.G,T1,3,0,0.5159796476364136,0.5106547474861145
all13_2023_2024_2025,2026|Rounds 3-4|2026-07-31|HANJIN BRION|Kiwoom DRX,2026-07-31 10:28:31,HANJIN BRION,Kiwoom DRX,3,0,0.4879845380783081,0.49198898673057556
all13_2023_2024_2025,2026|Rounds 3-4|2026-08-01|BNK FEARX|Nongshim RedForce,2026-08-01 08:05:28,BNK FEARX,Nongshim RedForce,3,0,0.4951402544975281,0.49676012992858887
all13_2023_2024_2025,2026|Rounds 3-4|2026-08-02|DN SOOPers|HANJIN BRION,2026-08-02 08:07:10,DN SOOPers,HANJIN BRION,3,1,0.5090895891189575,0.5060600638389587
all13_2023_2024_2025,2026|Rounds 3-4|2026-08-02|Hanwha Life Esports|KT Rolster,2026-08-02 11:27:57,Hanwha Life Esports,KT Rolster,3,0,0.512586236000061,0.5083915591239929
all13_2023_2024_2025,2026|Rounds 3-4|2026-08-05|HANJIN BRION|Nongshim RedForce,2026-08-05 08:04:53,HANJIN BRION,Nongshim RedForce,3,1,0.43519675731658936,0.4566895067691803
all13_2023_2024_2025,2026|Rounds 3-4|2026-08-05|Gen.G|Hanwha Life Esports,2026-08-05 11:19:04,Gen.G,Hanwha Life Esports,3,1,0.49206429719924927,0.4947093427181244
all13_2023_2024_2025,2026|Rounds 3-4|2026-08-06|DN SOOPers|Kiwoom DRX,2026-08-06 08:07:39,DN SOOPers,Kiwoom DRX,3,0,0.495255708694458,0.4968371093273163
all13_2023_2024_2025,2026|Rounds 3-4|2026-08-06|Dplus Kia|T1,2026-08-06 10:15:34,Dplus Kia,T1,3,0,0.49403226375579834,0.49602141976356506
all13_2023_2024_2025,2026|Rounds 3-4|2026-08-07|Gen.G|KT Rolster,2026-08-07 08:07:40,Gen.G,KT Rolster,3,1,0.4791888892650604,0.48612236976623535
all13_2023_2024_2025,2026|Rounds 3-4|2026-08-07|BNK FEARX|HANJIN BRION,2026-08-07 10:11:30,BNK FEARX,HANJIN BRION,3,0,0.5051522850990295,0.5034348964691162
all13_2023_2024_2025,2026|Rounds 3-4|2026-08-08|Hanwha Life Esports|T1,2026-08-08 08:08:11,Hanwha Life Esports,T1,3,1,0.4866805076599121,0.4911194145679474
all13_2023_2024_2025,2026|Rounds 3-4|2026-08-08|DN SOOPers|Nongshim RedForce,2026-08-08 11:16:34,DN SOOPers,Nongshim RedForce,3,1,0.49300217628479004,0.495334655046463
all13_2023_2024_2025,2026|Rounds 3-4|2026-08-09|Dplus Kia|KT Rolster,2026-08-09 08:07:07,Dplus Kia,KT Rolster,3,1,0.49163395166397095,0.49442240595817566
all13_2023_2024_2025,2026|Rounds 3-4|2026-08-09|BNK FEARX|Kiwoom DRX,2026-08-09 11:01:09,BNK FEARX,Kiwoom DRX,3,1,0.4540390372276306,0.4693208932876587
all13_2023_2024_2025,2026|Rounds 3-4|2026-08-12|DN SOOPers|Nongshim RedForce,2026-08-12 08:07:18,DN SOOPers,Nongshim RedForce,3,1,0.4915529191493988,0.49436840415000916
all13_2023_2024_2025,2026|Rounds 3-4|2026-08-12|Dplus Kia|KT Rolster,2026-08-12 11:02:08,Dplus Kia,KT Rolster,3,1,0.5077913403511047,0.5051944255828857
all13_2023_2024_2025,2026|Rounds 3-4|2026-08-13|BNK FEARX|Kiwoom DRX,2026-08-13 08:06:50,BNK FEARX,Kiwoom DRX,3,1,0.4714723229408264,0.48097237944602966
all13_2023_2024_2025,2026|Rounds 3-4|2026-08-13|Gen.G|Hanwha Life Esports,2026-08-13 11:04:48,Gen.G,Hanwha Life Esports,3,1,0.5267758965492249,0.5178582072257996
all13_2023_2024_2025,2026|Rounds 3-4|2026-08-14|Dplus Kia|T1,2026-08-14 08:08:00,Dplus Kia,T1,3,1,0.52092444896698,0.5139532089233398
all13_2023_2024_2025,2026|Rounds 3-4|2026-08-14|HANJIN BRION|Nongshim RedForce,2026-08-14 11:28:48,HANJIN BRION,Nongshim RedForce,3,0,0.5195624828338623,0.5130445957183838
all13_2023_2024_2025,2026|Rounds 3-4|2026-08-15|Hanwha Life Esports|KT Rolster,2026-08-15 08:08:03,Hanwha Life Esports,KT Rolster,3,1,0.5089477300643921,0.5059654116630554
all13_2023_2024_2025,2026|Rounds 3-4|2026-08-15|BNK FEARX|DN SOOPers,2026-08-15 11:08:43,BNK FEARX,DN SOOPers,3,0,0.5134743452072144,0.508983850479126
all13_2023_2024_2025,2026|Rounds 3-4|2026-08-16|Gen.G|T1,2026-08-16 08:07:26,Gen.G,T1,3,1,0.5419937968254089,0.528025209903717
all13_2023_2024_2025,2026|Rounds 3-4|2026-08-16|HANJIN BRION|Kiwoom DRX,2026-08-16 10:44:01,HANJIN BRION,Kiwoom DRX,3,1,0.5242875814437866,0.5161974430084229
all13_2023_2024_2025,2026|Rounds 3-4|2026-08-19|Gen.G|KT Rolster,2026-08-19 08:05:49,Gen.G,KT Rolster,3,1,0.5528560876846313,0.5352960228919983
all13_2023_2024_2025,2026|Rounds 3-4|2026-08-19|DN SOOPers|HANJIN BRION,2026-08-19 11:22:14,DN SOOPers,HANJIN BRION,3,0,0.5265771150588989,0.5177254676818848
all13_2023_2024_2025,2026|Rounds 3-4|2026-08-20|Dplus Kia|Hanwha Life Esports,2026-08-20 08:07:41,Dplus Kia,Hanwha Life Esports,3,0,0.5096732378005981,0.5064491629600525
all13_2023_2024_2025,2026|Rounds 3-4|2026-08-20|Kiwoom DRX|Nongshim RedForce,2026-08-20 10:33:18,Kiwoom DRX,Nongshim RedForce,3,0,0.45248621702194214,0.4682815968990326
all13_2023_2024_2025,2026|Rounds 3-4|2026-08-21|BNK FEARX|HANJIN BRION,2026-08-21 08:07:26,BNK FEARX,HANJIN BRION,3,1,0.47232356667518616,0.48154065012931824
all13_2023_2024_2025,2026|Rounds 3-4|2026-08-21|KT Rolster|T1,2026-08-21 11:24:11,KT Rolster,T1,3,0,0.5027428865432739,0.5018286108970642
all13_2023_2024_2025,2026|Rounds 3-4|2026-08-22|Dplus Kia|Gen.G,2026-08-22 08:08:17,Dplus Kia,Gen.G,3,1,0.47697046399116516,0.4846421778202057
all13_2023_2024_2025,2026|Rounds 3-4|2026-08-22|DN SOOPers|Kiwoom DRX,2026-08-22 11:31:02,DN SOOPers,Kiwoom DRX,3,1,0.5131517648696899,0.5087687373161316
all13_2023_2024_2025,2026|Rounds 3-4|2026-08-23|Hanwha Life Esports|T1,2026-08-23 08:07:42,Hanwha Life Esports,T1,3,1,0.526337742805481,0.5175657272338867
all13_2023_2024_2025,2026|Rounds 3-4|2026-08-23|BNK FEARX|Nongshim RedForce,2026-08-23 10:20:23,BNK FEARX,Nongshim RedForce,3,0,0.47485214471817017,0.483228474855423
all13_2023_2024_2025,2026|Rounds 3-4|2026-08-26|HANJIN BRION|KT Rolster,2026-08-26 08:08:21,HANJIN BRION,KT Rolster,5,0,0.5117104053497314,0.5062461495399475
all13_2023_2024_2025,2026|Rounds 3-4|2026-08-27|BNK FEARX|Nongshim RedForce,2026-08-27 08:07:15,BNK FEARX,Nongshim RedForce,5,1,0.45392999053001404,0.4753895699977875
all13_2023_2024_2025,2026|Rounds 3-4|2026-08-28|BNK FEARX|HANJIN BRION,2026-08-28 08:06:46,BNK FEARX,HANJIN BRION,5,1,0.5095559358596802,0.5050968527793884
all13_2023_2024_2025,2026|Rounds 3-4|2026-08-29|BNK FEARX|T1,2026-08-29 08:07:39,BNK FEARX,T1,5,0,0.5319438576698303,0.5170499682426453
all13_2023_2024_2025,2026|Rounds 3-4|2026-08-30|Dplus Kia|KT Rolster,2026-08-30 08:10:04,Dplus Kia,KT Rolster,5,0,0.47671496868133545,0.4875762164592743
all13_2023_2024_2025,2026|Rounds 3-4|2026-09-01|Gen.G|KT Rolster,2026-09-01 08:11:13,Gen.G,KT Rolster,5,1,0.4607779383659363,0.47905707359313965
all13_2023_2024_2025,2026|Rounds 3-4|2026-09-02|Hanwha Life Esports|T1,2026-09-02 08:11:08,Hanwha Life Esports,T1,5,1,0.5383727550506592,0.5204883813858032
all13_2023_2024_2025,2026|Rounds 3-4|2026-09-03|BNK FEARX|Dplus Kia,2026-09-03 08:07:55,BNK FEARX,Dplus Kia,5,0,0.46489372849464417,0.4812591075897217
all13_2023_2024_2025,2026|Rounds 3-4|2026-09-04|Dplus Kia|KT Rolster,2026-09-04 08:07:52,Dplus Kia,KT Rolster,5,1,0.5188395380973816,0.5100504755973816
all13_2023_2024_2025,2026|Rounds 3-4|2026-09-05|Gen.G|Hanwha Life Esports,2026-09-05 08:08:15,Gen.G,Hanwha Life Esports,5,1,0.49367982149124146,0.49662914872169495
all13_2023_2024_2025,2026|Rounds 3-4|2026-09-06|Dplus Kia|T1,2026-09-06 08:09:36,Dplus Kia,T1,5,0,0.5543990135192871,0.5290783047676086
all13_2023_2024_2025,2026|Rounds 3-4|2026-09-12|Hanwha Life Esports|T1,2026-09-12 05:21:16,Hanwha Life Esports,T1,5,1,0.4910326302051544,0.49521711468696594
reduced_2025,2026|Cup|2026-01-14|DN SOOPers|KT Rolster,2026-01-14 08:13:43,DN SOOPers,KT Rolster,3,0,0.4920293092727661,0.4946860074996948
reduced_2025,2026|Cup|2026-01-14|Dplus Kia|HANJIN BRION,2026-01-14 11:22:18,Dplus Kia,HANJIN BRION,3,1,0.5284383296966553,0.5189679861068726
reduced_2025,2026|Cup|2026-01-15|Gen.G|Kiwoom DRX,2026-01-15 08:05:23,Gen.G,Kiwoom DRX,3,1,0.6137320399284363,0.5764163136482239
reduced_2025,2026|Cup|2026-01-15|BNK FEARX|Nongshim RedForce,2026-01-15 10:15:24,BNK FEARX,Nongshim RedForce,3,1,0.505717933177948,0.5038120150566101
reduced_2025,2026|Cup|2026-01-16|DN SOOPers|Dplus Kia,2026-01-16 08:05:40,DN SOOPers,Dplus Kia,3,0,0.4284835755825043,0.452176570892334
reduced_2025,2026|Cup|2026-01-16|Hanwha Life Esports|T1,2026-01-16 10:08:16,Hanwha Life Esports,T1,3,0,0.5428228378295898,0.5285797119140625
reduced_2025,2026|Cup|2026-01-17|BNK FEARX|HANJIN BRION,2026-01-17 08:05:53,BNK FEARX,HANJIN BRION,3,1,0.5720897912979126,0.5482091903686523
reduced_2025,2026|Cup|2026-01-17|Gen.G|KT Rolster,2026-01-17 11:10:45,Gen.G,KT Rolster,3,1,0.5989134311676025,0.5663313865661621
reduced_2025,2026|Cup|2026-01-18|Hanwha Life Esports|Nongshim RedForce,2026-01-18 08:05:24,Hanwha Life Esports,Nongshim RedForce,3,0,0.5313456058502197,0.5209092497825623
reduced_2025,2026|Cup|2026-01-18|Kiwoom DRX|T1,2026-01-18 10:20:18,Kiwoom DRX,T1,3,0,0.44362401962280273,0.46234479546546936
reduced_2025,2026|Cup|2026-01-21|Dplus Kia|Nongshim RedForce,2026-01-21 08:05:24,Dplus Kia,Nongshim RedForce,3,1,0.5823707580566406,0.5551373362541199
reduced_2025,2026|Cup|2026-01-21|DN SOOPers|Kiwoom DRX,2026-01-21 11:14:52,DN SOOPers,Kiwoom DRX,3,1,0.48799818754196167,0.4919981062412262
reduced_2025,2026|Cup|2026-01-22|HANJIN BRION|Hanwha Life Esports,2026-01-22 08:05:25,HANJIN BRION,Hanwha Life Esports,3,0,0.5002201795578003,0.500146746635437
reduced_2025,2026|Cup|2026-01-22|BNK FEARX|Gen.G,2026-01-22 11:14:53,BNK FEARX,Gen.G,3,0,0.43494510650634766,0.4565204679965973
reduced_2025,2026|Cup|2026-01-23|KT Rolster|T1,2026-01-23 08:04:55,KT Rolster,T1,3,0,0.3984428644180298,0.4318736493587494
reduced_2025,2026|Cup|2026-01-23|Kiwoom DRX|Nongshim RedForce,2026-01-23 10:33:19,Kiwoom DRX,Nongshim RedForce,3,1,0.46968984603881836,0.47978222370147705
reduced_2025,2026|Cup|2026-01-24|DN SOOPers|Hanwha Life Esports,2026-01-24 08:04:56,DN SOOPers,Hanwha Life Esports,3,0,0.4699200987815857,0.47993597388267517
reduced_2025,2026|Cup|2026-01-24|Dplus Kia|Gen.G,2026-01-24 11:24:48,Dplus Kia,Gen.G,3,0,0.44304367899894714,0.4619556963443756
reduced_2025,2026|Cup|2026-01-25|BNK FEARX|T1,2026-01-25 08:05:39,BNK FEARX,T1,3,0,0.45779097080230713,0.4718308448791504
reduced_2025,2026|Cup|2026-01-25|HANJIN BRION|KT Rolster,2026-01-25 11:28:02,HANJIN BRION,KT Rolster,3,0,0.54069584608078,0.5271572470664978
reduced_2025,2026|Cup|2026-01-28|HANJIN BRION|Kiwoom DRX,2026-01-28 08:04:54,HANJIN BRION,Kiwoom DRX,5,0,0.5065531730651855,0.5034950971603394
reduced_2025,2026|Cup|2026-01-29|BNK FEARX|DN SOOPers,2026-01-29 08:07:19,BNK FEARX,DN SOOPers,5,1,0.43850740790367126,0.46710923314094543
reduced_2025,2026|Cup|2026-01-30|KT Rolster|Nongshim RedForce,2026-01-30 08:05:48,KT Rolster,Nongshim RedForce,5,0,0.46186569333076477,0.4796392023563385
reduced_2025,2026|Cup|2026-01-31|Dplus Kia|T1,2026-01-31 08:17:53,Dplus Kia,T1,5,0,0.4375098645687103,0.46657243371009827
reduced_2025,2026|Cup|2026-02-01|Gen.G|Hanwha Life Esports,2026-02-01 08:08:08,Gen.G,Hanwha Life Esports,5,1,0.5756116509437561,0.5405030250549316
reduced_2025,2026|Cup|2026-02-06|HANJIN BRION|Kiwoom DRX,2026-02-06 08:05:10,HANJIN BRION,Kiwoom DRX,3,0,0.5024845600128174,0.5016563534736633
reduced_2025,2026|Cup|2026-02-06|DN SOOPers|KT Rolster,2026-02-06 10:59:51,DN SOOPers,KT Rolster,3,1,0.4852334260940552,0.49015435576438904
reduced_2025,2026|Cup|2026-02-07|Dplus Kia|Kiwoom DRX,2026-02-07 08:07:00,Dplus Kia,Kiwoom DRX,3,1,0.3766648769378662,0.41701456904411316
reduced_2025,2026|Cup|2026-02-07|DN SOOPers|Nongshim RedForce,2026-02-07 10:09:22,DN SOOPers,Nongshim RedForce,3,1,0.47459733486175537,0.4830584228038788
reduced_2025,2026|Cup|2026-02-08|Kiwoom DRX|Nongshim RedForce,2026-02-08 08:06:06,Kiwoom DRX,Nongshim RedForce,5,1,0.4689909815788269,0.483449786901474
reduced_2025,2026|Cup|2026-02-12|BNK FEARX|DN SOOPers,2026-02-12 08:04:05,BNK FEARX,DN SOOPers,5,1,0.5128877758979797,0.5068743824958801
reduced_2025,2026|Cup|2026-02-13|Dplus Kia|Kiwoom DRX,2026-02-13 08:06:47,Dplus Kia,Kiwoom DRX,5,1,0.5024067759513855,0.501283586025238
reduced_2025,2026|Cup|2026-02-14|Dplus Kia|Gen.G,2026-02-14 08:07:25,Dplus Kia,Gen.G,5,0,0.45708781480789185,0.47708144783973694
reduced_2025,2026|Cup|2026-02-15|BNK FEARX|T1,2026-02-15 08:05:24,BNK FEARX,T1,5,1,0.4915553629398346,0.4954959452152252
reduced_2025,2026|Cup|2026-02-19|DN SOOPers|Kiwoom DRX,2026-02-19 08:06:05,DN SOOPers,Kiwoom DRX,5,1,0.5069090127944946,0.5036849975585938
reduced_2025,2026|Cup|2026-02-20|DN SOOPers|Dplus Kia,2026-02-20 08:06:25,DN SOOPers,Dplus Kia,5,0,0.5519394278526306,0.5277580618858337
reduced_2025,2026|Cup|2026-02-21|BNK FEARX|Gen.G,2026-02-21 08:08:52,BNK FEARX,Gen.G,5,0,0.5244206190109253,0.5130302309989929
reduced_2025,2026|Cup|2026-02-22|Dplus Kia|T1,2026-02-22 08:08:41,Dplus Kia,T1,5,1,0.5482503175735474,0.5257791876792908
reduced_2025,2026|Cup|2026-02-28|BNK FEARX|Dplus Kia,2026-02-28 08:23:00,BNK FEARX,Dplus Kia,5,1,0.5048316717147827,0.5025768876075745
reduced_2025,2026|Cup|2026-03-01|BNK FEARX|Gen.G,2026-03-01 08:22:46,BNK FEARX,Gen.G,5,0,0.515138566493988,0.5080752968788147
reduced_2025,2026|Rounds 1-2|2026-04-01|HANJIN BRION|Hanwha Life Esports,2026-04-01 08:11:43,HANJIN BRION,Hanwha Life Esports,3,0,0.48566707968711853,0.49044355750083923
reduced_2025,2026|Rounds 1-2|2026-04-01|KT Rolster|T1,2026-04-01 10:23:34,KT Rolster,T1,3,1,0.48979687690734863,0.4931975305080414
reduced_2025,2026|Rounds 1-2|2026-04-02|Dplus Kia|Nongshim RedForce,2026-04-02 08:08:29,Dplus Kia,Nongshim RedForce,3,0,0.5180768370628357,0.5120535492897034
reduced_2025,2026|Rounds 1-2|2026-04-02|DN SOOPers|Kiwoom DRX,2026-04-02 10:15:16,DN SOOPers,Kiwoom DRX,3,1,0.5226253867149353,0.5150881409645081
reduced_2025,2026|Rounds 1-2|2026-04-03|Gen.G|KT Rolster,2026-04-03 08:10:24,Gen.G,KT Rolster,3,0,0.5790667533874512,0.5529085993766785
reduced_2025,2026|Rounds 1-2|2026-04-03|BNK FEARX|HANJIN BRION,2026-04-03 11:10:37,BNK FEARX,HANJIN BRION,3,0,0.5240193009376526,0.5160183310508728
reduced_2025,2026|Rounds 1-2|2026-04-04|Hanwha Life Esports|T1,2026-04-04 08:08:38,Hanwha Life Esports,T1,3,0,0.5414908528327942,0.5276889204978943
reduced_2025,2026|Rounds 1-2|2026-04-04|Dplus Kia|Kiwoom DRX,2026-04-04 10:30:33,Dplus Kia,Kiwoom DRX,3,1,0.4879080057144165,0.4919379651546478
reduced_2025,2026|Rounds 1-2|2026-04-05|DN SOOPers|Nongshim RedForce,2026-04-05 08:10:33,DN SOOPers,Nongshim RedForce,3,0,0.4995446801185608,0.4996964633464813
reduced_2025,2026|Rounds 1-2|2026-04-05|BNK FEARX|Gen.G,2026-04-05 10:22:53,BNK FEARX,Gen.G,3,0,0.41794461011886597,0.44507551193237305
reduced_2025,2026|Rounds 1-2|2026-04-08|Dplus Kia|Hanwha Life Esports,2026-04-08 08:06:29,Dplus Kia,Hanwha Life Esports,3,0,0.47403764724731445,0.482684850692749
reduced_2025,2026|Rounds 1-2|2026-04-08|Gen.G|T1,2026-04-08 10:19:02,Gen.G,T1,3,1,0.5669522285461426,0.5447543263435364
reduced_2025,2026|Rounds 1-2|2026-04-09|HANJIN BRION|Kiwoom DRX,2026-04-09 08:06:21,HANJIN BRION,Kiwoom DRX,3,0,0.5325384140014648,0.5217059254646301
reduced_2025,2026|Rounds 1-2|2026-04-09|KT Rolster|Nongshim RedForce,2026-04-09 11:25:00,KT Rolster,Nongshim RedForce,3,1,0.4485410451889038,0.46563994884490967
reduced_2025,2026|Rounds 1-2|2026-04-10|DN SOOPers|T1,2026-04-10 08:09:34,DN SOOPers,T1,3,0,0.5130332708358765,0.5086897015571594
reduced_2025,2026|Rounds 1-2|2026-04-10|BNK FEARX|Hanwha Life Esports,2026-04-10 10:10:47,BNK FEARX,Hanwha Life Esports,3,0,0.4148772060871124,0.4430046081542969
reduced_2025,2026|Rounds 1-2|2026-04-11|Kiwoom DRX|Nongshim RedForce,2026-04-11 08:06:17,Kiwoom DRX,Nongshim RedForce,3,1,0.4229748249053955,0.4484674036502838
reduced_2025,2026|Rounds 1-2|2026-04-11|Dplus Kia|Gen.G,2026-04-11 10:14:53,Dplus Kia,Gen.G,3,1,0.40017518401145935,0.4330500066280365
reduced_2025,2026|Rounds 1-2|2026-04-12|BNK FEARX|DN SOOPers,2026-04-12 08:05:05,BNK FEARX,DN SOOPers,3,1,0.4937806725502014,0.4958536922931671
reduced_2025,2026|Rounds 1-2|2026-04-12|HANJIN BRION|KT Rolster,2026-04-12 10:09:24,HANJIN BRION,KT Rolster,3,0,0.49281227588653564,0.4952080547809601
reduced_2025,2026|Rounds 1-2|2026-04-15|BNK FEARX|Nongshim RedForce,2026-04-15 08:04:27,BNK FEARX,Nongshim RedForce,3,0,0.5741162300109863,0.5495732426643372
reduced_2025,2026|Rounds 1-2|2026-04-15|Dplus Kia|KT Rolster,2026-04-15 10:10:22,Dplus Kia,KT Rolster,3,0,0.41715866327285767,0.44454503059387207
reduced_2025,2026|Rounds 1-2|2026-04-16|Gen.G|HANJIN BRION,2026-04-16 08:07:45,Gen.G,HANJIN BRION,3,1,0.5822315216064453,0.5550433993339539
reduced_2025,2026|Rounds 1-2|2026-04-16|DN SOOPers|Hanwha Life Esports,2026-04-16 10:19:53,DN SOOPers,Hanwha Life Esports,3,0,0.38440626859664917,0.42231234908103943
reduced_2025,2026|Rounds 1-2|2026-04-17|BNK FEARX|Kiwoom DRX,2026-04-17 08:09:20,BNK FEARX,Kiwoom DRX,3,1,0.4604133069515228,0.47358429431915283
reduced_2025,2026|Rounds 1-2|2026-04-17|Dplus Kia|T1,2026-04-17 10:18:08,Dplus Kia,T1,3,1,0.496880441904068,0.49792027473449707
reduced_2025,2026|Rounds 1-2|2026-04-18|Gen.G|Hanwha Life Esports,2026-04-18 08:07:24,Gen.G,Hanwha Life Esports,3,0,0.4616466164588928,0.47440871596336365
reduced_2025,2026|Rounds 1-2|2026-04-18|DN SOOPers|KT Rolster,2026-04-18 10:19:42,DN SOOPers,KT Rolster,3,0,0.38439372181892395,0.4223037660121918
reduced_2025,2026|Rounds 1-2|2026-04-19|HANJIN BRION|Nongshim RedForce,2026-04-19 08:06:04,HANJIN BRION,Nongshim RedForce,3,0,0.44561123847961426,0.46367692947387695
reduced_2025,2026|Rounds 1-2|2026-04-19|Kiwoom DRX|T1,2026-04-19 11:23:50,Kiwoom DRX,T1,3,0,0.4724470376968384,0.4816230833530426
reduced_2025,2026|Rounds 1-2|2026-04-22|KT Rolster|Kiwoom DRX,2026-04-22 08:04:37,KT Rolster,Kiwoom DRX,3,1,0.5992597341537476,0.5665664076805115
reduced_2025,2026|Rounds 1-2|2026-04-22|Hanwha Life Esports|Nongshim RedForce,2026-04-22 10:16:00,Hanwha Life Esports,Nongshim RedForce,3,1,0.5548850297927856,0.5366557240486145
reduced_2025,2026|Rounds 1-2|2026-04-23|Dplus Kia|HANJIN BRION,2026-04-23 08:05:27,Dplus Kia,HANJIN BRION,3,1,0.5211700201034546,0.5141170620918274
reduced_2025,2026|Rounds 1-2|2026-04-23|DN SOOPers|Gen.G,2026-04-23 10:15:14,DN SOOPers,Gen.G,3,0,0.43879711627960205,0.4591069221496582
reduced_2025,2026|Rounds 1-2|2026-04-24|BNK FEARX|KT Rolster,2026-04-24 08:07:08,BNK FEARX,KT Rolster,3,0,0.4245113730430603,0.449502557516098
reduced_2025,2026|Rounds 1-2|2026-04-24|Hanwha Life Esports|Kiwoom DRX,2026-04-24 10:32:53,Hanwha Life Esports,Kiwoom DRX,3,1,0.6251935362815857,0.5842599272727966
reduced_2025,2026|Rounds 1-2|2026-04-25|HANJIN BRION|T1,2026-04-25 08:07:29,HANJIN BRION,T1,3,0,0.43829768896102905,0.4587717056274414
reduced_2025,2026|Rounds 1-2|2026-04-25|DN SOOPers|Dplus Kia,2026-04-25 10:52:42,DN SOOPers,Dplus Kia,3,0,0.3956872522830963,0.4300008714199066
reduced_2025,2026|Rounds 1-2|2026-04-26|BNK FEARX|T1,2026-04-26 08:06:17,BNK FEARX,T1,3,0,0.43928632140159607,0.45943519473075867
reduced_2025,2026|Rounds 1-2|2026-04-26|Gen.G|Nongshim RedForce,2026-04-26 10:15:14,Gen.G,Nongshim RedForce,3,1,0.5286917686462402,0.5191371440887451
reduced_2025,2026|Rounds 1-2|2026-04-29|Nongshim RedForce|T1,2026-04-29 08:05:12,Nongshim RedForce,T1,3,0,0.3899160623550415,0.42607197165489197
reduced_2025,2026|Rounds 1-2|2026-04-29|Hanwha Life Esports|KT Rolster,2026-04-29 10:15:19,Hanwha Life Esports,KT Rolster,3,1,0.4415297508239746,0.4609403610229492
reduced_2025,2026|Rounds 1-2|2026-04-30|Gen.G|Kiwoom DRX,2026-04-30 08:06:44,Gen.G,Kiwoom DRX,3,1,0.6340214014053345,0.5903303623199463
reduced_2025,2026|Rounds 1-2|2026-04-30|BNK FEARX|Dplus Kia,2026-04-30 11:13:48,BNK FEARX,Dplus Kia,3,0,0.391618549823761,0.42723193764686584
reduced_2025,2026|Rounds 1-2|2026-05-01|DN SOOPers|HANJIN BRION,2026-05-01 08:06:11,DN SOOPers,HANJIN BRION,3,0,0.49784213304519653,0.49856141209602356
reduced_2025,2026|Rounds 1-2|2026-05-01|Hanwha Life Esports|T1,2026-05-01 10:22:34,Hanwha Life Esports,T1,3,1,0.48352116346359253,0.48901233077049255
reduced_2025,2026|Rounds 1-2|2026-05-02|Dplus Kia|Gen.G,2026-05-02 08:06:29,Dplus Kia,Gen.G,3,0,0.48956331610679626,0.4930417537689209
reduced_2025,2026|Rounds 1-2|2026-05-02|Kiwoom DRX|Nongshim RedForce,2026-05-02 11:03:54,Kiwoom DRX,Nongshim RedForce,3,1,0.5031532645225525,0.5021021962165833
reduced_2025,2026|Rounds 1-2|2026-05-03|HANJIN BRION|KT Rolster,2026-05-03 08:05:43,HANJIN BRION,KT Rolster,3,1,0.4480937123298645,0.4653402864933014
reduced_2025,2026|Rounds 1-2|2026-05-03|BNK FEARX|DN SOOPers,2026-05-03 10:24:27,BNK FEARX,DN SOOPers,3,1,0.496930867433548,0.4979538917541504
reduced_2025,2026|Rounds 1-2|2026-05-06|Gen.G|Nongshim RedForce,2026-05-06 08:06:15,Gen.G,Nongshim RedForce,3,1,0.5826115608215332,0.5552998185157776
reduced_2025,2026|Rounds 1-2|2026-05-06|DN SOOPers|Hanwha Life Esports,2026-05-06 10:34:43,DN SOOPers,Hanwha Life Esports,3,0,0.38909581303596497,0.42551282048225403
reduced_2025,2026|Rounds 1-2|2026-05-07|Dplus Kia|KT Rolster,2026-05-07 08:07:34,Dplus Kia,KT Rolster,3,0,0.5272892713546753,0.5182008743286133
reduced_2025,2026|Rounds 1-2|2026-05-07|BNK FEARX|HANJIN BRION,2026-05-07 10:30:17,BNK FEARX,HANJIN BRION,3,0,0.4457133412361145,0.4637453556060791
reduced_2025,2026|Rounds 1-2|2026-05-08|DN SOOPers|T1,2026-05-08 08:05:48,DN SOOPers,T1,3,0,0.39653369784355164,0.4305763244628906
reduced_2025,2026|Rounds 1-2|2026-05-08|Gen.G|Kiwoom DRX,2026-05-08 10:40:52,Gen.G,Kiwoom DRX,3,1,0.5303486585617065,0.5202434659004211
reduced_2025,2026|Rounds 1-2|2026-05-09|BNK FEARX|KT Rolster,2026-05-09 08:06:41,BNK FEARX,KT Rolster,3,1,0.5276975631713867,0.5184734463691711
reduced_2025,2026|Rounds 1-2|2026-05-09|HANJIN BRION|Nongshim RedForce,2026-05-09 10:15:45,HANJIN BRION,Nongshim RedForce,3,1,0.6115179061889648,0.5749056935310364
reduced_2025,2026|Rounds 1-2|2026-05-10|Dplus Kia|T1,2026-05-10 08:09:29,Dplus Kia,T1,3,0,0.41224491596221924,0.44122588634490967
reduced_2025,2026|Rounds 1-2|2026-05-10|Hanwha Life Esports|Kiwoom DRX,2026-05-10 10:31:52,Hanwha Life Esports,Kiwoom DRX,3,1,0.5560421943664551,0.5374314188957214
reduced_2025,2026|Rounds 1-2|2026-05-13|Nongshim RedForce|T1,2026-05-13 08:06:21,Nongshim RedForce,T1,3,0,0.4102313220500946,0.43986427783966064
reduced_2025,2026|Rounds 1-2|2026-05-13|DN SOOPers|Dplus Kia,2026-05-13 10:12:11,DN SOOPers,Dplus Kia,3,0,0.48878762125968933,0.49252453446388245
reduced_2025,2026|Rounds 1-2|2026-05-14|BNK FEARX|Gen.G,2026-05-14 08:07:03,BNK FEARX,Gen.G,3,0,0.45071476697921753,0.46709564328193665
reduced_2025,2026|Rounds 1-2|2026-05-14|KT Rolster|Kiwoom DRX,2026-05-14 10:15:56,KT Rolster,Kiwoom DRX,3,1,0.5175835490226746,0.5117244720458984
reduced_2025,2026|Rounds 1-2|2026-05-15|Dplus Kia|Hanwha Life Esports,2026-05-15 08:07:51,Dplus Kia,Hanwha Life Esports,3,0,0.4530785083770752,0.4686780273914337
reduced_2025,2026|Rounds 1-2|2026-05-15|DN SOOPers|HANJIN BRION,2026-05-15 10:22:39,DN SOOPers,HANJIN BRION,3,0,0.3867868483066559,0.4239378273487091
reduced_2025,2026|Rounds 1-2|2026-05-16|Gen.G|T1,2026-05-16 08:05:55,Gen.G,T1,3,0,0.5215719938278198,0.5143852829933167
reduced_2025,2026|Rounds 1-2|2026-05-16|BNK FEARX|Nongshim RedForce,2026-05-16 11:30:05,BNK FEARX,Nongshim RedForce,3,1,0.5505437850952148,0.533747136592865
reduced_2025,2026|Rounds 1-2|2026-05-17|Hanwha Life Esports|KT Rolster,2026-05-17 08:05:58,Hanwha Life Esports,KT Rolster,3,0,0.5674696564674377,0.5451021194458008
reduced_2025,2026|Rounds 1-2|2026-05-17|HANJIN BRION|Kiwoom DRX,2026-05-17 11:06:33,HANJIN BRION,Kiwoom DRX,3,0,0.6193683743476868,0.5802684426307678
reduced_2025,2026|Rounds 1-2|2026-05-20|Kiwoom DRX|T1,2026-05-20 08:05:29,Kiwoom DRX,T1,3,0,0.44601184129714966,0.4639453887939453
reduced_2025,2026|Rounds 1-2|2026-05-20|KT Rolster|Nongshim RedForce,2026-05-20 11:01:11,KT Rolster,Nongshim RedForce,3,1,0.5457676649093628,0.5305497646331787
reduced_2025,2026|Rounds 1-2|2026-05-21|BNK FEARX|Hanwha Life Esports,2026-05-21 08:06:57,BNK FEARX,Hanwha Life Esports,3,0,0.5109454393386841,0.5072974562644958
reduced_2025,2026|Rounds 1-2|2026-05-21|Dplus Kia|HANJIN BRION,2026-05-21 10:22:05,Dplus Kia,HANJIN BRION,3,1,0.4619123637676239,0.4745863378047943
reduced_2025,2026|Rounds 1-2|2026-05-22|DN SOOPers|Kiwoom DRX,2026-05-22 08:06:39,DN SOOPers,Kiwoom DRX,3,0,0.441456139087677,0.4608909785747528
reduced_2025,2026|Rounds 1-2|2026-05-22|Gen.G|KT Rolster,2026-05-22 10:20:35,Gen.G,KT Rolster,3,1,0.5144248008728027,0.5096176862716675
reduced_2025,2026|Rounds 1-2|2026-05-23|BNK FEARX|Dplus Kia,2026-05-23 08:06:07,BNK FEARX,Dplus Kia,3,0,0.5144277811050415,0.5096197128295898
reduced_2025,2026|Rounds 1-2|2026-05-23|Hanwha Life Esports|Nongshim RedForce,2026-05-23 11:15:14,Hanwha Life Esports,Nongshim RedForce,3,1,0.5606167316436768,0.540499746799469
reduced_2025,2026|Rounds 1-2|2026-05-24|DN SOOPers|Gen.G,2026-05-24 08:06:42,DN SOOPers,Gen.G,3,0,0.409570574760437,0.4394172132015228
reduced_2025,2026|Rounds 1-2|2026-05-24|HANJIN BRION|T1,2026-05-24 10:10:10,HANJIN BRION,T1,3,0,0.4002709984779358,0.43311503529548645
reduced_2025,2026|Rounds 1-2|2026-05-27|Gen.G|Hanwha Life Esports,2026-05-27 08:06:37,Gen.G,Hanwha Life Esports,3,1,0.49787378311157227,0.49858251214027405
reduced_2025,2026|Rounds 1-2|2026-05-27|BNK FEARX|Kiwoom DRX,2026-05-27 11:17:26,BNK FEARX,Kiwoom DRX,3,1,0.45742252469062805,0.47158440947532654
reduced_2025,2026|Rounds 1-2|2026-05-28|DN SOOPers|Nongshim RedForce,2026-05-28 08:03:36,DN SOOPers,Nongshim RedForce,3,0,0.48375600576400757,0.4891689717769623
reduced_2025,2026|Rounds 1-2|2026-05-28|KT Rolster|T1,2026-05-28 11:03:41,KT Rolster,T1,3,0,0.4318823218345642,0.45446228981018066
reduced_2025,2026|Rounds 1-2|2026-05-29|Dplus Kia|Kiwoom DRX,2026-05-29 08:09:08,Dplus Kia,Kiwoom DRX,3,1,0.48439234495162964,0.48959341645240784
reduced_2025,2026|Rounds 1-2|2026-05-29|Gen.G|HANJIN BRION,2026-05-29 11:07:01,Gen.G,HANJIN BRION,3,1,0.6190979480743408,0.580083429813385
reduced_2025,2026|Rounds 1-2|2026-05-30|DN SOOPers|KT Rolster,2026-05-30 08:05:58,DN SOOPers,KT Rolster,3,0,0.5028661489486694,0.5019107460975647
reduced_2025,2026|Rounds 1-2|2026-05-30|BNK FEARX|T1,2026-05-30 10:20:58,BNK FEARX,T1,3,0,0.4564968943595886,0.47096529603004456
reduced_2025,2026|Rounds 1-2|2026-05-31|HANJIN BRION|Hanwha Life Esports,2026-05-31 08:06:48,HANJIN BRION,Hanwha Life Esports,3,0,0.4209652245044708,0.44711288809776306
reduced_2025,2026|Rounds 1-2|2026-05-31|Dplus Kia|Nongshim RedForce,2026-05-31 10:17:32,Dplus Kia,Nongshim RedForce,3,1,0.5300135612487793,0.5200197696685791
reduced_2025,2026|Rounds 1-2|2026-06-06|Dplus Kia|HANJIN BRION,2026-06-06 08:12:31,Dplus Kia,HANJIN BRION,5,1,0.6567748785018921,0.5852511525154114
reduced_2025,2026|Rounds 1-2|2026-06-07|Dplus Kia|KT Rolster,2026-06-07 08:09:33,Dplus Kia,KT Rolster,5,0,0.6474183797836304,0.5799767971038818
reduced_2025,2026|Rounds 1-2|2026-06-12|Hanwha Life Esports|T1,2026-06-12 08:25:00,Hanwha Life Esports,T1,5,1,0.4240119457244873,0.45929351449012756
reduced_2025,2026|Rounds 1-2|2026-06-13|Gen.G|KT Rolster,2026-06-13 06:22:36,Gen.G,KT Rolster,5,1,0.6287347078323364,0.5695504546165466
reduced_2025,2026|Rounds 1-2|2026-06-14|Gen.G|T1,2026-06-14 06:27:21,Gen.G,T1,5,0,0.5716261267662048,0.5383507609367371
reduced_2025,2026|Rounds 3-4|2026-07-29|Kiwoom DRX|Nongshim RedForce,2026-07-29 08:05:41,Kiwoom DRX,Nongshim RedForce,3,0,0.5091921091079712,0.5061283707618713
reduced_2025,2026|Rounds 3-4|2026-07-29|KT Rolster|T1,2026-07-29 10:14:12,KT Rolster,T1,3,1,0.45971930027008057,0.4731203019618988
reduced_2025,2026|Rounds 3-4|2026-07-30|BNK FEARX|DN SOOPers,2026-07-30 08:07:12,BNK FEARX,DN SOOPers,3,1,0.5375614166259766,0.5250619053840637
reduced_2025,2026|Rounds 3-4|2026-07-30|Dplus Kia|Hanwha Life Esports,2026-07-30 10:17:39,Dplus Kia,Hanwha Life Esports,3,1,0.47210127115249634,0.4813922345638275
reduced_2025,2026|Rounds 3-4|2026-07-31|Gen.G|T1,2026-07-31 08:15:35,Gen.G,T1,3,0,0.508083701133728,0.5053893327713013
reduced_2025,2026|Rounds 3-4|2026-07-31|HANJIN BRION|Kiwoom DRX,2026-07-31 10:28:31,HANJIN BRION,Kiwoom DRX,3,0,0.4795427918434143,0.48635849356651306
reduced_2025,2026|Rounds 3-4|2026-08-01|BNK FEARX|Nongshim RedForce,2026-08-01 08:05:28,BNK FEARX,Nongshim RedForce,3,0,0.519066333770752,0.512713611125946
reduced_2025,2026|Rounds 3-4|2026-08-02|DN SOOPers|HANJIN BRION,2026-08-02 08:07:10,DN SOOPers,HANJIN BRION,3,1,0.49285757541656494,0.49523821473121643
reduced_2025,2026|Rounds 3-4|2026-08-02|Hanwha Life Esports|KT Rolster,2026-08-02 11:27:57,Hanwha Life Esports,KT Rolster,3,0,0.5541985034942627,0.5361955761909485
reduced_2025,2026|Rounds 3-4|2026-08-05|HANJIN BRION|Nongshim RedForce,2026-08-05 08:04:53,HANJIN BRION,Nongshim RedForce,3,1,0.3932879865169525,0.42836859822273254
reduced_2025,2026|Rounds 3-4|2026-08-05|Gen.G|Hanwha Life Esports,2026-08-05 11:19:04,Gen.G,Hanwha Life Esports,3,1,0.4407486319541931,0.46041640639305115
reduced_2025,2026|Rounds 3-4|2026-08-06|DN SOOPers|Kiwoom DRX,2026-08-06 08:07:39,DN SOOPers,Kiwoom DRX,3,0,0.4847320020198822,0.4898199141025543
reduced_2025,2026|Rounds 3-4|2026-08-06|Dplus Kia|T1,2026-08-06 10:15:34,Dplus Kia,T1,3,0,0.4886133074760437,0.49240830540657043
reduced_2025,2026|Rounds 3-4|2026-08-07|Gen.G|KT Rolster,2026-08-07 08:07:40,Gen.G,KT Rolster,3,1,0.45571425557136536,0.4704417288303375
reduced_2025,2026|Rounds 3-4|2026-08-07|BNK FEARX|HANJIN BRION,2026-08-07 10:11:30,BNK FEARX,HANJIN BRION,3,0,0.5178490877151489,0.5119016766548157
reduced_2025,2026|Rounds 3-4|2026-08-08|Hanwha Life Esports|T1,2026-08-08 08:08:11,Hanwha Life Esports,T1,3,1,0.4415871798992157,0.4609788954257965
reduced_2025,2026|Rounds 3-4|2026-08-08|DN SOOPers|Nongshim RedForce,2026-08-08 11:16:34,DN SOOPers,Nongshim RedForce,3,1,0.47677433490753174,0.48451128602027893
reduced_2025,2026|Rounds 3-4|2026-08-09|Dplus Kia|KT Rolster,2026-08-09 08:07:07,Dplus Kia,KT Rolster,3,1,0.47659409046173096,0.4843909740447998
reduced_2025,2026|Rounds 3-4|2026-08-09|BNK FEARX|Kiwoom DRX,2026-08-09 11:01:09,BNK FEARX,Kiwoom DRX,3,1,0.4118710458278656,0.4409731328487396
reduced_2025,2026|Rounds 3-4|2026-08-12|DN SOOPers|Nongshim RedForce,2026-08-12 08:07:18,DN SOOPers,Nongshim RedForce,3,1,0.5022128820419312,0.5014752745628357
reduced_2025,2026|Rounds 3-4|2026-08-12|Dplus Kia|KT Rolster,2026-08-12 11:02:08,Dplus Kia,KT Rolster,3,1,0.5265675783157349,0.5177190899848938
reduced_2025,2026|Rounds 3-4|2026-08-13|BNK FEARX|Kiwoom DRX,2026-08-13 08:06:50,BNK FEARX,Kiwoom DRX,3,1,0.46224725246429443,0.4748102128505707
reduced_2025,2026|Rounds 3-4|2026-08-13|Gen.G|Hanwha Life Esports,2026-08-13 11:04:48,Gen.G,Hanwha Life Esports,3,1,0.5672593712806702,0.5449607968330383
reduced_2025,2026|Rounds 3-4|2026-08-14|Dplus Kia|T1,2026-08-14 08:08:00,Dplus Kia,T1,3,1,0.5192171335220337,0.5128142237663269
reduced_2025,2026|Rounds 3-4|2026-08-14|HANJIN BRION|Nongshim RedForce,2026-08-14 11:28:48,HANJIN BRION,Nongshim RedForce,3,0,0.5545462369918823,0.5364286303520203
reduced_2025,2026|Rounds 3-4|2026-08-15|Hanwha Life Esports|KT Rolster,2026-08-15 08:08:03,Hanwha Life Esports,KT Rolster,3,1,0.5419210195541382,0.5279765129089355
reduced_2025,2026|Rounds 3-4|2026-08-15|BNK FEARX|DN SOOPers,2026-08-15 11:08:43,BNK FEARX,DN SOOPers,3,0,0.545060396194458,0.5300765037536621
reduced_2025,2026|Rounds 3-4|2026-08-16|Gen.G|T1,2026-08-16 08:07:26,Gen.G,T1,3,1,0.6091070175170898,0.5732623338699341
reduced_2025,2026|Rounds 3-4|2026-08-16|HANJIN BRION|Kiwoom DRX,2026-08-16 10:44:01,HANJIN BRION,Kiwoom DRX,3,1,0.5538724660873413,0.5359770655632019
reduced_2025,2026|Rounds 3-4|2026-08-19|Gen.G|KT Rolster,2026-08-19 08:05:49,Gen.G,KT Rolster,3,1,0.6094847917556763,0.5735197067260742
reduced_2025,2026|Rounds 3-4|2026-08-19|DN SOOPers|HANJIN BRION,2026-08-19 11:22:14,DN SOOPers,HANJIN BRION,3,0,0.575657844543457,0.5506114363670349
reduced_2025,2026|Rounds 3-4|2026-08-20|Dplus Kia|Hanwha Life Esports,2026-08-20 08:07:41,Dplus Kia,Hanwha Life Esports,3,0,0.5255032777786255,0.5170087218284607
reduced_2025,2026|Rounds 3-4|2026-08-20|Kiwoom DRX|Nongshim RedForce,2026-08-20 10:33:18,Kiwoom DRX,Nongshim RedForce,3,0,0.4151729941368103,0.4432043731212616
reduced_2025,2026|Rounds 3-4|2026-08-21|BNK FEARX|HANJIN BRION,2026-08-21 08:07:26,BNK FEARX,HANJIN BRION,3,1,0.45034289360046387,0.46684667468070984
reduced_2025,2026|Rounds 3-4|2026-08-21|KT Rolster|T1,2026-08-21 11:24:11,KT Rolster,T1,3,0,0.5021759867668152,0.5014506578445435
reduced_2025,2026|Rounds 3-4|2026-08-22|Dplus Kia|Gen.G,2026-08-22 08:08:17,Dplus Kia,Gen.G,3,1,0.4453010559082031,0.4634690284729004
reduced_2025,2026|Rounds 3-4|2026-08-22|DN SOOPers|Kiwoom DRX,2026-08-22 11:31:02,DN SOOPers,Kiwoom DRX,3,1,0.5473567843437195,0.5316133499145508
reduced_2025,2026|Rounds 3-4|2026-08-23|Hanwha Life Esports|T1,2026-08-23 08:07:42,Hanwha Life Esports,T1,3,1,0.5375988483428955,0.5250869393348694
reduced_2025,2026|Rounds 3-4|2026-08-23|BNK FEARX|Nongshim RedForce,2026-08-23 10:20:23,BNK FEARX,Nongshim RedForce,3,0,0.4480036497116089,0.4652799665927887
reduced_2025,2026|Rounds 3-4|2026-08-26|HANJIN BRION|KT Rolster,2026-08-26 08:08:21,HANJIN BRION,KT Rolster,5,0,0.5379768013954163,0.5202765464782715
reduced_2025,2026|Rounds 3-4|2026-08-27|BNK FEARX|Nongshim RedForce,2026-08-27 08:07:15,BNK FEARX,Nongshim RedForce,5,1,0.43389463424682617,0.46462592482566833
reduced_2025,2026|Rounds 3-4|2026-08-28|BNK FEARX|HANJIN BRION,2026-08-28 08:06:46,BNK FEARX,HANJIN BRION,5,1,0.5472539663314819,0.5252450108528137
reduced_2025,2026|Rounds 3-4|2026-08-29|BNK FEARX|T1,2026-08-29 08:07:39,BNK FEARX,T1,5,0,0.5257202386856079,0.5137243866920471
reduced_2025,2026|Rounds 3-4|2026-08-30|Dplus Kia|KT Rolster,2026-08-30 08:10:04,Dplus Kia,KT Rolster,5,0,0.4738163352012634,0.48602810502052307
reduced_2025,2026|Rounds 3-4|2026-09-01|Gen.G|KT Rolster,2026-09-01 08:11:13,Gen.G,KT Rolster,5,1,0.43778911232948303,0.4667227268218994
reduced_2025,2026|Rounds 3-4|2026-09-02|Hanwha Life Esports|T1,2026-09-02 08:11:08,Hanwha Life Esports,T1,5,1,0.5338836312294006,0.5180870890617371
reduced_2025,2026|Rounds 3-4|2026-09-03|BNK FEARX|Dplus Kia,2026-09-03 08:07:55,BNK FEARX,Dplus Kia,5,0,0.44655343890190125,0.4714330732822418
reduced_2025,2026|Rounds 3-4|2026-09-04|Dplus Kia|KT Rolster,2026-09-04 08:07:52,Dplus Kia,KT Rolster,5,1,0.5492653846740723,0.5263234376907349
reduced_2025,2026|Rounds 3-4|2026-09-05|Gen.G|Hanwha Life Esports,2026-09-05 08:08:15,Gen.G,Hanwha Life Esports,5,1,0.49204564094543457,0.49575746059417725
reduced_2025,2026|Rounds 3-4|2026-09-06|Dplus Kia|T1,2026-09-06 08:09:36,Dplus Kia,T1,5,0,0.5743535161018372,0.5398233532905579
reduced_2025,2026|Rounds 3-4|2026-09-12|Hanwha Life Esports|T1,2026-09-12 05:21:16,Hanwha Life Esports,T1,5,1,0.45873311161994934,0.4779624938964844
reduced_2024_2025,2026|Cup|2026-01-14|DN SOOPers|KT Rolster,2026-01-14 08:13:43,DN SOOPers,KT Rolster,3,0,0.521553635597229,0.5143730640411377
reduced_2024_2025,2026|Cup|2026-01-14|Dplus Kia|HANJIN BRION,2026-01-14 11:22:18,Dplus Kia,HANJIN BRION,3,1,0.5083425045013428,0.505561888217926
reduced_2024_2025,2026|Cup|2026-01-15|Gen.G|Kiwoom DRX,2026-01-15 08:05:23,Gen.G,Kiwoom DRX,3,1,0.584632396697998,0.5566641688346863
reduced_2024_2025,2026|Cup|2026-01-15|BNK FEARX|Nongshim RedForce,2026-01-15 10:15:24,BNK FEARX,Nongshim RedForce,3,1,0.5068397521972656,0.5045599341392517
reduced_2024_2025,2026|Cup|2026-01-16|DN SOOPers|Dplus Kia,2026-01-16 08:05:40,DN SOOPers,Dplus Kia,3,0,0.45376312732696533,0.46913620829582214
reduced_2024_2025,2026|Cup|2026-01-16|Hanwha Life Esports|T1,2026-01-16 10:08:16,Hanwha Life Esports,T1,3,0,0.5350726246833801,0.5233988165855408
reduced_2024_2025,2026|Cup|2026-01-17|BNK FEARX|HANJIN BRION,2026-01-17 08:05:53,BNK FEARX,HANJIN BRION,3,1,0.5725128054618835,0.5484939217567444
reduced_2024_2025,2026|Cup|2026-01-17|Gen.G|KT Rolster,2026-01-17 11:10:45,Gen.G,KT Rolster,3,1,0.585686445236206,0.5573761463165283
reduced_2024_2025,2026|Cup|2026-01-18|Hanwha Life Esports|Nongshim RedForce,2026-01-18 08:05:24,Hanwha Life Esports,Nongshim RedForce,3,0,0.5220510959625244,0.5147049427032471
reduced_2024_2025,2026|Cup|2026-01-18|Kiwoom DRX|T1,2026-01-18 10:20:18,Kiwoom DRX,T1,3,0,0.4457637071609497,0.46377912163734436
reduced_2024_2025,2026|Cup|2026-01-21|Dplus Kia|Nongshim RedForce,2026-01-21 08:05:24,Dplus Kia,Nongshim RedForce,3,1,0.5878204107284546,0.5588182806968689
reduced_2024_2025,2026|Cup|2026-01-21|DN SOOPers|Kiwoom DRX,2026-01-21 11:14:52,DN SOOPers,Kiwoom DRX,3,1,0.49574053287506104,0.4971603453159332
reduced_2024_2025,2026|Cup|2026-01-22|HANJIN BRION|Hanwha Life Esports,2026-01-22 08:05:25,HANJIN BRION,Hanwha Life Esports,3,0,0.4978463649749756,0.4985642433166504
reduced_2024_2025,2026|Cup|2026-01-22|BNK FEARX|Gen.G,2026-01-22 11:14:53,BNK FEARX,Gen.G,3,0,0.43558889627456665,0.45695289969444275
reduced_2024_2025,2026|Cup|2026-01-23|KT Rolster|T1,2026-01-23 08:04:55,KT Rolster,T1,3,0,0.3943501114845276,0.42909133434295654
reduced_2024_2025,2026|Cup|2026-01-23|Kiwoom DRX|Nongshim RedForce,2026-01-23 10:33:19,Kiwoom DRX,Nongshim RedForce,3,1,0.4902135729789734,0.4934753477573395
reduced_2024_2025,2026|Cup|2026-01-24|DN SOOPers|Hanwha Life Esports,2026-01-24 08:04:56,DN SOOPers,Hanwha Life Esports,3,0,0.462607204914093,0.47505077719688416
reduced_2024_2025,2026|Cup|2026-01-24|Dplus Kia|Gen.G,2026-01-24 11:24:48,Dplus Kia,Gen.G,3,0,0.429776668548584,0.45304641127586365
reduced_2024_2025,2026|Cup|2026-01-25|BNK FEARX|T1,2026-01-25 08:05:39,BNK FEARX,T1,3,0,0.46858930587768555,0.4790472686290741
reduced_2024_2025,2026|Cup|2026-01-25|HANJIN BRION|KT Rolster,2026-01-25 11:28:02,HANJIN BRION,KT Rolster,3,0,0.5344743132591248,0.522999107837677
reduced_2024_2025,2026|Cup|2026-01-28|HANJIN BRION|Kiwoom DRX,2026-01-28 08:04:54,HANJIN BRION,Kiwoom DRX,5,0,0.4939063489437103,0.49674996733665466
reduced_2024_2025,2026|Cup|2026-01-29|BNK FEARX|DN SOOPers,2026-01-29 08:07:19,BNK FEARX,DN SOOPers,5,1,0.44229429960250854,0.4691453278064728
reduced_2024_2025,2026|Cup|2026-01-30|KT Rolster|Nongshim RedForce,2026-01-30 08:05:48,KT Rolster,Nongshim RedForce,5,0,0.4753209352493286,0.48683175444602966
reduced_2024_2025,2026|Cup|2026-01-31|Dplus Kia|T1,2026-01-31 08:17:53,Dplus Kia,T1,5,0,0.4664878249168396,0.48211154341697693
reduced_2024_2025,2026|Cup|2026-02-01|Gen.G|Hanwha Life Esports,2026-02-01 08:08:08,Gen.G,Hanwha Life Esports,5,1,0.5752416253089905,0.5403030514717102
reduced_2024_2025,2026|Cup|2026-02-06|HANJIN BRION|Kiwoom DRX,2026-02-06 08:05:10,HANJIN BRION,Kiwoom DRX,3,0,0.498518705368042,0.49901247024536133
reduced_2024_2025,2026|Cup|2026-02-06|DN SOOPers|KT Rolster,2026-02-06 10:59:51,DN SOOPers,KT Rolster,3,1,0.4895854592323303,0.4930565357208252
reduced_2024_2025,2026|Cup|2026-02-07|Dplus Kia|Kiwoom DRX,2026-02-07 08:07:00,Dplus Kia,Kiwoom DRX,3,1,0.3876118063926697,0.4245007038116455
reduced_2024_2025,2026|Cup|2026-02-07|DN SOOPers|Nongshim RedForce,2026-02-07 10:09:22,DN SOOPers,Nongshim RedForce,3,1,0.5009996891021729,0.5006664395332336
reduced_2024_2025,2026|Cup|2026-02-08|Kiwoom DRX|Nongshim RedForce,2026-02-08 08:06:06,Kiwoom DRX,Nongshim RedForce,5,1,0.4572594463825226,0.4771733582019806
reduced_2024_2025,2026|Cup|2026-02-12|BNK FEARX|DN SOOPers,2026-02-12 08:04:05,BNK FEARX,DN SOOPers,5,1,0.49753493070602417,0.4986852705478668
reduced_2024_2025,2026|Cup|2026-02-13|Dplus Kia|Kiwoom DRX,2026-02-13 08:06:47,Dplus Kia,Kiwoom DRX,5,1,0.5049854516983032,0.502659022808075
reduced_2024_2025,2026|Cup|2026-02-14|Dplus Kia|Gen.G,2026-02-14 08:07:25,Dplus Kia,Gen.G,5,0,0.44086766242980957,0.46837854385375977
reduced_2024_2025,2026|Cup|2026-02-15|BNK FEARX|T1,2026-02-15 08:05:24,BNK FEARX,T1,5,1,0.4795418381690979,0.48908552527427673
reduced_2024_2025,2026|Cup|2026-02-19|DN SOOPers|Kiwoom DRX,2026-02-19 08:06:05,DN SOOPers,Kiwoom DRX,5,1,0.5142014026641846,0.5075752139091492
reduced_2024_2025,2026|Cup|2026-02-20|DN SOOPers|Dplus Kia,2026-02-20 08:06:25,DN SOOPers,Dplus Kia,5,0,0.5754097700119019,0.5403940081596375
reduced_2024_2025,2026|Cup|2026-02-21|BNK FEARX|Gen.G,2026-02-21 08:08:52,BNK FEARX,Gen.G,5,0,0.5195230841636658,0.5104153156280518
reduced_2024_2025,2026|Cup|2026-02-22|Dplus Kia|T1,2026-02-22 08:08:41,Dplus Kia,T1,5,1,0.5198861956596375,0.5106092095375061
reduced_2024_2025,2026|Cup|2026-02-28|BNK FEARX|Dplus Kia,2026-02-28 08:23:00,BNK FEARX,Dplus Kia,5,1,0.5231415033340454,0.5123471021652222
reduced_2024_2025,2026|Cup|2026-03-01|BNK FEARX|Gen.G,2026-03-01 08:22:46,BNK FEARX,Gen.G,5,0,0.521032989025116,0.5112214088439941
reduced_2024_2025,2026|Rounds 1-2|2026-04-01|HANJIN BRION|Hanwha Life Esports,2026-04-01 08:11:43,HANJIN BRION,Hanwha Life Esports,3,0,0.49153393507003784,0.494355708360672
reduced_2024_2025,2026|Rounds 1-2|2026-04-01|KT Rolster|T1,2026-04-01 10:23:34,KT Rolster,T1,3,1,0.4729848802089691,0.48198211193084717
reduced_2024_2025,2026|Rounds 1-2|2026-04-02|Dplus Kia|Nongshim RedForce,2026-04-02 08:08:29,Dplus Kia,Nongshim RedForce,3,0,0.5110431909561157,0.5073626637458801
reduced_2024_2025,2026|Rounds 1-2|2026-04-02|DN SOOPers|Kiwoom DRX,2026-04-02 10:15:16,DN SOOPers,Kiwoom DRX,3,1,0.5271826982498169,0.5181297063827515
reduced_2024_2025,2026|Rounds 1-2|2026-04-03|Gen.G|KT Rolster,2026-04-03 08:10:24,Gen.G,KT Rolster,3,0,0.5589361786842346,0.5393721461296082
reduced_2024_2025,2026|Rounds 1-2|2026-04-03|BNK FEARX|HANJIN BRION,2026-04-03 11:10:37,BNK FEARX,HANJIN BRION,3,0,0.518638551235199,0.5124282240867615
reduced_2024_2025,2026|Rounds 1-2|2026-04-04|Hanwha Life Esports|T1,2026-04-04 08:08:38,Hanwha Life Esports,T1,3,0,0.5257058143615723,0.5171439051628113
reduced_2024_2025,2026|Rounds 1-2|2026-04-04|Dplus Kia|Kiwoom DRX,2026-04-04 10:30:33,Dplus Kia,Kiwoom DRX,3,1,0.49663326144218445,0.4977554976940155
reduced_2024_2025,2026|Rounds 1-2|2026-04-05|DN SOOPers|Nongshim RedForce,2026-04-05 08:10:33,DN SOOPers,Nongshim RedForce,3,0,0.5174370408058167,0.5116267800331116
reduced_2024_2025,2026|Rounds 1-2|2026-04-05|BNK FEARX|Gen.G,2026-04-05 10:22:53,BNK FEARX,Gen.G,3,0,0.42982912063598633,0.45308172702789307
reduced_2024_2025,2026|Rounds 1-2|2026-04-08|Dplus Kia|Hanwha Life Esports,2026-04-08 08:06:29,Dplus Kia,Hanwha Life Esports,3,0,0.48683834075927734,0.49122464656829834
reduced_2024_2025,2026|Rounds 1-2|2026-04-08|Gen.G|T1,2026-04-08 10:19:02,Gen.G,T1,3,1,0.5484774112701416,0.5323634743690491
reduced_2024_2025,2026|Rounds 1-2|2026-04-09|HANJIN BRION|Kiwoom DRX,2026-04-09 08:06:21,HANJIN BRION,Kiwoom DRX,3,0,0.5297912359237671,0.5198712348937988
reduced_2024_2025,2026|Rounds 1-2|2026-04-09|KT Rolster|Nongshim RedForce,2026-04-09 11:25:00,KT Rolster,Nongshim RedForce,3,1,0.4583144783973694,0.47218096256256104
reduced_2024_2025,2026|Rounds 1-2|2026-04-10|DN SOOPers|T1,2026-04-10 08:09:34,DN SOOPers,T1,3,0,0.5097366571426392,0.506491482257843
reduced_2024_2025,2026|Rounds 1-2|2026-04-10|BNK FEARX|Hanwha Life Esports,2026-04-10 10:10:47,BNK FEARX,Hanwha Life Esports,3,0,0.4379585385322571,0.4585440456867218
reduced_2024_2025,2026|Rounds 1-2|2026-04-11|Kiwoom DRX|Nongshim RedForce,2026-04-11 08:06:17,Kiwoom DRX,Nongshim RedForce,3,1,0.4350447356700897,0.45658740401268005
reduced_2024_2025,2026|Rounds 1-2|2026-04-11|Dplus Kia|Gen.G,2026-04-11 10:14:53,Dplus Kia,Gen.G,3,1,0.41189712285995483,0.44099077582359314
reduced_2024_2025,2026|Rounds 1-2|2026-04-12|BNK FEARX|DN SOOPers,2026-04-12 08:05:05,BNK FEARX,DN SOOPers,3,1,0.4819762110710144,0.4879818260669708
reduced_2024_2025,2026|Rounds 1-2|2026-04-12|HANJIN BRION|KT Rolster,2026-04-12 10:09:24,HANJIN BRION,KT Rolster,3,0,0.4831095337867737,0.4887377917766571
reduced_2024_2025,2026|Rounds 1-2|2026-04-15|BNK FEARX|Nongshim RedForce,2026-04-15 08:04:27,BNK FEARX,Nongshim RedForce,3,0,0.5618706941604614,0.5413413643836975
reduced_2024_2025,2026|Rounds 1-2|2026-04-15|Dplus Kia|KT Rolster,2026-04-15 10:10:22,Dplus Kia,KT Rolster,3,0,0.40270936489105225,0.43476951122283936
reduced_2024_2025,2026|Rounds 1-2|2026-04-16|Gen.G|HANJIN BRION,2026-04-16 08:07:45,Gen.G,HANJIN BRION,3,1,0.5722967386245728,0.5483485460281372
reduced_2024_2025,2026|Rounds 1-2|2026-04-16|DN SOOPers|Hanwha Life Esports,2026-04-16 10:19:53,DN SOOPers,Hanwha Life Esports,3,0,0.3994482457637787,0.43255648016929626
reduced_2024_2025,2026|Rounds 1-2|2026-04-17|BNK FEARX|Kiwoom DRX,2026-04-17 08:09:20,BNK FEARX,Kiwoom DRX,3,1,0.4541000723838806,0.46936169266700745
reduced_2024_2025,2026|Rounds 1-2|2026-04-17|Dplus Kia|T1,2026-04-17 10:18:08,Dplus Kia,T1,3,1,0.5005131959915161,0.5003421306610107
reduced_2024_2025,2026|Rounds 1-2|2026-04-18|Gen.G|Hanwha Life Esports,2026-04-18 08:07:24,Gen.G,Hanwha Life Esports,3,0,0.4687705636024475,0.4791683256626129
reduced_2024_2025,2026|Rounds 1-2|2026-04-18|DN SOOPers|KT Rolster,2026-04-18 10:19:42,DN SOOPers,KT Rolster,3,0,0.3979151248931885,0.4315151274204254
reduced_2024_2025,2026|Rounds 1-2|2026-04-19|HANJIN BRION|Nongshim RedForce,2026-04-19 08:06:04,HANJIN BRION,Nongshim RedForce,3,0,0.4585975706577301,0.4723702669143677
reduced_2024_2025,2026|Rounds 1-2|2026-04-19|Kiwoom DRX|T1,2026-04-19 11:23:50,Kiwoom DRX,T1,3,0,0.5008918046951294,0.5005945563316345
reduced_2024_2025,2026|Rounds 1-2|2026-04-22|KT Rolster|Kiwoom DRX,2026-04-22 08:04:37,KT Rolster,Kiwoom DRX,3,1,0.5707813501358032,0.5473288893699646
reduced_2024_2025,2026|Rounds 1-2|2026-04-22|Hanwha Life Esports|Nongshim RedForce,2026-04-22 10:16:00,Hanwha Life Esports,Nongshim RedForce,3,1,0.5551433563232422,0.5368288159370422
reduced_2024_2025,2026|Rounds 1-2|2026-04-23|Dplus Kia|HANJIN BRION,2026-04-23 08:05:27,Dplus Kia,HANJIN BRION,3,1,0.5146000385284424,0.509734570980072
reduced_2024_2025,2026|Rounds 1-2|2026-04-23|DN SOOPers|Gen.G,2026-04-23 10:15:14,DN SOOPers,Gen.G,3,0,0.4536638557910919,0.46906980872154236
reduced_2024_2025,2026|Rounds 1-2|2026-04-24|BNK FEARX|KT Rolster,2026-04-24 08:07:08,BNK FEARX,KT Rolster,3,0,0.4183701276779175,0.4453625977039337
reduced_2024_2025,2026|Rounds 1-2|2026-04-24|Hanwha Life Esports|Kiwoom DRX,2026-04-24 10:32:53,Hanwha Life Esports,Kiwoom DRX,3,1,0.6072403788566589,0.5719910860061646
reduced_2024_2025,2026|Rounds 1-2|2026-04-25|HANJIN BRION|T1,2026-04-25 08:07:29,HANJIN BRION,T1,3,0,0.4548685550689697,0.46987590193748474
reduced_2024_2025,2026|Rounds 1-2|2026-04-25|DN SOOPers|Dplus Kia,2026-04-25 10:52:42,DN SOOPers,Dplus Kia,3,0,0.40906059741973877,0.4390721321105957
reduced_2024_2025,2026|Rounds 1-2|2026-04-26|BNK FEARX|T1,2026-04-26 08:06:17,BNK FEARX,T1,3,0,0.44669729471206665,0.4644047021865845
reduced_2024_2025,2026|Rounds 1-2|2026-04-26|Gen.G|Nongshim RedForce,2026-04-26 10:15:14,Gen.G,Nongshim RedForce,3,1,0.5077877044677734,0.50519198179245
reduced_2024_2025,2026|Rounds 1-2|2026-04-29|Nongshim RedForce|T1,2026-04-29 08:05:12,Nongshim RedForce,T1,3,0,0.42181724309921265,0.4476872682571411
reduced_2024_2025,2026|Rounds 1-2|2026-04-29|Hanwha Life Esports|KT Rolster,2026-04-29 10:15:19,Hanwha Life Esports,KT Rolster,3,1,0.4346297085285187,0.45630860328674316
reduced_2024_2025,2026|Rounds 1-2|2026-04-30|Gen.G|Kiwoom DRX,2026-04-30 08:06:44,Gen.G,Kiwoom DRX,3,1,0.6107044816017151,0.5743510127067566
reduced_2024_2025,2026|Rounds 1-2|2026-04-30|BNK FEARX|Dplus Kia,2026-04-30 11:13:48,BNK FEARX,Dplus Kia,3,0,0.39329227805137634,0.42837151885032654
reduced_2024_2025,2026|Rounds 1-2|2026-05-01|DN SOOPers|HANJIN BRION,2026-05-01 08:06:11,DN SOOPers,HANJIN BRION,3,0,0.49522894620895386,0.49681925773620605
reduced_2024_2025,2026|Rounds 1-2|2026-05-01|Hanwha Life Esports|T1,2026-05-01 10:22:34,Hanwha Life Esports,T1,3,1,0.4930574297904968,0.4953714907169342
reduced_2024_2025,2026|Rounds 1-2|2026-05-02|Dplus Kia|Gen.G,2026-05-02 08:06:29,Dplus Kia,Gen.G,3,0,0.48551905155181885,0.4903448522090912
reduced_2024_2025,2026|Rounds 1-2|2026-05-02|Kiwoom DRX|Nongshim RedForce,2026-05-02 11:03:54,Kiwoom DRX,Nongshim RedForce,3,1,0.5070279836654663,0.5046854019165039
reduced_2024_2025,2026|Rounds 1-2|2026-05-03|HANJIN BRION|KT Rolster,2026-05-03 08:05:43,HANJIN BRION,KT Rolster,3,1,0.4413759708404541,0.4608372449874878
reduced_2024_2025,2026|Rounds 1-2|2026-05-03|BNK FEARX|DN SOOPers,2026-05-03 10:24:27,BNK FEARX,DN SOOPers,3,1,0.49604684114456177,0.49736452102661133
reduced_2024_2025,2026|Rounds 1-2|2026-05-06|Gen.G|Nongshim RedForce,2026-05-06 08:06:15,Gen.G,Nongshim RedForce,3,1,0.5734485983848572,0.5491237640380859
reduced_2024_2025,2026|Rounds 1-2|2026-05-06|DN SOOPers|Hanwha Life Esports,2026-05-06 10:34:43,DN SOOPers,Hanwha Life Esports,3,0,0.40437841415405273,0.43590113520622253
reduced_2024_2025,2026|Rounds 1-2|2026-05-07|Dplus Kia|KT Rolster,2026-05-07 08:07:34,Dplus Kia,KT Rolster,3,0,0.5182724595069885,0.5121840834617615
reduced_2024_2025,2026|Rounds 1-2|2026-05-07|BNK FEARX|HANJIN BRION,2026-05-07 10:30:17,BNK FEARX,HANJIN BRION,3,0,0.45396119356155396,0.4692687690258026
reduced_2024_2025,2026|Rounds 1-2|2026-05-08|DN SOOPers|T1,2026-05-08 08:05:48,DN SOOPers,T1,3,0,0.41034120321273804,0.43993857502937317
reduced_2024_2025,2026|Rounds 1-2|2026-05-08|Gen.G|Kiwoom DRX,2026-05-08 10:40:52,Gen.G,Kiwoom DRX,3,1,0.5278748273849487,0.5185918211936951
reduced_2024_2025,2026|Rounds 1-2|2026-05-09|BNK FEARX|KT Rolster,2026-05-09 08:06:41,BNK FEARX,KT Rolster,3,1,0.5107778906822205,0.5071857571601868
reduced_2024_2025,2026|Rounds 1-2|2026-05-09|HANJIN BRION|Nongshim RedForce,2026-05-09 10:15:45,HANJIN BRION,Nongshim RedForce,3,1,0.5934622287750244,0.5626358389854431
reduced_2024_2025,2026|Rounds 1-2|2026-05-10|Dplus Kia|T1,2026-05-10 08:09:29,Dplus Kia,T1,3,0,0.4415026903152466,0.4609222412109375
reduced_2024_2025,2026|Rounds 1-2|2026-05-10|Hanwha Life Esports|Kiwoom DRX,2026-05-10 10:31:52,Hanwha Life Esports,Kiwoom DRX,3,1,0.554257869720459,0.5362353920936584
reduced_2024_2025,2026|Rounds 1-2|2026-05-13|Nongshim RedForce|T1,2026-05-13 08:06:21,Nongshim RedForce,T1,3,0,0.4289226830005646,0.4524719715118408
reduced_2024_2025,2026|Rounds 1-2|2026-05-13|DN SOOPers|Dplus Kia,2026-05-13 10:12:11,DN SOOPers,Dplus Kia,3,0,0.47466981410980225,0.4831067621707916
reduced_2024_2025,2026|Rounds 1-2|2026-05-14|BNK FEARX|Gen.G,2026-05-14 08:07:03,BNK FEARX,Gen.G,3,0,0.42450618743896484,0.4494990408420563
reduced_2024_2025,2026|Rounds 1-2|2026-05-14|KT Rolster|Kiwoom DRX,2026-05-14 10:15:56,KT Rolster,Kiwoom DRX,3,1,0.5197564363479614,0.5131739974021912
reduced_2024_2025,2026|Rounds 1-2|2026-05-15|Dplus Kia|Hanwha Life Esports,2026-05-15 08:07:51,Dplus Kia,Hanwha Life Esports,3,0,0.4586646556854248,0.47241511940956116
reduced_2024_2025,2026|Rounds 1-2|2026-05-15|DN SOOPers|HANJIN BRION,2026-05-15 10:22:39,DN SOOPers,HANJIN BRION,3,0,0.4047343134880066,0.43614232540130615
reduced_2024_2025,2026|Rounds 1-2|2026-05-16|Gen.G|T1,2026-05-16 08:05:55,Gen.G,T1,3,0,0.5419464707374573,0.5279935598373413
reduced_2024_2025,2026|Rounds 1-2|2026-05-16|BNK FEARX|Nongshim RedForce,2026-05-16 11:30:05,BNK FEARX,Nongshim RedForce,3,1,0.5278545618057251,0.518578290939331
reduced_2024_2025,2026|Rounds 1-2|2026-05-17|Hanwha Life Esports|KT Rolster,2026-05-17 08:05:58,Hanwha Life Esports,KT Rolster,3,0,0.5479875802993774,0.5320355892181396
reduced_2024_2025,2026|Rounds 1-2|2026-05-17|HANJIN BRION|Kiwoom DRX,2026-05-17 11:06:33,HANJIN BRION,Kiwoom DRX,3,0,0.6069980263710022,0.5718260407447815
reduced_2024_2025,2026|Rounds 1-2|2026-05-20|Kiwoom DRX|T1,2026-05-20 08:05:29,Kiwoom DRX,T1,3,0,0.47352614998817444,0.4823434352874756
reduced_2024_2025,2026|Rounds 1-2|2026-05-20|KT Rolster|Nongshim RedForce,2026-05-20 11:01:11,KT Rolster,Nongshim RedForce,3,1,0.5365633964538574,0.5243949294090271
reduced_2024_2025,2026|Rounds 1-2|2026-05-21|BNK FEARX|Hanwha Life Esports,2026-05-21 08:06:57,BNK FEARX,Hanwha Life Esports,3,0,0.5176382064819336,0.5117610096931458
reduced_2024_2025,2026|Rounds 1-2|2026-05-21|Dplus Kia|HANJIN BRION,2026-05-21 10:22:05,Dplus Kia,HANJIN BRION,3,1,0.4737470746040344,0.4824908673763275
reduced_2024_2025,2026|Rounds 1-2|2026-05-22|DN SOOPers|Kiwoom DRX,2026-05-22 08:06:39,DN SOOPers,Kiwoom DRX,3,0,0.45537108182907104,0.4702121317386627
reduced_2024_2025,2026|Rounds 1-2|2026-05-22|Gen.G|KT Rolster,2026-05-22 10:20:35,Gen.G,KT Rolster,3,1,0.5330339074134827,0.5220368504524231
reduced_2024_2025,2026|Rounds 1-2|2026-05-23|BNK FEARX|Dplus Kia,2026-05-23 08:06:07,BNK FEARX,Dplus Kia,3,0,0.503589391708374,0.5023929476737976
reduced_2024_2025,2026|Rounds 1-2|2026-05-23|Hanwha Life Esports|Nongshim RedForce,2026-05-23 11:15:14,Hanwha Life Esports,Nongshim RedForce,3,1,0.5424908399581909,0.5283576250076294
reduced_2024_2025,2026|Rounds 1-2|2026-05-24|DN SOOPers|Gen.G,2026-05-24 08:06:42,DN SOOPers,Gen.G,3,0,0.42731285095214844,0.45138874650001526
reduced_2024_2025,2026|Rounds 1-2|2026-05-24|HANJIN BRION|T1,2026-05-24 10:10:10,HANJIN BRION,T1,3,0,0.4284459948539734,0.45215126872062683
reduced_2024_2025,2026|Rounds 1-2|2026-05-27|Gen.G|Hanwha Life Esports,2026-05-27 08:06:37,Gen.G,Hanwha Life Esports,3,1,0.5024373531341553,0.5016248822212219
reduced_2024_2025,2026|Rounds 1-2|2026-05-27|BNK FEARX|Kiwoom DRX,2026-05-27 11:17:26,BNK FEARX,Kiwoom DRX,3,1,0.47107699513435364,0.48070839047431946
reduced_2024_2025,2026|Rounds 1-2|2026-05-28|DN SOOPers|Nongshim RedForce,2026-05-28 08:03:36,DN SOOPers,Nongshim RedForce,3,0,0.4841245412826538,0.489414781332016
reduced_2024_2025,2026|Rounds 1-2|2026-05-28|KT Rolster|T1,2026-05-28 11:03:41,KT Rolster,T1,3,0,0.4492081105709076,0.4660867154598236
reduced_2024_2025,2026|Rounds 1-2|2026-05-29|Dplus Kia|Kiwoom DRX,2026-05-29 08:09:08,Dplus Kia,Kiwoom DRX,3,1,0.47253572940826416,0.48168230056762695
reduced_2024_2025,2026|Rounds 1-2|2026-05-29|Gen.G|HANJIN BRION,2026-05-29 11:07:01,Gen.G,HANJIN BRION,3,1,0.5920695066452026,0.5616927742958069
reduced_2024_2025,2026|Rounds 1-2|2026-05-30|DN SOOPers|KT Rolster,2026-05-30 08:05:58,DN SOOPers,KT Rolster,3,0,0.4929366111755371,0.49529096484184265
reduced_2024_2025,2026|Rounds 1-2|2026-05-30|BNK FEARX|T1,2026-05-30 10:20:58,BNK FEARX,T1,3,0,0.44086772203445435,0.46049630641937256
reduced_2024_2025,2026|Rounds 1-2|2026-05-31|HANJIN BRION|Hanwha Life Esports,2026-05-31 08:06:48,HANJIN BRION,Hanwha Life Esports,3,0,0.45234090089797974,0.46818432211875916
reduced_2024_2025,2026|Rounds 1-2|2026-05-31|Dplus Kia|Nongshim RedForce,2026-05-31 10:17:32,Dplus Kia,Nongshim RedForce,3,1,0.5271056294441223,0.5180783271789551
reduced_2024_2025,2026|Rounds 1-2|2026-06-06|Dplus Kia|HANJIN BRION,2026-06-06 08:12:31,Dplus Kia,HANJIN BRION,5,1,0.6235159039497375,0.5666608810424805
reduced_2024_2025,2026|Rounds 1-2|2026-06-07|Dplus Kia|KT Rolster,2026-06-07 08:09:33,Dplus Kia,KT Rolster,5,0,0.61123126745224,0.5598938465118408
reduced_2024_2025,2026|Rounds 1-2|2026-06-12|Hanwha Life Esports|T1,2026-06-12 08:25:00,Hanwha Life Esports,T1,5,1,0.4188680946826935,0.4565108120441437
reduced_2024_2025,2026|Rounds 1-2|2026-06-13|Gen.G|KT Rolster,2026-06-13 06:22:36,Gen.G,KT Rolster,5,1,0.6324180364608765,0.5715955495834351
reduced_2024_2025,2026|Rounds 1-2|2026-06-14|Gen.G|T1,2026-06-14 06:27:21,Gen.G,T1,5,0,0.5782610177993774,0.5419354438781738
reduced_2024_2025,2026|Rounds 3-4|2026-07-29|Kiwoom DRX|Nongshim RedForce,2026-07-29 08:05:41,Kiwoom DRX,Nongshim RedForce,3,0,0.5111007690429688,0.5074010491371155
reduced_2024_2025,2026|Rounds 3-4|2026-07-29|KT Rolster|T1,2026-07-29 10:14:12,KT Rolster,T1,3,1,0.4844856560230255,0.48965564370155334
reduced_2024_2025,2026|Rounds 3-4|2026-07-30|BNK FEARX|DN SOOPers,2026-07-30 08:07:12,BNK FEARX,DN SOOPers,3,1,0.5206860899925232,0.5137941837310791
reduced_2024_2025,2026|Rounds 3-4|2026-07-30|Dplus Kia|Hanwha Life Esports,2026-07-30 10:17:39,Dplus Kia,Hanwha Life Esports,3,1,0.4644942283630371,0.4763117730617523
reduced_2024_2025,2026|Rounds 3-4|2026-07-31|Gen.G|T1,2026-07-31 08:15:35,Gen.G,T1,3,0,0.5276777744293213,0.518460214138031
reduced_2024_2025,2026|Rounds 3-4|2026-07-31|HANJIN BRION|Kiwoom DRX,2026-07-31 10:28:31,HANJIN BRION,Kiwoom DRX,3,0,0.491072416305542,0.49404799938201904
reduced_2024_2025,2026|Rounds 3-4|2026-08-01|BNK FEARX|Nongshim RedForce,2026-08-01 08:05:28,BNK FEARX,Nongshim RedForce,3,0,0.5160923004150391,0.5107298493385315
reduced_2024_2025,2026|Rounds 3-4|2026-08-02|DN SOOPers|HANJIN BRION,2026-08-02 08:07:10,DN SOOPers,HANJIN BRION,3,1,0.49870216846466064,0.49913477897644043
reduced_2024_2025,2026|Rounds 3-4|2026-08-02|Hanwha Life Esports|KT Rolster,2026-08-02 11:27:57,Hanwha Life Esports,KT Rolster,3,0,0.5310591459274292,0.5207179188728333
reduced_2024_2025,2026|Rounds 3-4|2026-08-05|HANJIN BRION|Nongshim RedForce,2026-08-05 08:04:53,HANJIN BRION,Nongshim RedForce,3,1,0.4178236722946167,0.44499388337135315
reduced_2024_2025,2026|Rounds 3-4|2026-08-05|Gen.G|Hanwha Life Esports,2026-08-05 11:19:04,Gen.G,Hanwha Life Esports,3,1,0.47834330797195435,0.4855581820011139
reduced_2024_2025,2026|Rounds 3-4|2026-08-06|DN SOOPers|Kiwoom DRX,2026-08-06 08:07:39,DN SOOPers,Kiwoom DRX,3,0,0.5044476985931396,0.5029652118682861
reduced_2024_2025,2026|Rounds 3-4|2026-08-06|Dplus Kia|T1,2026-08-06 10:15:34,Dplus Kia,T1,3,0,0.4977009892463684,0.4984672963619232
reduced_2024_2025,2026|Rounds 3-4|2026-08-07|Gen.G|KT Rolster,2026-08-07 08:07:40,Gen.G,KT Rolster,3,1,0.45061802864074707,0.46703091263771057
reduced_2024_2025,2026|Rounds 3-4|2026-08-07|BNK FEARX|HANJIN BRION,2026-08-07 10:11:30,BNK FEARX,HANJIN BRION,3,0,0.5110187530517578,0.5073463320732117
reduced_2024_2025,2026|Rounds 3-4|2026-08-08|Hanwha Life Esports|T1,2026-08-08 08:08:11,Hanwha Life Esports,T1,3,1,0.46885138750076294,0.47922226786613464
reduced_2024_2025,2026|Rounds 3-4|2026-08-08|DN SOOPers|Nongshim RedForce,2026-08-08 11:16:34,DN SOOPers,Nongshim RedForce,3,1,0.4850122630596161,0.49000683426856995
reduced_2024_2025,2026|Rounds 3-4|2026-08-09|Dplus Kia|KT Rolster,2026-08-09 08:07:07,Dplus Kia,KT Rolster,3,1,0.47913655638694763,0.48608747124671936
reduced_2024_2025,2026|Rounds 3-4|2026-08-09|BNK FEARX|Kiwoom DRX,2026-08-09 11:01:09,BNK FEARX,Kiwoom DRX,3,1,0.4370608925819397,0.4579413831233978
reduced_2024_2025,2026|Rounds 3-4|2026-08-12|DN SOOPers|Nongshim RedForce,2026-08-12 08:07:18,DN SOOPers,Nongshim RedForce,3,1,0.4956945776939392,0.4971296787261963
reduced_2024_2025,2026|Rounds 3-4|2026-08-12|Dplus Kia|KT Rolster,2026-08-12 11:02:08,Dplus Kia,KT Rolster,3,1,0.521205723285675,0.5141409039497375
reduced_2024_2025,2026|Rounds 3-4|2026-08-13|BNK FEARX|Kiwoom DRX,2026-08-13 08:06:50,BNK FEARX,Kiwoom DRX,3,1,0.483161062002182,0.4887721538543701
reduced_2024_2025,2026|Rounds 3-4|2026-08-13|Gen.G|Hanwha Life Esports,2026-08-13 11:04:48,Gen.G,Hanwha Life Esports,3,1,0.5355072021484375,0.5236892104148865
reduced_2024_2025,2026|Rounds 3-4|2026-08-14|Dplus Kia|T1,2026-08-14 08:08:00,Dplus Kia,T1,3,1,0.5212256908416748,0.5141542553901672
reduced_2024_2025,2026|Rounds 3-4|2026-08-14|HANJIN BRION|Nongshim RedForce,2026-08-14 11:28:48,HANJIN BRION,Nongshim RedForce,3,0,0.5561630725860596,0.5375124216079712
reduced_2024_2025,2026|Rounds 3-4|2026-08-15|Hanwha Life Esports|KT Rolster,2026-08-15 08:08:03,Hanwha Life Esports,KT Rolster,3,1,0.5269959568977356,0.5180050730705261
reduced_2024_2025,2026|Rounds 3-4|2026-08-15|BNK FEARX|DN SOOPers,2026-08-15 11:08:43,BNK FEARX,DN SOOPers,3,0,0.5262162685394287,0.5174846649169922
reduced_2024_2025,2026|Rounds 3-4|2026-08-16|Gen.G|T1,2026-08-16 08:07:26,Gen.G,T1,3,1,0.5647293329238892,0.5432608723640442
reduced_2024_2025,2026|Rounds 3-4|2026-08-16|HANJIN BRION|Kiwoom DRX,2026-08-16 10:44:01,HANJIN BRION,Kiwoom DRX,3,1,0.5415112972259521,0.5277025699615479
reduced_2024_2025,2026|Rounds 3-4|2026-08-19|Gen.G|KT Rolster,2026-08-19 08:05:49,Gen.G,KT Rolster,3,1,0.5853543281555176,0.557151734828949
reduced_2024_2025,2026|Rounds 3-4|2026-08-19|DN SOOPers|HANJIN BRION,2026-08-19 11:22:14,DN SOOPers,HANJIN BRION,3,0,0.5801988840103149,0.5536720752716064
reduced_2024_2025,2026|Rounds 3-4|2026-08-20|Dplus Kia|Hanwha Life Esports,2026-08-20 08:07:41,Dplus Kia,Hanwha Life Esports,3,0,0.511926531791687,0.5079516768455505
reduced_2024_2025,2026|Rounds 3-4|2026-08-20|Kiwoom DRX|Nongshim RedForce,2026-08-20 10:33:18,Kiwoom DRX,Nongshim RedForce,3,0,0.4358752369880676,0.45714521408081055
reduced_2024_2025,2026|Rounds 3-4|2026-08-21|BNK FEARX|HANJIN BRION,2026-08-21 08:07:26,BNK FEARX,HANJIN BRION,3,1,0.4589190185070038,0.47258520126342773
reduced_2024_2025,2026|Rounds 3-4|2026-08-21|KT Rolster|T1,2026-08-21 11:24:11,KT Rolster,T1,3,0,0.4952074885368347,0.49680495262145996
reduced_2024_2025,2026|Rounds 3-4|2026-08-22|Dplus Kia|Gen.G,2026-08-22 08:08:17,Dplus Kia,Gen.G,3,1,0.45476168394088745,0.46980443596839905
reduced_2024_2025,2026|Rounds 3-4|2026-08-22|DN SOOPers|Kiwoom DRX,2026-08-22 11:31:02,DN SOOPers,Kiwoom DRX,3,1,0.5541432499885559,0.536158561706543
reduced_2024_2025,2026|Rounds 3-4|2026-08-23|Hanwha Life Esports|T1,2026-08-23 08:07:42,Hanwha Life Esports,T1,3,1,0.5470753908157349,0.5314249396324158
reduced_2024_2025,2026|Rounds 3-4|2026-08-23|BNK FEARX|Nongshim RedForce,2026-08-23 10:20:23,BNK FEARX,Nongshim RedForce,3,0,0.4552438259124756,0.4701269865036011
reduced_2024_2025,2026|Rounds 3-4|2026-08-26|HANJIN BRION|KT Rolster,2026-08-26 08:08:21,HANJIN BRION,KT Rolster,5,0,0.5081021785736084,0.5043213963508606
reduced_2024_2025,2026|Rounds 3-4|2026-08-27|BNK FEARX|Nongshim RedForce,2026-08-27 08:07:15,BNK FEARX,Nongshim RedForce,5,1,0.43265748023986816,0.46395936608314514
reduced_2024_2025,2026|Rounds 3-4|2026-08-28|BNK FEARX|HANJIN BRION,2026-08-28 08:06:46,BNK FEARX,HANJIN BRION,5,1,0.551857590675354,0.5277140140533447
reduced_2024_2025,2026|Rounds 3-4|2026-08-29|BNK FEARX|T1,2026-08-29 08:07:39,BNK FEARX,T1,5,0,0.5261543989181519,0.5139562487602234
reduced_2024_2025,2026|Rounds 3-4|2026-08-30|Dplus Kia|KT Rolster,2026-08-30 08:10:04,Dplus Kia,KT Rolster,5,0,0.4622083306312561,0.4798225462436676
reduced_2024_2025,2026|Rounds 3-4|2026-09-01|Gen.G|KT Rolster,2026-09-01 08:11:13,Gen.G,KT Rolster,5,1,0.4352485239505768,0.46535515785217285
reduced_2024_2025,2026|Rounds 3-4|2026-09-02|Hanwha Life Esports|T1,2026-09-02 08:11:08,Hanwha Life Esports,T1,5,1,0.5825303196907043,0.5442466139793396
reduced_2024_2025,2026|Rounds 3-4|2026-09-03|BNK FEARX|Dplus Kia,2026-09-03 08:07:55,BNK FEARX,Dplus Kia,5,0,0.48113059997558594,0.48993363976478577
reduced_2024_2025,2026|Rounds 3-4|2026-09-04|Dplus Kia|KT Rolster,2026-09-04 08:07:52,Dplus Kia,KT Rolster,5,1,0.5468546748161316,0.5250309705734253
reduced_2024_2025,2026|Rounds 3-4|2026-09-05|Gen.G|Hanwha Life Esports,2026-09-05 08:08:15,Gen.G,Hanwha Life Esports,5,1,0.5078364014625549,0.5041796565055847
reduced_2024_2025,2026|Rounds 3-4|2026-09-06|Dplus Kia|T1,2026-09-06 08:09:36,Dplus Kia,T1,5,0,0.5532984733581543,0.5284874439239502
reduced_2024_2025,2026|Rounds 3-4|2026-09-12|Hanwha Life Esports|T1,2026-09-12 05:21:16,Hanwha Life Esports,T1,5,1,0.46921277046203613,0.48356834053993225
reduced_2023_2024_2025,2026|Cup|2026-01-14|DN SOOPers|KT Rolster,2026-01-14 08:13:43,DN SOOPers,KT Rolster,3,0,0.5025594830513,0.5017063021659851
reduced_2023_2024_2025,2026|Cup|2026-01-14|Dplus Kia|HANJIN BRION,2026-01-14 11:22:18,Dplus Kia,HANJIN BRION,3,1,0.5094723105430603,0.5063152313232422
reduced_2023_2024_2025,2026|Cup|2026-01-15|Gen.G|Kiwoom DRX,2026-01-15 08:05:23,Gen.G,Kiwoom DRX,3,1,0.5661641359329224,0.5442246794700623
reduced_2023_2024_2025,2026|Cup|2026-01-15|BNK FEARX|Nongshim RedForce,2026-01-15 10:15:24,BNK FEARX,Nongshim RedForce,3,1,0.5036312341690063,0.5024207830429077
reduced_2023_2024_2025,2026|Cup|2026-01-16|DN SOOPers|Dplus Kia,2026-01-16 08:05:40,DN SOOPers,Dplus Kia,3,0,0.4740495979785919,0.48269280791282654
reduced_2023_2024_2025,2026|Cup|2026-01-16|Hanwha Life Esports|T1,2026-01-16 10:08:16,Hanwha Life Esports,T1,3,0,0.5212540626525879,0.5141732096672058
reduced_2023_2024_2025,2026|Cup|2026-01-17|BNK FEARX|HANJIN BRION,2026-01-17 08:05:53,BNK FEARX,HANJIN BRION,3,1,0.5520504117012024,0.5347562432289124
reduced_2023_2024_2025,2026|Cup|2026-01-17|Gen.G|KT Rolster,2026-01-17 11:10:45,Gen.G,KT Rolster,3,1,0.5605975389480591,0.5404868721961975
reduced_2023_2024_2025,2026|Cup|2026-01-18|Hanwha Life Esports|Nongshim RedForce,2026-01-18 08:05:24,Hanwha Life Esports,Nongshim RedForce,3,0,0.5115734338760376,0.5077162384986877
reduced_2023_2024_2025,2026|Cup|2026-01-18|Kiwoom DRX|T1,2026-01-18 10:20:18,Kiwoom DRX,T1,3,0,0.466177374124527,0.4774363040924072
reduced_2023_2024_2025,2026|Cup|2026-01-21|Dplus Kia|Nongshim RedForce,2026-01-21 08:05:24,Dplus Kia,Nongshim RedForce,3,1,0.5507287979125977,0.5338709950447083
reduced_2023_2024_2025,2026|Cup|2026-01-21|DN SOOPers|Kiwoom DRX,2026-01-21 11:14:52,DN SOOPers,Kiwoom DRX,3,1,0.4957529902458191,0.497168630361557
reduced_2023_2024_2025,2026|Cup|2026-01-22|HANJIN BRION|Hanwha Life Esports,2026-01-22 08:05:25,HANJIN BRION,Hanwha Life Esports,3,0,0.5022984147071838,0.501532256603241
reduced_2023_2024_2025,2026|Cup|2026-01-22|BNK FEARX|Gen.G,2026-01-22 11:14:53,BNK FEARX,Gen.G,3,0,0.4508501887321472,0.4671863615512848
reduced_2023_2024_2025,2026|Cup|2026-01-23|KT Rolster|T1,2026-01-23 08:04:55,KT Rolster,T1,3,0,0.44112756848335266,0.4606706202030182
reduced_2023_2024_2025,2026|Cup|2026-01-23|Kiwoom DRX|Nongshim RedForce,2026-01-23 10:33:19,Kiwoom DRX,Nongshim RedForce,3,1,0.4873587489128113,0.49157169461250305
reduced_2023_2024_2025,2026|Cup|2026-01-24|DN SOOPers|Hanwha Life Esports,2026-01-24 08:04:56,DN SOOPers,Hanwha Life Esports,3,0,0.4845622777938843,0.48970675468444824
reduced_2023_2024_2025,2026|Cup|2026-01-24|Dplus Kia|Gen.G,2026-01-24 11:24:48,Dplus Kia,Gen.G,3,0,0.4529484510421753,0.46859097480773926
reduced_2023_2024_2025,2026|Cup|2026-01-25|BNK FEARX|T1,2026-01-25 08:05:39,BNK FEARX,T1,3,0,0.48309600353240967,0.48872876167297363
reduced_2023_2024_2025,2026|Cup|2026-01-25|HANJIN BRION|KT Rolster,2026-01-25 11:28:02,HANJIN BRION,KT Rolster,3,0,0.519451379776001,0.512970507144928
reduced_2023_2024_2025,2026|Cup|2026-01-28|HANJIN BRION|Kiwoom DRX,2026-01-28 08:04:54,HANJIN BRION,Kiwoom DRX,5,0,0.500446617603302,0.5002381205558777
reduced_2023_2024_2025,2026|Cup|2026-01-29|BNK FEARX|DN SOOPers,2026-01-29 08:07:19,BNK FEARX,DN SOOPers,5,1,0.4645862877368927,0.48109468817710876
reduced_2023_2024_2025,2026|Cup|2026-01-30|KT Rolster|Nongshim RedForce,2026-01-30 08:05:48,KT Rolster,Nongshim RedForce,5,0,0.48569732904434204,0.49237072467803955
reduced_2023_2024_2025,2026|Cup|2026-01-31|Dplus Kia|T1,2026-01-31 08:17:53,Dplus Kia,T1,5,0,0.4803946018218994,0.4895407259464264
reduced_2023_2024_2025,2026|Cup|2026-02-01|Gen.G|Hanwha Life Esports,2026-02-01 08:08:08,Gen.G,Hanwha Life Esports,5,1,0.5523165464401245,0.5279603600502014
reduced_2023_2024_2025,2026|Cup|2026-02-06|HANJIN BRION|Kiwoom DRX,2026-02-06 08:05:10,HANJIN BRION,Kiwoom DRX,3,0,0.49043309688568115,0.49362173676490784
reduced_2023_2024_2025,2026|Cup|2026-02-06|DN SOOPers|KT Rolster,2026-02-06 10:59:51,DN SOOPers,KT Rolster,3,1,0.4931015372276306,0.49540090560913086
reduced_2023_2024_2025,2026|Cup|2026-02-07|Dplus Kia|Kiwoom DRX,2026-02-07 08:07:00,Dplus Kia,Kiwoom DRX,3,1,0.42987895011901855,0.45311522483825684
reduced_2023_2024_2025,2026|Cup|2026-02-07|DN SOOPers|Nongshim RedForce,2026-02-07 10:09:22,DN SOOPers,Nongshim RedForce,3,1,0.5018579363822937,0.5012386441230774
reduced_2023_2024_2025,2026|Cup|2026-02-08|Kiwoom DRX|Nongshim RedForce,2026-02-08 08:06:06,Kiwoom DRX,Nongshim RedForce,5,1,0.46597975492477417,0.4818398952484131
reduced_2023_2024_2025,2026|Cup|2026-02-12|BNK FEARX|DN SOOPers,2026-02-12 08:04:05,BNK FEARX,DN SOOPers,5,1,0.5013226866722107,0.5007054209709167
reduced_2023_2024_2025,2026|Cup|2026-02-13|Dplus Kia|Kiwoom DRX,2026-02-13 08:06:47,Dplus Kia,Kiwoom DRX,5,1,0.5169309377670288,0.5090317726135254
reduced_2023_2024_2025,2026|Cup|2026-02-14|Dplus Kia|Gen.G,2026-02-14 08:07:25,Dplus Kia,Gen.G,5,0,0.4664698541164398,0.48210200667381287
reduced_2023_2024_2025,2026|Cup|2026-02-15|BNK FEARX|T1,2026-02-15 08:05:24,BNK FEARX,T1,5,1,0.5010990500450134,0.5005860924720764
reduced_2023_2024_2025,2026|Cup|2026-02-19|DN SOOPers|Kiwoom DRX,2026-02-19 08:06:05,DN SOOPers,Kiwoom DRX,5,1,0.5193925499916077,0.5103456377983093
reduced_2023_2024_2025,2026|Cup|2026-02-20|DN SOOPers|Dplus Kia,2026-02-20 08:06:25,DN SOOPers,Dplus Kia,5,0,0.549476146697998,0.526436448097229
reduced_2023_2024_2025,2026|Cup|2026-02-21|BNK FEARX|Gen.G,2026-02-21 08:08:52,BNK FEARX,Gen.G,5,0,0.5166279673576355,0.5088701844215393
reduced_2023_2024_2025,2026|Cup|2026-02-22|Dplus Kia|T1,2026-02-22 08:08:41,Dplus Kia,T1,5,1,0.5153189897537231,0.5081716179847717
reduced_2023_2024_2025,2026|Cup|2026-02-28|BNK FEARX|Dplus Kia,2026-02-28 08:23:00,BNK FEARX,Dplus Kia,5,1,0.5120797753334045,0.5064432621002197
reduced_2023_2024_2025,2026|Cup|2026-03-01|BNK FEARX|Gen.G,2026-03-01 08:22:46,BNK FEARX,Gen.G,5,0,0.5182883143424988,0.5097562074661255
reduced_2023_2024_2025,2026|Rounds 1-2|2026-04-01|HANJIN BRION|Hanwha Life Esports,2026-04-01 08:11:43,HANJIN BRION,Hanwha Life Esports,3,0,0.49392351508140564,0.4959489405155182
reduced_2023_2024_2025,2026|Rounds 1-2|2026-04-01|KT Rolster|T1,2026-04-01 10:23:34,KT Rolster,T1,3,1,0.4959935247898102,0.4973289966583252
reduced_2023_2024_2025,2026|Rounds 1-2|2026-04-02|Dplus Kia|Nongshim RedForce,2026-04-02 08:08:29,Dplus Kia,Nongshim RedForce,3,0,0.49903959035873413,0.49935969710350037
reduced_2023_2024_2025,2026|Rounds 1-2|2026-04-02|DN SOOPers|Kiwoom DRX,2026-04-02 10:15:16,DN SOOPers,Kiwoom DRX,3,1,0.5160976052284241,0.5107333660125732
reduced_2023_2024_2025,2026|Rounds 1-2|2026-04-03|Gen.G|KT Rolster,2026-04-03 08:10:24,Gen.G,KT Rolster,3,0,0.5492802858352661,0.5329009890556335
reduced_2023_2024_2025,2026|Rounds 1-2|2026-04-03|BNK FEARX|HANJIN BRION,2026-04-03 11:10:37,BNK FEARX,HANJIN BRION,3,0,0.509120762348175,0.5060808062553406
reduced_2023_2024_2025,2026|Rounds 1-2|2026-04-04|Hanwha Life Esports|T1,2026-04-04 08:08:38,Hanwha Life Esports,T1,3,0,0.5199776887893677,0.5133216381072998
reduced_2023_2024_2025,2026|Rounds 1-2|2026-04-04|Dplus Kia|Kiwoom DRX,2026-04-04 10:30:33,Dplus Kia,Kiwoom DRX,3,1,0.4918866455554962,0.4945908486843109
reduced_2023_2024_2025,2026|Rounds 1-2|2026-04-05|DN SOOPers|Nongshim RedForce,2026-04-05 08:10:33,DN SOOPers,Nongshim RedForce,3,0,0.4918074607849121,0.4945380687713623
reduced_2023_2024_2025,2026|Rounds 1-2|2026-04-05|BNK FEARX|Gen.G,2026-04-05 10:22:53,BNK FEARX,Gen.G,3,0,0.45987290143966675,0.4732230007648468
reduced_2023_2024_2025,2026|Rounds 1-2|2026-04-08|Dplus Kia|Hanwha Life Esports,2026-04-08 08:06:29,Dplus Kia,Hanwha Life Esports,3,0,0.48231062293052673,0.4882049262523651
reduced_2023_2024_2025,2026|Rounds 1-2|2026-04-08|Gen.G|T1,2026-04-08 10:19:02,Gen.G,T1,3,1,0.5289311408996582,0.5192969441413879
reduced_2023_2024_2025,2026|Rounds 1-2|2026-04-09|HANJIN BRION|Kiwoom DRX,2026-04-09 08:06:21,HANJIN BRION,Kiwoom DRX,3,0,0.5156779289245605,0.510453462600708
reduced_2023_2024_2025,2026|Rounds 1-2|2026-04-09|KT Rolster|Nongshim RedForce,2026-04-09 11:25:00,KT Rolster,Nongshim RedForce,3,1,0.464701771736145,0.47645044326782227
reduced_2023_2024_2025,2026|Rounds 1-2|2026-04-10|DN SOOPers|T1,2026-04-10 08:09:34,DN SOOPers,T1,3,0,0.5116677284240723,0.507779061794281
reduced_2023_2024_2025,2026|Rounds 1-2|2026-04-10|BNK FEARX|Hanwha Life Esports,2026-04-10 10:10:47,BNK FEARX,Hanwha Life Esports,3,0,0.46093082427978516,0.4739302694797516
reduced_2023_2024_2025,2026|Rounds 1-2|2026-04-11|Kiwoom DRX|Nongshim RedForce,2026-04-11 08:06:17,Kiwoom DRX,Nongshim RedForce,3,1,0.4493909478187561,0.46620917320251465
reduced_2023_2024_2025,2026|Rounds 1-2|2026-04-11|Dplus Kia|Gen.G,2026-04-11 10:14:53,Dplus Kia,Gen.G,3,1,0.4275161623954773,0.4515255391597748
reduced_2023_2024_2025,2026|Rounds 1-2|2026-04-12|BNK FEARX|DN SOOPers,2026-04-12 08:05:05,BNK FEARX,DN SOOPers,3,1,0.49174046516418457,0.49449339509010315
reduced_2023_2024_2025,2026|Rounds 1-2|2026-04-12|HANJIN BRION|KT Rolster,2026-04-12 10:09:24,HANJIN BRION,KT Rolster,3,0,0.4951443374156952,0.49676284193992615
reduced_2023_2024_2025,2026|Rounds 1-2|2026-04-15|BNK FEARX|Nongshim RedForce,2026-04-15 08:04:27,BNK FEARX,Nongshim RedForce,3,0,0.5406419038772583,0.5271212458610535
reduced_2023_2024_2025,2026|Rounds 1-2|2026-04-15|Dplus Kia|KT Rolster,2026-04-15 10:10:22,Dplus Kia,KT Rolster,3,0,0.43080857396125793,0.4537403881549835
reduced_2023_2024_2025,2026|Rounds 1-2|2026-04-16|Gen.G|HANJIN BRION,2026-04-16 08:07:45,Gen.G,HANJIN BRION,3,1,0.5491600036621094,0.5328205227851868
reduced_2023_2024_2025,2026|Rounds 1-2|2026-04-16|DN SOOPers|Hanwha Life Esports,2026-04-16 10:19:53,DN SOOPers,Hanwha Life Esports,3,0,0.4355230927467346,0.4569087028503418
reduced_2023_2024_2025,2026|Rounds 1-2|2026-04-17|BNK FEARX|Kiwoom DRX,2026-04-17 08:09:20,BNK FEARX,Kiwoom DRX,3,1,0.46558502316474915,0.47704052925109863
reduced_2023_2024_2025,2026|Rounds 1-2|2026-04-17|Dplus Kia|T1,2026-04-17 10:18:08,Dplus Kia,T1,3,1,0.5011478662490845,0.5007652044296265
reduced_2023_2024_2025,2026|Rounds 1-2|2026-04-18|Gen.G|Hanwha Life Esports,2026-04-18 08:07:24,Gen.G,Hanwha Life Esports,3,0,0.48685652017593384,0.49123677611351013
reduced_2023_2024_2025,2026|Rounds 1-2|2026-04-18|DN SOOPers|KT Rolster,2026-04-18 10:19:42,DN SOOPers,KT Rolster,3,0,0.4292142391204834,0.45266810059547424
reduced_2023_2024_2025,2026|Rounds 1-2|2026-04-19|HANJIN BRION|Nongshim RedForce,2026-04-19 08:06:04,HANJIN BRION,Nongshim RedForce,3,0,0.47649675607681274,0.484326034784317
reduced_2023_2024_2025,2026|Rounds 1-2|2026-04-19|Kiwoom DRX|T1,2026-04-19 11:23:50,Kiwoom DRX,T1,3,0,0.5038167238235474,0.5025445222854614
reduced_2023_2024_2025,2026|Rounds 1-2|2026-04-22|KT Rolster|Kiwoom DRX,2026-04-22 08:04:37,KT Rolster,Kiwoom DRX,3,1,0.546097993850708,0.5307708382606506
reduced_2023_2024_2025,2026|Rounds 1-2|2026-04-22|Hanwha Life Esports|Nongshim RedForce,2026-04-22 10:16:00,Hanwha Life Esports,Nongshim RedForce,3,1,0.5397191047668457,0.5265042185783386
reduced_2023_2024_2025,2026|Rounds 1-2|2026-04-23|Dplus Kia|HANJIN BRION,2026-04-23 08:05:27,Dplus Kia,HANJIN BRION,3,1,0.5080519914627075,0.505368173122406
reduced_2023_2024_2025,2026|Rounds 1-2|2026-04-23|DN SOOPers|Gen.G,2026-04-23 10:15:14,DN SOOPers,Gen.G,3,0,0.4739287495613098,0.48261213302612305
reduced_2023_2024_2025,2026|Rounds 1-2|2026-04-24|BNK FEARX|KT Rolster,2026-04-24 08:07:08,BNK FEARX,KT Rolster,3,0,0.4369664192199707,0.4578779637813568
reduced_2023_2024_2025,2026|Rounds 1-2|2026-04-24|Hanwha Life Esports|Kiwoom DRX,2026-04-24 10:32:53,Hanwha Life Esports,Kiwoom DRX,3,1,0.572677731513977,0.5486049652099609
reduced_2023_2024_2025,2026|Rounds 1-2|2026-04-25|HANJIN BRION|T1,2026-04-25 08:07:29,HANJIN BRION,T1,3,0,0.4695209264755249,0.4796694219112396
reduced_2023_2024_2025,2026|Rounds 1-2|2026-04-25|DN SOOPers|Dplus Kia,2026-04-25 10:52:42,DN SOOPers,Dplus Kia,3,0,0.44707155227661133,0.46465548872947693
reduced_2023_2024_2025,2026|Rounds 1-2|2026-04-26|BNK FEARX|T1,2026-04-26 08:06:17,BNK FEARX,T1,3,0,0.45641595125198364,0.4709111452102661
reduced_2023_2024_2025,2026|Rounds 1-2|2026-04-26|Gen.G|Nongshim RedForce,2026-04-26 10:15:14,Gen.G,Nongshim RedForce,3,1,0.5098336935043335,0.5065562129020691
reduced_2023_2024_2025,2026|Rounds 1-2|2026-04-29|Nongshim RedForce|T1,2026-04-29 08:05:12,Nongshim RedForce,T1,3,0,0.45698732137680054,0.4712933599948883
reduced_2023_2024_2025,2026|Rounds 1-2|2026-04-29|Hanwha Life Esports|KT Rolster,2026-04-29 10:15:19,Hanwha Life Esports,KT Rolster,3,1,0.45724961161613464,0.4714687764644623
reduced_2023_2024_2025,2026|Rounds 1-2|2026-04-30|Gen.G|Kiwoom DRX,2026-04-30 08:06:44,Gen.G,Kiwoom DRX,3,1,0.5730705857276917,0.5488693714141846
reduced_2023_2024_2025,2026|Rounds 1-2|2026-04-30|BNK FEARX|Dplus Kia,2026-04-30 11:13:48,BNK FEARX,Dplus Kia,3,0,0.437913715839386,0.45851394534111023
reduced_2023_2024_2025,2026|Rounds 1-2|2026-05-01|DN SOOPers|HANJIN BRION,2026-05-01 08:06:11,DN SOOPers,HANJIN BRION,3,0,0.49655479192733765,0.4977031648159027
reduced_2023_2024_2025,2026|Rounds 1-2|2026-05-01|Hanwha Life Esports|T1,2026-05-01 10:22:34,Hanwha Life Esports,T1,3,1,0.49477118253707886,0.49651408195495605
reduced_2023_2024_2025,2026|Rounds 1-2|2026-05-02|Dplus Kia|Gen.G,2026-05-02 08:06:29,Dplus Kia,Gen.G,3,0,0.48452863097190857,0.4896843135356903
reduced_2023_2024_2025,2026|Rounds 1-2|2026-05-02|Kiwoom DRX|Nongshim RedForce,2026-05-02 11:03:54,Kiwoom DRX,Nongshim RedForce,3,1,0.5098190903663635,0.5065464377403259
reduced_2023_2024_2025,2026|Rounds 1-2|2026-05-03|HANJIN BRION|KT Rolster,2026-05-03 08:05:43,HANJIN BRION,KT Rolster,3,1,0.472038209438324,0.4813501536846161
reduced_2023_2024_2025,2026|Rounds 1-2|2026-05-03|BNK FEARX|DN SOOPers,2026-05-03 10:24:27,BNK FEARX,DN SOOPers,3,1,0.5012441277503967,0.5008293986320496
reduced_2023_2024_2025,2026|Rounds 1-2|2026-05-06|Gen.G|Nongshim RedForce,2026-05-06 08:06:15,Gen.G,Nongshim RedForce,3,1,0.55241858959198,0.5350028872489929
reduced_2023_2024_2025,2026|Rounds 1-2|2026-05-06|DN SOOPers|Hanwha Life Esports,2026-05-06 10:34:43,DN SOOPers,Hanwha Life Esports,3,0,0.431851863861084,0.4544418156147003
reduced_2023_2024_2025,2026|Rounds 1-2|2026-05-07|Dplus Kia|KT Rolster,2026-05-07 08:07:34,Dplus Kia,KT Rolster,3,0,0.5070455074310303,0.5046971440315247
reduced_2023_2024_2025,2026|Rounds 1-2|2026-05-07|BNK FEARX|HANJIN BRION,2026-05-07 10:30:17,BNK FEARX,HANJIN BRION,3,0,0.4655015170574188,0.47698476910591125
reduced_2023_2024_2025,2026|Rounds 1-2|2026-05-08|DN SOOPers|T1,2026-05-08 08:05:48,DN SOOPers,T1,3,0,0.44698044657707214,0.46459445357322693
reduced_2023_2024_2025,2026|Rounds 1-2|2026-05-08|Gen.G|Kiwoom DRX,2026-05-08 10:40:52,Gen.G,Kiwoom DRX,3,1,0.5144411325454712,0.5096285939216614
reduced_2023_2024_2025,2026|Rounds 1-2|2026-05-09|BNK FEARX|KT Rolster,2026-05-09 08:06:41,BNK FEARX,KT Rolster,3,1,0.5018326640129089,0.501221776008606
reduced_2023_2024_2025,2026|Rounds 1-2|2026-05-09|HANJIN BRION|Nongshim RedForce,2026-05-09 10:15:45,HANJIN BRION,Nongshim RedForce,3,1,0.5605498552322388,0.5404548645019531
reduced_2023_2024_2025,2026|Rounds 1-2|2026-05-10|Dplus Kia|T1,2026-05-10 08:09:29,Dplus Kia,T1,3,0,0.4588202238082886,0.4725191593170166
reduced_2023_2024_2025,2026|Rounds 1-2|2026-05-10|Hanwha Life Esports|Kiwoom DRX,2026-05-10 10:31:52,Hanwha Life Esports,Kiwoom DRX,3,1,0.5323249101638794,0.5215632915496826
reduced_2023_2024_2025,2026|Rounds 1-2|2026-05-13|Nongshim RedForce|T1,2026-05-13 08:06:21,Nongshim RedForce,T1,3,0,0.45406728982925415,0.4693397581577301
reduced_2023_2024_2025,2026|Rounds 1-2|2026-05-13|DN SOOPers|Dplus Kia,2026-05-13 10:12:11,DN SOOPers,Dplus Kia,3,0,0.48859328031539917,0.49239495396614075
reduced_2023_2024_2025,2026|Rounds 1-2|2026-05-14|BNK FEARX|Gen.G,2026-05-14 08:07:03,BNK FEARX,Gen.G,3,0,0.4576200246810913,0.4717164933681488
reduced_2023_2024_2025,2026|Rounds 1-2|2026-05-14|KT Rolster|Kiwoom DRX,2026-05-14 10:15:56,KT Rolster,Kiwoom DRX,3,1,0.5075956583023071,0.5050639510154724
reduced_2023_2024_2025,2026|Rounds 1-2|2026-05-15|Dplus Kia|Hanwha Life Esports,2026-05-15 08:07:51,Dplus Kia,Hanwha Life Esports,3,0,0.48246365785598755,0.4883069694042206
reduced_2023_2024_2025,2026|Rounds 1-2|2026-05-15|DN SOOPers|HANJIN BRION,2026-05-15 10:22:39,DN SOOPers,HANJIN BRION,3,0,0.44067567586898804,0.46036744117736816
reduced_2023_2024_2025,2026|Rounds 1-2|2026-05-16|Gen.G|T1,2026-05-16 08:05:55,Gen.G,T1,3,0,0.5260230302810669,0.5173556208610535
reduced_2023_2024_2025,2026|Rounds 1-2|2026-05-16|BNK FEARX|Nongshim RedForce,2026-05-16 11:30:05,BNK FEARX,Nongshim RedForce,3,1,0.5236008167266846,0.5157390832901001
reduced_2023_2024_2025,2026|Rounds 1-2|2026-05-17|Hanwha Life Esports|KT Rolster,2026-05-17 08:05:58,Hanwha Life Esports,KT Rolster,3,0,0.5369859933853149,0.5246773362159729
reduced_2023_2024_2025,2026|Rounds 1-2|2026-05-17|HANJIN BRION|Kiwoom DRX,2026-05-17 11:06:33,HANJIN BRION,Kiwoom DRX,3,0,0.5666165351867676,0.5445287227630615
reduced_2023_2024_2025,2026|Rounds 1-2|2026-05-20|Kiwoom DRX|T1,2026-05-20 08:05:29,Kiwoom DRX,T1,3,0,0.4797648787498474,0.4865066111087799
reduced_2023_2024_2025,2026|Rounds 1-2|2026-05-20|KT Rolster|Nongshim RedForce,2026-05-20 11:01:11,KT Rolster,Nongshim RedForce,3,1,0.5180782675743103,0.5120545029640198
reduced_2023_2024_2025,2026|Rounds 1-2|2026-05-21|BNK FEARX|Hanwha Life Esports,2026-05-21 08:06:57,BNK FEARX,Hanwha Life Esports,3,0,0.49933743476867676,0.49955829977989197
reduced_2023_2024_2025,2026|Rounds 1-2|2026-05-21|Dplus Kia|HANJIN BRION,2026-05-21 10:22:05,Dplus Kia,HANJIN BRION,3,1,0.4851782023906708,0.49011752009391785
reduced_2023_2024_2025,2026|Rounds 1-2|2026-05-22|DN SOOPers|Kiwoom DRX,2026-05-22 08:06:39,DN SOOPers,Kiwoom DRX,3,0,0.4642069339752197,0.4761197865009308
reduced_2023_2024_2025,2026|Rounds 1-2|2026-05-22|Gen.G|KT Rolster,2026-05-22 10:20:35,Gen.G,KT Rolster,3,1,0.5276666879653931,0.5184528231620789
reduced_2023_2024_2025,2026|Rounds 1-2|2026-05-23|BNK FEARX|Dplus Kia,2026-05-23 08:06:07,BNK FEARX,Dplus Kia,3,0,0.5010480880737305,0.5006987452507019
reduced_2023_2024_2025,2026|Rounds 1-2|2026-05-23|Hanwha Life Esports|Nongshim RedForce,2026-05-23 11:15:14,Hanwha Life Esports,Nongshim RedForce,3,1,0.5254424810409546,0.5169681906700134
reduced_2023_2024_2025,2026|Rounds 1-2|2026-05-24|DN SOOPers|Gen.G,2026-05-24 08:06:42,DN SOOPers,Gen.G,3,0,0.44862452149391174,0.465695858001709
reduced_2023_2024_2025,2026|Rounds 1-2|2026-05-24|HANJIN BRION|T1,2026-05-24 10:10:10,HANJIN BRION,T1,3,0,0.44904404878616333,0.46597686409950256
reduced_2023_2024_2025,2026|Rounds 1-2|2026-05-27|Gen.G|Hanwha Life Esports,2026-05-27 08:06:37,Gen.G,Hanwha Life Esports,3,1,0.5011236667633057,0.5007491111755371
reduced_2023_2024_2025,2026|Rounds 1-2|2026-05-27|BNK FEARX|Kiwoom DRX,2026-05-27 11:17:26,BNK FEARX,Kiwoom DRX,3,1,0.47923019528388977,0.48614993691444397
reduced_2023_2024_2025,2026|Rounds 1-2|2026-05-28|DN SOOPers|Nongshim RedForce,2026-05-28 08:03:36,DN SOOPers,Nongshim RedForce,3,0,0.4863624572753906,0.49090734124183655
reduced_2023_2024_2025,2026|Rounds 1-2|2026-05-28|KT Rolster|T1,2026-05-28 11:03:41,KT Rolster,T1,3,0,0.46815726161003113,0.47875872254371643
reduced_2023_2024_2025,2026|Rounds 1-2|2026-05-29|Dplus Kia|Kiwoom DRX,2026-05-29 08:09:08,Dplus Kia,Kiwoom DRX,3,1,0.4827032685279846,0.4884667694568634
reduced_2023_2024_2025,2026|Rounds 1-2|2026-05-29|Gen.G|HANJIN BRION,2026-05-29 11:07:01,Gen.G,HANJIN BRION,3,1,0.5683737993240356,0.5457099080085754
reduced_2023_2024_2025,2026|Rounds 1-2|2026-05-30|DN SOOPers|KT Rolster,2026-05-30 08:05:58,DN SOOPers,KT Rolster,3,0,0.49312108755111694,0.4954139292240143
reduced_2023_2024_2025,2026|Rounds 1-2|2026-05-30|BNK FEARX|T1,2026-05-30 10:20:58,BNK FEARX,T1,3,0,0.4600549042224884,0.47334468364715576
reduced_2023_2024_2025,2026|Rounds 1-2|2026-05-31|HANJIN BRION|Hanwha Life Esports,2026-05-31 08:06:48,HANJIN BRION,Hanwha Life Esports,3,0,0.465945839881897,0.4772815704345703
reduced_2023_2024_2025,2026|Rounds 1-2|2026-05-31|Dplus Kia|Nongshim RedForce,2026-05-31 10:17:32,Dplus Kia,Nongshim RedForce,3,1,0.5176493525505066,0.5117684006690979
reduced_2023_2024_2025,2026|Rounds 1-2|2026-06-06|Dplus Kia|HANJIN BRION,2026-06-06 08:12:31,Dplus Kia,HANJIN BRION,5,1,0.5875948667526245,0.5469933152198792
reduced_2023_2024_2025,2026|Rounds 1-2|2026-06-07|Dplus Kia|KT Rolster,2026-06-07 08:09:33,Dplus Kia,KT Rolster,5,0,0.5882034301757812,0.5473236441612244
reduced_2023_2024_2025,2026|Rounds 1-2|2026-06-12|Hanwha Life Esports|T1,2026-06-12 08:25:00,Hanwha Life Esports,T1,5,1,0.43942251801490784,0.4676014482975006
reduced_2023_2024_2025,2026|Rounds 1-2|2026-06-13|Gen.G|KT Rolster,2026-06-13 06:22:36,Gen.G,KT Rolster,5,1,0.5847034454345703,0.5454245209693909
reduced_2023_2024_2025,2026|Rounds 1-2|2026-06-14|Gen.G|T1,2026-06-14 06:27:21,Gen.G,T1,5,0,0.5506227612495422,0.5270516276359558
reduced_2023_2024_2025,2026|Rounds 3-4|2026-07-29|Kiwoom DRX|Nongshim RedForce,2026-07-29 08:05:41,Kiwoom DRX,Nongshim RedForce,3,0,0.5071014165878296,0.5047343969345093
reduced_2023_2024_2025,2026|Rounds 3-4|2026-07-29|KT Rolster|T1,2026-07-29 10:14:12,KT Rolster,T1,3,1,0.49645715951919556,0.49763810634613037
reduced_2023_2024_2025,2026|Rounds 3-4|2026-07-30|BNK FEARX|DN SOOPers,2026-07-30 08:07:12,BNK FEARX,DN SOOPers,3,1,0.5075578689575195,0.5050387382507324
reduced_2023_2024_2025,2026|Rounds 3-4|2026-07-30|Dplus Kia|Hanwha Life Esports,2026-07-30 10:17:39,Dplus Kia,Hanwha Life Esports,3,1,0.480108380317688,0.48673582077026367
reduced_2023_2024_2025,2026|Rounds 3-4|2026-07-31|Gen.G|T1,2026-07-31 08:15:35,Gen.G,T1,3,0,0.5246883630752563,0.51646488904953
reduced_2023_2024_2025,2026|Rounds 3-4|2026-07-31|HANJIN BRION|Kiwoom DRX,2026-07-31 10:28:31,HANJIN BRION,Kiwoom DRX,3,0,0.4894598126411438,0.492972731590271
reduced_2023_2024_2025,2026|Rounds 3-4|2026-08-01|BNK FEARX|Nongshim RedForce,2026-08-01 08:05:28,BNK FEARX,Nongshim RedForce,3,0,0.505026638507843,0.5033511519432068
reduced_2023_2024_2025,2026|Rounds 3-4|2026-08-02|DN SOOPers|HANJIN BRION,2026-08-02 08:07:10,DN SOOPers,HANJIN BRION,3,1,0.5048511028289795,0.5032340884208679
reduced_2023_2024_2025,2026|Rounds 3-4|2026-08-02|Hanwha Life Esports|KT Rolster,2026-08-02 11:27:57,Hanwha Life Esports,KT Rolster,3,0,0.5198037624359131,0.5132055878639221
reduced_2023_2024_2025,2026|Rounds 3-4|2026-08-05|HANJIN BRION|Nongshim RedForce,2026-08-05 08:04:53,HANJIN BRION,Nongshim RedForce,3,1,0.4311181902885437,0.45394858717918396
reduced_2023_2024_2025,2026|Rounds 3-4|2026-08-05|Gen.G|Hanwha Life Esports,2026-08-05 11:19:04,Gen.G,Hanwha Life Esports,3,1,0.48829150199890137,0.49219372868537903
reduced_2023_2024_2025,2026|Rounds 3-4|2026-08-06|DN SOOPers|Kiwoom DRX,2026-08-06 08:07:39,DN SOOPers,Kiwoom DRX,3,0,0.49707475304603577,0.4980498254299164
reduced_2023_2024_2025,2026|Rounds 3-4|2026-08-06|Dplus Kia|T1,2026-08-06 10:15:34,Dplus Kia,T1,3,0,0.4993625283241272,0.4995749890804291
reduced_2023_2024_2025,2026|Rounds 3-4|2026-08-07|Gen.G|KT Rolster,2026-08-07 08:07:40,Gen.G,KT Rolster,3,1,0.4749221205711365,0.4832751452922821
reduced_2023_2024_2025,2026|Rounds 3-4|2026-08-07|BNK FEARX|HANJIN BRION,2026-08-07 10:11:30,BNK FEARX,HANJIN BRION,3,0,0.5095795392990112,0.5063866972923279
reduced_2023_2024_2025,2026|Rounds 3-4|2026-08-08|Hanwha Life Esports|T1,2026-08-08 08:08:11,Hanwha Life Esports,T1,3,1,0.47742170095443726,0.4849432408809662
reduced_2023_2024_2025,2026|Rounds 3-4|2026-08-08|DN SOOPers|Nongshim RedForce,2026-08-08 11:16:34,DN SOOPers,Nongshim RedForce,3,1,0.4869053363800049,0.4912693500518799
reduced_2023_2024_2025,2026|Rounds 3-4|2026-08-09|Dplus Kia|KT Rolster,2026-08-09 08:07:07,Dplus Kia,KT Rolster,3,1,0.48817139863967896,0.4921136200428009
reduced_2023_2024_2025,2026|Rounds 3-4|2026-08-09|BNK FEARX|Kiwoom DRX,2026-08-09 11:01:09,BNK FEARX,Kiwoom DRX,3,1,0.4498882591724396,0.46654224395751953
reduced_2023_2024_2025,2026|Rounds 3-4|2026-08-12|DN SOOPers|Nongshim RedForce,2026-08-12 08:07:18,DN SOOPers,Nongshim RedForce,3,1,0.49375346302986145,0.495835542678833
reduced_2023_2024_2025,2026|Rounds 3-4|2026-08-12|Dplus Kia|KT Rolster,2026-08-12 11:02:08,Dplus Kia,KT Rolster,3,1,0.5096849203109741,0.5064569711685181
reduced_2023_2024_2025,2026|Rounds 3-4|2026-08-13|BNK FEARX|Kiwoom DRX,2026-08-13 08:06:50,BNK FEARX,Kiwoom DRX,3,1,0.4788571000099182,0.48590102791786194
reduced_2023_2024_2025,2026|Rounds 3-4|2026-08-13|Gen.G|Hanwha Life Esports,2026-08-13 11:04:48,Gen.G,Hanwha Life Esports,3,1,0.5313223600387573,0.5208937525749207
reduced_2023_2024_2025,2026|Rounds 3-4|2026-08-14|Dplus Kia|T1,2026-08-14 08:08:00,Dplus Kia,T1,3,1,0.5193898677825928,0.5129294395446777
reduced_2023_2024_2025,2026|Rounds 3-4|2026-08-14|HANJIN BRION|Nongshim RedForce,2026-08-14 11:28:48,HANJIN BRION,Nongshim RedForce,3,0,0.526605486869812,0.5177444815635681
reduced_2023_2024_2025,2026|Rounds 3-4|2026-08-15|Hanwha Life Esports|KT Rolster,2026-08-15 08:08:03,Hanwha Life Esports,KT Rolster,3,1,0.5133117437362671,0.5088754296302795
reduced_2023_2024_2025,2026|Rounds 3-4|2026-08-15|BNK FEARX|DN SOOPers,2026-08-15 11:08:43,BNK FEARX,DN SOOPers,3,0,0.5160130858421326,0.5106770396232605
reduced_2023_2024_2025,2026|Rounds 3-4|2026-08-16|Gen.G|T1,2026-08-16 08:07:26,Gen.G,T1,3,1,0.5499333739280701,0.5333383083343506
reduced_2023_2024_2025,2026|Rounds 3-4|2026-08-16|HANJIN BRION|Kiwoom DRX,2026-08-16 10:44:01,HANJIN BRION,Kiwoom DRX,3,1,0.5246148109436035,0.5164157748222351
reduced_2023_2024_2025,2026|Rounds 3-4|2026-08-19|Gen.G|KT Rolster,2026-08-19 08:05:49,Gen.G,KT Rolster,3,1,0.5685949325561523,0.5458585023880005
reduced_2023_2024_2025,2026|Rounds 3-4|2026-08-19|DN SOOPers|HANJIN BRION,2026-08-19 11:22:14,DN SOOPers,HANJIN BRION,3,0,0.548206090927124,0.5321817994117737
reduced_2023_2024_2025,2026|Rounds 3-4|2026-08-20|Dplus Kia|Hanwha Life Esports,2026-08-20 08:07:41,Dplus Kia,Hanwha Life Esports,3,0,0.506829023361206,0.5045527815818787
reduced_2023_2024_2025,2026|Rounds 3-4|2026-08-20|Kiwoom DRX|Nongshim RedForce,2026-08-20 10:33:18,Kiwoom DRX,Nongshim RedForce,3,0,0.4505414366722107,0.46697959303855896
reduced_2023_2024_2025,2026|Rounds 3-4|2026-08-21|BNK FEARX|HANJIN BRION,2026-08-21 08:07:26,BNK FEARX,HANJIN BRION,3,1,0.47006475925445557,0.4800325334072113
reduced_2023_2024_2025,2026|Rounds 3-4|2026-08-21|KT Rolster|T1,2026-08-21 11:24:11,KT Rolster,T1,3,0,0.49774789810180664,0.4984985888004303
reduced_2023_2024_2025,2026|Rounds 3-4|2026-08-22|Dplus Kia|Gen.G,2026-08-22 08:08:17,Dplus Kia,Gen.G,3,1,0.46296656131744385,0.4752909243106842
reduced_2023_2024_2025,2026|Rounds 3-4|2026-08-22|DN SOOPers|Kiwoom DRX,2026-08-22 11:31:02,DN SOOPers,Kiwoom DRX,3,1,0.5266530513763428,0.5177761912345886
reduced_2023_2024_2025,2026|Rounds 3-4|2026-08-23|Hanwha Life Esports|T1,2026-08-23 08:07:42,Hanwha Life Esports,T1,3,1,0.533033013343811,0.5220362544059753
reduced_2023_2024_2025,2026|Rounds 3-4|2026-08-23|BNK FEARX|Nongshim RedForce,2026-08-23 10:20:23,BNK FEARX,Nongshim RedForce,3,0,0.467241495847702,0.47814705967903137
reduced_2023_2024_2025,2026|Rounds 3-4|2026-08-26|HANJIN BRION|KT Rolster,2026-08-26 08:08:21,HANJIN BRION,KT Rolster,5,0,0.5085933208465576,0.5045833587646484
reduced_2023_2024_2025,2026|Rounds 3-4|2026-08-27|BNK FEARX|Nongshim RedForce,2026-08-27 08:07:15,BNK FEARX,Nongshim RedForce,5,1,0.4566521942615509,0.4768480956554413
reduced_2023_2024_2025,2026|Rounds 3-4|2026-08-28|BNK FEARX|HANJIN BRION,2026-08-28 08:06:46,BNK FEARX,HANJIN BRION,5,1,0.5310652256011963,0.5165802836418152
reduced_2023_2024_2025,2026|Rounds 3-4|2026-08-29|BNK FEARX|T1,2026-08-29 08:07:39,BNK FEARX,T1,5,0,0.5229875445365906,0.5122649073600769
reduced_2023_2024_2025,2026|Rounds 3-4|2026-08-30|Dplus Kia|KT Rolster,2026-08-30 08:10:04,Dplus Kia,KT Rolster,5,0,0.4687155783176422,0.48330259323120117
reduced_2023_2024_2025,2026|Rounds 3-4|2026-09-01|Gen.G|KT Rolster,2026-09-01 08:11:13,Gen.G,KT Rolster,5,1,0.45536714792251587,0.4761596620082855
reduced_2023_2024_2025,2026|Rounds 3-4|2026-09-02|Hanwha Life Esports|T1,2026-09-02 08:11:08,Hanwha Life Esports,T1,5,1,0.5498133897781372,0.5266173481941223
reduced_2023_2024_2025,2026|Rounds 3-4|2026-09-03|BNK FEARX|Dplus Kia,2026-09-03 08:07:55,BNK FEARX,Dplus Kia,5,0,0.47545111179351807,0.48690125346183777
reduced_2023_2024_2025,2026|Rounds 3-4|2026-09-04|Dplus Kia|KT Rolster,2026-09-04 08:07:52,Dplus Kia,KT Rolster,5,1,0.5328525304794312,0.5175357460975647
reduced_2023_2024_2025,2026|Rounds 3-4|2026-09-05|Gen.G|Hanwha Life Esports,2026-09-05 08:08:15,Gen.G,Hanwha Life Esports,5,1,0.5037134885787964,0.5019806027412415
reduced_2023_2024_2025,2026|Rounds 3-4|2026-09-06|Dplus Kia|T1,2026-09-06 08:09:36,Dplus Kia,T1,5,0,0.5489267110824585,0.526141881942749
reduced_2023_2024_2025,2026|Rounds 3-4|2026-09-12|Hanwha Life Esports|T1,2026-09-12 05:21:16,Hanwha Life Esports,T1,5,1,0.4796255826950073,0.4891302287578583
