_key,league,date,reason
2025|LPL|11715-11715_game_1,LPL,2025-01-12 09:24:17,not_complete
2025|LPL|11715-11715_game_2,LPL,2025-01-12 10:26:00,not_complete
2025|LPL|11715-11715_game_3,LPL,2025-01-12 11:21:40,not_complete
2025|LPL|11716-11716_game_1,LPL,2025-01-13 09:35:11,not_complete
2025|LPL|11716-11716_game_2,LPL,2025-01-13 10:36:48,not_complete
2025|LPL|11716-11716_game_3,LPL,2025-01-13 11:33:45,not_complete
2025|LPL|11716-11716_game_4,LPL,2025-01-13 12:27:12,not_complete
2025|LPL|11717-11717_game_1,LPL,2025-01-14 09:27:56,not_complete
2025|LPL|11717-11717_game_2,LPL,2025-01-14 10:21:38,not_complete
2025|LPL|11717-11717_game_3,LPL,2025-01-14 11:21:38,not_complete
2025|LPL|11717-11717_game_4,LPL,2025-01-14 12:11:52,not_complete
2025|LCK|LOLTMNT03_183532,LCK,2025-01-15 08:09:30,eligible
2025|LCK|LOLTMNT03_183538,LCK,2025-01-15 09:03:08,eligible
2025|LPL|11718-11718_game_1,LPL,2025-01-15 09:30:43,not_complete
2025|LCK|LOLTMNT03_183544,LCK,2025-01-15 09:54:37,eligible
2025|LPL|11718-11718_game_2,LPL,2025-01-15 10:29:59,not_complete
2025|LPL|11718-11718_game_3,LPL,2025-01-15 11:22:40,not_complete
2025|LCK|LOLTMNT03_183585,LCK,2025-01-15 11:26:48,eligible
2025|LPL|11718-11718_game_4,LPL,2025-01-15 12:06:15,not_complete
2025|LCK|LOLTMNT03_182705,LCK,2025-01-15 12:36:28,eligible
2025|LCK|LOLTMNT03_182729,LCK,2025-01-15 13:34:29,eligible
2025|LCK|LOLTMNT03_184086,LCK,2025-01-16 08:09:06,eligible
2025|LCK|LOLTMNT03_183991,LCK,2025-01-16 09:04:00,eligible
2025|LPL|11719-11719_game_1,LPL,2025-01-16 09:26:37,not_complete
2025|LCK|LOLTMNT03_184105,LCK,2025-01-16 09:54:20,eligible
2025|LPL|11719-11719_game_2,LPL,2025-01-16 10:24:20,not_complete
2025|LCK|LOLTMNT03_185025,LCK,2025-01-16 11:11:06,eligible
2025|LPL|11719-11719_game_3,LPL,2025-01-16 11:14:07,not_complete
2025|LCK|LOLTMNT03_185042,LCK,2025-01-16 11:55:28,eligible
2025|LCK|LOLTMNT03_185067,LCK,2025-01-16 12:50:03,eligible
2025|LCK|LOLTMNT03_185467,LCK,2025-01-17 08:08:25,eligible
2025|LCK|LOLTMNT03_184583,LCK,2025-01-17 08:59:26,eligible
2025|LPL|11720-11720_game_1,LPL,2025-01-17 09:30:26,not_complete
2025|LPL|11720-11720_game_2,LPL,2025-01-17 10:26:50,not_complete
2025|LCK|LOLTMNT03_184622,LCK,2025-01-17 10:34:53,eligible
2025|LPL|11720-11720_game_3,LPL,2025-01-17 11:21:48,not_complete
2025|LCK|LOLTMNT03_184660,LCK,2025-01-17 11:38:32,eligible
2025|LCK|LOLTMNT03_186192,LCK,2025-01-18 06:05:55,eligible
2025|LCK|LOLTMNT03_187100,LCK,2025-01-18 06:57:05,eligible
2025|LCK|LOLTMNT03_186260,LCK,2025-01-18 08:35:57,eligible
2025|LPL|11721-11721_game_1,LPL,2025-01-18 09:30:27,not_complete
2025|LCK|LOLTMNT03_187132,LCK,2025-01-18 09:32:58,eligible
2025|LPL|11721-11721_game_2,LPL,2025-01-18 10:22:01,not_complete
2025|LPL|11721-11721_game_3,LPL,2025-01-18 11:27:25,not_complete
2025|LEC|LOLTMNT06_96344,LEC,2025-01-18 17:09:08,eligible
2025|LEC|LOLTMNT06_96348,LEC,2025-01-18 18:10:05,eligible
2025|LEC|LOLTMNT06_95363,LEC,2025-01-18 19:05:05,eligible
2025|LEC|LOLTMNT06_96368,LEC,2025-01-18 19:59:46,eligible
2025|LEC|LOLTMNT06_95385,LEC,2025-01-18 21:00:09,eligible
2025|LCK|LOLTMNT03_187435,LCK,2025-01-19 06:04:49,eligible
2025|LCK|LOLTMNT03_187440,LCK,2025-01-19 06:54:25,eligible
2025|LCK|LOLTMNT03_187470,LCK,2025-01-19 08:34:13,eligible
2025|LPL|11722-11722_game_1,LPL,2025-01-19 09:27:45,not_complete
2025|LCK|LOLTMNT03_187471,LCK,2025-01-19 09:34:45,eligible
2025|LPL|11722-11722_game_2,LPL,2025-01-19 10:19:30,not_complete
2025|LPL|11722-11722_game_3,LPL,2025-01-19 11:13:50,not_complete
2025|LPL|11722-11722_game_4,LPL,2025-01-19 12:08:06,not_complete
2025|LEC|LOLTMNT06_96430,LEC,2025-01-19 17:06:11,eligible
2025|LEC|LOLTMNT06_95435,LEC,2025-01-19 17:59:13,eligible
2025|LEC|LOLTMNT06_95446,LEC,2025-01-19 19:21:06,eligible
2025|LEC|LOLTMNT06_96459,LEC,2025-01-19 20:24:44,eligible
2025|LEC|LOLTMNT06_96473,LEC,2025-01-19 21:18:52,eligible
2025|LPL|11723-11723_game_1,LPL,2025-01-20 09:29:51,not_complete
2025|LPL|11723-11723_game_2,LPL,2025-01-20 10:17:30,not_complete
2025|LPL|11723-11723_game_3,LPL,2025-01-20 11:16:40,not_complete
2025|LEC|LOLTMNT06_95500,LEC,2025-01-20 17:07:36,eligible
2025|LEC|LOLTMNT06_96516,LEC,2025-01-20 18:05:02,eligible
2025|LEC|LOLTMNT06_96529,LEC,2025-01-20 18:52:10,eligible
2025|LEC|LOLTMNT06_95531,LEC,2025-01-20 19:48:37,eligible
2025|LEC|LOLTMNT06_96548,LEC,2025-01-20 20:43:00,eligible
2025|LPL|11724-11724_game_1,LPL,2025-01-21 09:22:17,not_complete
2025|LPL|11724-11724_game_2,LPL,2025-01-21 10:23:14,not_complete
2025|LPL|11724-11724_game_3,LPL,2025-01-21 11:16:15,not_complete
2025|LPL|11724-11724_game_4,LPL,2025-01-21 12:11:42,not_complete
2025|LCK|LOLTMNT03_188641,LCK,2025-01-22 08:04:43,eligible
2025|LCK|LOLTMNT03_188645,LCK,2025-01-22 08:55:05,eligible
2025|LPL|11725-11725_game_1,LPL,2025-01-22 09:27:10,not_complete
2025|LCK|LOLTMNT03_188655,LCK,2025-01-22 09:48:21,eligible
2025|LPL|11725-11725_game_2,LPL,2025-01-22 10:24:03,not_complete
2025|LCK|LOLTMNT03_188679,LCK,2025-01-22 11:00:14,eligible
2025|LPL|11725-11725_game_3,LPL,2025-01-22 11:36:39,not_complete
2025|LCK|LOLTMNT03_189517,LCK,2025-01-22 11:54:37,eligible
2025|LCK|LOLTMNT03_188722,LCK,2025-01-22 12:46:42,eligible
2025|LCK|LOLTMNT03_189773,LCK,2025-01-23 08:04:06,eligible
2025|LCK|LOLTMNT03_189783,LCK,2025-01-23 09:12:50,eligible
2025|LPL|11738-11738_game_1,LPL,2025-01-23 09:23:46,not_complete
2025|LPL|11738-11738_game_2,LPL,2025-01-23 10:20:54,not_complete
2025|LCK|LOLTMNT03_190012,LCK,2025-01-23 10:34:33,eligible
2025|LPL|11738-11738_game_3,LPL,2025-01-23 11:11:52,not_complete
2025|LCK|LOLTMNT03_190023,LCK,2025-01-23 11:32:01,eligible
2025|LPL|11738-11738_game_4,LPL,2025-01-23 12:12:51,not_complete
2025|LPL|11738-11738_game_5,LPL,2025-01-23 12:57:38,not_complete
2025|LCK|LOLTMNT03_191023,LCK,2025-01-24 08:05:35,eligible
2025|LCK|LOLTMNT03_191028,LCK,2025-01-24 08:59:16,eligible
2025|LPL|11726-11726_game_1,LPL,2025-01-24 09:34:15,not_complete
2025|LCK|LOLTMNT03_191030,LCK,2025-01-24 09:49:42,eligible
2025|LPL|11726-11726_game_2,LPL,2025-01-24 10:38:13,not_complete
2025|LCK|LOLTMNT03_190264,LCK,2025-01-24 11:12:47,eligible
2025|LPL|11726-11726_game_3,LPL,2025-01-24 11:45:17,not_complete
2025|LCK|LOLTMNT03_191065,LCK,2025-01-24 12:03:15,eligible
2025|LPL|11726-11726_game_4,LPL,2025-01-24 12:49:04,not_complete
2025|LCK|LOLTMNT03_191077,LCK,2025-01-24 13:04:39,eligible
2025|LPL|11727-11727_game_1,LPL,2025-01-25 05:30:35,not_complete
2025|LCK|LOLTMNT03_191178,LCK,2025-01-25 06:06:39,eligible
2025|LPL|11727-11727_game_2,LPL,2025-01-25 06:25:38,not_complete
2025|LCK|LOLTMNT03_191179,LCK,2025-01-25 07:00:00,eligible
2025|LPL|11727-11727_game_3,LPL,2025-01-25 07:19:20,not_complete
2025|LCK|LOLTMNT03_190416,LCK,2025-01-25 07:59:38,eligible
2025|LCK|LOLTMNT03_190434,LCK,2025-01-25 09:24:12,eligible
2025|LPL|11728-11728_game_1,LPL,2025-01-25 09:27:08,not_complete
2025|LCK|LOLTMNT03_190436,LCK,2025-01-25 10:14:02,eligible
2025|LPL|11728-11728_game_2,LPL,2025-01-25 10:29:01,not_complete
2025|LPL|11728-11728_game_3,LPL,2025-01-25 11:32:50,not_complete
2025|LPL|11728-11728_game_4,LPL,2025-01-25 12:23:54,not_complete
2025|LEC|LOLTMNT04_92110,LEC,2025-01-25 17:08:30,eligible
2025|LEC|LOLTMNT04_92114,LEC,2025-01-25 18:08:27,eligible
2025|LEC|LOLTMNT04_92126,LEC,2025-01-25 19:08:52,eligible
2025|LEC|LOLTMNT04_92133,LEC,2025-01-25 20:07:47,eligible
2025|LEC|LOLTMNT04_92142,LEC,2025-01-25 21:14:10,eligible
2025|LTA N|LOLTMNT01_191712,LTA N,2025-01-25 21:14:31,eligible
2025|LTA N|LOLTMNT01_191718,LTA N,2025-01-25 22:01:01,eligible
2025|LTA N|LOLTMNT01_192790,LTA N,2025-01-25 23:04:54,eligible
2025|LTA N|LOLTMNT01_192797,LTA N,2025-01-25 23:52:59,eligible
2025|LCK|LOLTMNT03_191289,LCK,2025-01-26 06:04:20,eligible
2025|LCK|LOLTMNT03_191291,LCK,2025-01-26 06:58:03,eligible
2025|LCK|LOLTMNT03_191298,LCK,2025-01-26 08:34:53,eligible
2025|LCK|LOLTMNT03_190508,LCK,2025-01-26 09:36:41,eligible
2025|LEC|LOLTMNT04_92193,LEC,2025-01-26 17:07:00,eligible
2025|LEC|LOLTMNT04_93166,LEC,2025-01-26 17:57:24,eligible
2025|LEC|LOLTMNT04_93174,LEC,2025-01-26 19:04:12,eligible
2025|LEC|LOLTMNT04_92211,LEC,2025-01-26 19:52:31,eligible
2025|LEC|LOLTMNT04_92219,LEC,2025-01-26 20:38:09,eligible
2025|LTA N|LOLTMNT01_194069,LTA N,2025-01-26 21:13:44,eligible
2025|LTA N|LOLTMNT01_194092,LTA N,2025-01-26 22:01:48,eligible
2025|LTA N|LOLTMNT01_193134,LTA N,2025-01-26 23:00:44,eligible
2025|LTA N|LOLTMNT01_193140,LTA N,2025-01-26 23:52:28,eligible
2025|LEC|LOLTMNT04_92277,LEC,2025-01-27 17:07:16,eligible
2025|LEC|LOLTMNT04_93276,LEC,2025-01-27 18:02:18,eligible
2025|LEC|LOLTMNT04_93287,LEC,2025-01-27 19:06:14,eligible
2025|LEC|LOLTMNT04_93299,LEC,2025-01-27 19:53:56,eligible
2025|LEC|LOLTMNT04_93308,LEC,2025-01-27 20:50:22,eligible
2025|LCK|LOLTMNT01_196721,LCK,2025-01-31 08:03:18,eligible
2025|LCK|LOLTMNT01_195821,LCK,2025-01-31 08:53:26,eligible
2025|LCK|LOLTMNT01_196743,LCK,2025-01-31 09:44:17,eligible
2025|LCK|LOLTMNT01_195885,LCK,2025-01-31 11:08:35,eligible
2025|LCK|LOLTMNT01_195897,LCK,2025-01-31 12:00:21,eligible
2025|LCK|LOLTMNT01_198268,LCK,2025-02-01 06:04:25,eligible
2025|LCK|LOLTMNT01_198283,LCK,2025-02-01 06:57:56,eligible
2025|LCK|LOLTMNT01_198303,LCK,2025-02-01 07:51:42,eligible
2025|LCK|LOLTMNT01_197638,LCK,2025-02-01 09:15:19,eligible
2025|LCK|LOLTMNT01_197663,LCK,2025-02-01 10:06:23,eligible
2025|LCK|LOLTMNT01_197690,LCK,2025-02-01 10:54:40,eligible
2025|LEC|LOLTMNT04_93750,LEC,2025-02-01 17:08:38,eligible
2025|LEC|LOLTMNT04_92679,LEC,2025-02-01 17:56:54,eligible
2025|LEC|LOLTMNT04_92696,LEC,2025-02-01 18:52:30,eligible
2025|LEC|LOLTMNT04_92709,LEC,2025-02-01 19:44:04,eligible
2025|LEC|LOLTMNT04_92728,LEC,2025-02-01 20:43:29,eligible
2025|LTA N|LOLTMNT01_199069,LTA N,2025-02-01 21:06:58,eligible
2025|LTA N|LOLTMNT01_198719,LTA N,2025-02-01 21:59:47,eligible
2025|LTA N|LOLTMNT01_199106,LTA N,2025-02-01 22:48:32,eligible
2025|LTA N|LOLTMNT01_198743,LTA N,2025-02-01 23:49:32,eligible
2025|LTA N|LOLTMNT01_199126,LTA N,2025-02-02 00:38:41,eligible
2025|LTA N|LOLTMNT01_199134,LTA N,2025-02-02 01:34:49,eligible
2025|LCK|LOLTMNT01_198801,LCK,2025-02-02 06:06:34,eligible
2025|LCK|LOLTMNT01_198810,LCK,2025-02-02 06:55:43,eligible
2025|LEC|LOLTMNT04_93871,LEC,2025-02-02 17:07:20,eligible
2025|LEC|LOLTMNT04_93883,LEC,2025-02-02 17:57:23,eligible
2025|LEC|LOLTMNT04_92827,LEC,2025-02-02 18:59:16,eligible
2025|LEC|LOLTMNT04_92843,LEC,2025-02-02 19:46:21,eligible
2025|LEC|LOLTMNT04_93937,LEC,2025-02-02 20:42:01,eligible
2025|LTA N|LOLTMNT01_199589,LTA N,2025-02-02 21:12:08,eligible
2025|LTA N|LOLTMNT01_199614,LTA N,2025-02-02 22:05:09,eligible
2025|LTA N|LOLTMNT01_199618,LTA N,2025-02-02 23:06:46,eligible
2025|LTA N|LOLTMNT01_199622,LTA N,2025-02-03 00:15:46,eligible
2025|LTA N|LOLTMNT01_200234,LTA N,2025-02-03 01:16:17,eligible
2025|LTA N|LOLTMNT01_199637,LTA N,2025-02-03 02:02:05,eligible
2025|LTA N|LOLTMNT01_199640,LTA N,2025-02-03 02:54:42,eligible
2025|LEC|LOLTMNT04_92941,LEC,2025-02-03 17:05:40,eligible
2025|LEC|LOLTMNT04_92952,LEC,2025-02-03 17:55:39,eligible
2025|LEC|LOLTMNT04_92975,LEC,2025-02-03 18:46:57,eligible
2025|LEC|LOLTMNT04_92989,LEC,2025-02-03 19:36:03,eligible
2025|LEC|LOLTMNT04_94054,LEC,2025-02-03 20:28:27,eligible
2025|LCK|LOLTMNT01_202875,LCK,2025-02-07 08:05:24,eligible
2025|LCK|LOLTMNT01_202877,LCK,2025-02-07 09:00:30,eligible
2025|LCK|LOLTMNT01_203863,LCK,2025-02-07 10:33:44,eligible
2025|LCK|LOLTMNT01_203871,LCK,2025-02-07 11:27:17,eligible
2025|LCK|LOLTMNT01_204096,LCK,2025-02-08 06:05:33,eligible
2025|LCK|LOLTMNT01_205030,LCK,2025-02-08 06:59:21,eligible
2025|LCK|LOLTMNT01_204112,LCK,2025-02-08 08:35:01,eligible
2025|LPL|11729-11729_game_1,LPL,2025-02-08 09:23:57,not_complete
2025|LCK|LOLTMNT01_204114,LCK,2025-02-08 09:30:18,eligible
2025|LPL|11729-11729_game_2,LPL,2025-02-08 10:12:40,not_complete
2025|LPL|11729-11729_game_3,LPL,2025-02-08 11:11:14,not_complete
2025|LCK|LOLTMNT01_204273,LCK,2025-02-09 06:04:31,eligible
2025|LCK|LOLTMNT01_205157,LCK,2025-02-09 06:53:50,eligible
2025|LCK|LOLTMNT01_204280,LCK,2025-02-09 07:52:48,eligible
2025|LCK|LOLTMNT01_204281,LCK,2025-02-09 08:41:47,eligible
2025|LPL|11730-11730_game_1,LPL,2025-02-09 09:26:01,not_complete
2025|LPL|11730-11730_game_2,LPL,2025-02-09 10:23:23,not_complete
2025|LPL|11730-11730_game_3,LPL,2025-02-09 11:14:45,not_complete
2025|LPL|11730-11730_game_4,LPL,2025-02-09 12:16:15,not_complete
2025|LPL|11730-11730_game_5,LPL,2025-02-09 13:12:03,not_complete
2025|LTA N|LOLTMNT02_210749,LTA N,2025-02-09 21:07:49,eligible
2025|LTA N|LOLTMNT02_211213,LTA N,2025-02-09 21:57:01,eligible
2025|LTA N|LOLTMNT02_211224,LTA N,2025-02-09 22:51:45,eligible
2025|LTA N|LOLTMNT02_210813,LTA N,2025-02-09 23:49:15,eligible
2025|LTA N|LOLTMNT02_210822,LTA N,2025-02-10 00:46:00,eligible
2025|LPL|11731-11731_game_1,LPL,2025-02-10 09:27:30,not_complete
2025|LPL|11731-11731_game_2,LPL,2025-02-10 10:34:38,not_complete
2025|LPL|11731-11731_game_3,LPL,2025-02-10 11:25:53,not_complete
2025|LPL|11731-11731_game_4,LPL,2025-02-10 12:20:38,not_complete
2025|LPL|11732-11732_game_1,LPL,2025-02-11 09:23:13,not_complete
2025|LPL|11732-11732_game_2,LPL,2025-02-11 10:22:07,not_complete
2025|LPL|11732-11732_game_3,LPL,2025-02-11 11:20:26,not_complete
2025|LCK|LOLTMNT02_212651,LCK,2025-02-12 08:11:06,eligible
2025|LCK|LOLTMNT02_212665,LCK,2025-02-12 09:09:20,eligible
2025|LPL|11733-11733_game_1,LPL,2025-02-12 09:24:21,not_complete
2025|LCK|LOLTMNT02_213066,LCK,2025-02-12 10:03:18,eligible
2025|LPL|11733-11733_game_2,LPL,2025-02-12 10:19:49,not_complete
2025|LPL|11733-11733_game_3,LPL,2025-02-12 11:19:18,not_complete
2025|LPL|11733-11733_game_4,LPL,2025-02-12 12:18:08,not_complete
2025|LPL|11733-11733_game_5,LPL,2025-02-12 13:19:29,not_complete
2025|LCK|LOLTMNT02_214006,LCK,2025-02-13 08:05:16,eligible
2025|LCK|LOLTMNT02_214014,LCK,2025-02-13 08:54:58,eligible
2025|LPL|11734-11734_game_1,LPL,2025-02-13 09:22:51,not_complete
2025|LCK|LOLTMNT02_214018,LCK,2025-02-13 09:46:17,eligible
2025|LPL|11734-11734_game_2,LPL,2025-02-13 10:25:17,not_complete
2025|LCK|LOLTMNT02_213440,LCK,2025-02-13 10:41:37,eligible
2025|LPL|11734-11734_game_3,LPL,2025-02-13 11:15:59,not_complete
2025|LCK|LOLTMNT02_214059,LCK,2025-02-13 11:40:02,eligible
2025|LPL|11735-11735_game_1,LPL,2025-02-14 09:22:47,not_complete
2025|LPL|11735-11735_game_2,LPL,2025-02-14 10:16:55,not_complete
2025|LPL|11735-11735_game_3,LPL,2025-02-14 11:12:43,not_complete
2025|LPL|11735-11735_game_4,LPL,2025-02-14 12:03:07,not_complete
2025|LPL|11735-11735_game_5,LPL,2025-02-14 12:53:17,not_complete
2025|LCK|LOLTMNT02_215947,LCK,2025-02-15 06:06:56,eligible
2025|LCK|LOLTMNT02_215958,LCK,2025-02-15 06:59:03,eligible
2025|LCK|LOLTMNT02_216864,LCK,2025-02-15 07:47:46,eligible
2025|LCK|LOLTMNT02_216888,LCK,2025-02-15 08:36:56,eligible
2025|LPL|11736-11736_game_1,LPL,2025-02-15 09:25:33,not_complete
2025|LPL|11736-11736_game_2,LPL,2025-02-15 10:26:02,not_complete
2025|LPL|11736-11736_game_3,LPL,2025-02-15 11:09:37,not_complete
2025|LEC|LOLTMNT05_111524,LEC,2025-02-15 17:12:10,eligible
2025|LEC|LOLTMNT05_112394,LEC,2025-02-15 17:58:23,eligible
2025|LEC|LOLTMNT05_112400,LEC,2025-02-15 18:57:18,eligible
2025|LEC|LOLTMNT05_112410,LEC,2025-02-15 19:58:48,eligible
2025|LCK|LOLTMNT02_217358,LCK,2025-02-16 06:06:32,eligible
2025|LCK|LOLTMNT02_217366,LCK,2025-02-16 07:06:00,eligible
2025|LCK|LOLTMNT02_217372,LCK,2025-02-16 08:01:28,eligible
2025|LCK|LOLTMNT02_217385,LCK,2025-02-16 08:51:09,eligible
2025|LPL|11737-11737_game_1,LPL,2025-02-16 09:24:17,not_complete
2025|LCK|LOLTMNT02_218314,LCK,2025-02-16 09:44:51,eligible
2025|LPL|11737-11737_game_2,LPL,2025-02-16 10:21:45,not_complete
2025|LPL|11737-11737_game_3,LPL,2025-02-16 11:10:52,not_complete
2025|LEC|LOLTMNT05_112512,LEC,2025-02-16 17:07:42,eligible
2025|LEC|LOLTMNT05_112514,LEC,2025-02-16 17:59:31,eligible
2025|LEC|LOLTMNT05_112521,LEC,2025-02-16 19:07:09,eligible
2025|LEC|LOLTMNT05_112538,LEC,2025-02-16 19:59:43,eligible
2025|LEC|LOLTMNT05_111721,LEC,2025-02-17 17:17:33,eligible
2025|LEC|LOLTMNT05_111732,LEC,2025-02-17 18:23:54,eligible
2025|LEC|LOLTMNT05_111735,LEC,2025-02-17 19:18:39,eligible
2025|LEC|LOLTMNT05_111750,LEC,2025-02-17 20:07:22,eligible
2025|LCK|LOLTMNT02_222055,LCK,2025-02-19 08:06:35,eligible
2025|LCK|LOLTMNT02_222064,LCK,2025-02-19 08:57:23,eligible
2025|LCK|LOLTMNT02_222074,LCK,2025-02-19 09:57:34,eligible
2025|LCK|LOLTMNT02_221094,LCK,2025-02-19 10:58:30,eligible
2025|LCK|LOLTMNT02_221101,LCK,2025-02-19 11:52:23,eligible
2025|LCK|LOLTMNT02_222394,LCK,2025-02-20 08:05:22,eligible
2025|LCK|LOLTMNT02_222398,LCK,2025-02-20 09:02:48,eligible
2025|LCK|LOLTMNT02_222411,LCK,2025-02-20 10:09:08,eligible
2025|LCK|LOLTMNT02_222421,LCK,2025-02-20 11:04:59,eligible
2025|LCK|LOLTMNT02_222433,LCK,2025-02-20 12:04:46,eligible
2025|LCK|LOLTMNT02_222826,LCK,2025-02-22 06:07:03,eligible
2025|LPL|11763-11763_game_1,LPL,2025-02-22 06:13:58,not_complete
2025|LCK|LOLTMNT02_222827,LCK,2025-02-22 06:51:45,eligible
2025|LPL|11763-11763_game_2,LPL,2025-02-22 07:12:38,not_complete
2025|LCK|LOLTMNT02_222830,LCK,2025-02-22 07:41:41,eligible
2025|LPL|11763-11763_game_3,LPL,2025-02-22 08:08:39,not_complete
2025|LPL|11763-11763_game_4,LPL,2025-02-22 09:10:09,not_complete
2025|LPL|11764-11764_game_1,LPL,2025-02-22 10:33:01,not_complete
2025|LPL|11764-11764_game_2,LPL,2025-02-22 11:25:01,not_complete
2025|LPL|11764-11764_game_3,LPL,2025-02-22 12:18:40,not_complete
2025|LPL|11764-11764_game_4,LPL,2025-02-22 13:18:59,not_complete
2025|LPL|11764-11764_game_5,LPL,2025-02-22 14:26:44,not_complete
2025|LEC|LOLTMNT05_114249,LEC,2025-02-22 17:08:34,eligible
2025|LEC|LOLTMNT05_114254,LEC,2025-02-22 17:59:12,eligible
2025|LEC|LOLTMNT05_113282,LEC,2025-02-22 18:56:49,eligible
2025|LEC|LOLTMNT05_114277,LEC,2025-02-22 20:05:16,eligible
2025|LEC|LOLTMNT05_113307,LEC,2025-02-22 20:53:51,eligible
2025|LEC|LOLTMNT05_113309,LEC,2025-02-22 21:47:15,eligible
2025|LPL|11765-11765_game_1,LPL,2025-02-23 06:13:55,not_complete
2025|LCK|LOLTMNT02_223033,LCK,2025-02-23 06:21:15,eligible
2025|LPL|11765-11765_game_2,LPL,2025-02-23 07:06:58,not_complete
2025|LCK|LOLTMNT02_223039,LCK,2025-02-23 07:16:10,eligible
2025|LPL|11765-11765_game_3,LPL,2025-02-23 07:57:04,not_complete
2025|LCK|LOLTMNT02_223046,LCK,2025-02-23 08:02:54,eligible
2025|LCK|LOLTMNT02_223059,LCK,2025-02-23 08:55:52,eligible
2025|LPL|11765-11765_game_4,LPL,2025-02-23 08:56:35,not_complete
2025|LCK|LOLTMNT02_223070,LCK,2025-02-23 09:50:50,eligible
2025|LPL|11766-11766_game_1,LPL,2025-02-23 10:34:24,not_complete
2025|LPL|11766-11766_game_2,LPL,2025-02-23 11:40:50,not_complete
2025|LPL|11766-11766_game_3,LPL,2025-02-23 12:55:40,not_complete
2025|LPL|11766-11766_game_4,LPL,2025-02-23 13:47:08,not_complete
2025|LEC|LOLTMNT05_113346,LEC,2025-02-23 17:08:40,eligible
2025|LEC|LOLTMNT05_114349,LEC,2025-02-23 18:14:59,eligible
2025|LEC|LOLTMNT05_113358,LEC,2025-02-23 19:05:40,eligible
2025|LEC|LOLTMNT05_114381,LEC,2025-02-23 20:14:40,eligible
2025|LEC|LOLTMNT05_114389,LEC,2025-02-23 21:10:17,eligible
2025|LPL|11767-11767_game_1,LPL,2025-02-24 06:13:13,not_complete
2025|LPL|11767-11767_game_2,LPL,2025-02-24 07:14:28,not_complete
2025|LPL|11767-11767_game_3,LPL,2025-02-24 08:07:39,not_complete
2025|LPL|11767-11767_game_4,LPL,2025-02-24 09:02:56,not_complete
2025|LPL|11768-11768_game_1,LPL,2025-02-24 10:27:04,not_complete
2025|LPL|11768-11768_game_2,LPL,2025-02-24 11:26:10,not_complete
2025|LPL|11768-11768_game_3,LPL,2025-02-24 12:35:48,not_complete
2025|LPL|11768-11768_game_4,LPL,2025-02-24 13:26:14,not_complete
2025|LEC|LOLTMNT05_113387,LEC,2025-02-24 17:11:24,eligible
2025|LEC|LOLTMNT05_113388,LEC,2025-02-24 17:59:06,eligible
2025|LEC|LOLTMNT05_114409,LEC,2025-02-24 18:47:56,eligible
2025|LEC|LOLTMNT05_114414,LEC,2025-02-24 19:43:32,eligible
2025|LPL|11769-11769_game_1,LPL,2025-02-25 09:13:19,not_complete
2025|LPL|11769-11769_game_2,LPL,2025-02-25 10:18:47,not_complete
2025|LPL|11769-11769_game_3,LPL,2025-02-25 11:12:09,not_complete
2025|LPL|11769-11769_game_4,LPL,2025-02-25 12:14:37,not_complete
2025|LPL|11769-11769_game_5,LPL,2025-02-25 13:21:30,not_complete
2025|LPL|11770-11770_game_1,LPL,2025-02-26 09:13:46,not_complete
2025|LPL|11770-11770_game_2,LPL,2025-02-26 10:08:57,not_complete
2025|LPL|11770-11770_game_3,LPL,2025-02-26 11:00:57,not_complete
2025|LPL|11770-11770_game_4,LPL,2025-02-26 12:01:40,not_complete
2025|LPL|11771-11771_game_1,LPL,2025-02-27 09:13:04,not_complete
2025|LPL|11771-11771_game_2,LPL,2025-02-27 10:14:52,not_complete
2025|LPL|11771-11771_game_3,LPL,2025-02-27 11:06:50,not_complete
2025|LPL|11771-11771_game_4,LPL,2025-02-27 12:06:43,not_complete
2025|VCS|LOLTMNT03_202941,VCS,2025-02-28 10:08:35,eligible
2025|VCS|LOLTMNT03_203013,VCS,2025-02-28 11:09:48,eligible
2025|VCS|LOLTMNT03_204017,VCS,2025-02-28 12:01:06,eligible
2025|VCS|LOLTMNT03_205033,VCS,2025-02-28 12:53:42,eligible
2025|LEC|LOLTMNT05_115018,LEC,2025-02-28 17:09:33,eligible
2025|LEC|LOLTMNT05_115019,LEC,2025-02-28 18:08:30,eligible
2025|LEC|LOLTMNT05_115021,LEC,2025-02-28 18:56:51,eligible
2025|LEC|LOLTMNT05_115027,LEC,2025-02-28 19:58:16,eligible
2025|LPL|11772-11772_game_1,LPL,2025-03-01 09:15:09,not_complete
2025|VCS|LOLTMNT03_205334,VCS,2025-03-01 10:07:00,eligible
2025|LPL|11772-11772_game_2,LPL,2025-03-01 10:17:51,not_complete
2025|VCS|LOLTMNT03_204384,VCS,2025-03-01 10:57:30,eligible
2025|LPL|11772-11772_game_3,LPL,2025-03-01 11:13:59,not_complete
2025|LPL|11772-11772_game_4,LPL,2025-03-01 12:07:58,not_complete
2025|VCS|LOLTMNT03_204430,VCS,2025-03-01 12:09:06,eligible
2025|VCS|LOLTMNT03_204467,VCS,2025-03-01 13:15:25,eligible
2025|VCS|LOLTMNT03_204484,VCS,2025-03-01 14:04:34,eligible
2025|VCS|LOLTMNT03_204514,VCS,2025-03-01 15:00:32,eligible
2025|LEC|LOLTMNT05_115043,LEC,2025-03-01 17:08:25,eligible
2025|LEC|LOLTMNT05_115044,LEC,2025-03-01 18:04:33,eligible
2025|LEC|LOLTMNT05_115046,LEC,2025-03-01 19:10:39,eligible
2025|LEC|LOLTMNT05_116037,LEC,2025-03-01 20:05:53,eligible
2025|LEC|LOLTMNT05_115052,LEC,2025-03-01 21:00:04,eligible
2025|VCS|LOLTMNT03_204670,VCS,2025-03-02 10:05:36,eligible
2025|VCS|LOLTMNT03_204676,VCS,2025-03-02 11:08:07,eligible
2025|VCS|LOLTMNT03_205672,VCS,2025-03-02 12:16:31,eligible
2025|VCS|LOLTMNT03_204732,VCS,2025-03-02 13:03:56,eligible
2025|LEC|LOLTMNT05_116057,LEC,2025-03-02 17:13:49,eligible
2025|LEC|LOLTMNT05_116059,LEC,2025-03-02 18:09:35,eligible
2025|LEC|LOLTMNT05_115078,LEC,2025-03-02 19:02:17,eligible
2025|VCS|LOLTMNT03_206676,VCS,2025-03-07 10:06:30,eligible
2025|VCS|LOLTMNT03_206681,VCS,2025-03-07 11:15:08,eligible
2025|VCS|LOLTMNT03_206700,VCS,2025-03-07 12:20:46,eligible
2025|VCS|LOLTMNT03_206710,VCS,2025-03-07 13:17:09,eligible
2025|VCS|LOLTMNT03_206713,VCS,2025-03-07 14:07:50,eligible
2025|VCS|LOLTMNT03_206810,VCS,2025-03-08 10:06:38,eligible
2025|VCS|LOLTMNT03_207759,VCS,2025-03-08 10:56:37,eligible
2025|VCS|LOLTMNT03_207780,VCS,2025-03-08 12:16:53,eligible
2025|VCS|LOLTMNT03_207790,VCS,2025-03-08 13:11:15,eligible
2025|VCS|LOLTMNT03_207900,VCS,2025-03-09 10:06:42,eligible
2025|VCS|LOLTMNT03_207902,VCS,2025-03-09 11:15:05,eligible
2025|VCS|LOLTMNT03_206948,VCS,2025-03-09 12:12:35,eligible
2025|VCS|LOLTMNT01_217866,VCS,2025-03-20 10:08:03,eligible
2025|VCS|LOLTMNT01_218753,VCS,2025-03-20 11:04:13,eligible
2025|VCS|LOLTMNT01_217905,VCS,2025-03-20 12:09:16,eligible
2025|VCS|LOLTMNT01_218782,VCS,2025-03-20 13:07:28,eligible
2025|VCS|LOLTMNT01_218794,VCS,2025-03-20 14:04:01,eligible
2025|VCS|LOLTMNT01_218870,VCS,2025-03-21 10:08:07,eligible
2025|VCS|LOLTMNT01_219026,VCS,2025-03-21 10:53:42,eligible
2025|VCS|LOLTMNT01_218891,VCS,2025-03-21 11:50:46,eligible
2025|VCS|LOLTMNT01_218894,VCS,2025-03-21 12:40:59,eligible
2025|LPL|11869-11869_game_1,LPL,2025-03-22 08:12:20,not_complete
2025|LPL|11870-11870_game_1,LPL,2025-03-22 09:19:15,not_complete
2025|VCS|LOLTMNT01_218987,VCS,2025-03-22 10:09:46,eligible
2025|LPL|11871-11871_game_1,LPL,2025-03-22 10:18:58,not_complete
2025|LPL|11872-11872_game_1,LPL,2025-03-22 11:16:56,not_complete
2025|VCS|LOLTMNT01_218993,VCS,2025-03-22 11:56:13,eligible
2025|LPL|11873-11873_game_1,LPL,2025-03-22 12:10:53,not_complete
2025|VCS|LOLTMNT01_220003,VCS,2025-03-22 12:47:22,eligible
2025|LPL|11874-11874_game_1,LPL,2025-03-22 13:03:48,not_complete
2025|VCS|LOLTMNT01_220011,VCS,2025-03-22 13:37:30,eligible
2025|LPL|11875-11875_game_1,LPL,2025-03-23 08:13:18,not_complete
2025|LPL|11876-11876_game_1,LPL,2025-03-23 09:18:04,not_complete
2025|LPL|11877-11877_game_1,LPL,2025-03-23 10:08:44,not_complete
2025|VCS|LOLTMNT01_220063,VCS,2025-03-23 11:08:18,eligible
2025|LPL|11878-11878_game_1,LPL,2025-03-23 11:10:20,not_complete
2025|VCS|LOLTMNT01_220064,VCS,2025-03-23 11:53:51,eligible
2025|LPL|11879-11879_game_1,LPL,2025-03-23 12:10:01,not_complete
2025|VCS|LOLTMNT01_219191,VCS,2025-03-23 12:38:49,eligible
2025|LPL|11880-11880_game_1,LPL,2025-03-23 13:05:12,not_complete
2025|VCS|LOLTMNT01_220071,VCS,2025-03-23 13:32:20,eligible
2025|LPL|11881-11881_game_1,LPL,2025-03-24 08:17:31,not_complete
2025|LPL|11882-11882_game_1,LPL,2025-03-24 09:22:14,not_complete
2025|LPL|11883-11883_game_1,LPL,2025-03-24 10:22:18,not_complete
2025|LPL|11884-11884_game_1,LPL,2025-03-24 11:23:06,not_complete
2025|LPL|11885-11885_game_1,LPL,2025-03-24 12:10:46,not_complete
2025|LPL|11886-11886_game_1,LPL,2025-03-24 13:11:32,not_complete
2025|LPL|11887-11887_game_1,LPL,2025-03-25 08:13:48,not_complete
2025|LPL|11888-11888_game_1,LPL,2025-03-25 09:12:49,not_complete
2025|LPL|11889-11889_game_1,LPL,2025-03-25 10:07:00,not_complete
2025|LPL|11890-11890_game_1,LPL,2025-03-25 11:04:10,not_complete
2025|LPL|11891-11891_game_1,LPL,2025-03-25 11:55:10,not_complete
2025|LPL|11892-11892_game_1,LPL,2025-03-25 12:55:17,not_complete
2025|LPL|11893-11893_game_1,LPL,2025-03-26 08:12:04,not_complete
2025|LPL|11894-11894_game_1,LPL,2025-03-26 09:18:50,not_complete
2025|LPL|11895-11895_game_1,LPL,2025-03-26 10:19:29,not_complete
2025|LPL|11896-11896_game_1,LPL,2025-03-26 11:13:34,not_complete
2025|LPL|11897-11897_game_1,LPL,2025-03-26 12:25:00,not_complete
2025|LPL|11898-11898_game_1,LPL,2025-03-26 13:25:35,not_complete
2025|LPL|11937-11937_game_1,LPL,2025-03-26 14:15:31,not_complete
2025|LPL|11899-11899_game_1,LPL,2025-03-27 08:13:47,not_complete
2025|LPL|11900-11900_game_1,LPL,2025-03-27 09:23:33,not_complete
2025|LPL|11901-11901_game_1,LPL,2025-03-27 10:17:42,not_complete
2025|LPL|11902-11902_game_1,LPL,2025-03-27 11:16:06,not_complete
2025|LPL|11903-11903_game_1,LPL,2025-03-27 12:12:16,not_complete
2025|LPL|11904-11904_game_1,LPL,2025-03-27 13:03:31,not_complete
2025|LPL|11905-11905_game_1,LPL,2025-03-28 08:13:14,not_complete
2025|LPL|11906-11906_game_1,LPL,2025-03-28 09:12:24,not_complete
2025|VCS|LOLTMNT01_219415,VCS,2025-03-28 10:07:15,eligible
2025|LPL|11907-11907_game_1,LPL,2025-03-28 10:10:25,not_complete
2025|VCS|LOLTMNT01_219421,VCS,2025-03-28 10:55:18,eligible
2025|LPL|11908-11908_game_1,LPL,2025-03-28 11:07:34,not_complete
2025|VCS|LOLTMNT01_220255,VCS,2025-03-28 11:49:54,eligible
2025|LPL|11909-11909_game_1,LPL,2025-03-28 12:11:14,not_complete
2025|VCS|LOLTMNT01_220257,VCS,2025-03-28 12:57:51,eligible
2025|LPL|11910-11910_game_1,LPL,2025-03-28 13:23:46,not_complete
2025|VCS|LOLTMNT01_220262,VCS,2025-03-28 14:07:57,eligible
2025|LPL|11958-11958_game_1,LPL,2025-03-28 14:21:24,not_complete
2025|LPL|11911-11911_game_1,LPL,2025-03-29 08:11:36,not_complete
2025|LPL|11912-11912_game_1,LPL,2025-03-29 09:16:18,not_complete
2025|LPL|11913-11913_game_1,LPL,2025-03-29 10:07:29,not_complete
2025|VCS|LOLTMNT01_220300,VCS,2025-03-29 10:14:11,eligible
2025|VCS|LOLTMNT01_220302,VCS,2025-03-29 11:01:19,eligible
2025|LPL|11914-11914_game_1,LPL,2025-03-29 11:12:41,not_complete
2025|VCS|LOLTMNT01_219462,VCS,2025-03-29 11:53:07,eligible
2025|LPL|11915-11915_game_1,LPL,2025-03-29 12:16:38,not_complete
2025|LPL|11916-11916_game_1,LPL,2025-03-29 13:13:55,not_complete
2025|LEC|LOLTMNT05_122323,LEC,2025-03-29 13:16:11,eligible
2025|LEC|LOLTMNT05_122326,LEC,2025-03-29 14:03:24,eligible
2025|LEC|LOLTMNT05_122336,LEC,2025-03-29 15:31:53,eligible
2025|LEC|LOLTMNT05_121339,LEC,2025-03-29 16:28:08,eligible
2025|LEC|LOLTMNT05_122345,LEC,2025-03-29 17:19:38,eligible
2025|LEC|LOLTMNT05_122355,LEC,2025-03-29 18:06:59,eligible
2025|LEC|LOLTMNT05_121353,LEC,2025-03-29 19:26:02,eligible
2025|LPL|11917-11917_game_1,LPL,2025-03-30 09:25:23,not_complete
2025|VCS|LOLTMNT01_219518,VCS,2025-03-30 10:06:40,eligible
2025|LPL|11918-11918_game_1,LPL,2025-03-30 10:43:35,not_complete
2025|VCS|LOLTMNT01_220368,VCS,2025-03-30 11:03:13,eligible
2025|LPL|11919-11919_game_1,LPL,2025-03-30 11:56:06,not_complete
2025|VCS|LOLTMNT01_219521,VCS,2025-03-30 12:02:55,eligible
2025|LPL|11919-11919_game_2,LPL,2025-03-30 12:50:09,not_complete
2025|VCS|LOLTMNT01_220371,VCS,2025-03-30 13:00:35,eligible
2025|LPL|11919-11919_game_3,LPL,2025-03-30 13:43:23,not_complete
2025|LEC|LOLTMNT05_122377,LEC,2025-03-30 15:08:17,eligible
2025|LEC|LOLTMNT05_121383,LEC,2025-03-30 16:01:34,eligible
2025|LEC|LOLTMNT05_122381,LEC,2025-03-30 16:54:21,eligible
2025|LEC|LOLTMNT05_122391,LEC,2025-03-30 17:44:33,eligible
2025|LEC|LOLTMNT05_122399,LEC,2025-03-30 18:41:35,eligible
2025|LPL|11920-11920_game_1,LPL,2025-03-31 09:25:16,not_complete
2025|LPL|11920-11920_game_2,LPL,2025-03-31 10:13:08,not_complete
2025|LPL|11921-11921_game_1,LPL,2025-03-31 11:16:25,not_complete
2025|LPL|11921-11921_game_2,LPL,2025-03-31 12:08:04,not_complete
2025|LPL|11921-11921_game_3,LPL,2025-03-31 12:56:51,not_complete
2025|LEC|LOLTMNT05_122430,LEC,2025-03-31 15:08:49,eligible
2025|LEC|LOLTMNT05_122431,LEC,2025-03-31 16:07:14,eligible
2025|LEC|LOLTMNT05_121435,LEC,2025-03-31 17:02:42,eligible
2025|LEC|LOLTMNT05_121441,LEC,2025-03-31 18:03:10,eligible
2025|LEC|LOLTMNT05_121453,LEC,2025-03-31 18:52:10,eligible
2025|LCK|LOLTMNT02_242547,LCK,2025-04-02 08:11:26,eligible
2025|LCK|LOLTMNT02_241560,LCK,2025-04-02 09:01:28,eligible
2025|LCK|LOLTMNT02_242586,LCK,2025-04-02 10:17:09,eligible
2025|LCK|LOLTMNT02_241605,LCK,2025-04-02 11:16:50,eligible
2025|LCK|LOLTMNT02_241948,LCK,2025-04-03 08:09:21,eligible
2025|LCK|LOLTMNT02_241955,LCK,2025-04-03 09:06:27,eligible
2025|LCK|LOLTMNT02_241987,LCK,2025-04-03 10:26:24,eligible
2025|LCK|LOLTMNT02_243004,LCK,2025-04-03 11:16:53,eligible
2025|LCK|LOLTMNT02_242946,LCK,2025-04-03 12:04:23,eligible
2025|LCK|LOLTMNT02_243218,LCK,2025-04-04 08:09:26,eligible
2025|LCK|LOLTMNT02_243219,LCK,2025-04-04 09:07:00,eligible
2025|LCK|LOLTMNT02_244146,LCK,2025-04-04 10:04:22,eligible
2025|LCK|LOLTMNT02_244166,LCK,2025-04-04 11:22:00,eligible
2025|LCK|LOLTMNT02_243267,LCK,2025-04-04 12:16:43,eligible
2025|LCK|LOLTMNT02_244356,LCK,2025-04-05 06:08:15,eligible
2025|LCK|LOLTMNT02_243459,LCK,2025-04-05 07:01:01,eligible
2025|LPL|11965-11965_game_1,LPL,2025-04-05 07:27:43,not_complete
2025|LCK|LOLTMNT02_244383,LCK,2025-04-05 07:55:21,eligible
2025|LPL|11965-11965_game_2,LPL,2025-04-05 08:28:43,not_complete
2025|LCK|LOLTMNT02_243506,LCK,2025-04-05 09:06:40,eligible
2025|LPL|11965-11965_game_3,LPL,2025-04-05 09:43:40,not_complete
2025|LCK|LOLTMNT02_244407,LCK,2025-04-05 10:14:00,eligible
2025|LPL|11966-11966_game_1,LPL,2025-04-05 11:03:51,not_complete
2025|LPL|11966-11966_game_2,LPL,2025-04-05 11:52:40,not_complete
2025|LEC|LOLTMNT06_111070,LEC,2025-04-05 12:07:02,eligible
2025|LPL|11967-11967_game_1,LPL,2025-04-05 13:07:21,not_complete
2025|LEC|LOLTMNT06_111072,LEC,2025-04-05 13:09:58,eligible
2025|LPL|11967-11967_game_2,LPL,2025-04-05 13:59:45,not_complete
2025|LEC|LOLTMNT06_110083,LEC,2025-04-05 14:08:19,eligible
2025|LPL|11967-11967_game_3,LPL,2025-04-05 14:56:51,not_complete
2025|LEC|LOLTMNT06_111090,LEC,2025-04-05 15:01:22,eligible
2025|LEC|LOLTMNT06_111097,LEC,2025-04-05 16:02:04,eligible
2025|LEC|LOLTMNT06_110120,LEC,2025-04-05 16:57:34,eligible
2025|LTA N|LOLTMNT03_213249,LTA N,2025-04-05 20:14:15,eligible
2025|LTA N|LOLTMNT03_214267,LTA N,2025-04-05 21:21:03,eligible
2025|LTA N|LOLTMNT03_213276,LTA N,2025-04-05 23:03:21,eligible
2025|LTA N|LOLTMNT03_214309,LTA N,2025-04-06 00:09:38,eligible
2025|LCK|LOLTMNT02_244630,LCK,2025-04-06 06:07:19,eligible
2025|LCK|LOLTMNT02_243751,LCK,2025-04-06 07:07:17,eligible
2025|LPL|11968-11968_game_1,LPL,2025-04-06 07:29:34,not_complete
2025|LPL|11968-11968_game_2,LPL,2025-04-06 08:29:09,not_complete
2025|LCK|LOLTMNT02_243783,LCK,2025-04-06 08:29:55,eligible
2025|LCK|LOLTMNT02_244684,LCK,2025-04-06 09:29:58,eligible
2025|LPL|11969-11969_game_1,LPL,2025-04-06 09:54:39,not_complete
2025|LCK|LOLTMNT02_243791,LCK,2025-04-06 10:34:47,eligible
2025|LPL|11969-11969_game_2,LPL,2025-04-06 10:51:47,not_complete
2025|LPL|11969-11969_game_3,LPL,2025-04-06 11:50:55,not_complete
2025|LPL|11970-11970_game_1,LPL,2025-04-06 13:16:00,not_complete
2025|LPL|11970-11970_game_2,LPL,2025-04-06 14:26:22,not_complete
2025|LEC|LOLTMNT06_110153,LEC,2025-04-06 15:08:21,eligible
2025|LEC|LOLTMNT06_111152,LEC,2025-04-06 16:01:55,eligible
2025|LEC|LOLTMNT06_111156,LEC,2025-04-06 16:56:07,eligible
2025|LEC|LOLTMNT06_110166,LEC,2025-04-06 17:50:46,eligible
2025|LEC|LOLTMNT06_110171,LEC,2025-04-06 18:48:36,eligible
2025|LTA N|LOLTMNT03_214777,LTA N,2025-04-06 20:07:24,eligible
2025|LTA N|LOLTMNT03_213794,LTA N,2025-04-06 21:16:20,eligible
2025|LTA N|LOLTMNT03_214834,LTA N,2025-04-06 22:13:45,eligible
2025|LTA N|LOLTMNT03_214856,LTA N,2025-04-06 23:23:09,eligible
2025|LPL|11971-11971_game_1,LPL,2025-04-07 09:24:17,not_complete
2025|LPL|11971-11971_game_2,LPL,2025-04-07 10:24:40,not_complete
2025|LPL|11971-11971_game_3,LPL,2025-04-07 11:27:40,not_complete
2025|LPL|11972-11972_game_1,LPL,2025-04-07 12:58:31,not_complete
2025|LPL|11972-11972_game_2,LPL,2025-04-07 13:52:05,not_complete
2025|LPL|11972-11972_game_3,LPL,2025-04-07 14:53:56,not_complete
2025|LEC|LOLTMNT06_110205,LEC,2025-04-07 15:07:35,eligible
2025|LEC|LOLTMNT06_110211,LEC,2025-04-07 16:25:24,eligible
2025|LEC|LOLTMNT06_111217,LEC,2025-04-07 17:19:50,eligible
2025|LEC|LOLTMNT06_110226,LEC,2025-04-07 18:11:29,eligible
2025|LPL|11973-11973_game_1,LPL,2025-04-08 09:27:33,not_complete
2025|LPL|11973-11973_game_2,LPL,2025-04-08 10:12:04,not_complete
2025|LPL|11974-11974_game_1,LPL,2025-04-08 11:29:14,not_complete
2025|LPL|11974-11974_game_2,LPL,2025-04-08 12:23:53,not_complete
2025|LCK|LOLTMNT03_218043,LCK,2025-04-09 08:10:53,eligible
2025|LCK|LOLTMNT03_218051,LCK,2025-04-09 09:08:54,eligible
2025|LPL|11975-11975_game_1,LPL,2025-04-09 09:29:18,not_complete
2025|LCK|LOLTMNT03_217087,LCK,2025-04-09 10:05:44,eligible
2025|LPL|11975-11975_game_2,LPL,2025-04-09 10:36:16,not_complete
2025|LCK|LOLTMNT03_218101,LCK,2025-04-09 11:19:20,eligible
2025|LPL|11975-11975_game_3,LPL,2025-04-09 11:26:00,not_complete
2025|LCK|LOLTMNT03_218134,LCK,2025-04-09 12:10:40,eligible
2025|LPL|11976-11976_game_1,LPL,2025-04-09 12:46:14,not_complete
2025|LPL|11976-11976_game_2,LPL,2025-04-09 13:34:10,not_complete
2025|LCK|LOLTMNT03_218624,LCK,2025-04-10 08:06:04,eligible
2025|LCK|LOLTMNT03_218633,LCK,2025-04-10 09:04:58,eligible
2025|LPL|11977-11977_game_1,LPL,2025-04-10 09:27:39,not_complete
2025|LPL|11977-11977_game_2,LPL,2025-04-10 10:18:50,not_complete
2025|LCK|LOLTMNT03_219187,LCK,2025-04-10 10:32:59,eligible
2025|LCK|LOLTMNT03_218683,LCK,2025-04-10 11:20:38,eligible
2025|LPL|11978-11978_game_1,LPL,2025-04-10 11:32:38,not_complete
2025|LPL|11978-11978_game_2,LPL,2025-04-10 12:26:31,not_complete
2025|LPL|11978-11978_game_3,LPL,2025-04-10 13:21:33,not_complete
2025|LCK|LOLTMNT03_220261,LCK,2025-04-11 08:06:10,eligible
2025|LCK|LOLTMNT03_219798,LCK,2025-04-11 08:59:22,eligible
2025|LPL|11979-11979_game_1,LPL,2025-04-11 09:25:59,not_complete
2025|LCK|LOLTMNT03_220286,LCK,2025-04-11 09:51:57,eligible
2025|LPL|11979-11979_game_2,LPL,2025-04-11 10:33:36,not_complete
2025|LCK|LOLTMNT03_219847,LCK,2025-04-11 11:07:09,eligible
2025|LPL|11979-11979_game_3,LPL,2025-04-11 11:33:01,not_complete
2025|LCK|LOLTMNT03_220342,LCK,2025-04-11 11:58:52,eligible
2025|LPL|11980-11980_game_1,LPL,2025-04-11 13:01:12,not_complete
2025|LPL|11980-11980_game_2,LPL,2025-04-11 13:59:01,not_complete
2025|LPL|11980-11980_game_3,LPL,2025-04-11 14:54:37,not_complete
2025|LCK|LOLTMNT03_221513,LCK,2025-04-12 06:07:11,eligible
2025|LCK|LOLTMNT03_221558,LCK,2025-04-12 07:00:01,eligible
2025|LPL|11981-11981_game_1,LPL,2025-04-12 07:25:45,not_complete
2025|LPL|11981-11981_game_2,LPL,2025-04-12 08:23:30,not_complete
2025|LCK|LOLTMNT03_222019,LCK,2025-04-12 08:29:02,eligible
2025|LCK|LOLTMNT03_221610,LCK,2025-04-12 09:21:23,eligible
2025|LPL|11982-11982_game_1,LPL,2025-04-12 09:47:09,not_complete
2025|LCK|LOLTMNT03_221634,LCK,2025-04-12 10:12:46,eligible
2025|LPL|11982-11982_game_2,LPL,2025-04-12 10:36:30,not_complete
2025|LPL|11982-11982_game_3,LPL,2025-04-12 11:26:17,not_complete
2025|LEC|LOLTMNT06_111761,LEC,2025-04-12 12:07:45,eligible
2025|LPL|11983-11983_game_1,LPL,2025-04-12 12:55:24,not_complete
2025|LEC|LOLTMNT06_110675,LEC,2025-04-12 13:09:59,eligible
2025|LPL|11983-11983_game_2,LPL,2025-04-12 13:46:44,not_complete
2025|LEC|LOLTMNT06_111766,LEC,2025-04-12 14:01:50,eligible
2025|LEC|LOLTMNT06_111775,LEC,2025-04-12 14:58:26,eligible
2025|LEC|LOLTMNT06_111817,LEC,2025-04-12 15:52:38,eligible
2025|LEC|LOLTMNT06_110736,LEC,2025-04-12 16:52:56,eligible
2025|LEC|LOLTMNT06_111842,LEC,2025-04-12 17:38:38,eligible
2025|LTA N|LOLTMNT03_221929,LTA N,2025-04-12 20:06:56,eligible
2025|LTA N|LOLTMNT03_222385,LTA N,2025-04-12 21:04:54,eligible
2025|LTA N|LOLTMNT03_222414,LTA N,2025-04-12 21:57:46,eligible
2025|LTA N|LOLTMNT03_222431,LTA N,2025-04-12 22:50:13,eligible
2025|LCK|LOLTMNT03_222610,LCK,2025-04-13 06:06:25,eligible
2025|LCK|LOLTMNT03_222628,LCK,2025-04-13 06:57:19,eligible
2025|LPL|11984-11984_game_1,LPL,2025-04-13 07:22:45,not_complete
2025|LCK|LOLTMNT03_222659,LCK,2025-04-13 07:49:14,eligible
2025|LPL|11984-11984_game_2,LPL,2025-04-13 08:22:55,not_complete
2025|LCK|LOLTMNT03_223223,LCK,2025-04-13 09:09:40,eligible
2025|LPL|11985-11985_game_1,LPL,2025-04-13 09:45:54,not_complete
2025|LCK|LOLTMNT03_222719,LCK,2025-04-13 10:04:04,eligible
2025|LPL|11985-11985_game_2,LPL,2025-04-13 10:40:49,not_complete
2025|LCK|LOLTMNT03_223254,LCK,2025-04-13 10:57:45,eligible
2025|LPL|11986-11986_game_1,LPL,2025-04-13 11:51:39,not_complete
2025|LPL|11986-11986_game_2,LPL,2025-04-13 12:43:54,not_complete
2025|LEC|LOLTMNT06_112003,LEC,2025-04-13 15:08:26,eligible
2025|LEC|LOLTMNT06_110936,LEC,2025-04-13 16:09:02,eligible
2025|LEC|LOLTMNT06_110946,LEC,2025-04-13 17:00:20,eligible
2025|LEC|LOLTMNT06_112050,LEC,2025-04-13 17:50:05,eligible
2025|LTA N|LOLTMNT03_223562,LTA N,2025-04-13 20:06:51,eligible
2025|LTA N|LOLTMNT03_224096,LTA N,2025-04-13 20:59:14,eligible
2025|LTA N|LOLTMNT03_223606,LTA N,2025-04-13 21:53:10,eligible
2025|LTA N|LOLTMNT03_223620,LTA N,2025-04-13 22:48:13,eligible
2025|LPL|11987-11987_game_1,LPL,2025-04-14 09:27:01,not_complete
2025|LPL|11987-11987_game_2,LPL,2025-04-14 10:28:28,not_complete
2025|LPL|11987-11987_game_3,LPL,2025-04-14 11:25:00,not_complete
2025|LPL|11988-11988_game_1,LPL,2025-04-14 12:48:12,not_complete
2025|LPL|11988-11988_game_2,LPL,2025-04-14 13:51:02,not_complete
2025|LPL|11988-11988_game_3,LPL,2025-04-14 14:43:04,not_complete
2025|LEC|LOLTMNT06_110999,LEC,2025-04-14 15:07:08,eligible
2025|LEC|LOLTMNT06_112069,LEC,2025-04-14 16:04:09,eligible
2025|LEC|LOLTMNT06_112073,LEC,2025-04-14 17:04:51,eligible
2025|LEC|LOLTMNT06_112088,LEC,2025-04-14 18:10:43,eligible
2025|LEC|LOLTMNT06_113014,LEC,2025-04-14 19:11:08,eligible
2025|LPL|11989-11989_game_1,LPL,2025-04-15 09:27:01,not_complete
2025|LPL|11989-11989_game_2,LPL,2025-04-15 10:19:59,not_complete
2025|LPL|11990-11990_game_1,LPL,2025-04-15 11:45:54,not_complete
2025|LPL|11990-11990_game_2,LPL,2025-04-15 12:56:00,not_complete
2025|LPL|11990-11990_game_3,LPL,2025-04-15 14:00:27,not_complete
2025|LCK|LOLTMNT03_230058,LCK,2025-04-16 08:05:15,eligible
2025|LCK|LOLTMNT03_229082,LCK,2025-04-16 09:00:40,eligible
2025|LPL|11991-11991_game_1,LPL,2025-04-16 09:24:22,not_complete
2025|LCK|LOLTMNT03_229092,LCK,2025-04-16 09:52:25,eligible
2025|LPL|11991-11991_game_2,LPL,2025-04-16 10:25:14,not_complete
2025|LCK|LOLTMNT03_229121,LCK,2025-04-16 11:13:00,eligible
2025|LPL|11992-11992_game_1,LPL,2025-04-16 11:35:49,not_complete
2025|LCK|LOLTMNT03_229164,LCK,2025-04-16 12:09:37,eligible
2025|LPL|11992-11992_game_2,LPL,2025-04-16 12:35:16,not_complete
2025|LCK|LOLTMNT03_229200,LCK,2025-04-16 13:02:35,eligible
2025|LPL|11992-11992_game_3,LPL,2025-04-16 13:37:48,not_complete
2025|LCK|LOLTMNT03_230485,LCK,2025-04-17 08:06:06,eligible
2025|LCK|LOLTMNT03_229500,LCK,2025-04-17 08:56:44,eligible
2025|LPL|11993-11993_game_1,LPL,2025-04-17 09:25:47,not_complete
2025|LCK|LOLTMNT03_230518,LCK,2025-04-17 10:11:54,eligible
2025|LPL|11993-11993_game_2,LPL,2025-04-17 10:21:39,not_complete
2025|LPL|11993-11993_game_3,LPL,2025-04-17 11:12:51,not_complete
2025|LCK|LOLTMNT03_229541,LCK,2025-04-17 11:17:08,eligible
2025|LCK|LOLTMNT03_230548,LCK,2025-04-17 12:08:37,eligible
2025|LPL|11994-11994_game_1,LPL,2025-04-17 12:31:29,not_complete
2025|LPL|11994-11994_game_2,LPL,2025-04-17 13:30:15,not_complete
2025|LPL|11994-11994_game_3,LPL,2025-04-17 14:28:43,not_complete
2025|LCK|LOLTMNT03_229809,LCK,2025-04-18 08:05:29,eligible
2025|LCK|LOLTMNT03_229822,LCK,2025-04-18 09:10:00,eligible
2025|LPL|11995-11995_game_1,LPL,2025-04-18 09:25:08,not_complete
2025|LCK|LOLTMNT03_230810,LCK,2025-04-18 10:05:30,eligible
2025|LPL|11995-11995_game_2,LPL,2025-04-18 10:21:22,not_complete
2025|LPL|11995-11995_game_3,LPL,2025-04-18 11:09:27,not_complete
2025|LCK|LOLTMNT03_230842,LCK,2025-04-18 11:20:55,eligible
2025|LCK|LOLTMNT03_230854,LCK,2025-04-18 12:10:51,eligible
2025|LPL|11996-11996_game_1,LPL,2025-04-18 12:25:56,not_complete
2025|LPL|11996-11996_game_2,LPL,2025-04-18 13:29:10,not_complete
2025|LPL|11996-11996_game_3,LPL,2025-04-18 14:23:12,not_complete
2025|LCK|LOLTMNT03_231043,LCK,2025-04-19 06:05:24,eligible
2025|LCK|LOLTMNT03_232041,LCK,2025-04-19 07:01:15,eligible
2025|LCK|LOLTMNT03_231086,LCK,2025-04-19 08:15:16,eligible
2025|LCK|LOLTMNT03_232068,LCK,2025-04-19 09:02:12,eligible
2025|LPL|11997-11997_game_1,LPL,2025-04-19 09:25:35,not_complete
2025|LPL|11997-11997_game_2,LPL,2025-04-19 10:17:40,not_complete
2025|LPL|11998-11998_game_1,LPL,2025-04-19 11:40:30,not_complete
2025|LPL|11998-11998_game_2,LPL,2025-04-19 12:32:55,not_complete
2025|LPL|11998-11998_game_3,LPL,2025-04-19 13:35:00,not_complete
2025|LEC|LOLTMNT04_107072,LEC,2025-04-19 15:08:43,eligible
2025|LEC|LOLTMNT04_107075,LEC,2025-04-19 15:57:46,eligible
2025|LEC|LOLTMNT04_106064,LEC,2025-04-19 16:47:35,eligible
2025|LEC|LOLTMNT04_106078,LEC,2025-04-19 17:40:46,eligible
2025|LEC|LOLTMNT04_107091,LEC,2025-04-19 18:45:01,eligible
2025|LTA N|LOLTMNT01_225600,LTA N,2025-04-19 20:08:34,eligible
2025|LTA N|LOLTMNT01_226186,LTA N,2025-04-19 21:01:54,eligible
2025|LTA N|LOLTMNT01_226196,LTA N,2025-04-19 21:51:22,eligible
2025|LTA N|LOLTMNT01_225761,LTA N,2025-04-19 22:54:51,eligible
2025|LCK|LOLTMNT03_231270,LCK,2025-04-20 06:08:09,eligible
2025|LCK|LOLTMNT03_232248,LCK,2025-04-20 07:16:08,eligible
2025|LPL|11999-11999_game_1,LPL,2025-04-20 07:25:44,not_complete
2025|LCK|LOLTMNT03_232256,LCK,2025-04-20 08:08:31,eligible
2025|LPL|11999-11999_game_2,LPL,2025-04-20 08:13:34,not_complete
2025|LCK|LOLTMNT03_231299,LCK,2025-04-20 09:24:18,eligible
2025|LPL|12000-12000_game_1,LPL,2025-04-20 09:26:17,not_complete
2025|LPL|12000-12000_game_2,LPL,2025-04-20 10:18:39,not_complete
2025|LCK|LOLTMNT03_231301,LCK,2025-04-20 10:31:53,eligible
2025|LPL|12000-12000_game_3,LPL,2025-04-20 11:17:29,not_complete
2025|LPL|12001-12001_game_1,LPL,2025-04-20 12:29:46,not_complete
2025|LPL|12001-12001_game_2,LPL,2025-04-20 13:19:34,not_complete
2025|LEC|LOLTMNT04_107126,LEC,2025-04-20 15:08:03,eligible
2025|LEC|LOLTMNT04_107128,LEC,2025-04-20 16:07:56,eligible
2025|LEC|LOLTMNT04_106127,LEC,2025-04-20 17:13:18,eligible
2025|LEC|LOLTMNT04_107139,LEC,2025-04-20 18:14:19,eligible
2025|LTA N|LOLTMNT01_226543,LTA N,2025-04-20 20:06:58,eligible
2025|LTA N|LOLTMNT01_227186,LTA N,2025-04-20 21:02:57,eligible
2025|LTA N|LOLTMNT01_227215,LTA N,2025-04-20 22:02:17,eligible
2025|LTA N|LOLTMNT01_226667,LTA N,2025-04-20 22:53:25,eligible
2025|LPL|12002-12002_game_1,LPL,2025-04-21 09:26:04,not_complete
2025|LPL|12002-12002_game_2,LPL,2025-04-21 10:35:09,not_complete
2025|LPL|12002-12002_game_3,LPL,2025-04-21 11:33:01,not_complete
2025|LPL|12003-12003_game_1,LPL,2025-04-21 12:44:09,not_complete
2025|LPL|12003-12003_game_2,LPL,2025-04-21 13:34:30,not_complete
2025|LEC|LOLTMNT04_106164,LEC,2025-04-21 15:08:19,eligible
2025|LEC|LOLTMNT04_106166,LEC,2025-04-21 16:08:11,eligible
2025|LEC|LOLTMNT04_106169,LEC,2025-04-21 17:01:56,eligible
2025|LEC|LOLTMNT04_106173,LEC,2025-04-21 17:55:01,eligible
2025|LEC|LOLTMNT04_107177,LEC,2025-04-21 18:47:43,eligible
2025|LTA N|LOLTMNT01_227642,LTA N,2025-04-21 20:07:10,eligible
2025|LTA N|LOLTMNT01_228101,LTA N,2025-04-21 20:53:30,eligible
2025|LTA N|LOLTMNT01_227664,LTA N,2025-04-21 21:39:42,eligible
2025|LTA N|LOLTMNT01_228131,LTA N,2025-04-21 22:34:22,eligible
2025|LPL|12004-12004_game_1,LPL,2025-04-22 09:23:12,not_complete
2025|LPL|12004-12004_game_2,LPL,2025-04-22 10:10:34,not_complete
2025|LPL|12005-12005_game_1,LPL,2025-04-22 11:28:13,not_complete
2025|LPL|12005-12005_game_2,LPL,2025-04-22 12:26:04,not_complete
2025|LCK|LOLTMNT01_228752,LCK,2025-04-23 08:05:24,eligible
2025|LCK|LOLTMNT01_229352,LCK,2025-04-23 09:09:16,eligible
2025|LPL|12006-12006_game_1,LPL,2025-04-23 09:24:21,not_complete
2025|LPL|12006-12006_game_2,LPL,2025-04-23 10:16:06,not_complete
2025|LCK|LOLTMNT01_228803,LCK,2025-04-23 10:22:22,eligible
2025|LCK|LOLTMNT01_228821,LCK,2025-04-23 11:15:41,eligible
2025|LPL|12007-12007_game_1,LPL,2025-04-23 11:24:07,not_complete
2025|LPL|12007-12007_game_2,LPL,2025-04-23 12:35:31,not_complete
2025|LPL|12007-12007_game_3,LPL,2025-04-23 13:54:50,not_complete
2025|LCK|LOLTMNT01_230375,LCK,2025-04-24 08:06:14,eligible
2025|LCK|LOLTMNT01_229915,LCK,2025-04-24 09:03:42,eligible
2025|LPL|12008-12008_game_1,LPL,2025-04-24 09:24:34,not_complete
2025|LCK|LOLTMNT01_229932,LCK,2025-04-24 10:18:06,eligible
2025|LPL|12008-12008_game_2,LPL,2025-04-24 10:20:27,not_complete
2025|LCK|LOLTMNT01_230468,LCK,2025-04-24 11:12:58,eligible
2025|LPL|12008-12008_game_3,LPL,2025-04-24 11:24:16,not_complete
2025|LPL|12009-12009_game_1,LPL,2025-04-24 12:50:26,not_complete
2025|LPL|12009-12009_game_2,LPL,2025-04-24 13:41:37,not_complete
2025|LCK|LOLTMNT01_231505,LCK,2025-04-25 08:06:28,eligible
2025|LCK|LOLTMNT01_232089,LCK,2025-04-25 09:00:02,eligible
2025|LPL|12010-12010_game_1,LPL,2025-04-25 09:23:28,not_complete
2025|LCK|LOLTMNT01_232113,LCK,2025-04-25 10:18:33,eligible
2025|LPL|12010-12010_game_2,LPL,2025-04-25 10:20:14,not_complete
2025|LPL|12010-12010_game_3,LPL,2025-04-25 11:10:59,not_complete
2025|LCK|LOLTMNT01_231666,LCK,2025-04-25 11:16:32,eligible
2025|LCK|LOLTMNT01_231710,LCK,2025-04-25 12:04:59,eligible
2025|LPL|12011-12011_game_1,LPL,2025-04-25 12:42:12,not_complete
2025|LPL|12011-12011_game_2,LPL,2025-04-25 13:35:07,not_complete
2025|LCK|LOLTMNT01_232663,LCK,2025-04-26 06:07:29,eligible
2025|LCK|LOLTMNT01_233515,LCK,2025-04-26 07:09:50,eligible
2025|LCK|LOLTMNT01_233535,LCK,2025-04-26 07:59:46,eligible
2025|LCK|LOLTMNT01_233579,LCK,2025-04-26 09:17:00,eligible
2025|LPL|12012-12012_game_1,LPL,2025-04-26 09:24:24,not_complete
2025|LCK|LOLTMNT01_232817,LCK,2025-04-26 10:06:26,eligible
2025|LPL|12012-12012_game_2,LPL,2025-04-26 10:15:45,not_complete
2025|LPL|12012-12012_game_3,LPL,2025-04-26 11:04:35,not_complete
2025|LPL|12013-12013_game_1,LPL,2025-04-26 12:25:03,not_complete
2025|LPL|12013-12013_game_2,LPL,2025-04-26 13:21:02,not_complete
2025|LEC|LOLTMNT04_108350,LEC,2025-04-26 13:32:18,eligible
2025|LPL|12013-12013_game_3,LPL,2025-04-26 14:15:42,not_complete
2025|LEC|LOLTMNT04_106786,LEC,2025-04-26 14:28:40,eligible
2025|LEC|LOLTMNT04_108362,LEC,2025-04-26 15:20:43,eligible
2025|LEC|LOLTMNT04_106797,LEC,2025-04-26 16:51:50,eligible
2025|LEC|LOLTMNT04_108377,LEC,2025-04-26 17:50:12,eligible
2025|LEC|LOLTMNT04_106812,LEC,2025-04-26 18:41:09,eligible
2025|LTA N|LOLTMNT01_234319,LTA N,2025-04-26 20:08:33,eligible
2025|LTA N|LOLTMNT01_234353,LTA N,2025-04-26 21:16:22,eligible
2025|LTA N|LOLTMNT01_235002,LTA N,2025-04-26 22:04:54,eligible
2025|LTA N|LOLTMNT01_235009,LTA N,2025-04-26 22:55:43,eligible
2025|LCK|LOLTMNT01_234523,LCK,2025-04-27 06:05:50,eligible
2025|LCK|LOLTMNT01_234559,LCK,2025-04-27 07:05:30,eligible
2025|LPL|12014-12014_game_1,LPL,2025-04-27 07:48:11,not_complete
2025|LCK|LOLTMNT01_234587,LCK,2025-04-27 07:50:45,eligible
2025|LPL|12014-12014_game_2,LPL,2025-04-27 08:50:32,not_complete
2025|LCK|LOLTMNT01_235231,LCK,2025-04-27 09:10:52,eligible
2025|LCK|LOLTMNT01_235270,LCK,2025-04-27 10:09:36,eligible
2025|LPL|12015-12015_game_1,LPL,2025-04-27 10:14:12,not_complete
2025|LCK|LOLTMNT01_235289,LCK,2025-04-27 11:06:05,eligible
2025|LPL|12015-12015_game_2,LPL,2025-04-27 11:10:43,not_complete
2025|LPL|12015-12015_game_3,LPL,2025-04-27 12:03:02,not_complete
2025|LEC|LOLTMNT04_106845,LEC,2025-04-27 13:19:45,eligible
2025|LPL|12016-12016_game_1,LPL,2025-04-27 13:26:03,not_complete
2025|LEC|LOLTMNT04_108428,LEC,2025-04-27 14:15:31,eligible
2025|LPL|12016-12016_game_2,LPL,2025-04-27 14:22:20,not_complete
2025|LEC|LOLTMNT04_106860,LEC,2025-04-27 15:11:18,eligible
2025|LPL|12016-12016_game_3,LPL,2025-04-27 15:28:27,not_complete
2025|LEC|LOLTMNT04_106881,LEC,2025-04-27 16:42:44,eligible
2025|LEC|LOLTMNT04_108453,LEC,2025-04-27 17:49:02,eligible
2025|LEC|LOLTMNT04_106898,LEC,2025-04-27 18:40:48,eligible
2025|LTA N|LOLTMNT01_235596,LTA N,2025-04-27 20:05:47,eligible
2025|LTA N|LOLTMNT01_235618,LTA N,2025-04-27 20:51:24,eligible
2025|LTA N|LOLTMNT01_235630,LTA N,2025-04-27 21:53:01,eligible
2025|LTA N|LOLTMNT01_235647,LTA N,2025-04-27 22:45:49,eligible
2025|LTA N|LOLTMNT01_236128,LTA N,2025-04-27 23:47:01,eligible
2025|LPL|12017-12017_game_1,LPL,2025-04-28 09:19:34,not_complete
2025|LPL|12017-12017_game_2,LPL,2025-04-28 10:10:45,not_complete
2025|LPL|12018-12018_game_1,LPL,2025-04-28 11:27:05,not_complete
2025|LPL|12018-12018_game_2,LPL,2025-04-28 12:19:17,not_complete
2025|LPL|12018-12018_game_3,LPL,2025-04-28 13:07:22,not_complete
2025|LEC|LOLTMNT04_108493,LEC,2025-04-28 15:08:13,eligible
2025|LEC|LOLTMNT04_106945,LEC,2025-04-28 16:10:12,eligible
2025|LEC|LOLTMNT04_108498,LEC,2025-04-28 17:09:03,eligible
2025|LEC|LOLTMNT04_106968,LEC,2025-04-28 18:06:44,eligible
2025|LEC|LOLTMNT04_106978,LEC,2025-04-28 19:02:43,eligible
2025|LPL|12019-12019_game_1,LPL,2025-04-29 09:25:19,not_complete
2025|LPL|12019-12019_game_2,LPL,2025-04-29 10:54:28,not_complete
2025|LPL|12019-12019_game_3,LPL,2025-04-29 11:44:43,not_complete
2025|LPL|12021-12021_game_1,LPL,2025-04-29 13:04:27,not_complete
2025|LPL|12021-12021_game_2,LPL,2025-04-29 13:59:55,not_complete
2025|LPL|12021-12021_game_3,LPL,2025-04-29 15:00:32,not_complete
2025|LCK|LOLTMNT01_237491,LCK,2025-04-30 08:06:00,eligible
2025|LCK|LOLTMNT01_237499,LCK,2025-04-30 09:05:59,eligible
2025|LPL|12022-12022_game_1,LPL,2025-04-30 09:22:15,not_complete
2025|LCK|LOLTMNT01_238025,LCK,2025-04-30 10:01:26,eligible
2025|LPL|12022-12022_game_2,LPL,2025-04-30 10:15:15,not_complete
2025|LCK|LOLTMNT01_237541,LCK,2025-04-30 11:18:31,eligible
2025|LPL|12023-12023_game_1,LPL,2025-04-30 11:33:38,not_complete
2025|LCK|LOLTMNT01_238088,LCK,2025-04-30 12:15:07,eligible
2025|LPL|12023-12023_game_2,LPL,2025-04-30 12:29:30,not_complete
2025|LPL|12023-12023_game_3,LPL,2025-04-30 13:21:53,not_complete
2025|LCK|LOLTMNT01_238405,LCK,2025-05-01 08:05:45,eligible
2025|LCK|LOLTMNT01_237861,LCK,2025-05-01 08:56:50,eligible
2025|LPL|12024-12024_game_1,LPL,2025-05-01 09:22:44,not_complete
2025|LCK|LOLTMNT01_238430,LCK,2025-05-01 10:16:03,eligible
2025|LPL|12024-12024_game_2,LPL,2025-05-01 10:23:57,not_complete
2025|LCK|LOLTMNT01_237894,LCK,2025-05-01 11:04:25,eligible
2025|LPL|12025-12025_game_1,LPL,2025-05-01 11:40:41,not_complete
2025|LCK|LOLTMNT01_237909,LCK,2025-05-01 11:55:26,eligible
2025|LPL|12025-12025_game_2,LPL,2025-05-01 12:33:30,not_complete
2025|LCK|LOLTMNT01_238751,LCK,2025-05-02 08:05:32,eligible
2025|LCK|LOLTMNT01_238758,LCK,2025-05-02 08:59:08,eligible
2025|LPL|12026-12026_game_1,LPL,2025-05-02 09:20:14,not_complete
2025|LCK|LOLTMNT01_239267,LCK,2025-05-02 10:12:25,eligible
2025|LPL|12026-12026_game_2,LPL,2025-05-02 10:14:41,not_complete
2025|LCK|LOLTMNT01_239278,LCK,2025-05-02 11:01:02,eligible
2025|LPL|12026-12026_game_3,LPL,2025-05-02 11:03:46,not_complete
2025|LPL|12027-12027_game_1,LPL,2025-05-02 12:10:07,not_complete
2025|LPL|12027-12027_game_2,LPL,2025-05-02 13:00:20,not_complete
2025|LPL|12027-12027_game_3,LPL,2025-05-02 13:48:56,not_complete
2025|LCK|LOLTMNT01_239481,LCK,2025-05-03 06:07:27,eligible
2025|LCK|LOLTMNT01_239496,LCK,2025-05-03 07:14:56,eligible
2025|LPL|12028-12028_game_1,LPL,2025-05-03 07:20:04,not_complete
2025|LPL|12028-12028_game_2,LPL,2025-05-03 08:13:07,not_complete
2025|LCK|LOLTMNT01_239535,LCK,2025-05-03 08:29:23,eligible
2025|LCK|LOLTMNT01_240045,LCK,2025-05-03 09:27:45,eligible
2025|LPL|12029-12029_game_1,LPL,2025-05-03 09:35:38,not_complete
2025|LPL|12029-12029_game_2,LPL,2025-05-03 10:29:40,not_complete
2025|LPL|12029-12029_game_3,LPL,2025-05-03 11:29:00,not_complete
2025|LPL|12030-12030_game_1,LPL,2025-05-03 13:07:29,not_complete
2025|LPL|12030-12030_game_2,LPL,2025-05-03 14:05:07,not_complete
2025|LEC|LOLTMNT05_130051,LEC,2025-05-03 15:09:16,eligible
2025|LPL|12030-12030_game_3,LPL,2025-05-03 15:09:57,not_complete
2025|LEC|LOLTMNT05_130052,LEC,2025-05-03 16:14:25,eligible
2025|LEC|LOLTMNT05_130053,LEC,2025-05-03 17:11:00,eligible
2025|LEC|LOLTMNT05_130060,LEC,2025-05-03 18:03:58,eligible
2025|LTA N|LOLTMNT02_255058,LTA N,2025-05-03 20:08:26,eligible
2025|LTA N|LOLTMNT02_255072,LTA N,2025-05-03 20:57:55,eligible
2025|LTA N|LOLTMNT02_255088,LTA N,2025-05-03 21:51:15,eligible
2025|LTA N|LOLTMNT02_256105,LTA N,2025-05-03 23:00:48,eligible
2025|LTA N|LOLTMNT02_256109,LTA N,2025-05-03 23:56:15,eligible
2025|LCK|LOLTMNT01_240296,LCK,2025-05-04 06:06:00,eligible
2025|LCK|LOLTMNT01_240300,LCK,2025-05-04 06:59:50,eligible
2025|LCK|LOLTMNT01_239787,LCK,2025-05-04 08:20:59,eligible
2025|LCK|LOLTMNT01_240332,LCK,2025-05-04 09:15:31,eligible
2025|LPL|12031-12031_game_1,LPL,2025-05-04 09:19:31,not_complete
2025|LCK|LOLTMNT01_240336,LCK,2025-05-04 10:11:37,eligible
2025|LPL|12031-12031_game_2,LPL,2025-05-04 10:12:28,not_complete
2025|LPL|12031-12031_game_3,LPL,2025-05-04 11:06:37,not_complete
2025|LPL|12032-12032_game_1,LPL,2025-05-04 12:26:20,not_complete
2025|LPL|12032-12032_game_2,LPL,2025-05-04 13:30:46,not_complete
2025|LEC|LOLTMNT05_130075,LEC,2025-05-04 15:08:14,eligible
2025|LEC|LOLTMNT05_130076,LEC,2025-05-04 16:13:46,eligible
2025|LEC|LOLTMNT05_131093,LEC,2025-05-04 17:09:16,eligible
2025|LEC|LOLTMNT05_130088,LEC,2025-05-04 17:56:46,eligible
2025|LTA N|LOLTMNT02_256435,LTA N,2025-05-04 20:08:41,eligible
2025|LTA N|LOLTMNT02_256446,LTA N,2025-05-04 21:12:10,eligible
2025|LTA N|LOLTMNT02_256461,LTA N,2025-05-04 22:09:23,eligible
2025|LTA N|LOLTMNT02_256467,LTA N,2025-05-04 23:04:58,eligible
2025|LTA N|LOLTMNT02_256476,LTA N,2025-05-04 23:57:16,eligible
2025|LPL|12033-12033_game_1,LPL,2025-05-05 09:23:12,not_complete
2025|LPL|12033-12033_game_2,LPL,2025-05-05 10:13:57,not_complete
2025|LPL|12034-12034_game_1,LPL,2025-05-05 11:29:46,not_complete
2025|LPL|12034-12034_game_2,LPL,2025-05-05 12:35:50,not_complete
2025|LEC|LOLTMNT05_131176,LEC,2025-05-05 15:07:50,eligible
2025|LEC|LOLTMNT05_131180,LEC,2025-05-05 15:57:04,eligible
2025|LEC|LOLTMNT05_131182,LEC,2025-05-05 16:44:05,eligible
2025|LEC|LOLTMNT05_130177,LEC,2025-05-05 17:33:32,eligible
2025|LPL|12035-12035_game_1,LPL,2025-05-06 09:18:06,not_complete
2025|LPL|12035-12035_game_2,LPL,2025-05-06 10:25:00,not_complete
2025|LPL|12035-12035_game_3,LPL,2025-05-06 11:24:30,not_complete
2025|LPL|12036-12036_game_1,LPL,2025-05-06 12:52:03,not_complete
2025|LPL|12036-12036_game_2,LPL,2025-05-06 13:48:37,not_complete
2025|LPL|12036-12036_game_3,LPL,2025-05-06 14:50:47,not_complete
2025|LCK|LOLTMNT02_257604,LCK,2025-05-07 08:03:23,eligible
2025|LCK|LOLTMNT02_258642,LCK,2025-05-07 08:53:24,eligible
2025|LPL|12037-12037_game_1,LPL,2025-05-07 09:25:02,not_complete
2025|LCK|LOLTMNT02_258663,LCK,2025-05-07 09:44:51,eligible
2025|LPL|12037-12037_game_2,LPL,2025-05-07 10:26:21,not_complete
2025|LCK|LOLTMNT02_258702,LCK,2025-05-07 11:02:40,eligible
2025|LPL|12038-12038_game_1,LPL,2025-05-07 11:42:49,not_complete
2025|LCK|LOLTMNT02_258765,LCK,2025-05-07 12:07:43,eligible
2025|LPL|12038-12038_game_2,LPL,2025-05-07 12:41:30,not_complete
2025|LCK|LOLTMNT02_260233,LCK,2025-05-08 08:06:11,eligible
2025|LCK|LOLTMNT02_259265,LCK,2025-05-08 09:02:20,eligible
2025|LPL|12039-12039_game_1,LPL,2025-05-08 09:24:49,not_complete
2025|VCS|LOLTMNT02_259299,VCS,2025-05-08 10:05:18,eligible
2025|VCS|LOLTMNT02_259289,VCS,2025-05-08 10:05:34,missing_player_id
2025|LCK|LOLTMNT02_260299,LCK,2025-05-08 10:16:11,eligible
2025|LPL|12039-12039_game_2,LPL,2025-05-08 10:17:34,not_complete
2025|VCS|LOLTMNT02_259329,VCS,2025-05-08 11:04:21,missing_player_id
2025|LCK|LOLTMNT02_259331,LCK,2025-05-08 11:06:28,eligible
2025|VCS|LOLTMNT02_259356,VCS,2025-05-08 11:21:17,eligible
2025|LPL|12040-12040_game_1,LPL,2025-05-08 11:30:56,not_complete
2025|VCS|LOLTMNT02_260408,VCS,2025-05-08 12:20:36,eligible
2025|LPL|12040-12040_game_2,LPL,2025-05-08 12:22:58,not_complete
2025|VCS|LOLTMNT02_259431,VCS,2025-05-08 12:28:18,eligible
2025|VCS|LOLTMNT02_259472,VCS,2025-05-08 13:13:12,eligible
2025|VCS|LOLTMNT02_259478,VCS,2025-05-08 13:19:46,eligible
2025|LPL|12040-12040_game_3,LPL,2025-05-08 13:29:06,not_complete
2025|VCS|LOLTMNT02_259533,VCS,2025-05-08 14:19:00,eligible
2025|VCS|LOLTMNT02_260884,VCS,2025-05-09 08:03:29,eligible
2025|LCK|LOLTMNT02_259995,LCK,2025-05-09 08:06:29,eligible
2025|VCS|LOLTMNT02_259993,VCS,2025-05-09 08:06:53,missing_player_id
2025|LCK|LOLTMNT02_261033,LCK,2025-05-09 08:56:03,eligible
2025|VCS|LOLTMNT02_261035,VCS,2025-05-09 08:59:42,eligible
2025|VCS|LOLTMNT02_261047,VCS,2025-05-09 09:05:27,missing_player_id
2025|LPL|12041-12041_game_1,LPL,2025-05-09 09:20:41,not_complete
2025|VCS|LOLTMNT02_261074,VCS,2025-05-09 10:04:01,eligible
2025|LCK|LOLTMNT02_260974,LCK,2025-05-09 10:06:12,eligible
2025|VCS|LOLTMNT02_261086,VCS,2025-05-09 10:08:49,eligible
2025|LPL|12041-12041_game_2,LPL,2025-05-09 10:27:53,not_complete
2025|VCS|LOLTMNT02_261095,VCS,2025-05-09 10:50:54,eligible
2025|LCK|LOLTMNT02_260988,LCK,2025-05-09 10:58:34,eligible
2025|VCS|LOLTMNT02_260992,VCS,2025-05-09 11:02:43,eligible
2025|LPL|12041-12041_game_3,LPL,2025-05-09 11:17:09,not_complete
2025|VCS|LOLTMNT02_262025,VCS,2025-05-09 11:38:11,eligible
2025|VCS|LOLTMNT02_261128,VCS,2025-05-09 11:47:27,eligible
2025|VCS|LOLTMNT02_261152,VCS,2025-05-09 12:27:08,eligible
2025|LPL|12042-12042_game_1,LPL,2025-05-09 12:57:28,not_complete
2025|VCS|LOLTMNT02_261185,VCS,2025-05-09 13:10:34,eligible
2025|LPL|12042-12042_game_2,LPL,2025-05-09 13:56:12,not_complete
2025|LPL|12042-12042_game_3,LPL,2025-05-09 14:51:43,not_complete
2025|LCK|LOLTMNT02_262700,LCK,2025-05-10 06:05:23,eligible
2025|LCK|LOLTMNT02_261703,LCK,2025-05-10 06:57:01,eligible
2025|LPL|12043-12043_game_1,LPL,2025-05-10 07:27:09,not_complete
2025|LCK|LOLTMNT02_262780,LCK,2025-05-10 08:12:35,eligible
2025|LPL|12043-12043_game_2,LPL,2025-05-10 08:15:07,not_complete
2025|LPL|12043-12043_game_3,LPL,2025-05-10 09:05:45,not_complete
2025|LCK|LOLTMNT02_262815,LCK,2025-05-10 09:10:05,eligible
2025|VCS|LOLTMNT02_262836,VCS,2025-05-10 10:04:41,eligible
2025|LPL|12044-12044_game_1,LPL,2025-05-10 10:25:22,not_complete
2025|VCS|LOLTMNT02_261843,VCS,2025-05-10 11:04:21,eligible
2025|LPL|12044-12044_game_2,LPL,2025-05-10 11:20:38,not_complete
2025|VCS|LOLTMNT02_261885,VCS,2025-05-10 12:04:28,eligible
2025|LPL|12045-12045_game_1,LPL,2025-05-10 12:36:02,not_complete
2025|VCS|LOLTMNT02_261911,VCS,2025-05-10 13:05:12,eligible
2025|LPL|12045-12045_game_2,LPL,2025-05-10 13:36:21,not_complete
2025|LEC|LOLTMNT05_130653,LEC,2025-05-10 15:17:02,eligible
2025|LEC|LOLTMNT05_130654,LEC,2025-05-10 16:08:33,eligible
2025|LEC|LOLTMNT05_131696,LEC,2025-05-10 18:24:32,eligible
2025|LEC|LOLTMNT05_131697,LEC,2025-05-10 19:16:52,eligible
2025|LTA N|LOLTMNT02_263109,LTA N,2025-05-10 20:09:23,eligible
2025|LEC|LOLTMNT05_131698,LEC,2025-05-10 20:20:57,eligible
2025|LTA N|LOLTMNT02_263129,LTA N,2025-05-10 20:58:20,eligible
2025|LTA N|LOLTMNT02_263190,LTA N,2025-05-10 22:16:26,eligible
2025|LTA N|LOLTMNT02_263200,LTA N,2025-05-10 23:13:29,eligible
2025|LTA N|LOLTMNT02_263222,LTA N,2025-05-11 00:10:15,eligible
2025|LCK|LOLTMNT02_263347,LCK,2025-05-11 06:05:43,eligible
2025|LCK|LOLTMNT02_263369,LCK,2025-05-11 07:10:44,eligible
2025|LPL|12046-12046_game_1,LPL,2025-05-11 07:24:10,not_complete
2025|LCK|LOLTMNT02_263396,LCK,2025-05-11 07:59:03,eligible
2025|LPL|12046-12046_game_2,LPL,2025-05-11 08:18:54,not_complete
2025|LPL|12046-12046_game_3,LPL,2025-05-11 09:10:18,not_complete
2025|LCK|LOLTMNT02_264288,LCK,2025-05-11 09:23:56,eligible
2025|LCK|LOLTMNT02_263459,LCK,2025-05-11 10:14:45,eligible
2025|LPL|12047-12047_game_1,LPL,2025-05-11 10:28:33,not_complete
2025|LPL|12047-12047_game_2,LPL,2025-05-11 11:25:21,not_complete
2025|LPL|12047-12047_game_3,LPL,2025-05-11 12:17:07,not_complete
2025|LPL|12048-12048_game_1,LPL,2025-05-11 13:30:04,not_complete
2025|LPL|12048-12048_game_2,LPL,2025-05-11 14:24:53,not_complete
2025|LEC|LOLTMNT05_130721,LEC,2025-05-11 15:13:45,eligible
2025|LEC|LOLTMNT05_131763,LEC,2025-05-11 16:11:30,eligible
2025|LEC|LOLTMNT05_131765,LEC,2025-05-11 17:22:16,eligible
2025|LEC|LOLTMNT05_130732,LEC,2025-05-11 18:19:31,eligible
2025|LEC|LOLTMNT05_130733,LEC,2025-05-11 19:12:55,eligible
2025|LTA N|LOLTMNT02_264596,LTA N,2025-05-11 20:07:30,eligible
2025|LTA N|LOLTMNT02_264603,LTA N,2025-05-11 20:54:32,eligible
2025|LTA N|LOLTMNT02_263770,LTA N,2025-05-11 21:47:18,eligible
2025|LTA N|LOLTMNT02_263775,LTA N,2025-05-11 22:38:25,eligible
2025|LPL|12049-12049_game_1,LPL,2025-05-12 09:23:06,not_complete
2025|LPL|12049-12049_game_2,LPL,2025-05-12 10:18:39,not_complete
2025|LPL|12050-12050_game_1,LPL,2025-05-12 11:32:20,not_complete
2025|LPL|12050-12050_game_2,LPL,2025-05-12 12:33:31,not_complete
2025|LEC|LOLTMNT05_130766,LEC,2025-05-12 15:07:44,eligible
2025|LEC|LOLTMNT05_131798,LEC,2025-05-12 15:57:46,eligible
2025|LEC|LOLTMNT05_131801,LEC,2025-05-12 16:51:21,eligible
2025|LEC|LOLTMNT05_131808,LEC,2025-05-12 17:43:15,eligible
2025|LPL|12051-12051_game_1,LPL,2025-05-13 09:18:18,not_complete
2025|LPL|12051-12051_game_2,LPL,2025-05-13 10:20:10,not_complete
2025|LPL|12051-12051_game_3,LPL,2025-05-13 11:12:19,not_complete
2025|LPL|12052-12052_game_1,LPL,2025-05-13 12:27:51,not_complete
2025|LPL|12052-12052_game_2,LPL,2025-05-13 13:19:33,not_complete
2025|LEC|LOLTMNT05_131854,LEC,2025-05-13 18:08:09,eligible
2025|LCK|LOLTMNT02_265983,LCK,2025-05-14 08:04:35,eligible
2025|LCK|LOLTMNT02_265989,LCK,2025-05-14 08:57:26,eligible
2025|LPL|12053-12053_game_1,LPL,2025-05-14 09:18:47,not_complete
2025|LCK|LOLTMNT02_265995,LCK,2025-05-14 09:46:11,eligible
2025|LPL|12053-12053_game_2,LPL,2025-05-14 10:28:33,not_complete
2025|LCK|LOLTMNT02_266810,LCK,2025-05-14 10:57:54,eligible
2025|LPL|12054-12054_game_1,LPL,2025-05-14 11:46:04,not_complete
2025|LCK|LOLTMNT02_267069,LCK,2025-05-14 12:02:24,eligible
2025|LPL|12054-12054_game_2,LPL,2025-05-14 12:35:00,not_complete
2025|LCK|LOLTMNT02_267104,LCK,2025-05-14 13:03:21,eligible
2025|LCK|LOLTMNT02_268237,LCK,2025-05-15 08:06:53,eligible
2025|LCK|LOLTMNT02_268242,LCK,2025-05-15 09:01:56,eligible
2025|LPL|12055-12055_game_1,LPL,2025-05-15 09:23:22,not_complete
2025|LCK|LOLTMNT02_268252,LCK,2025-05-15 09:54:38,eligible
2025|LPL|12055-12055_game_2,LPL,2025-05-15 10:15:49,not_complete
2025|LCK|LOLTMNT02_268294,LCK,2025-05-15 11:18:14,eligible
2025|LPL|12055-12055_game_3,LPL,2025-05-15 11:24:09,not_complete
2025|LCK|LOLTMNT02_268312,LCK,2025-05-15 12:18:56,eligible
2025|LPL|12056-12056_game_1,LPL,2025-05-15 12:43:50,not_complete
2025|LCK|LOLTMNT02_268334,LCK,2025-05-15 13:15:17,eligible
2025|LPL|12056-12056_game_2,LPL,2025-05-15 13:35:55,not_complete
2025|LCK|LOLTMNT02_268539,LCK,2025-05-16 08:07:23,eligible
2025|LCK|LOLTMNT02_267792,LCK,2025-05-16 09:02:03,eligible
2025|LPL|12057-12057_game_1,LPL,2025-05-16 09:18:58,not_complete
2025|LPL|12057-12057_game_2,LPL,2025-05-16 10:12:23,not_complete
2025|LCK|LOLTMNT02_267812,LCK,2025-05-16 10:15:50,eligible
2025|LCK|LOLTMNT02_267818,LCK,2025-05-16 11:02:23,eligible
2025|LPL|12058-12058_game_1,LPL,2025-05-16 11:26:07,not_complete
2025|LPL|12058-12058_game_2,LPL,2025-05-16 12:27:25,not_complete
2025|LCK|LOLTMNT02_267967,LCK,2025-05-17 06:06:29,eligible
2025|LCK|LOLTMNT02_267969,LCK,2025-05-17 06:58:31,eligible
2025|LCK|LOLTMNT02_268713,LCK,2025-05-17 07:47:44,eligible
2025|LCK|LOLTMNT02_268769,LCK,2025-05-17 09:01:31,eligible
2025|LPL|12059-12059_game_1,LPL,2025-05-17 09:22:23,not_complete
2025|LCK|LOLTMNT02_268811,LCK,2025-05-17 09:53:30,eligible
2025|LPL|12059-12059_game_2,LPL,2025-05-17 10:15:47,not_complete
2025|LCK|LOLTMNT02_269084,LCK,2025-05-17 10:41:19,eligible
2025|LPL|12060-12060_game_1,LPL,2025-05-17 11:40:13,not_complete
2025|LPL|12060-12060_game_2,LPL,2025-05-17 12:35:04,not_complete
2025|LTA N|LOLTMNT06_120185,LTA N,2025-05-17 20:08:05,eligible
2025|LTA N|LOLTMNT06_120186,LTA N,2025-05-17 20:53:29,eligible
2025|LTA N|LOLTMNT06_121176,LTA N,2025-05-17 21:42:44,eligible
2025|LTA N|LOLTMNT06_121177,LTA N,2025-05-17 22:41:24,eligible
2025|LTA N|LOLTMNT06_121179,LTA N,2025-05-17 23:30:37,eligible
2025|LCK|LOLTMNT02_269294,LCK,2025-05-18 06:04:32,eligible
2025|LCK|LOLTMNT02_270047,LCK,2025-05-18 07:02:00,eligible
2025|LCK|LOLTMNT02_269313,LCK,2025-05-18 08:21:01,eligible
2025|LCK|LOLTMNT02_270074,LCK,2025-05-18 09:22:19,eligible
2025|LPL|12061-12061_game_1,LPL,2025-05-18 09:23:03,not_complete
2025|LPL|12061-12061_game_2,LPL,2025-05-18 10:13:57,not_complete
2025|LPL|12061-12061_game_3,LPL,2025-05-18 11:03:50,not_complete
2025|LPL|12062-12062_game_1,LPL,2025-05-18 12:18:32,not_complete
2025|LPL|12062-12062_game_2,LPL,2025-05-18 13:12:14,not_complete
2025|LTA N|LOLTMNT06_120292,LTA N,2025-05-18 20:07:53,eligible
2025|LTA N|LOLTMNT06_120293,LTA N,2025-05-18 20:55:35,eligible
2025|LTA N|LOLTMNT06_120302,LTA N,2025-05-18 21:53:10,eligible
2025|LTA N|LOLTMNT06_120304,LTA N,2025-05-18 22:38:41,eligible
2025|LPL|12063-12063_game_1,LPL,2025-05-19 09:21:06,not_complete
2025|LPL|12063-12063_game_2,LPL,2025-05-19 10:19:56,not_complete
2025|LPL|12064-12064_game_1,LPL,2025-05-19 11:35:36,not_complete
2025|LPL|12064-12064_game_2,LPL,2025-05-19 12:29:53,not_complete
2025|LPL|12065-12065_game_1,LPL,2025-05-20 09:23:51,not_complete
2025|LPL|12065-12065_game_2,LPL,2025-05-20 10:27:00,not_complete
2025|LPL|12066-12066_game_1,LPL,2025-05-20 11:54:23,not_complete
2025|LPL|12066-12066_game_2,LPL,2025-05-20 12:49:30,not_complete
2025|LCK|LOLTMNT03_241129,LCK,2025-05-21 08:06:27,eligible
2025|LCK|LOLTMNT03_241144,LCK,2025-05-21 08:57:00,eligible
2025|LPL|12067-12067_game_1,LPL,2025-05-21 09:21:59,not_complete
2025|LCK|LOLTMNT03_241162,LCK,2025-05-21 10:07:37,eligible
2025|LPL|12067-12067_game_2,LPL,2025-05-21 10:26:48,not_complete
2025|LCK|LOLTMNT03_241226,LCK,2025-05-21 11:23:37,eligible
2025|LPL|12068-12068_game_1,LPL,2025-05-21 11:37:36,not_complete
2025|LCK|LOLTMNT03_240814,LCK,2025-05-21 12:20:07,eligible
2025|LPL|12068-12068_game_2,LPL,2025-05-21 12:31:27,not_complete
2025|LPL|12068-12068_game_3,LPL,2025-05-21 13:25:25,not_complete
2025|LCK|LOLTMNT03_242206,LCK,2025-05-22 08:07:11,eligible
2025|LCK|LOLTMNT03_242218,LCK,2025-05-22 08:56:33,eligible
2025|LPL|12069-12069_game_1,LPL,2025-05-22 09:21:14,not_complete
2025|LPL|12069-12069_game_2,LPL,2025-05-22 10:10:36,not_complete
2025|LCK|LOLTMNT03_241674,LCK,2025-05-22 10:12:41,eligible
2025|LCK|LOLTMNT03_242254,LCK,2025-05-22 11:01:39,eligible
2025|LPL|12070-12070_game_1,LPL,2025-05-22 11:31:05,not_complete
2025|LPL|12070-12070_game_2,LPL,2025-05-22 12:29:00,not_complete
2025|LCK|LOLTMNT03_243096,LCK,2025-05-23 08:07:24,eligible
2025|LCK|LOLTMNT03_242638,LCK,2025-05-23 08:55:39,eligible
2025|LCK|LOLTMNT03_243145,LCK,2025-05-23 10:20:15,eligible
2025|LCK|LOLTMNT03_243166,LCK,2025-05-23 11:16:42,eligible
2025|LCK|LOLTMNT03_242726,LCK,2025-05-23 12:06:13,eligible
2025|LCK|LOLTMNT03_244183,LCK,2025-05-24 06:04:59,eligible
2025|LCK|LOLTMNT03_243654,LCK,2025-05-24 06:57:37,eligible
2025|LCK|LOLTMNT03_243679,LCK,2025-05-24 07:49:35,eligible
2025|LCK|LOLTMNT03_244289,LCK,2025-05-24 09:07:30,eligible
2025|LPL|12423-12423_game_1,LPL,2025-05-24 09:13:08,not_complete
2025|LCK|LOLTMNT03_243757,LCK,2025-05-24 09:55:14,eligible
2025|LPL|12423-12423_game_2,LPL,2025-05-24 10:12:33,not_complete
2025|LPL|12423-12423_game_3,LPL,2025-05-24 11:15:11,not_complete
2025|LEC|LOLTMNT06_121629,LEC,2025-05-24 15:09:25,eligible
2025|LEC|LOLTMNT06_120664,LEC,2025-05-24 15:58:13,eligible
2025|LEC|LOLTMNT06_121630,LEC,2025-05-24 16:46:47,eligible
2025|LEC|LOLTMNT06_121631,LEC,2025-05-24 17:41:57,eligible
2025|LTA N|LOLTMNT03_244742,LTA N,2025-05-24 20:07:34,eligible
2025|LTA N|LOLTMNT03_245193,LTA N,2025-05-24 20:55:59,eligible
2025|LTA N|LOLTMNT03_245211,LTA N,2025-05-24 22:05:34,eligible
2025|LCK|LOLTMNT03_245295,LCK,2025-05-25 06:04:05,eligible
2025|LCK|LOLTMNT03_244865,LCK,2025-05-25 06:59:30,eligible
2025|LCK|LOLTMNT03_245333,LCK,2025-05-25 07:47:29,eligible
2025|LCK|LOLTMNT03_244928,LCK,2025-05-25 09:10:27,eligible
2025|LPL|12424-12424_game_1,LPL,2025-05-25 09:12:59,not_complete
2025|LCK|LOLTMNT03_244951,LCK,2025-05-25 10:01:46,eligible
2025|LPL|12424-12424_game_2,LPL,2025-05-25 10:02:34,not_complete
2025|LPL|12424-12424_game_3,LPL,2025-05-25 10:54:05,not_complete
2025|LCK|LOLTMNT03_244968,LCK,2025-05-25 11:00:15,eligible
2025|LPL|12424-12424_game_4,LPL,2025-05-25 11:45:31,not_complete
2025|LPL|12424-12424_game_5,LPL,2025-05-25 12:52:50,not_complete
2025|LEC|LOLTMNT06_120697,LEC,2025-05-25 15:08:50,eligible
2025|LEC|LOLTMNT06_121661,LEC,2025-05-25 16:00:56,eligible
2025|LEC|LOLTMNT06_121662,LEC,2025-05-25 17:02:36,eligible
2025|LEC|LOLTMNT06_120702,LEC,2025-05-25 17:58:24,eligible
2025|LEC|LOLTMNT06_121664,LEC,2025-05-25 18:55:37,eligible
2025|LTA N|LOLTMNT03_245676,LTA N,2025-05-25 20:09:28,eligible
2025|LTA N|LOLTMNT03_245686,LTA N,2025-05-25 21:01:41,eligible
2025|LTA N|LOLTMNT03_246244,LTA N,2025-05-25 21:52:08,eligible
2025|LPL|12425-12425_game_1,LPL,2025-05-26 09:13:19,not_complete
2025|LPL|12425-12425_game_2,LPL,2025-05-26 10:12:45,not_complete
2025|LPL|12425-12425_game_3,LPL,2025-05-26 11:04:42,not_complete
2025|LPL|12425-12425_game_4,LPL,2025-05-26 11:54:41,not_complete
2025|LEC|LOLTMNT06_120738,LEC,2025-05-26 15:09:11,eligible
2025|LEC|LOLTMNT06_121704,LEC,2025-05-26 16:01:51,eligible
2025|LEC|LOLTMNT06_121705,LEC,2025-05-26 17:06:57,eligible
2025|LEC|LOLTMNT06_121707,LEC,2025-05-26 18:02:13,eligible
2025|LPL|12426-12426_game_1,LPL,2025-05-27 09:12:26,not_complete
2025|VCS|LOLTMNT03_247231,VCS,2025-05-27 10:09:11,eligible
2025|LPL|12426-12426_game_2,LPL,2025-05-27 10:13:49,not_complete
2025|VCS|LOLTMNT03_246808,VCS,2025-05-27 11:01:23,eligible
2025|LPL|12426-12426_game_3,LPL,2025-05-27 11:05:18,not_complete
2025|VCS|LOLTMNT03_246855,VCS,2025-05-27 11:46:08,eligible
2025|VCS|LOLTMNT03_246889,VCS,2025-05-27 12:34:41,eligible
2025|LCK|LOLTMNT03_248140,LCK,2025-05-28 08:03:32,eligible
2025|LCK|LOLTMNT03_248153,LCK,2025-05-28 09:00:47,eligible
2025|LCK|LOLTMNT03_247772,LCK,2025-05-28 09:51:09,eligible
2025|VCS|LOLTMNT03_248197,VCS,2025-05-28 10:07:05,eligible
2025|VCS|LOLTMNT03_248247,VCS,2025-05-28 11:00:37,eligible
2025|LCK|LOLTMNT03_248249,LCK,2025-05-28 11:13:02,eligible
2025|LCK|LOLTMNT03_250029,LCK,2025-05-28 12:09:20,eligible
2025|VCS|LOLTMNT03_250050,VCS,2025-05-28 12:18:28,eligible
2025|VCS|LOLTMNT03_250093,VCS,2025-05-28 13:55:41,eligible
2025|VCS|LOLTMNT03_251051,VCS,2025-05-28 14:44:29,eligible
2025|LCK|LOLTMNT03_250487,LCK,2025-05-29 08:06:13,eligible
2025|LCK|LOLTMNT03_251392,LCK,2025-05-29 09:05:43,eligible
2025|VCS|LOLTMNT03_251427,VCS,2025-05-29 10:07:02,eligible
2025|LCK|LOLTMNT03_250553,LCK,2025-05-29 10:13:03,eligible
2025|VCS|LOLTMNT03_251451,VCS,2025-05-29 10:54:34,eligible
2025|LCK|LOLTMNT03_251520,LCK,2025-05-29 11:54:37,eligible
2025|VCS|LOLTMNT03_251534,VCS,2025-05-29 12:00:26,eligible
2025|LCK|LOLTMNT03_251552,LCK,2025-05-29 12:41:11,eligible
2025|VCS|LOLTMNT03_250691,VCS,2025-05-29 12:58:19,eligible
2025|LCK|LOLTMNT03_250721,LCK,2025-05-29 13:33:57,eligible
2025|VCS|LOLTMNT03_251585,VCS,2025-05-29 13:42:18,eligible
2025|LCK|LOLTMNT03_251983,LCK,2025-05-30 08:06:20,eligible
2025|LCK|LOLTMNT03_251998,LCK,2025-05-30 08:56:17,eligible
2025|LCK|LOLTMNT03_253051,LCK,2025-05-30 10:17:54,eligible
2025|LCK|LOLTMNT03_252111,LCK,2025-05-30 11:22:37,eligible
2025|LCK|LOLTMNT03_252143,LCK,2025-05-30 12:17:09,eligible
2025|LCK|LOLTMNT03_253463,LCK,2025-05-31 06:05:53,eligible
2025|LPL|12427-12427_game_1,LPL,2025-05-31 06:22:44,not_complete
2025|LCK|LOLTMNT03_252517,LCK,2025-05-31 06:59:05,eligible
2025|LPL|12427-12427_game_2,LPL,2025-05-31 07:10:55,not_complete
2025|LPL|12427-12427_game_3,LPL,2025-05-31 08:02:56,not_complete
2025|LCK|LOLTMNT03_252540,LCK,2025-05-31 08:16:20,eligible
2025|LPL|12427-12427_game_4,LPL,2025-05-31 08:55:52,not_complete
2025|LCK|LOLTMNT03_253497,LCK,2025-05-31 09:12:30,eligible
2025|LPL|12428-12428_game_1,LPL,2025-05-31 10:18:11,not_complete
2025|LPL|12428-12428_game_2,LPL,2025-05-31 11:11:00,not_complete
2025|LPL|12428-12428_game_3,LPL,2025-05-31 12:13:37,not_complete
2025|LEC|LOLTMNT06_122265,LEC,2025-05-31 15:08:33,eligible
2025|LEC|LOLTMNT06_122266,LEC,2025-05-31 16:05:21,eligible
2025|LEC|LOLTMNT06_123271,LEC,2025-05-31 16:59:13,eligible
2025|LEC|LOLTMNT06_122267,LEC,2025-05-31 17:52:53,eligible
2025|LTA N|LOLTMNT01_246368,LTA N,2025-05-31 20:08:28,eligible
2025|LTA N|LOLTMNT01_245414,LTA N,2025-05-31 20:57:54,eligible
2025|LTA N|LOLTMNT01_245425,LTA N,2025-05-31 22:01:45,eligible
2025|LTA N|LOLTMNT01_245435,LTA N,2025-05-31 22:47:04,eligible
2025|LCK|LOLTMNT03_253707,LCK,2025-06-01 06:05:16,eligible
2025|LPL|12429-12429_game_1,LPL,2025-06-01 06:12:53,not_complete
2025|LCK|LOLTMNT03_253709,LCK,2025-06-01 06:54:26,eligible
2025|LPL|12429-12429_game_2,LPL,2025-06-01 07:02:47,not_complete
2025|LPL|12429-12429_game_3,LPL,2025-06-01 07:57:31,not_complete
2025|LCK|LOLTMNT03_252905,LCK,2025-06-01 08:07:40,eligible
2025|LCK|LOLTMNT03_253750,LCK,2025-06-01 09:00:11,eligible
2025|LPL|12430-12430_game_1,LPL,2025-06-01 09:19:24,not_complete
2025|LCK|LOLTMNT03_252965,LCK,2025-06-01 09:49:07,eligible
2025|LPL|12430-12430_game_2,LPL,2025-06-01 10:13:08,not_complete
2025|LPL|12430-12430_game_3,LPL,2025-06-01 11:17:00,not_complete
2025|LPL|12430-12430_game_4,LPL,2025-06-01 12:15:55,not_complete
2025|LPL|12430-12430_game_5,LPL,2025-06-01 13:41:33,not_complete
2025|LEC|LOLTMNT06_122354,LEC,2025-06-01 15:08:14,eligible
2025|LEC|LOLTMNT06_123341,LEC,2025-06-01 16:22:30,eligible
2025|LEC|LOLTMNT06_122355,LEC,2025-06-01 17:24:12,eligible
2025|LEC|LOLTMNT06_123342,LEC,2025-06-01 18:16:17,eligible
2025|LTA N|LOLTMNT01_245611,LTA N,2025-06-01 20:07:56,eligible
2025|LTA N|LOLTMNT01_245618,LTA N,2025-06-01 21:14:08,eligible
2025|LTA N|LOLTMNT01_245629,LTA N,2025-06-01 22:06:16,eligible
2025|LPL|12431-12431_game_1,LPL,2025-06-02 09:14:46,not_complete
2025|LPL|12431-12431_game_2,LPL,2025-06-02 10:06:45,not_complete
2025|LPL|12431-12431_game_3,LPL,2025-06-02 11:03:03,not_complete
2025|LEC|LOLTMNT06_122364,LEC,2025-06-02 15:08:07,eligible
2025|LEC|LOLTMNT06_122365,LEC,2025-06-02 16:02:53,eligible
2025|LEC|LOLTMNT06_122368,LEC,2025-06-02 16:50:00,eligible
2025|LPL|12432-12432_game_1,LPL,2025-06-03 09:17:15,not_complete
2025|VCS|LOLTMNT03_254228,VCS,2025-06-03 10:05:32,eligible
2025|LPL|12432-12432_game_2,LPL,2025-06-03 10:13:12,not_complete
2025|VCS|LOLTMNT03_254234,VCS,2025-06-03 10:54:33,eligible
2025|LPL|12432-12432_game_3,LPL,2025-06-03 11:12:38,not_complete
2025|VCS|LOLTMNT03_255004,VCS,2025-06-03 11:49:55,eligible
2025|LPL|12432-12432_game_4,LPL,2025-06-03 12:07:45,not_complete
2025|VCS|LOLTMNT03_255021,VCS,2025-06-03 12:49:27,eligible
2025|VCS|LOLTMNT03_254276,VCS,2025-06-03 13:37:29,eligible
2025|LCK|LOLTMNT03_255081,LCK,2025-06-04 08:08:19,eligible
2025|LCK|LOLTMNT03_255086,LCK,2025-06-04 09:11:25,eligible
2025|LPL|12433-12433_game_1,LPL,2025-06-04 09:13:56,not_complete
2025|LPL|12433-12433_game_2,LPL,2025-06-04 10:05:26,not_complete
2025|VCS|LOLTMNT03_255112,VCS,2025-06-04 10:06:31,eligible
2025|LCK|LOLTMNT03_254398,LCK,2025-06-04 10:08:43,eligible
2025|VCS|LOLTMNT03_254400,VCS,2025-06-04 11:01:30,eligible
2025|LPL|12433-12433_game_3,LPL,2025-06-04 11:02:20,not_complete
2025|LPL|12433-12433_game_4,LPL,2025-06-04 11:52:57,not_complete
2025|VCS|LOLTMNT03_254416,VCS,2025-06-04 12:05:37,eligible
2025|LPL|12433-12433_game_5,LPL,2025-06-04 12:58:40,not_complete
2025|VCS|LOLTMNT03_254427,VCS,2025-06-04 13:04:15,eligible
2025|VCS|LOLTMNT03_254434,VCS,2025-06-04 13:52:51,eligible
2025|LPL|12434-12434_game_1,LPL,2025-06-05 09:13:17,not_complete
2025|VCS|LOLTMNT03_255230,VCS,2025-06-05 10:06:12,eligible
2025|LPL|12434-12434_game_2,LPL,2025-06-05 10:06:47,not_complete
2025|VCS|LOLTMNT03_255234,VCS,2025-06-05 10:50:09,eligible
2025|LPL|12434-12434_game_3,LPL,2025-06-05 10:56:15,not_complete
2025|LPL|12434-12434_game_4,LPL,2025-06-05 11:51:22,not_complete
2025|LCK|LOLTMNT01_250089,LCK,2025-06-07 06:06:28,eligible
2025|LCK|LOLTMNT01_249121,LCK,2025-06-07 07:16:41,eligible
2025|LCK|LOLTMNT01_249126,LCK,2025-06-07 08:07:34,eligible
2025|LPL|12435-12435_game_1,LPL,2025-06-07 09:13:36,not_complete
2025|LPL|12435-12435_game_2,LPL,2025-06-07 10:13:10,not_complete
2025|LPL|12435-12435_game_3,LPL,2025-06-07 11:06:49,not_complete
2025|LPL|12435-12435_game_4,LPL,2025-06-07 12:04:26,not_complete
2025|LEC|LOLTMNT06_122390,LEC,2025-06-07 15:09:59,eligible
2025|LEC|LOLTMNT06_122394,LEC,2025-06-07 16:02:13,eligible
2025|LEC|LOLTMNT06_123396,LEC,2025-06-07 17:01:12,eligible
2025|LEC|LOLTMNT06_122396,LEC,2025-06-07 17:49:22,eligible
2025|LEC|LOLTMNT06_123397,LEC,2025-06-07 18:35:43,eligible
2025|LTA N|LOLTMNT01_249362,LTA N,2025-06-07 20:06:56,eligible
2025|LTA N|LOLTMNT01_249384,LTA N,2025-06-07 21:02:25,eligible
2025|LTA N|LOLTMNT01_249398,LTA N,2025-06-07 21:50:27,eligible
2025|LTA N|LOLTMNT01_249414,LTA N,2025-06-07 22:46:36,eligible
2025|LTA N|LOLTMNT01_249428,LTA N,2025-06-07 23:33:00,eligible
2025|LCK|LOLTMNT01_249476,LCK,2025-06-08 06:07:06,eligible
2025|LCK|LOLTMNT01_250305,LCK,2025-06-08 06:57:09,eligible
2025|LCK|LOLTMNT01_250311,LCK,2025-06-08 07:46:53,eligible
2025|LPL|12436-12436_game_1,LPL,2025-06-08 09:13:22,not_complete
2025|LPL|12436-12436_game_2,LPL,2025-06-08 10:04:55,not_complete
2025|LPL|12436-12436_game_3,LPL,2025-06-08 10:53:18,not_complete
2025|LPL|12436-12436_game_4,LPL,2025-06-08 11:46:19,not_complete
2025|LPL|12436-12436_game_5,LPL,2025-06-08 12:58:31,not_complete
2025|LEC|LOLTMNT06_123414,LEC,2025-06-08 15:13:24,eligible
2025|LEC|LOLTMNT06_122412,LEC,2025-06-08 16:15:01,eligible
2025|LEC|LOLTMNT06_123415,LEC,2025-06-08 17:13:16,eligible
2025|LEC|LOLTMNT06_122413,LEC,2025-06-08 18:09:12,eligible
2025|LTA N|LOLTMNT01_250506,LTA N,2025-06-08 20:09:09,eligible
2025|LTA N|LOLTMNT01_250511,LTA N,2025-06-08 21:02:16,eligible
2025|LTA N|LOLTMNT01_249686,LTA N,2025-06-08 22:15:23,eligible
2025|LTA N|LOLTMNT01_249694,LTA N,2025-06-08 23:09:04,eligible
2025|LPL|12437-12437_game_1,LPL,2025-06-09 09:18:03,not_complete
2025|LPL|12437-12437_game_2,LPL,2025-06-09 10:12:39,not_complete
2025|LPL|12437-12437_game_3,LPL,2025-06-09 11:03:38,not_complete
2025|LPL|12437-12437_game_4,LPL,2025-06-09 11:53:47,not_complete
2025|LPL|12437-12437_game_5,LPL,2025-06-09 13:00:41,not_complete
2025|LPL|12438-12438_game_1,LPL,2025-06-11 09:15:52,not_complete
2025|LPL|12438-12438_game_2,LPL,2025-06-11 10:24:05,not_complete
2025|LPL|12438-12438_game_3,LPL,2025-06-11 11:13:24,not_complete
2025|VCS|LOLTMNT01_251388,VCS,2025-06-12 10:04:53,eligible
2025|VCS|LOLTMNT01_252222,VCS,2025-06-12 10:51:03,eligible
2025|VCS|LOLTMNT01_251429,VCS,2025-06-12 11:49:24,eligible
2025|VCS|LOLTMNT01_251452,VCS,2025-06-12 13:00:21,eligible
2025|VCS|LOLTMNT01_251464,VCS,2025-06-12 13:55:52,eligible
2025|LCK|LOLTMNT01_251602,LCK,2025-06-13 08:18:23,eligible
2025|LPL|12439-12439_game_1,LPL,2025-06-13 09:16:33,not_complete
2025|LCK|LOLTMNT01_252424,LCK,2025-06-13 09:32:05,eligible
2025|VCS|LOLTMNT01_251624,VCS,2025-06-13 10:07:20,eligible
2025|LPL|12439-12439_game_2,LPL,2025-06-13 10:14:46,not_complete
2025|LCK|LOLTMNT01_252430,LCK,2025-06-13 10:26:58,eligible
2025|VCS|LOLTMNT01_252433,VCS,2025-06-13 10:53:23,eligible
2025|LPL|12439-12439_game_3,LPL,2025-06-13 11:13:08,not_complete
2025|LCK|LOLTMNT01_252434,LCK,2025-06-13 11:19:23,eligible
2025|VCS|LOLTMNT01_251647,VCS,2025-06-13 11:58:37,eligible
2025|LPL|12439-12439_game_4,LPL,2025-06-13 12:08:10,not_complete
2025|LCK|LOLTMNT01_252445,LCK,2025-06-13 12:18:27,eligible
2025|VCS|LOLTMNT01_251652,VCS,2025-06-13 12:56:36,eligible
2025|LCK|LOLTMNT01_252598,LCK,2025-06-14 06:20:04,eligible
2025|LCK|LOLTMNT01_252614,LCK,2025-06-14 07:41:08,eligible
2025|LCK|LOLTMNT01_252626,LCK,2025-06-14 08:38:50,eligible
2025|LPL|12440-12440_game_1,LPL,2025-06-14 09:19:04,not_complete
2025|LCK|LOLTMNT01_251863,LCK,2025-06-14 09:34:19,eligible
2025|VCS|LOLTMNT01_252641,VCS,2025-06-14 10:06:46,eligible
2025|LPL|12440-12440_game_2,LPL,2025-06-14 10:11:18,not_complete
2025|VCS|LOLTMNT01_252642,VCS,2025-06-14 11:01:19,eligible
2025|LPL|12440-12440_game_3,LPL,2025-06-14 11:14:06,not_complete
2025|VCS|LOLTMNT01_251882,VCS,2025-06-14 12:15:45,eligible
2025|LPL|12440-12440_game_4,LPL,2025-06-14 12:20:57,not_complete
2025|VCS|LOLTMNT01_252663,VCS,2025-06-14 13:00:34,eligible
2025|LTA N|LOLTMNT01_252738,LTA N,2025-06-14 20:12:24,eligible
2025|LTA N|LOLTMNT01_252741,LTA N,2025-06-14 21:04:34,eligible
2025|LTA N|LOLTMNT01_252745,LTA N,2025-06-14 21:50:18,eligible
2025|LCK|LOLTMNT01_252766,LCK,2025-06-15 06:17:37,eligible
2025|LCK|LOLTMNT01_253007,LCK,2025-06-15 07:20:05,eligible
2025|LCK|LOLTMNT01_252771,LCK,2025-06-15 08:16:26,eligible
2025|VCS|LOLTMNT01_252784,VCS,2025-06-15 10:09:06,eligible
2025|VCS|LOLTMNT01_252785,VCS,2025-06-15 10:53:47,eligible
2025|VCS|LOLTMNT01_253014,VCS,2025-06-15 11:47:37,eligible
2025|VCS|LOLTMNT01_253018,VCS,2025-06-15 12:33:38,eligible
2025|VCS|LOLTMNT01_252797,VCS,2025-06-15 13:31:20,eligible
2025|LTA N|LOLTMNT01_253074,LTA N,2025-06-15 20:15:00,eligible
2025|LTA N|LOLTMNT01_253075,LTA N,2025-06-15 21:09:41,eligible
2025|LTA N|LOLTMNT01_253076,LTA N,2025-06-15 21:57:17,eligible
2025|LTA N|LOLTMNT01_253078,LTA N,2025-06-15 22:55:39,eligible
2025|LTA N|LOLTMNT01_252856,LTA N,2025-06-15 23:43:18,eligible
2025|VCS|LOLTMNT01_254048,VCS,2025-06-20 10:07:13,eligible
2025|VCS|LOLTMNT01_253260,VCS,2025-06-20 11:02:27,eligible
2025|VCS|LOLTMNT01_253263,VCS,2025-06-20 12:03:40,eligible
2025|VCS|LOLTMNT01_254053,VCS,2025-06-20 12:49:20,eligible
2025|VCS|LOLTMNT01_253270,VCS,2025-06-20 13:47:55,eligible
2025|VCS|LOLTMNT01_253299,VCS,2025-06-21 10:06:20,eligible
2025|VCS|LOLTMNT01_253301,VCS,2025-06-21 11:17:05,eligible
2025|VCS|LOLTMNT01_253303,VCS,2025-06-21 12:05:29,eligible
2025|VCS|LOLTMNT01_254103,VCS,2025-06-22 10:06:57,eligible
2025|VCS|LOLTMNT01_254105,VCS,2025-06-22 11:03:01,eligible
2025|VCS|LOLTMNT01_254106,VCS,2025-06-22 12:03:32,eligible
2025|VCS|LOLTMNT01_253338,VCS,2025-06-22 12:49:53,eligible
2025|LPL|12558-12558_game_1,LPL,2025-07-19 07:13:52,not_complete
2025|LPL|12558-12558_game_2,LPL,2025-07-19 08:14:23,not_complete
2025|LPL|12559-12559_game_1,LPL,2025-07-19 09:17:17,not_complete
2025|LPL|12559-12559_game_2,LPL,2025-07-19 10:13:38,not_complete
2025|VCS|LOLTMNT03_276428,VCS,2025-07-19 10:21:51,eligible
2025|LPL|12559-12559_game_3,LPL,2025-07-19 11:07:40,not_complete
2025|VCS|LOLTMNT03_275503,VCS,2025-07-19 11:12:34,eligible
2025|VCS|LOLTMNT03_276440,VCS,2025-07-19 12:11:11,eligible
2025|LPL|12560-12560_game_1,LPL,2025-07-19 12:18:44,not_complete
2025|LPL|12560-12560_game_2,LPL,2025-07-19 13:14:09,not_complete
2025|LPL|12560-12560_game_3,LPL,2025-07-19 14:08:34,not_complete
2025|LPL|12561-12561_game_1,LPL,2025-07-20 09:13:33,not_complete
2025|LPL|12561-12561_game_2,LPL,2025-07-20 10:08:13,not_complete
2025|VCS|LOLTMNT03_276551,VCS,2025-07-20 10:23:35,eligible
2025|LPL|12562-12562_game_1,LPL,2025-07-20 11:11:18,not_complete
2025|VCS|LOLTMNT03_275650,VCS,2025-07-20 11:17:51,eligible
2025|LPL|12562-12562_game_2,LPL,2025-07-20 12:12:33,not_complete
2025|LPL|12562-12562_game_3,LPL,2025-07-20 13:20:47,not_complete
2025|LPL|12563-12563_game_1,LPL,2025-07-21 09:13:27,not_complete
2025|LPL|12563-12563_game_2,LPL,2025-07-21 10:05:42,not_complete
2025|LPL|12563-12563_game_3,LPL,2025-07-21 11:01:00,not_complete
2025|LPL|12564-12564_game_1,LPL,2025-07-21 12:04:38,not_complete
2025|LPL|12564-12564_game_2,LPL,2025-07-21 13:04:12,not_complete
2025|LPL|12565-12565_game_1,LPL,2025-07-22 09:14:09,not_complete
2025|LPL|12565-12565_game_2,LPL,2025-07-22 10:05:33,not_complete
2025|LPL|12565-12565_game_3,LPL,2025-07-22 10:59:40,not_complete
2025|LPL|12566-12566_game_1,LPL,2025-07-22 12:09:53,not_complete
2025|LPL|12566-12566_game_2,LPL,2025-07-22 13:10:18,not_complete
2025|LCK|LOLTMNT01_265680,LCK,2025-07-23 08:07:58,eligible
2025|LCK|LOLTMNT01_265707,LCK,2025-07-23 09:05:20,eligible
2025|LPL|12567-12567_game_1,LPL,2025-07-23 09:16:09,not_complete
2025|LCK|LOLTMNT01_264713,LCK,2025-07-23 10:05:33,eligible
2025|LPL|12567-12567_game_2,LPL,2025-07-23 10:11:35,not_complete
2025|LCK|LOLTMNT01_264750,LCK,2025-07-23 11:17:36,eligible
2025|LPL|12568-12568_game_1,LPL,2025-07-23 11:18:20,not_complete
2025|LCK|LOLTMNT01_264776,LCK,2025-07-23 12:09:23,eligible
2025|LPL|12568-12568_game_2,LPL,2025-07-23 12:15:59,not_complete
2025|LPL|12568-12568_game_3,LPL,2025-07-23 13:15:16,not_complete
2025|LCK|LOLTMNT01_266226,LCK,2025-07-24 08:05:02,eligible
2025|LCK|LOLTMNT01_266234,LCK,2025-07-24 08:56:45,eligible
2025|LPL|12569-12569_game_1,LPL,2025-07-24 09:15:14,not_complete
2025|LPL|12569-12569_game_2,LPL,2025-07-24 10:04:19,not_complete
2025|LCK|LOLTMNT01_266276,LCK,2025-07-24 10:11:20,eligible
2025|LPL|12570-12570_game_1,LPL,2025-07-24 11:08:16,not_complete
2025|LCK|LOLTMNT01_266288,LCK,2025-07-24 11:15:19,eligible
2025|LPL|12570-12570_game_2,LPL,2025-07-24 12:11:02,not_complete
2025|LCK|LOLTMNT01_266736,LCK,2025-07-25 08:11:59,eligible
2025|LCK|LOLTMNT01_266753,LCK,2025-07-25 09:06:04,eligible
2025|LPL|12571-12571_game_1,LPL,2025-07-25 09:13:34,not_complete
2025|LCK|LOLTMNT01_266767,LCK,2025-07-25 10:00:20,eligible
2025|LPL|12571-12571_game_2,LPL,2025-07-25 10:09:48,not_complete
2025|LPL|12572-12572_game_1,LPL,2025-07-25 11:14:22,not_complete
2025|LCK|LOLTMNT01_266798,LCK,2025-07-25 11:15:42,eligible
2025|LPL|12572-12572_game_2,LPL,2025-07-25 12:07:51,not_complete
2025|LCK|LOLTMNT01_266815,LCK,2025-07-25 12:09:55,eligible
2025|LPL|12572-12572_game_3,LPL,2025-07-25 12:56:59,not_complete
2025|LCK|LOLTMNT01_266848,LCK,2025-07-25 13:10:25,eligible
2025|LCK|LOLTMNT01_268648,LCK,2025-07-26 06:07:12,eligible
2025|LCK|LOLTMNT01_268653,LCK,2025-07-26 07:03:38,eligible
2025|LPL|12573-12573_game_1,LPL,2025-07-26 07:13:10,not_complete
2025|LPL|12573-12573_game_2,LPL,2025-07-26 08:03:34,not_complete
2025|LCK|LOLTMNT01_269192,LCK,2025-07-26 08:31:59,eligible
2025|LPL|12573-12573_game_3,LPL,2025-07-26 08:53:08,not_complete
2025|LCK|LOLTMNT01_269211,LCK,2025-07-26 09:30:22,eligible
2025|LPL|12574-12574_game_1,LPL,2025-07-26 10:12:01,not_complete
2025|LPL|12574-12574_game_2,LPL,2025-07-26 11:19:28,not_complete
2025|LPL|12574-12574_game_3,LPL,2025-07-26 12:21:12,not_complete
2025|LPL|12575-12575_game_1,LPL,2025-07-26 13:23:16,not_complete
2025|LPL|12575-12575_game_2,LPL,2025-07-26 14:12:33,not_complete
2025|LPL|12575-12575_game_3,LPL,2025-07-26 15:01:13,not_complete
2025|LTA N|LOLTMNT01_269407,LTA N,2025-07-26 20:10:23,eligible
2025|LTA N|LOLTMNT01_269416,LTA N,2025-07-26 20:58:52,eligible
2025|LTA N|LOLTMNT01_268930,LTA N,2025-07-26 21:51:01,eligible
2025|LTA N|LOLTMNT01_269432,LTA N,2025-07-26 22:37:10,eligible
2025|LCK|LOLTMNT01_268996,LCK,2025-07-27 06:05:40,eligible
2025|LCK|LOLTMNT01_270006,LCK,2025-07-27 07:06:53,eligible
2025|LCK|LOLTMNT01_269548,LCK,2025-07-27 08:04:07,eligible
2025|LPL|12576-12576_game_1,LPL,2025-07-27 09:14:28,not_complete
2025|LCK|LOLTMNT01_270043,LCK,2025-07-27 09:29:10,eligible
2025|LPL|12576-12576_game_2,LPL,2025-07-27 10:08:17,not_complete
2025|LCK|LOLTMNT01_270056,LCK,2025-07-27 10:26:37,eligible
2025|LPL|12577-12577_game_1,LPL,2025-07-27 11:12:03,not_complete
2025|LPL|12577-12577_game_2,LPL,2025-07-27 12:06:03,not_complete
2025|LPL|12577-12577_game_3,LPL,2025-07-27 12:58:20,not_complete
2025|LTA N|LOLTMNT01_270271,LTA N,2025-07-27 20:11:24,eligible
2025|LTA N|LOLTMNT01_270275,LTA N,2025-07-27 21:02:05,eligible
2025|LTA N|LOLTMNT01_270288,LTA N,2025-07-27 22:00:27,eligible
2025|LTA N|LOLTMNT01_269810,LTA N,2025-07-27 22:54:47,eligible
2025|LPL|12578-12578_game_1,LPL,2025-07-28 09:14:07,not_complete
2025|LPL|12578-12578_game_2,LPL,2025-07-28 10:11:06,not_complete
2025|LPL|12579-12579_game_1,LPL,2025-07-28 11:13:22,not_complete
2025|LPL|12579-12579_game_2,LPL,2025-07-28 12:05:13,not_complete
2025|LPL|12580-12580_game_1,LPL,2025-07-29 09:13:16,not_complete
2025|LPL|12580-12580_game_2,LPL,2025-07-29 10:03:15,not_complete
2025|LPL|12580-12580_game_3,LPL,2025-07-29 10:58:29,not_complete
2025|LPL|12581-12581_game_1,LPL,2025-07-29 12:03:27,not_complete
2025|LPL|12581-12581_game_2,LPL,2025-07-29 13:10:27,not_complete
2025|LCK|LOLTMNT01_271620,LCK,2025-07-30 08:07:21,eligible
2025|LPL|12582-12582_game_1,LPL,2025-07-30 09:16:28,not_complete
2025|LCK|LOLTMNT01_272131,LCK,2025-07-30 09:19:17,eligible
2025|LPL|12582-12582_game_2,LPL,2025-07-30 10:09:25,not_complete
2025|LCK|LOLTMNT01_272144,LCK,2025-07-30 10:17:32,eligible
2025|LPL|12582-12582_game_3,LPL,2025-07-30 11:06:23,not_complete
2025|LCK|LOLTMNT01_271687,LCK,2025-07-30 11:48:43,eligible
2025|LCK|LOLTMNT01_271704,LCK,2025-07-30 12:38:20,eligible
2025|LCK|LOLTMNT01_272461,LCK,2025-07-31 08:06:28,eligible
2025|LCK|LOLTMNT01_272463,LCK,2025-07-31 09:09:20,eligible
2025|LPL|12584-12584_game_1,LPL,2025-07-31 09:14:23,not_complete
2025|LPL|12584-12584_game_2,LPL,2025-07-31 10:10:06,not_complete
2025|LCK|LOLTMNT01_273014,LCK,2025-07-31 10:31:25,eligible
2025|LPL|12584-12584_game_3,LPL,2025-07-31 11:03:16,not_complete
2025|LCK|LOLTMNT01_273023,LCK,2025-07-31 11:20:55,eligible
2025|LPL|12585-12585_game_1,LPL,2025-07-31 12:10:52,not_complete
2025|LPL|12585-12585_game_2,LPL,2025-07-31 13:13:26,not_complete
2025|LCK|LOLTMNT01_272688,LCK,2025-08-01 08:04:50,eligible
2025|LCK|LOLTMNT01_272695,LCK,2025-08-01 09:03:41,eligible
2025|LPL|12586-12586_game_1,LPL,2025-08-01 09:15:12,not_complete
2025|LPL|12586-12586_game_2,LPL,2025-08-01 10:13:33,not_complete
2025|LCK|LOLTMNT01_273235,LCK,2025-08-01 10:25:35,eligible
2025|LCK|LOLTMNT01_272717,LCK,2025-08-01 11:17:00,eligible
2025|LPL|12587-12587_game_1,LPL,2025-08-01 11:19:24,not_complete
2025|LPL|12587-12587_game_2,LPL,2025-08-01 12:18:19,not_complete
2025|LCK|LOLTMNT01_273344,LCK,2025-08-02 06:07:06,eligible
2025|LCK|LOLTMNT01_272834,LCK,2025-08-02 06:59:14,eligible
2025|LPL|12588-12588_game_1,LPL,2025-08-02 07:14:34,not_complete
2025|LPL|12588-12588_game_2,LPL,2025-08-02 08:08:52,not_complete
2025|LCK|LOLTMNT01_273361,LCK,2025-08-02 08:31:55,eligible
2025|LPL|12589-12589_game_1,LPL,2025-08-02 09:16:36,not_complete
2025|LCK|LOLTMNT01_273365,LCK,2025-08-02 09:27:00,eligible
2025|LPL|12589-12589_game_2,LPL,2025-08-02 10:17:17,not_complete
2025|LCK|LOLTMNT01_273370,LCK,2025-08-02 10:24:29,eligible
2025|LPL|12589-12589_game_3,LPL,2025-08-02 11:06:40,not_complete
2025|LPL|12590-12590_game_1,LPL,2025-08-02 12:17:14,not_complete
2025|LPL|12590-12590_game_2,LPL,2025-08-02 13:12:50,not_complete
2025|LEC|LOLTMNT05_145072,LEC,2025-08-02 15:14:26,eligible
2025|LEC|LOLTMNT05_145074,LEC,2025-08-02 16:02:43,eligible
2025|LEC|LOLTMNT05_145075,LEC,2025-08-02 16:51:45,eligible
2025|LEC|LOLTMNT05_145081,LEC,2025-08-02 17:43:46,eligible
2025|LEC|LOLTMNT05_146099,LEC,2025-08-02 18:30:16,eligible
2025|LTA N|LOLTMNT02_291885,LTA N,2025-08-02 20:08:18,eligible
2025|LTA N|LOLTMNT02_291895,LTA N,2025-08-02 20:58:00,eligible
2025|LTA N|LOLTMNT02_290962,LTA N,2025-08-02 21:53:11,eligible
2025|LTA N|LOLTMNT02_290982,LTA N,2025-08-02 22:44:53,eligible
2025|LTA N|LOLTMNT02_290987,LTA N,2025-08-02 23:32:14,eligible
2025|LCK|LOLTMNT01_273420,LCK,2025-08-03 06:07:00,eligible
2025|LCK|LOLTMNT01_272915,LCK,2025-08-03 07:03:34,eligible
2025|LCK|LOLTMNT01_273430,LCK,2025-08-03 08:33:38,eligible
2025|LPL|12591-12591_game_1,LPL,2025-08-03 09:13:30,not_complete
2025|LCK|LOLTMNT01_272927,LCK,2025-08-03 09:25:54,eligible
2025|LPL|12591-12591_game_2,LPL,2025-08-03 10:10:12,not_complete
2025|LPL|12592-12592_game_1,LPL,2025-08-03 11:15:03,not_complete
2025|LPL|12592-12592_game_2,LPL,2025-08-03 12:15:10,not_complete
2025|LEC|LOLTMNT05_146142,LEC,2025-08-03 15:09:00,eligible
2025|LEC|LOLTMNT05_146144,LEC,2025-08-03 16:08:24,eligible
2025|LEC|LOLTMNT05_146146,LEC,2025-08-03 17:01:36,eligible
2025|LEC|LOLTMNT05_146151,LEC,2025-08-03 17:59:10,eligible
2025|LEC|LOLTMNT05_146152,LEC,2025-08-03 18:50:16,eligible
2025|LTA N|LOLTMNT02_292285,LTA N,2025-08-03 20:08:22,eligible
2025|LTA N|LOLTMNT02_293271,LTA N,2025-08-03 21:00:31,eligible
2025|LTA N|LOLTMNT02_292306,LTA N,2025-08-03 21:52:28,eligible
2025|LTA N|LOLTMNT02_293287,LTA N,2025-08-03 22:47:59,eligible
2025|LTA N|LOLTMNT02_292316,LTA N,2025-08-03 23:42:20,eligible
2025|LPL|12593-12593_game_1,LPL,2025-08-04 09:11:58,not_complete
2025|LPL|12593-12593_game_2,LPL,2025-08-04 10:07:48,not_complete
2025|LPL|12593-12593_game_3,LPL,2025-08-04 11:00:00,not_complete
2025|LEC|LOLTMNT05_146170,LEC,2025-08-04 15:08:13,eligible
2025|LEC|LOLTMNT05_146172,LEC,2025-08-04 15:53:27,eligible
2025|LEC|LOLTMNT05_145155,LEC,2025-08-04 16:50:58,eligible
2025|LEC|LOLTMNT05_145156,LEC,2025-08-04 17:41:10,eligible
2025|LPL|12595-12595_game_1,LPL,2025-08-05 09:12:23,not_complete
2025|LPL|12595-12595_game_2,LPL,2025-08-05 10:16:59,not_complete
2025|LPL|12595-12595_game_3,LPL,2025-08-05 11:21:38,not_complete
2025|LPL|12596-12596_game_1,LPL,2025-08-05 12:22:02,not_complete
2025|LPL|12596-12596_game_2,LPL,2025-08-05 13:20:13,not_complete
2025|LPL|12596-12596_game_3,LPL,2025-08-05 14:11:16,not_complete
2025|LCK|LOLTMNT02_294403,LCK,2025-08-06 08:06:02,eligible
2025|LCK|LOLTMNT02_295361,LCK,2025-08-06 08:57:50,eligible
2025|LPL|12597-12597_game_1,LPL,2025-08-06 09:16:50,not_complete
2025|LPL|12597-12597_game_2,LPL,2025-08-06 10:18:03,not_complete
2025|LCK|LOLTMNT02_295398,LCK,2025-08-06 10:22:21,eligible
2025|LPL|12597-12597_game_3,LPL,2025-08-06 11:13:25,not_complete
2025|LCK|LOLTMNT02_294485,LCK,2025-08-06 11:18:00,eligible
2025|LPL|12598-12598_game_1,LPL,2025-08-06 12:20:10,not_complete
2025|LPL|12598-12598_game_2,LPL,2025-08-06 13:18:33,not_complete
2025|LCK|LOLTMNT02_294883,LCK,2025-08-07 08:06:22,eligible
2025|LCK|LOLTMNT02_294895,LCK,2025-08-07 09:05:39,eligible
2025|LPL|12599-12599_game_1,LPL,2025-08-07 09:11:31,not_complete
2025|LCK|LOLTMNT02_294910,LCK,2025-08-07 10:04:12,eligible
2025|LPL|12599-12599_game_2,LPL,2025-08-07 10:11:39,not_complete
2025|LPL|12600-12600_game_1,LPL,2025-08-07 11:18:54,not_complete
2025|LCK|LOLTMNT02_295940,LCK,2025-08-07 11:20:03,eligible
2025|LCK|LOLTMNT02_295962,LCK,2025-08-07 12:13:48,eligible
2025|LPL|12600-12600_game_2,LPL,2025-08-07 12:17:10,not_complete
2025|LCK|LOLTMNT02_295986,LCK,2025-08-07 13:06:46,eligible
2025|LPL|12600-12600_game_3,LPL,2025-08-07 13:12:34,not_complete
2025|LCK|LOLTMNT02_296408,LCK,2025-08-08 08:08:25,eligible
2025|LCK|LOLTMNT02_296421,LCK,2025-08-08 09:07:31,eligible
2025|LPL|12601-12601_game_1,LPL,2025-08-08 09:28:06,not_complete
2025|LPL|12601-12601_game_2,LPL,2025-08-08 10:19:13,not_complete
2025|LCK|LOLTMNT02_296450,LCK,2025-08-08 10:27:25,eligible
2025|LPL|12601-12601_game_3,LPL,2025-08-08 11:11:53,not_complete
2025|LCK|LOLTMNT02_296483,LCK,2025-08-08 11:28:56,eligible
2025|LPL|12602-12602_game_1,LPL,2025-08-08 12:27:53,not_complete
2025|LPL|12602-12602_game_2,LPL,2025-08-08 13:18:58,not_complete
2025|LPL|12602-12602_game_3,LPL,2025-08-08 14:16:15,not_complete
2025|LCK|LOLTMNT02_296815,LCK,2025-08-09 06:11:11,eligible
2025|LCK|LOLTMNT02_296825,LCK,2025-08-09 07:06:28,eligible
2025|LPL|12603-12603_game_1,LPL,2025-08-09 07:12:33,not_complete
2025|LCK|LOLTMNT02_296837,LCK,2025-08-09 07:56:20,eligible
2025|LPL|12603-12603_game_2,LPL,2025-08-09 08:06:18,not_complete
2025|LPL|12603-12603_game_3,LPL,2025-08-09 08:55:36,not_complete
2025|LCK|LOLTMNT02_297840,LCK,2025-08-09 09:16:24,eligible
2025|LPL|12604-12604_game_1,LPL,2025-08-09 10:00:42,not_complete
2025|LCK|LOLTMNT02_297863,LCK,2025-08-09 10:06:29,eligible
2025|LPL|12604-12604_game_2,LPL,2025-08-09 10:52:54,not_complete
2025|LPL|12605-12605_game_1,LPL,2025-08-09 11:57:41,not_complete
2025|LPL|12605-12605_game_2,LPL,2025-08-09 12:52:11,not_complete
2025|LEC|LOLTMNT05_146696,LEC,2025-08-09 15:08:27,eligible
2025|LEC|LOLTMNT05_146700,LEC,2025-08-09 16:04:34,eligible
2025|LEC|LOLTMNT05_146705,LEC,2025-08-09 16:57:02,eligible
2025|LEC|LOLTMNT05_145693,LEC,2025-08-09 17:54:11,eligible
2025|LEC|LOLTMNT05_146708,LEC,2025-08-09 18:41:39,eligible
2025|LTA N|LOLTMNT02_299125,LTA N,2025-08-09 20:06:58,eligible
2025|LTA N|LOLTMNT02_299145,LTA N,2025-08-09 20:54:09,eligible
2025|LTA N|LOLTMNT02_299161,LTA N,2025-08-09 21:49:24,eligible
2025|LTA N|LOLTMNT02_299175,LTA N,2025-08-09 22:38:30,eligible
2025|LTA N|LOLTMNT02_299179,LTA N,2025-08-09 23:25:54,eligible
2025|LCK|LOLTMNT02_298258,LCK,2025-08-10 06:06:45,eligible
2025|LCK|LOLTMNT02_299237,LCK,2025-08-10 07:02:39,eligible
2025|LCK|LOLTMNT02_299274,LCK,2025-08-10 08:19:07,eligible
2025|LPL|12606-12606_game_1,LPL,2025-08-10 09:13:03,not_complete
2025|LCK|LOLTMNT02_298318,LCK,2025-08-10 09:24:53,eligible
2025|LPL|12606-12606_game_2,LPL,2025-08-10 10:11:33,not_complete
2025|LPL|12606-12606_game_3,LPL,2025-08-10 11:02:26,not_complete
2025|LPL|12607-12607_game_1,LPL,2025-08-10 12:06:54,not_complete
2025|LPL|12607-12607_game_2,LPL,2025-08-10 13:16:38,not_complete
2025|LPL|12607-12607_game_3,LPL,2025-08-10 14:10:29,not_complete
2025|LEC|LOLTMNT05_146756,LEC,2025-08-10 15:12:55,eligible
2025|LEC|LOLTMNT05_146759,LEC,2025-08-10 16:01:53,eligible
2025|LEC|LOLTMNT05_146760,LEC,2025-08-10 16:57:30,eligible
2025|LEC|LOLTMNT05_146765,LEC,2025-08-10 17:46:47,eligible
2025|LEC|LOLTMNT05_145755,LEC,2025-08-10 18:36:14,eligible
2025|LTA N|LOLTMNT02_299643,LTA N,2025-08-10 20:07:52,eligible
2025|LTA N|LOLTMNT02_299654,LTA N,2025-08-10 20:59:02,eligible
2025|LTA N|LOLTMNT02_299679,LTA N,2025-08-10 21:51:21,eligible
2025|LTA N|LOLTMNT02_299690,LTA N,2025-08-10 22:43:00,eligible
2025|LTA N|LOLTMNT02_299694,LTA N,2025-08-10 23:30:53,eligible
2025|LPL|12608-12608_game_1,LPL,2025-08-11 09:09:58,not_complete
2025|LPL|12608-12608_game_2,LPL,2025-08-11 10:03:44,not_complete
2025|LPL|12609-12609_game_1,LPL,2025-08-11 11:10:44,not_complete
2025|LPL|12609-12609_game_2,LPL,2025-08-11 12:03:33,not_complete
2025|LPL|12610-12610_game_1,LPL,2025-08-12 09:11:19,not_complete
2025|LPL|12610-12610_game_2,LPL,2025-08-12 10:04:04,not_complete
2025|LPL|12611-12611_game_1,LPL,2025-08-12 11:06:03,not_complete
2025|LPL|12611-12611_game_2,LPL,2025-08-12 12:00:28,not_complete
2025|LPL|12611-12611_game_3,LPL,2025-08-12 12:50:28,not_complete
2025|LCK|LOLTMNT02_301617,LCK,2025-08-13 08:10:10,eligible
2025|LCK|LOLTMNT02_301624,LCK,2025-08-13 08:55:40,eligible
2025|LPL|12612-12612_game_1,LPL,2025-08-13 09:11:30,not_complete
2025|LPL|12612-12612_game_2,LPL,2025-08-13 10:08:07,not_complete
2025|LCK|LOLTMNT02_301649,LCK,2025-08-13 10:08:55,eligible
2025|LPL|12612-12612_game_3,LPL,2025-08-13 11:03:30,not_complete
2025|LCK|LOLTMNT02_301669,LCK,2025-08-13 11:06:30,eligible
2025|LCK|LOLTMNT02_301689,LCK,2025-08-13 11:56:13,eligible
2025|LPL|12613-12613_game_1,LPL,2025-08-13 12:04:13,not_complete
2025|LPL|12613-12613_game_2,LPL,2025-08-13 12:56:33,not_complete
2025|LPL|12613-12613_game_3,LPL,2025-08-13 13:49:40,not_complete
2025|LCK|LOLTMNT02_301984,LCK,2025-08-14 08:07:37,eligible
2025|LCK|LOLTMNT02_301999,LCK,2025-08-14 08:58:22,eligible
2025|LPL|12614-12614_game_1,LPL,2025-08-14 09:12:19,not_complete
2025|LCK|LOLTMNT02_300855,LCK,2025-08-14 10:09:25,eligible
2025|LPL|12614-12614_game_2,LPL,2025-08-14 10:10:52,not_complete
2025|LPL|12614-12614_game_3,LPL,2025-08-14 11:09:02,not_complete
2025|LCK|LOLTMNT02_300868,LCK,2025-08-14 11:14:41,eligible
2025|LPL|12615-12615_game_1,LPL,2025-08-14 12:10:46,not_complete
2025|LPL|12615-12615_game_2,LPL,2025-08-14 13:05:23,not_complete
2025|LCK|LOLTMNT02_302238,LCK,2025-08-15 08:06:45,eligible
2025|LCK|LOLTMNT02_302252,LCK,2025-08-15 09:05:41,eligible
2025|LPL|12616-12616_game_1,LPL,2025-08-15 09:18:00,not_complete
2025|LCK|LOLTMNT02_302264,LCK,2025-08-15 09:59:50,eligible
2025|LPL|12616-12616_game_2,LPL,2025-08-15 10:10:51,not_complete
2025|LCK|LOLTMNT02_303069,LCK,2025-08-15 11:15:30,eligible
2025|LPL|12617-12617_game_1,LPL,2025-08-15 11:16:50,not_complete
2025|LCK|LOLTMNT02_302301,LCK,2025-08-15 12:15:57,eligible
2025|LPL|12617-12617_game_2,LPL,2025-08-15 12:29:59,not_complete
2025|LPL|12617-12617_game_3,LPL,2025-08-15 13:28:46,not_complete
2025|LCK|LOLTMNT02_303137,LCK,2025-08-16 06:05:19,eligible
2025|LCK|LOLTMNT02_303138,LCK,2025-08-16 07:00:28,eligible
2025|LPL|12618-12618_game_1,LPL,2025-08-16 07:15:37,not_complete
2025|LCK|LOLTMNT02_303139,LCK,2025-08-16 07:51:07,eligible
2025|LPL|12618-12618_game_2,LPL,2025-08-16 08:07:38,not_complete
2025|LPL|12618-12618_game_3,LPL,2025-08-16 09:01:28,not_complete
2025|LCK|LOLTMNT02_303157,LCK,2025-08-16 09:05:30,eligible
2025|LCK|LOLTMNT02_303158,LCK,2025-08-16 09:58:29,eligible
2025|LPL|12619-12619_game_1,LPL,2025-08-16 10:03:51,not_complete
2025|LCK|LOLTMNT02_302398,LCK,2025-08-16 10:51:13,eligible
2025|LPL|12619-12619_game_2,LPL,2025-08-16 10:55:23,not_complete
2025|LPL|12619-12619_game_3,LPL,2025-08-16 11:54:45,not_complete
2025|LPL|12620-12620_game_1,LPL,2025-08-16 13:04:49,not_complete
2025|LPL|12620-12620_game_2,LPL,2025-08-16 13:53:49,not_complete
2025|LPL|12620-12620_game_3,LPL,2025-08-16 14:46:32,not_complete
2025|LEC|LOLTMNT06_133372,LEC,2025-08-16 15:07:19,eligible
2025|LEC|LOLTMNT06_133374,LEC,2025-08-16 16:02:38,eligible
2025|LEC|LOLTMNT06_132374,LEC,2025-08-16 17:12:08,eligible
2025|LEC|LOLTMNT06_133390,LEC,2025-08-16 18:11:57,eligible
2025|LEC|LOLTMNT06_132386,LEC,2025-08-16 19:06:52,eligible
2025|LTA N|LOLTMNT03_281842,LTA N,2025-08-16 20:06:27,eligible
2025|LTA N|LOLTMNT03_280867,LTA N,2025-08-16 20:56:30,eligible
2025|LTA N|LOLTMNT03_281867,LTA N,2025-08-16 22:10:34,eligible
2025|LTA N|LOLTMNT03_281872,LTA N,2025-08-16 23:06:02,eligible
2025|LTA N|LOLTMNT03_281876,LTA N,2025-08-16 23:50:45,eligible
2025|LCK|LOLTMNT02_302438,LCK,2025-08-17 06:07:44,eligible
2025|LCK|LOLTMNT02_303218,LCK,2025-08-17 07:00:19,eligible
2025|LCK|LOLTMNT02_303220,LCK,2025-08-17 07:55:07,eligible
2025|LCK|LOLTMNT02_302449,LCK,2025-08-17 09:10:43,eligible
2025|LPL|12621-12621_game_1,LPL,2025-08-17 09:10:55,not_complete
2025|LPL|12621-12621_game_2,LPL,2025-08-17 10:03:12,not_complete
2025|LCK|LOLTMNT02_302450,LCK,2025-08-17 10:09:06,eligible
2025|LPL|12622-12622_game_1,LPL,2025-08-17 11:05:27,not_complete
2025|LPL|12622-12622_game_2,LPL,2025-08-17 11:56:42,not_complete
2025|LEC|LOLTMNT06_132462,LEC,2025-08-17 15:08:19,eligible
2025|LEC|LOLTMNT06_132463,LEC,2025-08-17 15:57:36,eligible
2025|LEC|LOLTMNT06_132464,LEC,2025-08-17 16:49:42,eligible
2025|LEC|LOLTMNT06_133477,LEC,2025-08-17 17:39:11,eligible
2025|LTA N|LOLTMNT03_282144,LTA N,2025-08-17 20:07:47,eligible
2025|LTA N|LOLTMNT03_282158,LTA N,2025-08-17 21:01:22,eligible
2025|LTA N|LOLTMNT03_283147,LTA N,2025-08-17 22:02:15,eligible
2025|LPL|12623-12623_game_1,LPL,2025-08-18 09:11:27,not_complete
2025|LPL|12623-12623_game_2,LPL,2025-08-18 10:04:33,not_complete
2025|LPL|12624-12624_game_1,LPL,2025-08-18 11:18:18,not_complete
2025|LPL|12624-12624_game_2,LPL,2025-08-18 12:31:36,not_complete
2025|LPL|12624-12624_game_3,LPL,2025-08-18 13:30:25,not_complete
2025|LEC|LOLTMNT06_133504,LEC,2025-08-18 15:11:01,eligible
2025|LEC|LOLTMNT06_133506,LEC,2025-08-18 15:56:20,eligible
2025|LEC|LOLTMNT06_133510,LEC,2025-08-18 16:49:30,eligible
2025|LEC|LOLTMNT06_133511,LEC,2025-08-18 17:51:49,eligible
2025|LEC|LOLTMNT06_133519,LEC,2025-08-18 18:48:23,eligible
2025|LPL|12625-12625_game_1,LPL,2025-08-19 09:11:44,not_complete
2025|LPL|12625-12625_game_2,LPL,2025-08-19 10:06:11,not_complete
2025|LPL|12626-12626_game_1,LPL,2025-08-19 11:17:13,not_complete
2025|LPL|12626-12626_game_2,LPL,2025-08-19 12:15:27,not_complete
2025|LCK|LOLTMNT03_284103,LCK,2025-08-20 08:06:31,eligible
2025|LCK|LOLTMNT03_284115,LCK,2025-08-20 09:07:29,eligible
2025|LPL|12627-12627_game_1,LPL,2025-08-20 09:10:19,not_complete
2025|LPL|12627-12627_game_2,LPL,2025-08-20 10:04:59,not_complete
2025|LCK|LOLTMNT03_284142,LCK,2025-08-20 10:33:21,eligible
2025|LPL|12628-12628_game_1,LPL,2025-08-20 11:11:48,not_complete
2025|LCK|LOLTMNT03_284170,LCK,2025-08-20 11:30:28,eligible
2025|LPL|12628-12628_game_2,LPL,2025-08-20 12:01:21,not_complete
2025|LCK|LOLTMNT03_284605,LCK,2025-08-21 08:05:15,eligible
2025|LCK|LOLTMNT03_285537,LCK,2025-08-21 09:06:15,eligible
2025|LPL|12629-12629_game_1,LPL,2025-08-21 09:10:38,not_complete
2025|LPL|12629-12629_game_2,LPL,2025-08-21 10:06:34,not_complete
2025|LCK|LOLTMNT03_285549,LCK,2025-08-21 10:07:01,eligible
2025|LPL|12630-12630_game_1,LPL,2025-08-21 11:09:55,not_complete
2025|LCK|LOLTMNT03_284666,LCK,2025-08-21 11:27:46,eligible
2025|LPL|12630-12630_game_2,LPL,2025-08-21 12:07:24,not_complete
2025|LCK|LOLTMNT03_284695,LCK,2025-08-21 12:18:34,eligible
2025|LPL|12630-12630_game_3,LPL,2025-08-21 12:51:15,not_complete
2025|LCK|LOLTMNT03_284713,LCK,2025-08-21 13:09:59,eligible
2025|LCK|LOLTMNT03_287069,LCK,2025-08-22 08:05:01,eligible
2025|LCK|LOLTMNT03_287081,LCK,2025-08-22 08:55:45,eligible
2025|LPL|12631-12631_game_1,LPL,2025-08-22 09:12:40,not_complete
2025|LCK|LOLTMNT03_287101,LCK,2025-08-22 09:46:22,eligible
2025|LPL|12631-12631_game_2,LPL,2025-08-22 10:05:19,not_complete
2025|LCK|LOLTMNT03_286183,LCK,2025-08-22 10:59:29,eligible
2025|LPL|12632-12632_game_1,LPL,2025-08-22 11:08:07,not_complete
2025|LCK|LOLTMNT03_286208,LCK,2025-08-22 12:02:07,eligible
2025|LPL|12632-12632_game_2,LPL,2025-08-22 12:02:45,not_complete
2025|LCK|LOLTMNT03_286241,LCK,2025-08-22 12:57:07,eligible
2025|LCK|LOLTMNT03_286946,LCK,2025-08-23 06:06:52,eligible
2025|LCK|LOLTMNT03_286952,LCK,2025-08-23 07:02:58,eligible
2025|LPL|12633-12633_game_1,LPL,2025-08-23 07:10:25,not_complete
2025|LCK|LOLTMNT03_287529,LCK,2025-08-23 07:59:15,eligible
2025|LPL|12633-12633_game_2,LPL,2025-08-23 08:01:17,not_complete
2025|LPL|12634-12634_game_1,LPL,2025-08-23 09:06:53,not_complete
2025|LCK|LOLTMNT03_286994,LCK,2025-08-23 09:20:22,eligible
2025|LPL|12634-12634_game_2,LPL,2025-08-23 09:57:31,not_complete
2025|LCK|LOLTMNT03_287593,LCK,2025-08-23 10:14:59,eligible
2025|LPL|12634-12634_game_3,LPL,2025-08-23 10:48:39,not_complete
2025|LCK|LOLTMNT03_287634,LCK,2025-08-23 11:19:26,eligible
2025|LPL|12635-12635_game_1,LPL,2025-08-23 11:55:32,not_complete
2025|LPL|12635-12635_game_2,LPL,2025-08-23 12:58:38,not_complete
2025|LPL|12635-12635_game_3,LPL,2025-08-23 13:54:46,not_complete
2025|LTA N|LOLTMNT03_288294,LTA N,2025-08-23 20:06:29,eligible
2025|LTA N|LOLTMNT03_287894,LTA N,2025-08-23 20:54:40,eligible
2025|LTA N|LOLTMNT03_288338,LTA N,2025-08-23 21:48:05,eligible
2025|LTA N|LOLTMNT03_287928,LTA N,2025-08-23 22:39:00,eligible
2025|LCK|LOLTMNT03_288407,LCK,2025-08-24 06:06:54,eligible
2025|LCK|LOLTMNT03_288421,LCK,2025-08-24 07:06:53,eligible
2025|LCK|LOLTMNT03_288450,LCK,2025-08-24 08:27:55,eligible
2025|LPL|12636-12636_game_1,LPL,2025-08-24 09:12:37,not_complete
2025|LCK|LOLTMNT03_288467,LCK,2025-08-24 09:30:59,eligible
2025|LPL|12636-12636_game_2,LPL,2025-08-24 09:59:37,not_complete
2025|LPL|12637-12637_game_1,LPL,2025-08-24 11:22:32,not_complete
2025|LPL|12637-12637_game_2,LPL,2025-08-24 12:18:18,not_complete
2025|LTA N|LOLTMNT03_289318,LTA N,2025-08-24 20:06:26,eligible
2025|LTA N|LOLTMNT03_288797,LTA N,2025-08-24 21:08:05,eligible
2025|LTA N|LOLTMNT03_289343,LTA N,2025-08-24 21:54:48,eligible
2025|LTA N|LOLTMNT03_289350,LTA N,2025-08-24 22:42:54,eligible
2025|LPL|12638-12638_game_1,LPL,2025-08-25 09:12:04,not_complete
2025|LPL|12638-12638_game_2,LPL,2025-08-25 10:05:32,not_complete
2025|LPL|12638-12638_game_3,LPL,2025-08-25 10:51:46,not_complete
2025|LPL|12639-12639_game_1,LPL,2025-08-25 11:56:22,not_complete
2025|LPL|12639-12639_game_2,LPL,2025-08-25 13:02:01,not_complete
2025|LEC|LOLTMNT06_134147,LEC,2025-08-25 15:08:07,eligible
2025|LEC|LOLTMNT06_133782,LEC,2025-08-25 15:54:14,eligible
2025|LEC|LOLTMNT06_133790,LEC,2025-08-25 16:51:10,eligible
2025|LEC|LOLTMNT06_134153,LEC,2025-08-25 17:47:22,eligible
2025|LEC|LOLTMNT06_134158,LEC,2025-08-25 18:48:43,eligible
2025|LPL|12640-12640_game_1,LPL,2025-08-26 09:11:34,not_complete
2025|LPL|12640-12640_game_2,LPL,2025-08-26 10:04:37,not_complete
2025|LPL|12641-12641_game_1,LPL,2025-08-26 11:01:11,not_complete
2025|LPL|12641-12641_game_2,LPL,2025-08-26 11:56:06,not_complete
2025|LPL|12641-12641_game_3,LPL,2025-08-26 12:57:40,not_complete
2025|LEC|LOLTMNT06_133844,LEC,2025-08-26 15:11:14,eligible
2025|LEC|LOLTMNT06_133849,LEC,2025-08-26 16:15:45,eligible
2025|LEC|LOLTMNT06_133856,LEC,2025-08-26 17:09:46,eligible
2025|LEC|LOLTMNT06_133858,LEC,2025-08-26 18:09:54,eligible
2025|LCK|LOLTMNT03_292093,LCK,2025-08-27 08:04:11,eligible
2025|LCK|LOLTMNT03_292099,LCK,2025-08-27 08:54:16,eligible
2025|LPL|12642-12642_game_1,LPL,2025-08-27 09:10:58,not_complete
2025|LCK|LOLTMNT03_291552,LCK,2025-08-27 10:04:17,eligible
2025|LPL|12642-12642_game_2,LPL,2025-08-27 10:08:59,not_complete
2025|LPL|12643-12643_game_1,LPL,2025-08-27 11:09:00,not_complete
2025|LCK|LOLTMNT03_291596,LCK,2025-08-27 11:21:15,eligible
2025|LPL|12643-12643_game_2,LPL,2025-08-27 12:12:26,not_complete
2025|LCK|LOLTMNT03_291623,LCK,2025-08-27 12:19:22,eligible
2025|LCK|LOLTMNT03_293104,LCK,2025-08-28 08:08:10,eligible
2025|LCK|LOLTMNT03_294111,LCK,2025-08-28 09:00:09,eligible
2025|LPL|12594-12594_game_1,LPL,2025-08-28 09:12:45,not_complete
2025|LPL|12594-12594_game_2,LPL,2025-08-28 10:10:14,not_complete
2025|LCK|LOLTMNT03_293145,LCK,2025-08-28 10:12:22,eligible
2025|LPL|12594-12594_game_3,LPL,2025-08-28 11:00:40,not_complete
2025|LCK|LOLTMNT03_293167,LCK,2025-08-28 11:16:07,eligible
2025|LPL|12583-12583_game_1,LPL,2025-08-28 12:03:35,not_complete
2025|LPL|12583-12583_game_2,LPL,2025-08-28 13:01:20,not_complete
2025|LCK|LOLTMNT03_293371,LCK,2025-08-29 08:07:17,eligible
2025|LCK|LOLTMNT03_293376,LCK,2025-08-29 09:02:15,eligible
2025|LCK|LOLTMNT03_294392,LCK,2025-08-29 09:52:59,eligible
2025|LCK|LOLTMNT03_293418,LCK,2025-08-29 11:12:12,eligible
2025|LCK|LOLTMNT03_294428,LCK,2025-08-29 12:12:25,eligible
2025|LTA N|LOLTMNT01_278533,LTA N,2025-08-29 20:06:10,eligible
2025|LTA N|LOLTMNT01_278555,LTA N,2025-08-29 20:57:19,eligible
2025|LTA N|LOLTMNT01_278563,LTA N,2025-08-29 21:42:51,eligible
2025|LTA N|LOLTMNT01_279322,LTA N,2025-08-29 22:40:24,eligible
2025|LTA N|LOLTMNT01_278600,LTA N,2025-08-29 23:27:33,eligible
2025|LCK|LOLTMNT03_293580,LCK,2025-08-30 06:12:29,eligible
2025|LCK|LOLTMNT03_293583,LCK,2025-08-30 07:14:25,eligible
2025|LCK|LOLTMNT03_294600,LCK,2025-08-30 08:01:23,eligible
2025|LPL|12795-12795_game_1,LPL,2025-08-30 09:11:55,not_complete
2025|LCK|LOLTMNT03_294648,LCK,2025-08-30 09:32:44,eligible
2025|LPL|12795-12795_game_2,LPL,2025-08-30 10:07:05,not_complete
2025|LCK|LOLTMNT03_294664,LCK,2025-08-30 10:34:13,eligible
2025|LPL|12795-12795_game_3,LPL,2025-08-30 11:15:50,not_complete
2025|LCK|LOLTMNT03_293648,LCK,2025-08-30 11:24:47,eligible
2025|LPL|12795-12795_game_4,LPL,2025-08-30 12:13:01,not_complete
2025|LPL|12795-12795_game_5,LPL,2025-08-30 13:10:27,not_complete
2025|LTA N|LOLTMNT01_278845,LTA N,2025-08-30 20:09:07,eligible
2025|LTA N|LOLTMNT01_278856,LTA N,2025-08-30 21:02:55,eligible
2025|LTA N|LOLTMNT01_279570,LTA N,2025-08-30 22:02:02,eligible
2025|LCK|LOLTMNT03_294914,LCK,2025-08-31 06:06:31,eligible
2025|LCK|LOLTMNT03_294918,LCK,2025-08-31 07:01:01,eligible
2025|LCK|LOLTMNT03_294949,LCK,2025-08-31 08:29:18,eligible
2025|LCK|LOLTMNT03_294951,LCK,2025-08-31 09:20:15,eligible
2025|LPL|12796-12796_game_1,LPL,2025-08-31 09:39:33,not_complete
2025|LCK|LOLTMNT03_293923,LCK,2025-08-31 10:13:39,eligible
2025|LPL|12796-12796_game_2,LPL,2025-08-31 10:36:50,not_complete
2025|LPL|12796-12796_game_3,LPL,2025-08-31 11:29:06,not_complete
2025|LPL|12796-12796_game_4,LPL,2025-08-31 12:15:29,not_complete
2025|LTA N|LOLTMNT01_279707,LTA N,2025-08-31 20:07:38,eligible
2025|LTA N|LOLTMNT01_280063,LTA N,2025-08-31 20:58:43,eligible
2025|LTA N|LOLTMNT01_279725,LTA N,2025-08-31 22:02:08,eligible
2025|LTA N|LOLTMNT01_279732,LTA N,2025-08-31 22:54:06,eligible
2025|LPL|12797-12797_game_1,LPL,2025-09-01 09:11:13,not_complete
2025|LPL|12797-12797_game_2,LPL,2025-09-01 10:06:15,not_complete
2025|LPL|12797-12797_game_3,LPL,2025-09-01 11:06:07,not_complete
2025|LPL|12798-12798_game_1,LPL,2025-09-02 09:11:42,not_complete
2025|LPL|12798-12798_game_2,LPL,2025-09-02 10:08:57,not_complete
2025|LPL|12798-12798_game_3,LPL,2025-09-02 11:12:41,not_complete
2025|LCK|LOLTMNT01_281294,LCK,2025-09-03 08:08:06,eligible
2025|LCK|LOLTMNT01_280651,LCK,2025-09-03 08:53:21,eligible
2025|LCK|LOLTMNT01_280659,LCK,2025-09-03 09:47:33,eligible
2025|LCK|LOLTMNT01_281315,LCK,2025-09-03 10:36:00,eligible
2025|LCK|LOLTMNT01_280682,LCK,2025-09-03 11:26:43,eligible
2025|LCK|LOLTMNT01_281588,LCK,2025-09-04 08:08:41,eligible
2025|LCK|LOLTMNT01_280941,LCK,2025-09-04 09:01:36,eligible
2025|LCK|LOLTMNT01_281603,LCK,2025-09-04 09:51:19,eligible
2025|LCK|LOLTMNT01_280961,LCK,2025-09-04 10:42:24,eligible
2025|LCK|LOLTMNT01_281636,LCK,2025-09-04 11:44:52,eligible
2025|LCK|LOLTMNT01_281893,LCK,2025-09-05 08:07:35,eligible
2025|LCK|LOLTMNT01_281906,LCK,2025-09-05 08:58:24,eligible
2025|LCK|LOLTMNT01_282298,LCK,2025-09-05 09:49:14,eligible
2025|LCK|LOLTMNT01_281961,LCK,2025-09-05 10:44:14,eligible
2025|LEC|LOLTMNT04_130187,LEC,2025-09-05 15:09:47,eligible
2025|LEC|LOLTMNT04_129223,LEC,2025-09-05 16:13:02,eligible
2025|LEC|LOLTMNT04_129231,LEC,2025-09-05 17:03:14,eligible
2025|LEC|LOLTMNT04_129236,LEC,2025-09-05 17:50:09,eligible
2025|LTA N|LOLTMNT01_283382,LTA N,2025-09-05 20:05:46,eligible
2025|LTA N|LOLTMNT01_283399,LTA N,2025-09-05 21:02:12,eligible
2025|LTA N|LOLTMNT01_283408,LTA N,2025-09-05 21:53:30,eligible
2025|LTA N|LOLTMNT01_283424,LTA N,2025-09-05 22:48:39,eligible
2025|LTA N|LOLTMNT01_283432,LTA N,2025-09-05 23:36:21,eligible
2025|LCK|LOLTMNT01_282847,LCK,2025-09-06 06:09:11,eligible
2025|LCK|LOLTMNT01_282855,LCK,2025-09-06 07:05:22,eligible
2025|LCK|LOLTMNT01_283478,LCK,2025-09-06 07:56:05,eligible
2025|LCK|LOLTMNT01_282880,LCK,2025-09-06 08:47:59,eligible
2025|LEC|LOLTMNT04_130276,LEC,2025-09-06 15:10:58,eligible
2025|LEC|LOLTMNT04_129302,LEC,2025-09-06 16:01:37,eligible
2025|LEC|LOLTMNT04_129307,LEC,2025-09-06 16:55:25,eligible
2025|LTA N|LOLTMNT01_284517,LTA N,2025-09-06 20:06:45,eligible
2025|LTA N|LOLTMNT01_284573,LTA N,2025-09-06 20:55:16,eligible
2025|LTA N|LOLTMNT01_284603,LTA N,2025-09-06 21:44:12,eligible
2025|LCK|LOLTMNT01_285206,LCK,2025-09-07 06:09:43,eligible
2025|LPL|12799-12799_game_1,LPL,2025-09-07 06:13:14,not_complete
2025|LPL|12799-12799_game_2,LPL,2025-09-07 07:06:48,not_complete
2025|LCK|LOLTMNT01_284752,LCK,2025-09-07 07:08:30,eligible
2025|LPL|12799-12799_game_3,LPL,2025-09-07 08:04:16,not_complete
2025|LCK|LOLTMNT01_285222,LCK,2025-09-07 08:06:08,eligible
2025|LPL|12799-12799_game_4,LPL,2025-09-07 08:56:46,not_complete
2025|LPL|12799-12799_game_5,LPL,2025-09-07 09:54:58,not_complete
2025|LPL|12800-12800_game_1,LPL,2025-09-07 11:19:56,not_complete
2025|LPL|12800-12800_game_2,LPL,2025-09-07 12:23:55,not_complete
2025|LPL|12800-12800_game_3,LPL,2025-09-07 13:18:43,not_complete
2025|LEC|LOLTMNT04_130365,LEC,2025-09-07 15:07:42,eligible
2025|LEC|LOLTMNT04_130370,LEC,2025-09-07 16:01:49,eligible
2025|LEC|LOLTMNT04_129373,LEC,2025-09-07 16:50:17,eligible
2025|LEC|LOLTMNT04_129375,LEC,2025-09-07 17:39:49,eligible
2025|LTA N|LOLTMNT01_285575,LTA N,2025-09-07 20:12:24,eligible
2025|LTA N|LOLTMNT01_285591,LTA N,2025-09-07 21:09:29,eligible
2025|LTA N|LOLTMNT01_285605,LTA N,2025-09-07 21:59:46,eligible
2025|LTA N|LOLTMNT01_285618,LTA N,2025-09-07 22:50:47,eligible
2025|LPL|12801-12801_game_1,LPL,2025-09-08 06:14:07,not_complete
2025|LPL|12801-12801_game_2,LPL,2025-09-08 07:08:39,not_complete
2025|LPL|12801-12801_game_3,LPL,2025-09-08 08:03:02,not_complete
2025|LPL|12801-12801_game_4,LPL,2025-09-08 08:56:29,not_complete
2025|LPL|12801-12801_game_5,LPL,2025-09-08 09:52:38,not_complete
2025|LPL|12802-12802_game_1,LPL,2025-09-08 11:23:39,not_complete
2025|LPL|12802-12802_game_2,LPL,2025-09-08 12:17:42,not_complete
2025|LPL|12802-12802_game_3,LPL,2025-09-08 13:16:45,not_complete
2025|LPL|12802-12802_game_4,LPL,2025-09-08 14:17:02,not_complete
2025|LEC|LOLTMNT04_129398,LEC,2025-09-08 15:06:41,eligible
2025|LEC|LOLTMNT04_129399,LEC,2025-09-08 16:10:03,eligible
2025|LEC|LOLTMNT04_129400,LEC,2025-09-08 17:00:46,eligible
2025|LEC|LOLTMNT04_129401,LEC,2025-09-08 18:03:01,eligible
2025|LEC|LOLTMNT04_129402,LEC,2025-09-08 18:55:22,eligible
2025|LPL|12803-12803_game_1,LPL,2025-09-09 09:14:04,not_complete
2025|LPL|12803-12803_game_2,LPL,2025-09-09 10:07:43,not_complete
2025|LPL|12803-12803_game_3,LPL,2025-09-09 10:59:56,not_complete
2025|LPL|12803-12803_game_4,LPL,2025-09-09 11:56:05,not_complete
2025|LCK|LOLTMNT01_286625,LCK,2025-09-10 08:11:38,eligible
2025|LCK|LOLTMNT01_286643,LCK,2025-09-10 09:09:10,eligible
2025|LPL|12804-12804_game_1,LPL,2025-09-10 09:11:39,not_complete
2025|LCK|LOLTMNT01_286647,LCK,2025-09-10 10:07:08,eligible
2025|LPL|12804-12804_game_2,LPL,2025-09-10 10:09:41,not_complete
2025|LCK|LOLTMNT01_287140,LCK,2025-09-10 10:59:41,eligible
2025|LPL|12804-12804_game_3,LPL,2025-09-10 11:09:34,not_complete
2025|LCK|LOLTMNT01_286664,LCK,2025-09-10 11:55:29,eligible
2025|LPL|12804-12804_game_4,LPL,2025-09-10 12:00:49,not_complete
2025|LCK|LOLTMNT01_287346,LCK,2025-09-11 08:09:47,eligible
2025|LCK|LOLTMNT01_286890,LCK,2025-09-11 09:03:20,eligible
2025|LPL|12805-12805_game_1,LPL,2025-09-11 09:12:57,not_complete
2025|LCK|LOLTMNT01_286895,LCK,2025-09-11 09:52:31,eligible
2025|LPL|12805-12805_game_2,LPL,2025-09-11 10:16:38,not_complete
2025|LCK|LOLTMNT01_287373,LCK,2025-09-11 10:47:37,eligible
2025|LPL|12805-12805_game_3,LPL,2025-09-11 11:21:26,not_complete
2025|LPL|12805-12805_game_4,LPL,2025-09-11 12:12:11,not_complete
2025|LPL|12805-12805_game_5,LPL,2025-09-11 13:10:20,not_complete
2025|LPL|12806-12806_game_1,LPL,2025-09-12 09:12:46,not_complete
2025|LPL|12806-12806_game_2,LPL,2025-09-12 10:06:47,not_complete
2025|LPL|12806-12806_game_3,LPL,2025-09-12 10:57:57,not_complete
2025|LPL|12806-12806_game_4,LPL,2025-09-12 11:51:50,not_complete
2025|LCK|LOLTMNT01_287805,LCK,2025-09-13 06:11:13,eligible
2025|LCK|LOLTMNT01_288374,LCK,2025-09-13 07:02:38,eligible
2025|LCK|LOLTMNT01_288399,LCK,2025-09-13 08:03:50,eligible
2025|LCK|LOLTMNT01_288435,LCK,2025-09-13 08:59:49,eligible
2025|LPL|12807-12807_game_1,LPL,2025-09-13 09:13:51,not_complete
2025|LCK|LOLTMNT01_288450,LCK,2025-09-13 10:01:01,eligible
2025|LPL|12807-12807_game_2,LPL,2025-09-13 10:09:50,not_complete
2025|LPL|12807-12807_game_3,LPL,2025-09-13 11:02:04,not_complete
2025|LPL|12807-12807_game_4,LPL,2025-09-13 11:57:04,not_complete
2025|LEC|LOLTMNT04_129553,LEC,2025-09-13 15:07:23,eligible
2025|LEC|LOLTMNT04_129556,LEC,2025-09-13 16:19:53,eligible
2025|LEC|LOLTMNT04_129559,LEC,2025-09-13 17:16:53,eligible
2025|LEC|LOLTMNT04_129562,LEC,2025-09-13 18:05:21,eligible
2025|LCK|LOLTMNT01_288565,LCK,2025-09-14 06:11:34,eligible
2025|LCK|LOLTMNT01_288570,LCK,2025-09-14 07:10:28,eligible
2025|LCK|LOLTMNT01_289038,LCK,2025-09-14 08:14:27,eligible
2025|LPL|12808-12808_game_1,LPL,2025-09-14 09:16:09,not_complete
2025|LPL|12808-12808_game_2,LPL,2025-09-14 10:05:06,not_complete
2025|LPL|12808-12808_game_3,LPL,2025-09-14 10:58:28,not_complete
2025|LEC|LOLTMNT04_129596,LEC,2025-09-14 15:08:58,eligible
2025|LEC|LOLTMNT04_129599,LEC,2025-09-14 16:09:18,eligible
2025|LEC|LOLTMNT04_129602,LEC,2025-09-14 17:04:24,eligible
2025|LEC|LOLTMNT04_130607,LEC,2025-09-14 18:10:46,eligible
2025|LPL|12809-12809_game_1,LPL,2025-09-15 09:11:56,not_complete
2025|LPL|12809-12809_game_2,LPL,2025-09-15 10:12:30,not_complete
2025|LPL|12809-12809_game_3,LPL,2025-09-15 11:19:49,not_complete
2025|LPL|12809-12809_game_4,LPL,2025-09-15 12:09:40,not_complete
2025|LPL|12809-12809_game_5,LPL,2025-09-15 13:03:25,not_complete
2025|LEC|LOLTMNT04_129624,LEC,2025-09-15 15:07:36,eligible
2025|LEC|LOLTMNT04_129625,LEC,2025-09-15 16:11:54,eligible
2025|LEC|LOLTMNT04_129626,LEC,2025-09-15 17:02:53,eligible
2025|LPL|12810-12810_game_1,LPL,2025-09-16 09:11:18,not_complete
2025|LPL|12810-12810_game_2,LPL,2025-09-16 10:16:29,not_complete
2025|LPL|12810-12810_game_3,LPL,2025-09-16 11:23:00,not_complete
2025|LCK|LOLTMNT01_290095,LCK,2025-09-17 08:12:41,eligible
2025|LCK|LOLTMNT01_289566,LCK,2025-09-17 09:17:49,eligible
2025|LCK|LOLTMNT01_290114,LCK,2025-09-17 10:12:07,eligible
2025|LCK|LOLTMNT01_290125,LCK,2025-09-17 11:05:12,eligible
2025|LCK|LOLTMNT01_289676,LCK,2025-09-18 08:13:43,eligible
2025|LCK|LOLTMNT01_289688,LCK,2025-09-18 09:06:37,eligible
2025|LCK|LOLTMNT01_289699,LCK,2025-09-18 10:04:45,eligible
2025|LCK|LOLTMNT01_289712,LCK,2025-09-18 10:56:35,eligible
2025|LCK|LOLTMNT01_290456,LCK,2025-09-20 06:07:09,eligible
2025|LCK|LOLTMNT01_289914,LCK,2025-09-20 06:59:22,eligible
2025|LCK|LOLTMNT01_289916,LCK,2025-09-20 07:54:22,eligible
2025|LPL|12811-12811_game_1,LPL,2025-09-20 08:16:42,not_complete
2025|LPL|12811-12811_game_2,LPL,2025-09-20 09:10:09,not_complete
2025|LPL|12811-12811_game_3,LPL,2025-09-20 10:06:41,not_complete
2025|LPL|12811-12811_game_4,LPL,2025-09-20 11:07:27,not_complete
2025|LCK|LOLTMNT01_290576,LCK,2025-09-21 06:08:55,eligible
2025|LCK|LOLTMNT01_290579,LCK,2025-09-21 07:07:05,eligible
2025|LCK|LOLTMNT01_291045,LCK,2025-09-21 07:59:49,eligible
2025|LPL|12812-12812_game_1,LPL,2025-09-21 08:21:50,not_complete
2025|LCK|LOLTMNT01_291064,LCK,2025-09-21 08:57:05,eligible
2025|LPL|12812-12812_game_2,LPL,2025-09-21 09:21:06,not_complete
2025|LCK|LOLTMNT01_291071,LCK,2025-09-21 09:50:24,eligible
2025|LPL|12812-12812_game_3,LPL,2025-09-21 10:18:18,not_complete
2025|LPL|12812-12812_game_4,LPL,2025-09-21 11:10:07,not_complete
2025|LPL|12812-12812_game_5,LPL,2025-09-21 12:03:38,not_complete
2025|LEC|LOLTMNT05_154344,LEC,2025-09-26 15:31:49,eligible
2025|LEC|LOLTMNT05_154348,LEC,2025-09-26 16:37:04,eligible
2025|LCK|LOLTMNT01_290897,LCK,2025-09-27 05:23:49,eligible
2025|LCK|LOLTMNT01_290898,LCK,2025-09-27 06:19:47,eligible
2025|LCK|LOLTMNT01_291427,LCK,2025-09-27 07:11:22,eligible
2025|LEC|LOLTMNT05_155399,LEC,2025-09-27 15:15:11,eligible
2025|LEC|LOLTMNT05_154390,LEC,2025-09-27 16:09:44,eligible
2025|LEC|LOLTMNT05_154392,LEC,2025-09-27 17:05:39,eligible
2025|LEC|LOLTMNT05_155401,LEC,2025-09-27 18:03:01,eligible
2025|LCK|LOLTMNT01_290949,LCK,2025-09-28 05:30:31,eligible
2025|LCK|LOLTMNT01_290950,LCK,2025-09-28 06:24:02,eligible
2025|LCK|LOLTMNT01_290952,LCK,2025-09-28 07:27:40,eligible
2025|LCK|LOLTMNT01_290953,LCK,2025-09-28 08:21:35,eligible
2025|LEC|LOLTMNT05_155418,LEC,2025-09-28 15:14:38,eligible
2025|LEC|LOLTMNT05_154417,LEC,2025-09-28 16:11:17,eligible
2025|LEC|LOLTMNT05_154418,LEC,2025-09-28 17:10:18,eligible
2025|LTA N|LOLTMNT03_303586,LTA N,2025-10-04 20:08:48,eligible
2025|LTA N|LOLTMNT03_304116,LTA N,2025-10-04 20:58:48,eligible
2025|LTA N|LOLTMNT03_303722,LTA N,2025-10-04 21:49:17,eligible
2025|LTA N|LOLTMNT03_304178,LTA N,2025-10-04 22:33:19,eligible
2025|LTA N|LOLTMNT03_303842,LTA N,2025-10-04 23:28:14,eligible
2025|LTA N|LOLTMNT03_305228,LTA N,2025-10-05 20:13:09,eligible
2025|LTA N|LOLTMNT03_305274,LTA N,2025-10-05 21:06:34,eligible
2025|LTA N|LOLTMNT03_305326,LTA N,2025-10-05 22:08:47,eligible
2025|LTA N|LOLTMNT03_304954,LTA N,2025-10-06 20:07:03,eligible
2025|LTA N|LOLTMNT03_305596,LTA N,2025-10-06 21:09:35,eligible
2025|LTA N|LOLTMNT03_305606,LTA N,2025-10-07 00:00:39,eligible
2025|LTA N|LOLTMNT03_305746,LTA N,2025-10-07 20:08:52,eligible
2025|LTA N|LOLTMNT03_306267,LTA N,2025-10-08 20:08:33,eligible
2025|LTA N|LOLTMNT03_306271,LTA N,2025-10-08 21:18:22,eligible
2025|LTA N|LOLTMNT03_305882,LTA N,2025-10-08 22:06:05,eligible
2025|LTA N|LOLTMNT03_306344,LTA N,2025-10-09 20:09:13,eligible
2025|LTA N|LOLTMNT03_306345,LTA N,2025-10-09 21:04:11,eligible
2025|LTA N|LOLTMNT03_306351,LTA N,2025-10-09 22:00:29,eligible
2025|LTA N|LOLTMNT03_307055,LTA N,2025-10-10 20:07:51,eligible
2025|LTA N|LOLTMNT03_306449,LTA N,2025-10-10 20:53:10,eligible
2025|LTA N|LOLTMNT03_306451,LTA N,2025-10-10 21:41:48,eligible
2025|LTA N|LOLTMNT03_307497,LTA N,2025-10-12 20:09:22,eligible
2025|LTA N|LOLTMNT03_307498,LTA N,2025-10-12 21:06:03,eligible
2025|LTA N|LOLTMNT03_307499,LTA N,2025-10-12 21:59:59,eligible
2025|LTA N|LOLTMNT03_306785,LTA N,2025-10-12 22:55:28,eligible
