_key,league,datacompleteness,reason
LFL2|LOLTMNT03_179647,LFL2,complete,eligible
LFL2|LOLTMNT06_96134,LFL2,complete,eligible
LFL2|LOLTMNT06_95160,LFL2,complete,eligible
LFL2|LOLTMNT03_178705,LFL2,complete,eligible
LPL|11715-11715_game_1,LPL,partial,not_complete
LPL|11715-11715_game_2,LPL,partial,not_complete
LFL2|LOLTMNT06_96169,LFL2,complete,eligible
LPL|11715-11715_game_3,LPL,partial,not_complete
LFL2|LOLTMNT06_95187,LFL2,complete,eligible
LFL2|LOLTMNT06_96178,LFL2,complete,eligible
LFL2|LOLTMNT06_96180,LFL2,complete,eligible
LCKC|LOLTMNT03_180614,LCKC,complete,eligible
LCKC|LOLTMNT03_180626,LCKC,complete,eligible
LCKC|LOLTMNT03_180652,LCKC,complete,eligible
LCKC|LOLTMNT03_180657,LCKC,complete,eligible
LPL|11716-11716_game_1,LPL,partial,not_complete
LCKC|LOLTMNT03_180680,LCKC,complete,eligible
LPL|11716-11716_game_2,LPL,partial,not_complete
LCKC|LOLTMNT03_181730,LCKC,complete,eligible
LPL|11716-11716_game_3,LPL,partial,not_complete
LCKC|LOLTMNT03_181763,LCKC,complete,eligible
LPL|11716-11716_game_4,LPL,partial,not_complete
LCKC|LOLTMNT03_182166,LCKC,complete,eligible
LCKC|LOLTMNT03_182173,LCKC,complete,eligible
LPL|11717-11717_game_1,LPL,partial,not_complete
LPL|11717-11717_game_2,LPL,partial,not_complete
LCKC|LOLTMNT03_183141,LCKC,complete,eligible
LPL|11717-11717_game_3,LPL,partial,not_complete
LCKC|LOLTMNT03_183156,LCKC,complete,eligible
LPL|11717-11717_game_4,LPL,partial,not_complete
LVP SL|LOLTMNT03_182386,LVP SL,complete,eligible
LVP SL|LOLTMNT03_182440,LVP SL,complete,eligible
LVP SL|LOLTMNT03_183380,LVP SL,complete,eligible
LVP SL|LOLTMNT03_182503,LVP SL,complete,eligible
LVP SL|LOLTMNT03_182532,LVP SL,complete,eligible
LCK|LOLTMNT03_183532,LCK,complete,eligible
LCK|LOLTMNT03_183538,LCK,complete,eligible
LPL|11718-11718_game_1,LPL,partial,not_complete
LCK|LOLTMNT03_183544,LCK,complete,eligible
LPL|11718-11718_game_2,LPL,partial,not_complete
LPL|11718-11718_game_3,LPL,partial,not_complete
LCK|LOLTMNT03_183585,LCK,complete,eligible
LPL|11718-11718_game_4,LPL,partial,not_complete
LCK|LOLTMNT03_182705,LCK,complete,eligible
LCK|LOLTMNT03_182729,LCK,complete,eligible
NLC|LOLTMNT06_95254,NLC,complete,eligible
LVP SL|LOLTMNT03_183723,LVP SL,complete,eligible
LVP SL|LOLTMNT03_183750,LVP SL,complete,eligible
NLC|LOLTMNT06_96247,NLC,complete,eligible
LVP SL|LOLTMNT03_183778,LVP SL,complete,eligible
NLC|LOLTMNT06_96258,NLC,complete,eligible
LVP SL|LOLTMNT03_182901,LVP SL,complete,eligible
NLC|LOLTMNT06_96262,NLC,complete,eligible
LVP SL|LOLTMNT03_183815,LVP SL,complete,eligible
NLC|LOLTMNT06_96264,NLC,complete,eligible
LCKC|LOLTMNT03_184010,LCKC,complete,eligible
LCKC|LOLTMNT03_184011,LCKC,complete,eligible
LCKC|LOLTMNT03_184009,LCKC,complete,eligible
LCKC|LOLTMNT03_183923,LCKC,complete,eligible
LCKC|LOLTMNT03_183925,LCKC,complete,eligible
LCKC|LOLTMNT03_184034,LCKC,complete,eligible
LCK|LOLTMNT03_184086,LCK,complete,eligible
LCK|LOLTMNT03_183991,LCK,complete,eligible
LPL|11719-11719_game_1,LPL,partial,not_complete
LCK|LOLTMNT03_184105,LCK,complete,eligible
LPL|11719-11719_game_2,LPL,partial,not_complete
LCK|LOLTMNT03_185025,LCK,complete,eligible
LPL|11719-11719_game_3,LPL,partial,not_complete
LCK|LOLTMNT03_185042,LCK,complete,eligible
LCK|LOLTMNT03_185067,LCK,complete,eligible
LVP SL|LOLTMNT03_184314,LVP SL,complete,eligible
NLC|LOLTMNT06_95284,NLC,complete,eligible
LVP SL|LOLTMNT03_184350,LVP SL,complete,eligible
NLC|LOLTMNT06_95291,NLC,complete,eligible
LVP SL|LOLTMNT03_184375,LVP SL,complete,eligible
NLC|LOLTMNT06_95294,NLC,complete,eligible
NLC|LOLTMNT06_95295,NLC,complete,eligible
LVP SL|LOLTMNT03_184416,LVP SL,complete,eligible
LVP SL|LOLTMNT03_185307,LVP SL,complete,eligible
NLC|LOLTMNT06_95297,NLC,complete,eligible
LCKC|LOLTMNT03_184504,LCKC,complete,eligible
LCKC|LOLTMNT03_185405,LCKC,complete,eligible
LCKC|LOLTMNT03_184518,LCKC,complete,eligible
LCKC|LOLTMNT03_184519,LCKC,complete,eligible
LCK|LOLTMNT03_185467,LCK,complete,eligible
LCK|LOLTMNT03_184583,LCK,complete,eligible
LPL|11720-11720_game_1,LPL,partial,not_complete
LPL|11720-11720_game_2,LPL,partial,not_complete
LCK|LOLTMNT03_184622,LCK,complete,eligible
LCP|LOLTMNT03_185513,LCP,complete,eligible
LPL|11720-11720_game_3,LPL,partial,not_complete
LCK|LOLTMNT03_184660,LCK,complete,eligible
LCP|LOLTMNT03_185549,LCP,complete,eligible
LCP|LOLTMNT03_184704,LCP,complete,eligible
LCP|LOLTMNT03_185634,LCP,complete,eligible
LCP|LOLTMNT03_184820,LCP,complete,eligible
LCP|LOLTMNT03_184865,LCP,complete,eligible
LCK|LOLTMNT03_186192,LCK,complete,eligible
LCK|LOLTMNT03_187100,LCK,complete,eligible
LCK|LOLTMNT03_186260,LCK,complete,eligible
LPL|11721-11721_game_1,LPL,partial,not_complete
LCK|LOLTMNT03_187132,LCK,complete,eligible
LPL|11721-11721_game_2,LPL,partial,not_complete
LCP|LOLTMNT01_190147,LCP,complete,eligible
LFL2|LOLTMNT06_96308,LFL2,complete,eligible
LCP|LOLTMNT01_190170,LCP,complete,eligible
LPL|11721-11721_game_3,LPL,partial,not_complete
LFL2|LOLTMNT06_96309,LFL2,complete,eligible
LFL2|LOLTMNT06_96312,LFL2,complete,eligible
LCP|LOLTMNT01_190206,LCP,complete,eligible
LFL2|LOLTMNT06_96315,LFL2,complete,eligible
LCP|LOLTMNT01_189225,LCP,complete,eligible
LEC|LOLTMNT06_96344,LEC,complete,eligible
LEC|LOLTMNT06_96348,LEC,complete,eligible
LEC|LOLTMNT06_95363,LEC,complete,eligible
LEC|LOLTMNT06_96368,LEC,complete,eligible
LEC|LOLTMNT06_95385,LEC,complete,eligible
LCK|LOLTMNT03_187435,LCK,complete,eligible
LCK|LOLTMNT03_187440,LCK,complete,eligible
LCK|LOLTMNT03_187470,LCK,complete,eligible
LPL|11722-11722_game_1,LPL,partial,not_complete
LCK|LOLTMNT03_187471,LCK,complete,eligible
LPL|11722-11722_game_2,LPL,partial,not_complete
LCP|LOLTMNT01_190269,LCP,complete,eligible
LPL|11722-11722_game_3,LPL,partial,not_complete
LFL2|LOLTMNT06_96403,LFL2,complete,eligible
LCP|LOLTMNT01_189281,LCP,complete,eligible
LPL|11722-11722_game_4,LPL,partial,not_complete
LFL2|LOLTMNT06_95400,LFL2,complete,eligible
LFL2|LOLTMNT06_95402,LFL2,complete,eligible
LCP|LOLTMNT01_189290,LCP,complete,eligible
LFL2|LOLTMNT06_95404,LFL2,complete,eligible
LCP|LOLTMNT01_189291,LCP,complete,eligible
LEC|LOLTMNT06_96430,LEC,complete,eligible
LEC|LOLTMNT06_95435,LEC,complete,eligible
LEC|LOLTMNT06_95446,LEC,complete,eligible
LEC|LOLTMNT06_96459,LEC,complete,eligible
LEC|LOLTMNT06_96473,LEC,complete,eligible
LCKC|LOLTMNT03_186856,LCKC,complete,eligible
LCKC|LOLTMNT03_186861,LCKC,complete,eligible
LPL|11723-11723_game_1,LPL,partial,not_complete
LCKC|LOLTMNT03_186902,LCKC,complete,eligible
LPL|11723-11723_game_2,LPL,partial,not_complete
LCKC|LOLTMNT03_186913,LCKC,complete,eligible
LPL|11723-11723_game_3,LPL,partial,not_complete
LCKC|LOLTMNT03_186938,LCKC,complete,eligible
LCKC|LOLTMNT03_186971,LCKC,complete,eligible
LCKC|LOLTMNT03_187887,LCKC,complete,eligible
LCKC|LOLTMNT03_188043,LCKC,complete,eligible
LEC|LOLTMNT06_95500,LEC,complete,eligible
LEC|LOLTMNT06_96516,LEC,complete,eligible
LEC|LOLTMNT06_96529,LEC,complete,eligible
LEC|LOLTMNT06_95531,LEC,complete,eligible
LEC|LOLTMNT06_96548,LEC,complete,eligible
LCKC|LOLTMNT03_189101,LCKC,complete,eligible
LCKC|LOLTMNT03_188256,LCKC,complete,eligible
LPL|11724-11724_game_1,LPL,partial,not_complete
LPL|11724-11724_game_2,LPL,partial,not_complete
LCKC|LOLTMNT03_189120,LCKC,complete,eligible
LPL|11724-11724_game_3,LPL,partial,not_complete
LCKC|LOLTMNT03_189138,LCKC,complete,eligible
LPL|11724-11724_game_4,LPL,partial,not_complete
HLL|LOLTMNT01_189329,HLL,complete,eligible
HLL|LOLTMNT01_190305,HLL,complete,eligible
HLL|LOLTMNT01_189338,HLL,complete,eligible
HLL|LOLTMNT01_190317,HLL,complete,eligible
LVP SL|LOLTMNT03_188414,LVP SL,complete,eligible
PRM|LOLTMNT06_95554,PRM,complete,eligible
LVP SL|LOLTMNT03_189278,LVP SL,complete,eligible
PRM|LOLTMNT06_96575,PRM,complete,eligible
LVP SL|LOLTMNT03_188451,LVP SL,complete,eligible
PRM|LOLTMNT06_95563,PRM,complete,eligible
LVP SL|LOLTMNT03_189330,LVP SL,complete,eligible
LVP SL|LOLTMNT03_189341,LVP SL,complete,eligible
PRM|LOLTMNT06_96577,PRM,complete,eligible
LCK|LOLTMNT03_188641,LCK,complete,eligible
LCK|LOLTMNT03_188645,LCK,complete,eligible
LPL|11725-11725_game_1,LPL,partial,not_complete
LCK|LOLTMNT03_188655,LCK,complete,eligible
LPL|11725-11725_game_2,LPL,partial,not_complete
LCK|LOLTMNT03_188679,LCK,complete,eligible
LPL|11725-11725_game_3,LPL,partial,not_complete
LCK|LOLTMNT03_189517,LCK,complete,eligible
LCK|LOLTMNT03_188722,LCK,complete,eligible
HLL|LOLTMNT01_190386,HLL,complete,eligible
HLL|LOLTMNT01_190394,HLL,complete,eligible
HLL|LOLTMNT01_190396,HLL,complete,eligible
LFL|LOLTMNT06_95624,LFL,complete,eligible
LVP SL|LOLTMNT03_188815,LVP SL,complete,eligible
PRM|LOLTMNT06_95625,PRM,complete,eligible
HLL|LOLTMNT01_189428,HLL,complete,eligible
NLC|LOLTMNT06_96666,NLC,complete,eligible
LIT|LOLTMNT06_96669,LIT,complete,eligible
LFL|LOLTMNT06_96685,LFL,complete,eligible
LVP SL|LOLTMNT03_188828,LVP SL,complete,eligible
PRM|LOLTMNT06_95658,PRM,complete,eligible
LIT|LOLTMNT06_96689,LIT,complete,eligible
NLC|LOLTMNT06_95660,NLC,complete,eligible
LVP SL|LOLTMNT03_188838,LVP SL,complete,eligible
LIT|LOLTMNT06_96697,LIT,complete,eligible
LFL|LOLTMNT06_95665,LFL,complete,eligible
PRM|LOLTMNT06_95676,PRM,complete,eligible
NLC|LOLTMNT06_96709,NLC,complete,eligible
LVP SL|LOLTMNT03_188850,LVP SL,complete,eligible
LFL|LOLTMNT06_96715,LFL,complete,eligible
NLC|LOLTMNT06_95678,NLC,complete,eligible
PRM|LOLTMNT03_188860,PRM,complete,eligible
LVP SL|LOLTMNT03_188862,LVP SL,complete,eligible
NLC|LOLTMNT06_96717,NLC,complete,eligible
PRM|LOLTMNT03_188863,PRM,complete,eligible
PRM|LOLTMNT03_188864,PRM,complete,eligible
LCKC|LOLTMNT03_188931,LCKC,complete,eligible
LCKC|LOLTMNT03_189734,LCKC,complete,eligible
LCKC|LOLTMNT03_189728,LCKC,complete,eligible
LCKC|LOLTMNT03_188945,LCKC,complete,eligible
LCKC|LOLTMNT03_188947,LCKC,complete,eligible
LCKC|LOLTMNT03_189744,LCKC,complete,eligible
LCKC|LOLTMNT03_189753,LCKC,complete,eligible
LCK|LOLTMNT03_189773,LCK,complete,eligible
LCK|LOLTMNT03_189783,LCK,complete,eligible
LPL|11738-11738_game_1,LPL,partial,not_complete
LPL|11738-11738_game_2,LPL,partial,not_complete
LCK|LOLTMNT03_190012,LCK,complete,eligible
LPL|11738-11738_game_3,LPL,partial,not_complete
LCK|LOLTMNT03_190023,LCK,complete,eligible
LPL|11738-11738_game_4,LPL,partial,not_complete
LPL|11738-11738_game_5,LPL,partial,not_complete
HLL|LOLTMNT01_189496,HLL,complete,eligible
TCL|LOLTMNT06_95719,TCL,complete,eligible
HLL|LOLTMNT01_189502,HLL,complete,eligible
TCL|LOLTMNT06_95723,TCL,complete,eligible
HLL|LOLTMNT01_189522,HLL,complete,eligible
HW|LOLTMNT01_189523,HW,complete,eligible
HLL|LOLTMNT01_189529,HLL,complete,eligible
TCL|LOLTMNT06_96750,TCL,complete,eligible
LFL|LOLTMNT06_95728,LFL,complete,eligible
LVP SL|LOLTMNT03_189909,LVP SL,complete,eligible
LIT|LOLTMNT06_96747,LIT,complete,eligible
NLC|LOLTMNT06_95741,NLC,complete,eligible
HW|LOLTMNT01_190509,HW,complete,eligible
LFL|LOLTMNT06_96768,LFL,complete,eligible
LVP SL|LOLTMNT03_189919,LVP SL,complete,eligible
NLC|LOLTMNT06_96773,NLC,complete,eligible
LIT|LOLTMNT06_96775,LIT,complete,eligible
TCL|LOLTMNT06_95755,TCL,complete,eligible
LFL|LOLTMNT06_95764,LFL,complete,eligible
HW|LOLTMNT03_190141,HW,complete,eligible
LVP SL|LOLTMNT03_190143,LVP SL,complete,eligible
LIT|LOLTMNT06_95768,LIT,complete,eligible
NLC|LOLTMNT06_96792,NLC,complete,eligible
HW|LOLTMNT03_190157,HW,complete,eligible
LFL|LOLTMNT06_96794,LFL,complete,eligible
LVP SL|LOLTMNT03_190159,LVP SL,complete,eligible
NLC|LOLTMNT06_95772,NLC,complete,eligible
HW|LOLTMNT03_189945,HW,complete,eligible
NLC|LOLTMNT06_95773,NLC,complete,eligible
LVP SL|LOLTMNT03_189948,LVP SL,complete,eligible
LCKC|LOLTMNT03_190195,LCKC,complete,eligible
LCKC|LOLTMNT03_190194,LCKC,complete,eligible
LCKC|LOLTMNT03_190201,LCKC,complete,eligible
LCKC|LOLTMNT03_190204,LCKC,complete,eligible
LCKC|LOLTMNT03_189997,LCKC,complete,eligible
LCK|LOLTMNT03_191023,LCK,complete,eligible
LCK|LOLTMNT03_191028,LCK,complete,eligible
LPL|11726-11726_game_1,LPL,partial,not_complete
LCK|LOLTMNT03_191030,LCK,complete,eligible
LCP|LOLTMNT03_191042,LCP,complete,eligible
LPL|11726-11726_game_2,LPL,partial,not_complete
LCK|LOLTMNT03_190264,LCK,complete,eligible
LCP|LOLTMNT03_190272,LCP,complete,eligible
LPL|11726-11726_game_3,LPL,partial,not_complete
LCK|LOLTMNT03_191065,LCK,complete,eligible
LCP|LOLTMNT03_191076,LCP,complete,eligible
LPL|11726-11726_game_4,LPL,partial,not_complete
LCK|LOLTMNT03_191077,LCK,complete,eligible
LCP|LOLTMNT03_191114,LCP,complete,eligible
TCL|LOLTMNT06_95782,TCL,complete,eligible
LCP|LOLTMNT03_191124,LCP,complete,eligible
TCL|LOLTMNT06_96811,TCL,complete,eligible
HW|LOLTMNT01_192226,HW,complete,eligible
TCL|LOLTMNT06_95794,TCL,complete,eligible
LFL|LOLTMNT06_96823,LFL,complete,eligible
LIT|LOLTMNT06_95802,LIT,complete,eligible
NLC|LOLTMNT06_96829,NLC,complete,eligible
HW|LOLTMNT01_192236,HW,complete,eligible
TCL|LOLTMNT06_96834,TCL,complete,eligible
HW|LOLTMNT01_191260,HW,complete,eligible
LIT|LOLTMNT06_95808,LIT,complete,eligible
LFL|LOLTMNT06_96840,LFL,complete,eligible
NLC|LOLTMNT06_96841,NLC,complete,eligible
LIT|LOLTMNT06_96848,LIT,complete,eligible
HW|LOLTMNT01_192294,HW,complete,eligible
LFL|LOLTMNT06_96849,LFL,complete,eligible
NLC|LOLTMNT06_95811,NLC,complete,eligible
HW|LOLTMNT01_191298,HW,complete,eligible
LFL|LOLTMNT06_96854,LFL,complete,eligible
LPL|11727-11727_game_1,LPL,partial,not_complete
LCK|LOLTMNT03_191178,LCK,complete,eligible
LPL|11727-11727_game_2,LPL,partial,not_complete
LCK|LOLTMNT03_191179,LCK,complete,eligible
LJL|LOLTMNT01_192462,LJL,complete,eligible
LJL|LOLTMNT01_192465,LJL,complete,missing_player_id
LPL|11727-11727_game_3,LPL,partial,not_complete
LCK|LOLTMNT03_190416,LCK,complete,eligible
LJL|LOLTMNT01_192508,LJL,complete,missing_player_id
LJL|LOLTMNT01_192507,LJL,complete,missing_player_id
LJL|LOLTMNT01_191475,LJL,complete,missing_player_id
LJL|LOLTMNT01_192511,LJL,complete,missing_player_id
LJL|LOLTMNT01_192517,LJL,complete,eligible
LJL|LOLTMNT01_191488,LJL,complete,missing_player_id
LJL|LOLTMNT01_191492,LJL,complete,missing_player_id
LJL|LOLTMNT01_192522,LJL,complete,missing_player_id
LJL|LOLTMNT01_192526,LJL,complete,eligible
LCK|LOLTMNT03_190434,LCK,complete,eligible
LPL|11728-11728_game_1,LPL,partial,not_complete
LJL|LOLTMNT01_192524,LJL,complete,missing_player_id
LJL|LOLTMNT01_192528,LJL,complete,missing_player_id
LJL|LOLTMNT01_192530,LJL,complete,missing_player_id
LCK|LOLTMNT03_190436,LCK,complete,eligible
LCP|LOLTMNT01_191513,LCP,complete,eligible
LPL|11728-11728_game_2,LPL,partial,not_complete
LJL|LOLTMNT01_191514,LJL,complete,missing_player_id
LCP|LOLTMNT01_192554,LCP,complete,eligible
LFL2|LOLTMNT06_96867,LFL2,complete,eligible
LPL|11728-11728_game_3,LPL,partial,not_complete
LFL2|LOLTMNT06_95831,LFL2,complete,eligible
LPL|11728-11728_game_4,LPL,partial,not_complete
LFL2|LOLTMNT06_95832,LFL2,complete,eligible
LCP|LOLTMNT01_192599,LCP,complete,eligible
LFL2|LOLTMNT06_96870,LFL2,complete,eligible
LCP|LOLTMNT01_192618,LCP,complete,eligible
LTA S|LOLTMNT01_191597,LTA S,complete,eligible
LEC|LOLTMNT04_92110,LEC,complete,eligible
LTA S|LOLTMNT01_191624,LTA S,complete,eligible
LEC|LOLTMNT04_92114,LEC,complete,eligible
LTA S|LOLTMNT01_192707,LTA S,complete,eligible
LEC|LOLTMNT04_92126,LEC,complete,eligible
LTA S|LOLTMNT01_192721,LTA S,complete,eligible
LEC|LOLTMNT04_92133,LEC,complete,eligible
LTA S|LOLTMNT01_191692,LTA S,complete,eligible
LEC|LOLTMNT04_92142,LEC,complete,eligible
LTA N|LOLTMNT01_191712,LTA N,complete,eligible
LTA S|LOLTMNT01_191715,LTA S,complete,eligible
LTA N|LOLTMNT01_191718,LTA N,complete,eligible
LTA N|LOLTMNT01_192790,LTA N,complete,eligible
LTA N|LOLTMNT01_192797,LTA N,complete,eligible
LCK|LOLTMNT03_191289,LCK,complete,eligible
LJL|LOLTMNT01_191805,LJL,complete,missing_player_id
LJL|LOLTMNT01_191806,LJL,complete,missing_player_id
LJL|LOLTMNT01_192856,LJL,complete,missing_player_id
LCK|LOLTMNT03_191291,LCK,complete,eligible
LJL|LOLTMNT01_191839,LJL,complete,eligible
LJL|LOLTMNT01_191831,LJL,complete,missing_player_id
LJL|LOLTMNT01_191840,LJL,complete,missing_player_id
LJL|LOLTMNT01_192882,LJL,complete,missing_player_id
LJL|LOLTMNT01_191841,LJL,complete,missing_player_id
LJL|LOLTMNT01_192883,LJL,complete,missing_player_id
LJL|LOLTMNT01_192888,LJL,complete,missing_player_id
LJL|LOLTMNT01_191848,LJL,complete,eligible
LJL|LOLTMNT01_191851,LJL,complete,missing_player_id
LJL|LOLTMNT01_192891,LJL,complete,missing_player_id
LJL|LOLTMNT01_192890,LJL,complete,missing_player_id
LJL|LOLTMNT01_191853,LJL,complete,missing_player_id
LCK|LOLTMNT03_191298,LCK,complete,eligible
LJL|LOLTMNT01_192900,LJL,complete,missing_player_id
LJL|LOLTMNT01_192897,LJL,complete,missing_player_id
LJL|LOLTMNT01_192901,LJL,complete,missing_player_id
LJL|LOLTMNT01_191865,LJL,complete,missing_player_id
LJL|LOLTMNT01_191863,LJL,complete,eligible
LJL|LOLTMNT01_192903,LJL,complete,missing_player_id
LCK|LOLTMNT03_190508,LCK,complete,eligible
LCP|LOLTMNT01_191882,LCP,complete,eligible
LFL2|LOLTMNT06_95858,LFL2,complete,eligible
LCP|LOLTMNT01_191887,LCP,complete,eligible
LFL2|LOLTMNT06_95862,LFL2,complete,eligible
LCP|LOLTMNT01_192954,LCP,complete,eligible
LFL2|LOLTMNT06_96906,LFL2,complete,eligible
LCP|LOLTMNT01_192973,LCP,complete,eligible
LFL2|LOLTMNT06_95864,LFL2,complete,eligible
LTA S|LOLTMNT01_193039,LTA S,complete,eligible
LEC|LOLTMNT04_92193,LEC,complete,eligible
LTA S|LOLTMNT01_194013,LTA S,complete,eligible
LEC|LOLTMNT04_93166,LEC,complete,eligible
LTA S|LOLTMNT01_193073,LTA S,complete,eligible
LTA S|LOLTMNT01_193083,LTA S,complete,eligible
LEC|LOLTMNT04_93174,LEC,complete,eligible
LEC|LOLTMNT04_92211,LEC,complete,eligible
LTA S|LOLTMNT01_194060,LTA S,complete,eligible
LEC|LOLTMNT04_92219,LEC,complete,eligible
LTA N|LOLTMNT01_194069,LTA N,complete,eligible
LTA N|LOLTMNT01_194092,LTA N,complete,eligible
LTA N|LOLTMNT01_193134,LTA N,complete,eligible
LTA N|LOLTMNT01_193140,LTA N,complete,eligible
LEC|LOLTMNT04_92277,LEC,complete,eligible
LEC|LOLTMNT04_93276,LEC,complete,eligible
LEC|LOLTMNT04_93287,LEC,complete,eligible
LEC|LOLTMNT04_93299,LEC,complete,eligible
LEC|LOLTMNT04_93308,LEC,complete,eligible
HLL|LOLTMNT01_193541,HLL,complete,eligible
HLL|LOLTMNT01_194511,HLL,complete,eligible
HW|LOLTMNT01_194534,HW,complete,eligible
RL|LOLTMNT01_193617,RL,complete,eligible
HLL|LOLTMNT01_194545,HLL,complete,eligible
PRM|LOLTMNT04_93347,PRM,complete,eligible
LVP SL|LOLTMNT01_193651,LVP SL,complete,eligible
HW|LOLTMNT01_194565,HW,complete,eligible
RL|LOLTMNT01_194562,RL,complete,eligible
LVP SL|LOLTMNT01_194596,LVP SL,complete,eligible
PRM|LOLTMNT04_93358,PRM,complete,eligible
HW|LOLTMNT01_193701,HW,complete,eligible
RL|LOLTMNT01_194621,RL,complete,eligible
LVP SL|LOLTMNT01_194638,LVP SL,complete,eligible
PRM|LOLTMNT04_92372,PRM,complete,eligible
HW|LOLTMNT01_193731,HW,complete,eligible
LVP SL|LOLTMNT01_193749,LVP SL,complete,eligible
PRM|LOLTMNT04_92376,PRM,complete,eligible
HW|LOLTMNT01_194670,HW,complete,eligible
RL|LOLTMNT04_93366,RL,complete,eligible
LVP SL|LOLTMNT01_193769,LVP SL,complete,eligible
PRM|LOLTMNT04_92378,PRM,complete,eligible
RL|LOLTMNT04_93368,RL,complete,eligible
PRM|LOLTMNT04_93369,PRM,complete,eligible
TCL|LOLTMNT04_92393,TCL,complete,eligible
HLL|LOLTMNT01_194910,HLL,complete,eligible
TCL|LOLTMNT04_92400,TCL,complete,eligible
HLL|LOLTMNT01_195023,HLL,complete,eligible
HW|LOLTMNT01_194969,HW,complete,eligible
RL|LOLTMNT01_194968,RL,complete,eligible
HLL|LOLTMNT01_194983,HLL,complete,eligible
TCL|LOLTMNT04_93405,TCL,complete,eligible
LVP SL|LOLTMNT01_195065,LVP SL,complete,eligible
NLC|LOLTMNT04_92414,NLC,complete,eligible
PRM|LOLTMNT04_92412,PRM,complete,eligible
LFL|LOLTMNT06_95937,LFL,complete,eligible
RL|LOLTMNT01_194998,RL,complete,eligible
HLL|LOLTMNT01_195079,HLL,complete,eligible
HW|LOLTMNT01_196019,HW,complete,eligible
LVP SL|LOLTMNT01_195094,LVP SL,complete,eligible
TCL|LOLTMNT04_93409,TCL,complete,eligible
NLC|LOLTMNT04_92422,NLC,complete,eligible
LFL|LOLTMNT06_96972,LFL,complete,eligible
PRM|LOLTMNT04_92426,PRM,complete,eligible
RL|LOLTMNT01_196077,RL,complete,eligible
LVP SL|LOLTMNT01_196083,LVP SL,complete,eligible
HW|LOLTMNT01_195149,HW,complete,eligible
PRM|LOLTMNT04_93416,PRM,complete,eligible
LFL|LOLTMNT06_95948,LFL,complete,eligible
NLC|LOLTMNT04_93414,NLC,complete,eligible
RL|LOLTMNT01_195182,RL,complete,eligible
LVP SL|LOLTMNT01_195188,LVP SL,complete,eligible
HW|LOLTMNT01_195191,HW,complete,eligible
PRM|LOLTMNT04_92436,PRM,complete,eligible
NLC|LOLTMNT04_93418,NLC,complete,eligible
LFL|LOLTMNT06_95950,LFL,complete,eligible
LVP SL|LOLTMNT01_196131,LVP SL,complete,eligible
RL|LOLTMNT01_195208,RL,complete,eligible
PRM|LOLTMNT04_92437,PRM,complete,eligible
NLC|LOLTMNT04_92438,NLC,complete,eligible
PRM|LOLTMNT04_92439,PRM,complete,eligible
LJL|LOLTMNT01_195330,LJL,complete,eligible
LJL|LOLTMNT01_195345,LJL,complete,missing_player_id
LJL|LOLTMNT01_195389,LJL,complete,missing_player_id
LJL|LOLTMNT01_195424,LJL,complete,missing_player_id
HLL|LOLTMNT01_196369,HLL,complete,eligible
TCL|LOLTMNT04_93460,TCL,complete,eligible
HLL|LOLTMNT01_196409,HLL,complete,eligible
TCL|LOLTMNT04_92470,TCL,complete,eligible
HLL|LOLTMNT01_195482,HLL,complete,eligible
HW|LOLTMNT01_196434,HW,complete,eligible
TCL|LOLTMNT04_92483,TCL,complete,eligible
HLL|LOLTMNT01_196450,HLL,complete,eligible
LVP SL|LOLTMNT01_195516,LVP SL,complete,eligible
LFL|LOLTMNT06_95958,LFL,complete,eligible
HW|LOLTMNT01_195517,HW,complete,eligible
TCL|LOLTMNT04_92504,TCL,complete,eligible
NLC|LOLTMNT04_92505,NLC,complete,eligible
LVP SL|LOLTMNT01_196477,LVP SL,complete,eligible
HW|LOLTMNT01_196499,HW,complete,eligible
LFL|LOLTMNT06_96989,LFL,complete,eligible
NLC|LOLTMNT04_92510,NLC,complete,eligible
LVP SL|LOLTMNT01_196517,LVP SL,complete,eligible
HW|LOLTMNT01_196538,HW,complete,eligible
LFL|LOLTMNT06_96993,LFL,complete,eligible
LVP SL|LOLTMNT01_195606,LVP SL,complete,eligible
NLC|LOLTMNT04_92514,NLC,complete,eligible
LVP SL|LOLTMNT01_195629,LVP SL,complete,eligible
LFL|LOLTMNT06_95964,LFL,complete,eligible
HW|LOLTMNT01_196570,HW,complete,eligible
NLC|LOLTMNT04_92516,NLC,complete,eligible
HW|LOLTMNT01_195652,HW,complete,eligible
LCK|LOLTMNT01_196721,LCK,complete,eligible
LCK|LOLTMNT01_195821,LCK,complete,eligible
LJL|LOLTMNT01_196736,LJL,complete,missing_player_id
LCK|LOLTMNT01_196743,LCK,complete,eligible
LJL|LOLTMNT01_196798,LJL,complete,eligible
LCK|LOLTMNT01_195885,LCK,complete,eligible
LCK|LOLTMNT01_195897,LCK,complete,eligible
LJL|LOLTMNT01_196821,LJL,complete,missing_player_id
HLL|LOLTMNT01_195973,HLL,complete,eligible
TCL|LOLTMNT04_93567,TCL,complete,eligible
HLL|LOLTMNT01_196904,HLL,complete,eligible
TCL|LOLTMNT04_93578,TCL,complete,eligible
HLL|LOLTMNT01_197039,HLL,complete,eligible
HW|LOLTMNT01_196941,HW,complete,eligible
TCL|LOLTMNT04_92566,TCL,complete,eligible
HLL|LOLTMNT01_197070,HLL,complete,eligible
LIT|LOLTMNT04_92572,LIT,complete,eligible
HW|LOLTMNT01_197087,HW,complete,eligible
LFL|LOLTMNT06_95974,LFL,complete,eligible
TCL|LOLTMNT04_93619,TCL,complete,eligible
LFL|LOLTMNT06_95978,LFL,complete,eligible
HW|LOLTMNT01_198025,HW,complete,eligible
LIT|LOLTMNT04_93624,LIT,complete,eligible
LFL|LOLTMNT06_95981,LFL,complete,eligible
LIT|LOLTMNT04_92589,LIT,complete,eligible
HW|LOLTMNT01_198062,HW,complete,eligible
LIT|LOLTMNT04_92600,LIT,complete,eligible
HW|LOLTMNT01_198095,HW,complete,eligible
LCK|LOLTMNT01_198268,LCK,complete,eligible
LCK|LOLTMNT01_198283,LCK,complete,eligible
LCK|LOLTMNT01_198303,LCK,complete,eligible
LCK|LOLTMNT01_197638,LCK,complete,eligible
LJL|LOLTMNT01_197628,LJL,complete,missing_player_id
LCK|LOLTMNT01_197663,LCK,complete,eligible
LJL|LOLTMNT01_197673,LJL,complete,eligible
LCK|LOLTMNT01_197690,LCK,complete,eligible
LFL2|LOLTMNT04_93691,LFL2,complete,eligible
LJL|LOLTMNT01_198379,LJL,complete,missing_player_id
LJL|LOLTMNT01_197735,LJL,complete,eligible
LFL2|LOLTMNT01_198399,LFL2,complete,eligible
RL|LOLTMNT01_197761,RL,complete,eligible
LFL2|LOLTMNT04_93711,LFL2,complete,eligible
RL|LOLTMNT01_197798,RL,complete,eligible
LFL2|LOLTMNT04_93719,LFL2,complete,eligible
RL|LOLTMNT01_197837,RL,complete,eligible
LTA S|LOLTMNT01_198544,LTA S,complete,eligible
LEC|LOLTMNT04_93750,LEC,complete,eligible
LTA S|LOLTMNT01_197947,LTA S,complete,eligible
LEC|LOLTMNT04_92679,LEC,complete,eligible
LTA S|LOLTMNT01_198607,LTA S,complete,eligible
LEC|LOLTMNT04_92696,LEC,complete,eligible
LTA S|LOLTMNT01_198625,LTA S,complete,eligible
LEC|LOLTMNT04_92709,LEC,complete,eligible
LTA S|LOLTMNT01_198654,LTA S,complete,eligible
LEC|LOLTMNT04_92728,LEC,complete,eligible
LTA N|LOLTMNT01_199069,LTA N,complete,eligible
LTA N|LOLTMNT01_198719,LTA N,complete,eligible
LTA N|LOLTMNT01_199106,LTA N,complete,eligible
LTA N|LOLTMNT01_198743,LTA N,complete,eligible
LTA N|LOLTMNT01_199126,LTA N,complete,eligible
LTA N|LOLTMNT01_199134,LTA N,complete,eligible
LCK|LOLTMNT01_198801,LCK,complete,eligible
LCK|LOLTMNT01_198810,LCK,complete,eligible
LJL|LOLTMNT01_199207,LJL,complete,missing_player_id
LJL|LOLTMNT01_198873,LJL,complete,missing_player_id
LFL2|LOLTMNT04_93827,LFL2,complete,eligible
LJL|LOLTMNT01_198901,LJL,complete,eligible
LFL2|LOLTMNT01_198907,LFL2,complete,eligible
RL|LOLTMNT01_199311,RL,complete,eligible
LFL2|LOLTMNT04_92770,LFL2,complete,eligible
RL|LOLTMNT01_199344,RL,complete,eligible
LFL2|LOLTMNT04_92772,LFL2,complete,eligible
RL|LOLTMNT01_200010,RL,complete,eligible
LTA S|LOLTMNT01_199445,LTA S,complete,eligible
LEC|LOLTMNT04_93871,LEC,complete,eligible
LTA S|LOLTMNT01_200090,LTA S,complete,eligible
LEC|LOLTMNT04_93883,LEC,complete,eligible
LTA S|LOLTMNT01_199518,LTA S,complete,eligible
LEC|LOLTMNT04_92827,LEC,complete,eligible
LTA S|LOLTMNT01_200132,LTA S,complete,eligible
LEC|LOLTMNT04_92843,LEC,complete,eligible
LTA S|LOLTMNT01_199567,LTA S,complete,eligible
LEC|LOLTMNT04_93937,LEC,complete,eligible
LTA N|LOLTMNT01_199589,LTA N,complete,eligible
LTA S|LOLTMNT01_199596,LTA S,complete,eligible
LTA N|LOLTMNT01_199614,LTA N,complete,eligible
LTA S|LOLTMNT01_200198,LTA S,complete,eligible
LTA N|LOLTMNT01_199618,LTA N,complete,eligible
LTA N|LOLTMNT01_199622,LTA N,complete,eligible
LTA N|LOLTMNT01_200234,LTA N,complete,eligible
LTA N|LOLTMNT01_199637,LTA N,complete,eligible
LTA N|LOLTMNT01_199640,LTA N,complete,eligible
LCKC|LOLTMNT01_199664,LCKC,complete,eligible
LCKC|LOLTMNT01_199677,LCKC,complete,eligible
LCKC|LOLTMNT01_199706,LCKC,complete,eligible
LCKC|LOLTMNT01_199711,LCKC,complete,eligible
LCKC|LOLTMNT01_199725,LCKC,complete,eligible
LCKC|LOLTMNT01_199739,LCKC,complete,eligible
LCKC|LOLTMNT01_199758,LCKC,complete,eligible
LEC|LOLTMNT04_92941,LEC,complete,eligible
NEXO|LOLTMNT01_200554,NEXO,complete,eligible
NEXO|LOLTMNT01_199956,NEXO,complete,eligible
LEC|LOLTMNT04_92952,LEC,complete,eligible
NEXO|LOLTMNT01_201001,NEXO,complete,eligible
NEXO|LOLTMNT01_201016,NEXO,complete,eligible
LEC|LOLTMNT04_92975,LEC,complete,eligible
NEXO|LOLTMNT01_201034,NEXO,complete,eligible
NEXO|LOLTMNT01_201039,NEXO,complete,eligible
LEC|LOLTMNT04_92989,LEC,complete,eligible
LEC|LOLTMNT04_94054,LEC,complete,eligible
CD|LOLTMNT01_201097,CD,complete,eligible
CD|LOLTMNT01_200711,CD,complete,eligible
CD|LOLTMNT01_200713,CD,complete,eligible
CD|LOLTMNT01_201104,CD,complete,missing_player_id
CD|LOLTMNT01_201129,CD,complete,eligible
CD|LOLTMNT01_200741,CD,complete,eligible
CD|LOLTMNT01_201132,CD,complete,missing_player_id
CD|LOLTMNT01_201131,CD,complete,eligible
CD|LOLTMNT01_201139,CD,complete,eligible
CD|LOLTMNT01_200754,CD,complete,missing_player_id
CD|LOLTMNT01_201143,CD,complete,eligible
LCKC|LOLTMNT01_200818,LCKC,complete,eligible
LCKC|LOLTMNT01_201204,LCKC,complete,eligible
LCKC|LOLTMNT01_201218,LCKC,complete,eligible
LCKC|LOLTMNT01_200864,LCKC,complete,eligible
LCKC|LOLTMNT01_201245,LCKC,complete,eligible
RL|LOLTMNT01_202033,RL,complete,eligible
HW|LOLTMNT01_200986,HW,complete,eligible
PRM|LOLTMNT04_96019,PRM,complete,eligible
HW|LOLTMNT01_202062,HW,complete,eligible
RL|LOLTMNT01_203013,RL,complete,eligible
HW|LOLTMNT01_202089,HW,complete,eligible
RL|LOLTMNT01_202102,RL,complete,eligible
PRM|LOLTMNT04_95071,PRM,complete,eligible
RL|LOLTMNT01_203107,RL,complete,eligible
PRM|LOLTMNT04_95076,PRM,complete,eligible
PRM|LOLTMNT04_96050,PRM,complete,eligible
CD|LOLTMNT01_203159,CD,complete,eligible
CD|LOLTMNT01_203165,CD,complete,eligible
CD|LOLTMNT01_203170,CD,complete,missing_player_id
CD|LOLTMNT01_202209,CD,complete,eligible
CD|LOLTMNT01_203176,CD,complete,eligible
CD|LOLTMNT01_202213,CD,complete,missing_player_id
CD|LOLTMNT01_202222,CD,complete,eligible
CD|LOLTMNT01_203185,CD,complete,eligible
CD|LOLTMNT01_203186,CD,complete,eligible
HLL|LOLTMNT01_203330,HLL,complete,eligible
TCL|LOLTMNT04_95108,TCL,complete,eligible
HLL|LOLTMNT01_203357,HLL,complete,eligible
TCL|LOLTMNT04_96095,TCL,complete,eligible
HLL|LOLTMNT01_202451,HLL,complete,eligible
RL|LOLTMNT01_203387,RL,complete,eligible
HW|LOLTMNT01_202464,HW,complete,eligible
TCL|LOLTMNT04_95133,TCL,complete,eligible
HLL|LOLTMNT01_203408,HLL,complete,eligible
PRM|LOLTMNT04_96120,PRM,complete,eligible
LFL|LOLTMNT04_96116,LFL,complete,eligible
HW|LOLTMNT01_203412,HW,complete,eligible
NLC|LOLTMNT04_96124,NLC,complete,eligible
RL|LOLTMNT01_202479,RL,complete,eligible
TCL|LOLTMNT04_96133,TCL,complete,eligible
HW|LOLTMNT01_202493,HW,complete,eligible
PRM|LOLTMNT04_96139,PRM,complete,eligible
EBL|LOLTMNT04_96138,EBL,complete,eligible
RL|LOLTMNT01_203441,RL,complete,eligible
NLC|LOLTMNT04_95149,NLC,complete,eligible
LFL|LOLTMNT04_96141,LFL,complete,eligible
PRM|LOLTMNT04_95156,PRM,complete,eligible
EBL|LOLTMNT04_96148,EBL,complete,eligible
NLC|LOLTMNT04_95157,NLC,complete,eligible
RL|LOLTMNT01_203452,RL,complete,eligible
EBL|LOLTMNT04_96162,EBL,complete,eligible
PRM|LOLTMNT04_95163,PRM,complete,eligible
RL|LOLTMNT01_203469,RL,complete,eligible
NLC|LOLTMNT04_96168,NLC,complete,eligible
LFL|LOLTMNT04_96167,LFL,complete,eligible
PRM|LOLTMNT04_96169,PRM,complete,eligible
CD|LOLTMNT01_203495,CD,complete,eligible
CD|LOLTMNT01_202565,CD,complete,eligible
CD|LOLTMNT01_203497,CD,complete,eligible
LFL|LOLTMNT04_95166,LFL,complete,eligible
CD|LOLTMNT01_203501,CD,complete,eligible
PRM|LOLTMNT04_95167,PRM,complete,eligible
CD|LOLTMNT01_202570,CD,complete,eligible
CD|LOLTMNT01_203502,CD,complete,eligible
CD|LOLTMNT01_203503,CD,complete,eligible
CD|LOLTMNT01_202575,CD,complete,eligible
CD|LOLTMNT01_203505,CD,complete,eligible
LCP|LOLTMNT01_202632,LCP,complete,eligible
LCP|LOLTMNT01_202642,LCP,complete,eligible
LCP|LOLTMNT01_202660,LCP,complete,eligible
LCP|LOLTMNT01_202679,LCP,complete,eligible
HLL|LOLTMNT01_203640,HLL,complete,eligible
TCL|LOLTMNT04_96183,TCL,complete,eligible
HLL|LOLTMNT01_202707,HLL,complete,eligible
TCL|LOLTMNT04_96190,TCL,complete,eligible
HLL|LOLTMNT01_203683,HLL,complete,eligible
TCL|LOLTMNT04_95196,TCL,complete,eligible
HLL|LOLTMNT01_203705,HLL,complete,eligible
LFL|LOLTMNT04_96204,LFL,complete,eligible
LVP SL|LOLTMNT01_202740,LVP SL,complete,eligible
LIT|LOLTMNT04_95208,LIT,complete,eligible
NLC|LOLTMNT04_96211,NLC,complete,eligible
TCL|LOLTMNT04_95212,TCL,complete,eligible
LIT|LOLTMNT04_96232,LIT,complete,eligible
LVP SL|LOLTMNT01_203733,LVP SL,complete,eligible
LFL|LOLTMNT04_96231,LFL,complete,eligible
EBL|LOLTMNT04_96229,EBL,complete,eligible
LIT|LOLTMNT04_96236,LIT,complete,eligible
LVP SL|LOLTMNT01_202788,LVP SL,complete,eligible
LFL|LOLTMNT04_96237,LFL,complete,eligible
EBL|LOLTMNT04_96239,EBL,complete,eligible
NLC|LOLTMNT04_96244,NLC,complete,eligible
EBL|LOLTMNT04_96246,EBL,complete,eligible
LFL|LOLTMNT04_95224,LFL,complete,eligible
LVP SL|LOLTMNT01_203763,LVP SL,complete,eligible
LFL|LOLTMNT04_95229,LFL,complete,eligible
CD|LOLTMNT01_203774,CD,complete,eligible
LFL|LOLTMNT04_96253,LFL,complete,eligible
CD|LOLTMNT01_203776,CD,complete,eligible
CD|LOLTMNT01_203781,CD,complete,eligible
CD|LOLTMNT01_202835,CD,complete,eligible
LCK|LOLTMNT01_202875,LCK,complete,eligible
LCK|LOLTMNT01_202877,LCK,complete,eligible
LCP|LOLTMNT01_202919,LCP,complete,eligible
LCK|LOLTMNT01_203863,LCK,complete,eligible
LCP|LOLTMNT01_203870,LCP,complete,eligible
LCK|LOLTMNT01_203871,LCK,complete,eligible
LCP|LOLTMNT01_202959,LCP,complete,eligible
LCP|LOLTMNT01_203901,LCP,complete,eligible
HLL|LOLTMNT01_203908,HLL,complete,eligible
TCL|LOLTMNT04_96266,TCL,complete,eligible
HLL|LOLTMNT01_203931,HLL,complete,eligible
TCL|LOLTMNT04_95242,TCL,complete,eligible
HLL|LOLTMNT01_203956,HLL,complete,eligible
TCL|LOLTMNT04_95245,TCL,complete,eligible
HLL|LOLTMNT01_203968,HLL,complete,eligible
LIT|LOLTMNT04_96287,LIT,complete,eligible
NLC|LOLTMNT04_96289,NLC,complete,eligible
TCL|LOLTMNT04_96293,TCL,complete,eligible
EBL|LOLTMNT04_96296,EBL,complete,eligible
NLC|LOLTMNT04_96298,NLC,complete,eligible
LIT|LOLTMNT04_95264,LIT,complete,eligible
EBL|LOLTMNT04_95263,EBL,complete,eligible
NLC|LOLTMNT04_95266,NLC,complete,eligible
LIT|LOLTMNT04_96315,LIT,complete,eligible
EBL|LOLTMNT04_95272,EBL,complete,eligible
LIT|LOLTMNT04_96316,LIT,complete,eligible
LIT|LOLTMNT04_96318,LIT,complete,eligible
LCK|LOLTMNT01_204096,LCK,complete,eligible
LCK|LOLTMNT01_205030,LCK,complete,eligible
LCK|LOLTMNT01_204112,LCK,complete,eligible
LPL|11729-11729_game_1,LPL,partial,not_complete
LCK|LOLTMNT01_204114,LCK,complete,eligible
LPL|11729-11729_game_2,LPL,partial,not_complete
LCP|LOLTMNT02_209518,LCP,complete,eligible
LFL2|LOLTMNT04_95277,LFL2,complete,eligible
LPL|11729-11729_game_3,LPL,partial,not_complete
LCP|LOLTMNT02_209539,LCP,complete,eligible
LFL2|LOLTMNT04_95278,LFL2,complete,eligible
HW|LOLTMNT01_204165,HW,complete,eligible
LCP|LOLTMNT02_209565,LCP,complete,eligible
LFL2|LOLTMNT04_95279,LFL2,complete,eligible
HW|LOLTMNT01_205091,HW,complete,eligible
LCP|LOLTMNT02_209616,LCP,complete,eligible
LFL2|LOLTMNT04_95282,LFL2,complete,eligible
HW|LOLTMNT01_204189,HW,complete,eligible
LCP|LOLTMNT02_209674,LCP,complete,eligible
HW|LOLTMNT01_204197,HW,complete,eligible
LCP|LOLTMNT02_209765,LCP,complete,eligible
HW|LOLTMNT01_205110,HW,complete,eligible
HW|LOLTMNT04_96333,HW,complete,eligible
HW|LOLTMNT01_204227,HW,complete,eligible
HW|LOLTMNT01_204232,HW,complete,eligible
LCK|LOLTMNT01_204273,LCK,complete,eligible
LCK|LOLTMNT01_205157,LCK,complete,eligible
LCK|LOLTMNT01_204280,LCK,complete,eligible
LCK|LOLTMNT01_204281,LCK,complete,eligible
LPL|11730-11730_game_1,LPL,partial,not_complete
LCP|LOLTMNT02_207868,LCP,complete,eligible
LPL|11730-11730_game_2,LPL,partial,not_complete
LFL2|LOLTMNT04_95291,LFL2,complete,eligible
LCP|LOLTMNT02_210459,LCP,complete,eligible
LPL|11730-11730_game_3,LPL,partial,not_complete
LFL2|LOLTMNT04_96344,LFL2,complete,eligible
HW|LOLTMNT01_204310,HW,complete,eligible
LPL|11730-11730_game_4,LPL,partial,not_complete
LCP|LOLTMNT02_207916,LCP,complete,eligible
LFL2|LOLTMNT04_95297,LFL2,complete,eligible
HW|LOLTMNT01_204323,HW,complete,eligible
LPL|11730-11730_game_5,LPL,partial,not_complete
LCP|LOLTMNT02_207935,LCP,complete,eligible
LFL2|LOLTMNT04_95299,LFL2,complete,eligible
HW|LOLTMNT01_204333,HW,complete,eligible
LCP|LOLTMNT02_210527,LCP,complete,eligible
HW|LOLTMNT01_205238,HW,complete,eligible
HW|LOLTMNT01_205252,HW,complete,eligible
LTA S|LOLTMNT02_211045,LTA S,complete,eligible
HW|LOLTMNT01_205260,HW,complete,eligible
LTA S|LOLTMNT02_211085,LTA S,complete,eligible
HW|LOLTMNT01_204380,HW,complete,eligible
LTA S|LOLTMNT02_210665,LTA S,complete,eligible
HW|LOLTMNT01_204389,HW,complete,eligible
LTA S|LOLTMNT02_210695,LTA S,complete,eligible
LTA S|LOLTMNT02_211159,LTA S,complete,eligible
LTA S|LOLTMNT02_211189,LTA S,complete,eligible
LTA N|LOLTMNT02_210749,LTA N,complete,eligible
LTA N|LOLTMNT02_211213,LTA N,complete,eligible
LTA S|LOLTMNT02_210778,LTA S,complete,eligible
LTA N|LOLTMNT02_211224,LTA N,complete,eligible
LTA N|LOLTMNT02_210813,LTA N,complete,eligible
LTA N|LOLTMNT02_210822,LTA N,complete,eligible
LCKC|LOLTMNT01_204429,LCKC,complete,eligible
PCS|LOLTMNT02_210881,PCS,complete,eligible
LCKC|LOLTMNT01_204430,LCKC,complete,eligible
LPL|11731-11731_game_1,LPL,partial,not_complete
PCS|LOLTMNT02_211310,PCS,complete,eligible
PCS|LOLTMNT02_210893,PCS,complete,eligible
LCKC|LOLTMNT01_204441,LCKC,complete,eligible
LPL|11731-11731_game_2,LPL,partial,not_complete
PCS|LOLTMNT02_210907,PCS,complete,eligible
LPL|11731-11731_game_3,LPL,partial,not_complete
LCKC|LOLTMNT01_205323,LCKC,complete,eligible
PCS|LOLTMNT02_210941,PCS,complete,eligible
LCKC|LOLTMNT01_204444,LCKC,complete,eligible
LPL|11731-11731_game_4,LPL,partial,not_complete
PCS|LOLTMNT02_211380,PCS,complete,eligible
NEXO|LOLTMNT01_204475,NEXO,complete,eligible
NEXO|LOLTMNT01_205363,NEXO,complete,eligible
NEXO|LOLTMNT01_205377,NEXO,complete,eligible
NEXO|LOLTMNT01_205378,NEXO,complete,eligible
NEXO|LOLTMNT01_204500,NEXO,complete,eligible
NEXO|LOLTMNT01_204499,NEXO,complete,eligible
LCKC|LOLTMNT01_205418,LCKC,complete,eligible
LCKC|LOLTMNT01_205419,LCKC,complete,eligible
PCS|LOLTMNT02_211639,PCS,complete,eligible
LPL|11732-11732_game_1,LPL,partial,not_complete
LCKC|LOLTMNT01_204537,LCKC,complete,eligible
PCS|LOLTMNT02_211647,PCS,complete,eligible
LPL|11732-11732_game_2,LPL,partial,not_complete
PCS|LOLTMNT02_212232,PCS,complete,eligible
LCKC|LOLTMNT01_205434,LCKC,complete,eligible
PCS|LOLTMNT02_212248,PCS,complete,eligible
LPL|11732-11732_game_3,LPL,partial,not_complete
LCKC|LOLTMNT01_204549,LCKC,complete,eligible
PCS|LOLTMNT02_211694,PCS,complete,eligible
HLL|LOLTMNT02_212319,HLL,complete,eligible
HLL|LOLTMNT02_211781,HLL,complete,eligible
HLL|LOLTMNT02_211806,HLL,complete,eligible
RL|LOLTMNT02_212380,RL,complete,eligible
RL|LOLTMNT02_211844,RL,complete,eligible
HLL|LOLTMNT02_212417,HLL,complete,eligible
PRM|LOLTMNT05_110286,PRM,complete,eligible
LVP SL|LOLTMNT02_211847,LVP SL,complete,eligible
LVP SL|LOLTMNT02_212459,LVP SL,complete,eligible
PRM|LOLTMNT05_109183,PRM,complete,eligible
ROL|LOLTMNT02_211873,ROL,complete,eligible
RL|LOLTMNT02_212477,RL,complete,eligible
LVP SL|LOLTMNT02_212496,LVP SL,complete,eligible
PRM|LOLTMNT05_109190,PRM,complete,eligible
ROL|LOLTMNT02_212506,ROL,complete,eligible
ROL|LOLTMNT02_211916,ROL,complete,eligible
LPLOL|LOLTMNT02_211921,LPLOL,complete,eligible
RL|LOLTMNT02_212513,RL,complete,eligible
LVP SL|LOLTMNT02_212516,LVP SL,complete,eligible
PRM|LOLTMNT05_110303,PRM,complete,eligible
ROL|LOLTMNT02_211937,ROL,complete,eligible
LPLOL|LOLTMNT02_212531,LPLOL,complete,missing_player_id
ROL|LOLTMNT02_212533,ROL,complete,eligible
LPLOL|LOLTMNT02_211961,LPLOL,complete,eligible
LPLOL|LOLTMNT02_211975,LPLOL,complete,missing_player_id
LPLOL|LOLTMNT02_211980,LPLOL,complete,eligible
LCK|LOLTMNT02_212651,LCK,complete,eligible
PCS|LOLTMNT02_212664,PCS,complete,eligible
LCK|LOLTMNT02_212665,LCK,complete,eligible
LPL|11733-11733_game_1,LPL,partial,not_complete
PCS|LOLTMNT02_212667,PCS,complete,eligible
LCK|LOLTMNT02_213066,LCK,complete,eligible
LPL|11733-11733_game_2,LPL,partial,not_complete
PCS|LOLTMNT02_212683,PCS,complete,eligible
PCS|LOLTMNT02_213088,PCS,complete,eligible
LPL|11733-11733_game_3,LPL,partial,not_complete
PCS|LOLTMNT02_213102,PCS,complete,eligible
LPL|11733-11733_game_4,LPL,partial,not_complete
LPL|11733-11733_game_5,LPL,partial,not_complete
HLL|LOLTMNT02_213130,HLL,complete,eligible
TCL|LOLTMNT05_110327,TCL,complete,eligible
HLL|LOLTMNT02_212769,HLL,complete,eligible
TCL|LOLTMNT05_110331,TCL,complete,eligible
HLL|LOLTMNT02_212789,HLL,complete,eligible
RL|LOLTMNT02_213179,RL,complete,eligible
HW|LOLTMNT01_204649,HW,complete,eligible
TCL|LOLTMNT05_109324,TCL,complete,eligible
HLL|LOLTMNT02_212814,HLL,complete,eligible
RL|LOLTMNT02_212813,RL,complete,eligible
PRM|LOLTMNT05_109326,PRM,complete,eligible
LFL|LOLTMNT04_96408,LFL,complete,eligible
HW|LOLTMNT01_205538,HW,complete,eligible
NLC|LOLTMNT05_110346,NLC,complete,eligible
TCL|LOLTMNT05_110351,TCL,complete,eligible
PRM|LOLTMNT05_109352,PRM,complete,eligible
EBL|LOLTMNT05_110356,EBL,complete,eligible
LFL|LOLTMNT04_96410,LFL,complete,eligible
HW|LOLTMNT01_204663,HW,complete,eligible
RL|LOLTMNT02_212853,RL,complete,eligible
NLC|LOLTMNT05_109358,NLC,complete,eligible
PRM|LOLTMNT05_110375,PRM,complete,eligible
EBL|LOLTMNT05_110376,EBL,complete,eligible
LFL|LOLTMNT04_96411,LFL,complete,eligible
HW|LOLTMNT01_204674,HW,complete,eligible
LPLOL|LOLTMNT02_213266,LPLOL,complete,missing_player_id
RL|LOLTMNT02_213270,RL,complete,eligible
NLC|LOLTMNT05_109372,NLC,complete,eligible
PRM|LOLTMNT05_110377,PRM,complete,eligible
LFL|LOLTMNT04_95368,LFL,complete,eligible
EBL|LOLTMNT05_110379,EBL,complete,eligible
NLC|LOLTMNT05_109381,NLC,complete,eligible
LPLOL|LOLTMNT05_109383,LPLOL,complete,eligible
LPLOL|LOLTMNT02_212945,LPLOL,complete,missing_player_id
LPLOL|LOLTMNT02_213338,LPLOL,complete,missing_player_id
LPLOL|LOLTMNT02_212958,LPLOL,complete,missing_player_id
LCK|LOLTMNT02_214006,LCK,complete,eligible
LCK|LOLTMNT02_214014,LCK,complete,eligible
LPL|11734-11734_game_1,LPL,partial,not_complete
LCK|LOLTMNT02_214018,LCK,complete,eligible
LCP|LOLTMNT02_214038,LCP,complete,eligible
LPL|11734-11734_game_2,LPL,partial,not_complete
LCK|LOLTMNT02_213440,LCK,complete,eligible
LCP|LOLTMNT02_213465,LCP,complete,eligible
LPL|11734-11734_game_3,LPL,partial,not_complete
LCK|LOLTMNT02_214059,LCK,complete,eligible
LCP|LOLTMNT02_216021,LCP,complete,eligible
LCP|LOLTMNT02_216058,LCP,complete,eligible
HLL|LOLTMNT02_215067,HLL,complete,eligible
HLL|LOLTMNT02_216109,HLL,complete,eligible
TCL|LOLTMNT02_215101,TCL,complete,eligible
HLL|LOLTMNT02_215152,HLL,complete,eligible
TCL|LOLTMNT05_111072,TCL,complete,eligible
HW|LOLTMNT01_206018,HW,complete,eligible
LVP SL|LOLTMNT02_215185,LVP SL,complete,eligible
LFL|LOLTMNT04_95372,LFL,complete,eligible
HW|LOLTMNT01_206023,HW,complete,eligible
NLC|LOLTMNT05_111092,NLC,complete,eligible
LIT|LOLTMNT05_111098,LIT,complete,eligible
HLL|LOLTMNT02_216191,HLL,complete,eligible
TCL|LOLTMNT05_112082,TCL,complete,eligible
LVP SL|LOLTMNT02_215218,LVP SL,complete,eligible
NLC|LOLTMNT05_111110,NLC,complete,eligible
EBL|LOLTMNT05_112099,EBL,complete,eligible
LFL|LOLTMNT04_95375,LFL,complete,eligible
ROL|LOLTMNT02_215223,ROL,complete,eligible
TCL|LOLTMNT05_112105,TCL,complete,eligible
LIT|LOLTMNT05_111122,LIT,complete,eligible
HW|LOLTMNT01_206027,HW,complete,eligible
LVP SL|LOLTMNT02_216242,LVP SL,complete,eligible
EBL|LOLTMNT05_112115,EBL,complete,eligible
NLC|LOLTMNT05_111133,NLC,complete,eligible
LFL|LOLTMNT04_95376,LFL,complete,eligible
ROL|LOLTMNT02_216250,ROL,complete,eligible
LPLOL|LOLTMNT02_215266,LPLOL,complete,eligible
ROL|LOLTMNT02_215280,ROL,complete,eligible
HW|LOLTMNT01_205594,HW,complete,eligible
LIT|LOLTMNT05_112128,LIT,complete,eligible
LVP SL|LOLTMNT02_215283,LVP SL,complete,eligible
NLC|LOLTMNT05_112131,NLC,complete,eligible
EBL|LOLTMNT05_112129,EBL,complete,eligible
LFL|LOLTMNT04_97015,LFL,complete,eligible
ROL|LOLTMNT02_216296,ROL,complete,eligible
LVP SL|LOLTMNT02_215321,LVP SL,complete,eligible
NLC|LOLTMNT05_112137,NLC,complete,eligible
LPLOL|LOLTMNT02_215325,LPLOL,complete,eligible
LFL|LOLTMNT04_97017,LFL,complete,eligible
LPLOL|LOLTMNT02_215353,LPLOL,complete,missing_player_id
LPLOL|LOLTMNT02_215368,LPLOL,complete,missing_player_id
LCKC|LOLTMNT01_206050,LCKC,complete,eligible
LCKC|LOLTMNT01_205614,LCKC,complete,eligible
LPL|11735-11735_game_1,LPL,partial,not_complete
LCKC|LOLTMNT01_206054,LCKC,complete,eligible
LPL|11735-11735_game_2,LPL,partial,not_complete
LCP|LOLTMNT02_216452,LCP,complete,eligible
LCKC|LOLTMNT01_206059,LCKC,complete,eligible
LCP|LOLTMNT02_216463,LCP,complete,eligible
LPL|11735-11735_game_3,LPL,partial,not_complete
LPL|11735-11735_game_4,LPL,partial,not_complete
LCP|LOLTMNT02_215487,LCP,complete,eligible
LPL|11735-11735_game_5,LPL,partial,not_complete
LCP|LOLTMNT02_216518,LCP,complete,eligible
LCP|LOLTMNT02_215538,LCP,complete,eligible
HLL|LOLTMNT02_215532,HLL,complete,eligible
TCL|LOLTMNT05_111299,TCL,complete,eligible
HLL|LOLTMNT02_215587,HLL,complete,eligible
TCL|LOLTMNT05_111323,TCL,complete,eligible
HLL|LOLTMNT02_215637,HLL,complete,eligible
AL|LOLTMNT05_112295,AL,complete,eligible
AL|LOLTMNT05_112293,AL,complete,eligible
AL|LOLTMNT05_112294,AL,complete,eligible
TCL|LOLTMNT05_112297,TCL,complete,eligible
LFL|LOLTMNT04_97022,LFL,complete,eligible
NLC|LOLTMNT05_111350,NLC,complete,eligible
HLL|LOLTMNT02_215669,HLL,complete,eligible
HW|LOLTMNT01_207004,HW,complete,eligible
AL|LOLTMNT05_111362,AL,complete,eligible
AL|LOLTMNT05_112310,AL,complete,eligible
LIT|LOLTMNT05_112301,LIT,complete,eligible
AL|LOLTMNT05_111360,AL,complete,eligible
TCL|LOLTMNT05_112312,TCL,complete,eligible
LFL|LOLTMNT04_98001,LFL,complete,eligible
NLC|LOLTMNT05_111371,NLC,complete,eligible
LIT|LOLTMNT05_112320,LIT,complete,eligible
HW|LOLTMNT01_206075,HW,complete,eligible
LFL|LOLTMNT04_97023,LFL,complete,eligible
LPLOL|LOLTMNT02_216630,LPLOL,complete,eligible
NLC|LOLTMNT05_112327,NLC,complete,eligible
LIT|LOLTMNT05_112334,LIT,complete,eligible
AL|LOLTMNT05_111376,AL,complete,eligible
LFL|LOLTMNT04_97025,LFL,complete,eligible
NLC|LOLTMNT05_111396,NLC,complete,eligible
LPLOL|LOLTMNT02_216664,LPLOL,complete,missing_player_id
AL|LOLTMNT05_112342,AL,complete,eligible
LIT|LOLTMNT05_111398,LIT,complete,eligible
LFL|LOLTMNT04_97026,LFL,complete,eligible
LPLOL|LOLTMNT02_216723,LPLOL,complete,missing_player_id
AL|LOLTMNT05_112346,AL,complete,eligible
LIT|LOLTMNT05_112348,LIT,complete,eligible
LPLOL|LOLTMNT02_215839,LPLOL,complete,missing_player_id
LPLOL|LOLTMNT02_216765,LPLOL,complete,missing_player_id
LCK|LOLTMNT02_215947,LCK,complete,eligible
LCK|LOLTMNT02_215958,LCK,complete,eligible
LCK|LOLTMNT02_216864,LCK,complete,eligible
LCK|LOLTMNT02_216888,LCK,complete,eligible
LPL|11736-11736_game_1,LPL,partial,not_complete
LCP|LOLTMNT02_216943,LCP,complete,eligible
LPL|11736-11736_game_2,LPL,partial,not_complete
LFL2|LOLTMNT05_112361,LFL2,complete,eligible
LPL|11736-11736_game_3,LPL,partial,not_complete
LCP|LOLTMNT02_217067,LCP,complete,eligible
LFL2|LOLTMNT05_111455,LFL2,complete,eligible
LCP|LOLTMNT02_217112,LCP,complete,eligible
RL|LOLTMNT02_217096,RL,complete,eligible
LFL2|LOLTMNT02_217118,LFL2,complete,eligible
LCP|LOLTMNT02_218013,LCP,complete,eligible
RL|LOLTMNT02_218022,RL,complete,eligible
HW|LOLTMNT01_206088,HW,complete,eligible
LFL2|LOLTMNT05_111489,LFL2,complete,eligible
RL|LOLTMNT02_218056,RL,complete,eligible
HW|LOLTMNT01_207017,HW,complete,eligible
LEC|LOLTMNT05_111524,LEC,complete,eligible
LEC|LOLTMNT05_112394,LEC,complete,eligible
LEC|LOLTMNT05_112400,LEC,complete,eligible
LTA|LOLTMNT02_217276,LTA,complete,eligible
LEC|LOLTMNT05_112410,LEC,complete,eligible
LTA|LOLTMNT02_217290,LTA,complete,eligible
LTA|LOLTMNT02_218183,LTA,complete,eligible
LTA|LOLTMNT02_217322,LTA,complete,eligible
LCK|LOLTMNT02_217358,LCK,complete,eligible
LCK|LOLTMNT02_217366,LCK,complete,eligible
LCK|LOLTMNT02_217372,LCK,complete,eligible
LCK|LOLTMNT02_217385,LCK,complete,eligible
LPL|11737-11737_game_1,LPL,partial,not_complete
LCK|LOLTMNT02_218314,LCK,complete,eligible
LCP|LOLTMNT02_218337,LCP,complete,eligible
LPL|11737-11737_game_2,LPL,partial,not_complete
LCP|LOLTMNT02_217417,LCP,complete,eligible
LPL|11737-11737_game_3,LPL,partial,not_complete
LFL2|LOLTMNT05_112436,LFL2,complete,eligible
LFL2|LOLTMNT05_112439,LFL2,complete,eligible
LCP|LOLTMNT02_218378,LCP,complete,eligible
RL|LOLTMNT02_217449,RL,complete,eligible
LFL2|LOLTMNT05_111578,LFL2,complete,eligible
LCP|LOLTMNT02_218391,LCP,complete,eligible
RL|LOLTMNT02_218405,RL,complete,eligible
LCP|LOLTMNT02_218414,LCP,complete,eligible
LFL2|LOLTMNT05_111583,LFL2,complete,eligible
AL|LOLTMNT05_112477,AL,complete,eligible
AL|LOLTMNT05_111599,AL,complete,eligible
AL|LOLTMNT05_111609,AL,complete,eligible
AL|LOLTMNT05_112486,AL,complete,eligible
AL|LOLTMNT05_112511,AL,complete,eligible
AL|LOLTMNT05_111622,AL,complete,eligible
AL|LOLTMNT05_111628,AL,complete,eligible
AL|LOLTMNT05_111630,AL,complete,eligible
LEC|LOLTMNT05_112512,LEC,complete,eligible
LEC|LOLTMNT05_112514,LEC,complete,eligible
AL|LOLTMNT05_111638,AL,complete,eligible
LEC|LOLTMNT05_112521,LEC,complete,eligible
LTA|LOLTMNT02_217563,LTA,complete,eligible
LTA|LOLTMNT02_218535,LTA,complete,eligible
LEC|LOLTMNT05_112538,LEC,complete,eligible
LTA|LOLTMNT02_218541,LTA,complete,eligible
LTA|LOLTMNT02_218561,LTA,complete,eligible
LTA|LOLTMNT02_218569,LTA,complete,eligible
LCKC|LOLTMNT02_217647,LCKC,complete,eligible
LCKC|LOLTMNT02_217660,LCKC,complete,eligible
LCKC|LOLTMNT02_218622,LCKC,complete,eligible
LCKC|LOLTMNT02_217686,LCKC,complete,eligible
LCKC|LOLTMNT02_218656,LCKC,complete,eligible
PCS|LOLTMNT02_218658,PCS,complete,eligible
PCS|LOLTMNT02_218664,PCS,complete,eligible
LCKC|LOLTMNT02_217741,LCKC,complete,eligible
PCS|LOLTMNT02_218691,PCS,complete,eligible
LCKC|LOLTMNT02_217755,LCKC,complete,eligible
PCS|LOLTMNT02_218711,PCS,complete,eligible
LCKC|LOLTMNT02_217792,LCKC,complete,eligible
PCS|LOLTMNT02_218728,PCS,complete,eligible
PCS|LOLTMNT02_218753,PCS,complete,eligible
LCKC|LOLTMNT02_218751,LCKC,complete,eligible
PCS|LOLTMNT02_217846,PCS,complete,eligible
AL|LOLTMNT05_112579,AL,complete,eligible
AL|LOLTMNT05_112584,AL,complete,eligible
AL|LOLTMNT05_111699,AL,complete,eligible
AL|LOLTMNT05_111694,AL,complete,eligible
AL|LOLTMNT05_112597,AL,complete,eligible
AL|LOLTMNT05_111720,AL,complete,eligible
NEXO|LOLTMNT02_218881,NEXO,complete,eligible
AL|LOLTMNT05_112599,AL,complete,eligible
LEC|LOLTMNT05_111721,LEC,complete,eligible
NEXO|LOLTMNT02_218880,NEXO,complete,eligible
AL|LOLTMNT05_111727,AL,complete,eligible
AL|LOLTMNT05_111729,AL,complete,eligible
NEXO|LOLTMNT02_218904,NEXO,complete,eligible
LEC|LOLTMNT05_111732,LEC,complete,eligible
NEXO|LOLTMNT02_217979,NEXO,complete,eligible
AL|LOLTMNT05_112611,AL,complete,eligible
NEXO|LOLTMNT02_218928,NEXO,complete,eligible
LEC|LOLTMNT05_111735,LEC,complete,eligible
NEXO|LOLTMNT02_219014,NEXO,complete,eligible
LEC|LOLTMNT05_111750,LEC,complete,eligible
LCKC|LOLTMNT02_220009,LCKC,complete,eligible
LCKC|LOLTMNT02_220012,LCKC,complete,eligible
LCKC|LOLTMNT02_220020,LCKC,complete,eligible
LCKC|LOLTMNT02_219095,LCKC,complete,eligible
LCKC|LOLTMNT02_220056,LCKC,complete,eligible
PCS|LOLTMNT02_220055,PCS,complete,eligible
PCS|LOLTMNT02_220070,PCS,complete,eligible
LCKC|LOLTMNT02_219158,LCKC,complete,eligible
LCP|LOLTMNT02_220077,LCP,complete,eligible
PCS|LOLTMNT02_220081,PCS,complete,eligible
LCP|LOLTMNT02_220084,LCP,complete,eligible
LCKC|LOLTMNT02_219170,LCKC,complete,eligible
PCS|LOLTMNT02_219180,PCS,complete,eligible
LCP|LOLTMNT02_219201,LCP,complete,eligible
LCKC|LOLTMNT02_219202,LCKC,complete,eligible
LCP|LOLTMNT02_220139,LCP,complete,eligible
LCKC|LOLTMNT02_220143,LCKC,complete,eligible
AL|LOLTMNT05_111781,AL,complete,eligible
RL|LOLTMNT02_219331,RL,complete,eligible
AL|LOLTMNT05_112649,AL,complete,eligible
AL|LOLTMNT05_111783,AL,complete,eligible
AL|LOLTMNT05_112654,AL,complete,eligible
RL|LOLTMNT02_220232,RL,complete,eligible
NEXO|LOLTMNT02_220222,NEXO,complete,eligible
PRM|LOLTMNT05_111785,PRM,complete,eligible
LVP SL|LOLTMNT02_219389,LVP SL,complete,eligible
NEXO|LOLTMNT02_219373,NEXO,complete,eligible
AL|LOLTMNT05_111788,AL,complete,eligible
AL|LOLTMNT05_112657,AL,complete,eligible
PRM|LOLTMNT05_112659,PRM,complete,eligible
LVP SL|LOLTMNT02_219437,LVP SL,complete,eligible
NEXO|LOLTMNT02_219434,NEXO,complete,eligible
ROL|LOLTMNT02_219421,ROL,complete,eligible
NEXO|LOLTMNT02_219429,NEXO,complete,eligible
RL|LOLTMNT02_219451,RL,complete,eligible
LVP SL|LOLTMNT02_219468,LVP SL,complete,eligible
PRM|LOLTMNT05_112667,PRM,complete,eligible
ROL|LOLTMNT02_219480,ROL,complete,eligible
NEXO|LOLTMNT02_220325,NEXO,complete,eligible
ROL|LOLTMNT02_219479,ROL,complete,eligible
AL|LOLTMNT05_112671,AL,complete,eligible
NEXO|LOLTMNT02_219494,NEXO,complete,eligible
LVP SL|LOLTMNT02_220343,LVP SL,complete,eligible
RL|LOLTMNT02_219511,RL,complete,eligible
PRM|LOLTMNT05_111797,PRM,complete,eligible
ROL|LOLTMNT02_219523,ROL,complete,eligible
AL|LOLTMNT05_111805,AL,complete,eligible
ROL|LOLTMNT02_219522,ROL,complete,eligible
LVP SL|LOLTMNT02_220358,LVP SL,complete,eligible
RL|LOLTMNT02_219530,RL,complete,eligible
PRM|LOLTMNT05_111808,PRM,complete,eligible
AL|LOLTMNT05_112683,AL,complete,eligible
LVP SL|LOLTMNT02_219545,LVP SL,complete,eligible
LCK|LOLTMNT02_222055,LCK,complete,eligible
LCK|LOLTMNT02_222064,LCK,complete,eligible
PCS|LOLTMNT02_221062,PCS,complete,eligible
PCS|LOLTMNT02_221063,PCS,complete,eligible
LCK|LOLTMNT02_222074,LCK,complete,eligible
LCP|LOLTMNT02_221082,LCP,complete,eligible
PCS|LOLTMNT02_222091,PCS,complete,eligible
LCP|LOLTMNT02_221095,LCP,complete,eligible
LCK|LOLTMNT02_221094,LCK,complete,eligible
PCS|LOLTMNT02_222097,PCS,complete,eligible
LCP|LOLTMNT02_221102,LCP,complete,eligible
LCK|LOLTMNT02_221101,LCK,complete,eligible
LCP|LOLTMNT02_222122,LCP,complete,eligible
HLL|LOLTMNT02_221134,HLL,complete,eligible
LCP|LOLTMNT02_222153,LCP,complete,eligible
HLL|LOLTMNT02_221150,HLL,complete,eligible
AL|LOLTMNT05_114015,AL,complete,eligible
RL|LOLTMNT02_221184,RL,complete,eligible
AL|LOLTMNT05_113017,AL,complete,eligible
AL|LOLTMNT05_114013,AL,complete,eligible
HW|LOLTMNT02_222187,HW,complete,eligible
AL|LOLTMNT05_114026,AL,complete,eligible
PRM|LOLTMNT05_113026,PRM,complete,eligible
AL|LOLTMNT05_114028,AL,complete,eligible
LFL|LOLTMNT05_113027,LFL,complete,eligible
NLC|LOLTMNT05_113028,NLC,complete,eligible
HW|LOLTMNT02_222220,HW,complete,eligible
AL|LOLTMNT05_114030,AL,complete,eligible
RL|LOLTMNT02_221220,RL,complete,eligible
AL|LOLTMNT05_114040,AL,complete,eligible
LFL|LOLTMNT05_114042,LFL,complete,eligible
AL|LOLTMNT05_114041,AL,complete,eligible
PRM|LOLTMNT05_113041,PRM,complete,eligible
EBL|LOLTMNT05_113038,EBL,complete,eligible
ROL|LOLTMNT02_222239,ROL,complete,eligible
NLC|LOLTMNT05_114045,NLC,complete,eligible
HW|LOLTMNT02_222256,HW,complete,eligible
AL|LOLTMNT05_113043,AL,complete,eligible
RL|LOLTMNT02_222278,RL,complete,eligible
EBL|LOLTMNT05_113046,EBL,complete,eligible
LFL|LOLTMNT05_114048,LFL,complete,eligible
PRM|LOLTMNT05_114050,PRM,complete,eligible
HW|LOLTMNT02_221278,HW,complete,eligible
ROL|LOLTMNT02_221276,ROL,complete,eligible
ROL|LOLTMNT02_222290,ROL,complete,eligible
AL|LOLTMNT05_113048,AL,complete,eligible
NLC|LOLTMNT05_113050,NLC,complete,eligible
RL|LOLTMNT02_221289,RL,complete,eligible
PRM|LOLTMNT05_114068,PRM,complete,eligible
EBL|LOLTMNT05_113066,EBL,complete,eligible
AL|LOLTMNT05_113067,AL,complete,eligible
ROL|LOLTMNT02_221314,ROL,complete,eligible
NLC|LOLTMNT05_113068,NLC,complete,eligible
EBL|LOLTMNT05_114070,EBL,complete,eligible
PRM|LOLTMNT05_114071,PRM,complete,eligible
NLC|LOLTMNT05_114072,NLC,complete,eligible
LCK|LOLTMNT02_222394,LCK,complete,eligible
LCK|LOLTMNT02_222398,LCK,complete,eligible
LCK|LOLTMNT02_222411,LCK,complete,eligible
LCK|LOLTMNT02_222421,LCK,complete,eligible
LCK|LOLTMNT02_222433,LCK,complete,eligible
HLL|LOLTMNT02_221463,HLL,complete,eligible
HLL|LOLTMNT02_221486,HLL,complete,eligible
AL|LOLTMNT05_114089,AL,complete,eligible
AL|LOLTMNT05_114091,AL,complete,eligible
HW|LOLTMNT02_221523,HW,complete,eligible
AL|LOLTMNT05_114090,AL,complete,eligible
LVP SL|LOLTMNT02_221534,LVP SL,complete,eligible
AL|LOLTMNT05_114105,AL,complete,eligible
LFL|LOLTMNT05_113105,LFL,complete,eligible
NLC|LOLTMNT05_114103,NLC,complete,eligible
AL|LOLTMNT05_114102,AL,complete,eligible
LIT|LOLTMNT05_114099,LIT,complete,eligible
AL|LOLTMNT05_113112,AL,complete,eligible
HW|LOLTMNT02_221543,HW,complete,eligible
LIT|LOLTMNT05_114113,LIT,complete,eligible
LFL|LOLTMNT05_113118,LFL,complete,eligible
EBL|LOLTMNT05_113116,EBL,complete,eligible
ROL|LOLTMNT02_222565,ROL,complete,eligible
LVP SL|LOLTMNT02_221557,LVP SL,complete,eligible
NLC|LOLTMNT05_114115,NLC,complete,eligible
HW|LOLTMNT02_222586,HW,complete,eligible
AL|LOLTMNT05_113120,AL,complete,eligible
LIT|LOLTMNT05_113123,LIT,complete,eligible
EBL|LOLTMNT05_114117,EBL,complete,eligible
LVP SL|LOLTMNT02_221575,LVP SL,complete,eligible
ROL|LOLTMNT02_221574,ROL,complete,eligible
NLC|LOLTMNT05_114118,NLC,complete,eligible
LFL|LOLTMNT05_113127,LFL,complete,eligible
ROL|LOLTMNT02_221572,ROL,complete,eligible
HW|LOLTMNT02_222600,HW,complete,eligible
AL|LOLTMNT05_114121,AL,complete,eligible
EBL|LOLTMNT05_114120,EBL,complete,eligible
LVP SL|LOLTMNT02_222604,LVP SL,complete,eligible
NLC|LOLTMNT05_113128,NLC,complete,eligible
ROL|LOLTMNT02_221589,ROL,complete,eligible
HW|LOLTMNT02_221593,HW,complete,eligible
LFL|LOLTMNT05_114123,LFL,complete,eligible
ROL|LOLTMNT05_114126,ROL,complete,eligible
EBL|LOLTMNT05_113134,EBL,complete,eligible
LFL|LOLTMNT05_113136,LFL,complete,eligible
ROL|LOLTMNT05_114127,ROL,complete,eligible
LCP|LOLTMNT02_221657,LCP,complete,eligible
LCP|LOLTMNT02_221663,LCP,complete,eligible
LCP|LOLTMNT02_221667,LCP,complete,eligible
LCP|LOLTMNT02_222679,LCP,complete,eligible
LCP|LOLTMNT02_221688,LCP,complete,eligible
LCP|LOLTMNT02_221713,LCP,complete,eligible
LCP|LOLTMNT02_221724,LCP,complete,eligible
AL|LOLTMNT05_114140,AL,complete,eligible
AL|LOLTMNT05_113157,AL,complete,eligible
AL|LOLTMNT05_114142,AL,complete,eligible
HW|LOLTMNT02_222751,HW,complete,eligible
AL|LOLTMNT05_114149,AL,complete,eligible
NLC|LOLTMNT05_114148,NLC,complete,eligible
LIT|LOLTMNT05_114147,LIT,complete,eligible
AL|LOLTMNT05_113166,AL,complete,eligible
AL|LOLTMNT05_114151,AL,complete,eligible
HW|LOLTMNT02_221761,HW,complete,eligible
AL|LOLTMNT05_114154,AL,complete,eligible
LIT|LOLTMNT05_114156,LIT,complete,eligible
NLC|LOLTMNT05_114155,NLC,complete,eligible
HW|LOLTMNT02_221772,HW,complete,eligible
LIT|LOLTMNT05_114163,LIT,complete,eligible
LPLOL|LOLTMNT03_199277,LPLOL,complete,eligible
HW|LOLTMNT02_221778,HW,complete,eligible
NLC|LOLTMNT05_113177,NLC,complete,eligible
AL|LOLTMNT05_114165,AL,complete,eligible
LPLOL|LOLTMNT03_200297,LPLOL,complete,eligible
HW|LOLTMNT02_221790,HW,complete,eligible
AL|LOLTMNT05_114170,AL,complete,eligible
NLC|LOLTMNT05_114171,NLC,complete,eligible
LPLOL|LOLTMNT03_199300,LPLOL,complete,eligible
AL|LOLTMNT05_113184,AL,complete,eligible
LPLOL|LOLTMNT03_200331,LPLOL,complete,eligible
LPLOL|LOLTMNT03_199341,LPLOL,complete,eligible
LPLOL|LOLTMNT03_200360,LPLOL,complete,eligible
LCK|LOLTMNT02_222826,LCK,complete,eligible
LPL|11763-11763_game_1,LPL,partial,not_complete
LCK|LOLTMNT02_222827,LCK,complete,eligible
LPL|11763-11763_game_2,LPL,partial,not_complete
LCK|LOLTMNT02_222830,LCK,complete,eligible
LPL|11763-11763_game_3,LPL,partial,not_complete
LPL|11763-11763_game_4,LPL,partial,not_complete
LCP|LOLTMNT02_222859,LCP,complete,eligible
LPL|11764-11764_game_1,LPL,partial,not_complete
LCP|LOLTMNT02_221877,LCP,complete,eligible
LFL2|LOLTMNT05_114181,LFL2,complete,eligible
LPL|11764-11764_game_2,LPL,partial,not_complete
LCP|LOLTMNT02_221883,LCP,complete,eligible
LFL2|LOLTMNT05_114188,LFL2,complete,eligible
LPL|11764-11764_game_3,LPL,partial,not_complete
RL|LOLTMNT03_200428,RL,complete,eligible
LCP|LOLTMNT02_221893,LCP,complete,eligible
LFL2|LOLTMNT05_113207,LFL2,complete,eligible
LPL|11764-11764_game_4,LPL,partial,not_complete
LCP|LOLTMNT02_222907,LCP,complete,eligible
RL|LOLTMNT03_199436,RL,complete,eligible
LFL2|LOLTMNT05_114206,LFL2,complete,eligible
LPL|11764-11764_game_5,LPL,partial,not_complete
LEC|LOLTMNT05_114249,LEC,complete,eligible
LEC|LOLTMNT05_114254,LEC,complete,eligible
LEC|LOLTMNT05_113282,LEC,complete,eligible
LTA|LOLTMNT02_222976,LTA,complete,eligible
LTA|LOLTMNT02_221986,LTA,complete,eligible
LEC|LOLTMNT05_114277,LEC,complete,eligible
LEC|LOLTMNT05_113307,LEC,complete,eligible
LTA|LOLTMNT02_221993,LTA,complete,eligible
LEC|LOLTMNT05_113309,LEC,complete,eligible
LTA|LOLTMNT02_222000,LTA,complete,eligible
LTA|LOLTMNT02_224009,LTA,complete,eligible
LTA|LOLTMNT02_223007,LTA,complete,eligible
LPL|11765-11765_game_1,LPL,partial,not_complete
LCK|LOLTMNT02_223033,LCK,complete,eligible
LPL|11765-11765_game_2,LPL,partial,not_complete
LCK|LOLTMNT02_223039,LCK,complete,eligible
LPL|11765-11765_game_3,LPL,partial,not_complete
LCK|LOLTMNT02_223046,LCK,complete,eligible
LCK|LOLTMNT02_223059,LCK,complete,eligible
LPL|11765-11765_game_4,LPL,partial,not_complete
LCK|LOLTMNT02_223070,LCK,complete,eligible
LCP|LOLTMNT02_224092,LCP,complete,eligible
LPL|11766-11766_game_1,LPL,partial,not_complete
LCP|LOLTMNT02_224095,LCP,complete,eligible
LFL2|LOLTMNT05_113320,LFL2,complete,eligible
LPL|11766-11766_game_2,LPL,partial,not_complete
LCP|LOLTMNT02_224097,LCP,complete,eligible
LFL2|LOLTMNT05_114309,LFL2,complete,eligible
RL|LOLTMNT03_200603,RL,complete,eligible
LCP|LOLTMNT02_224106,LCP,complete,eligible
LPL|11766-11766_game_3,LPL,partial,not_complete
LFL2|LOLTMNT05_113324,LFL2,complete,eligible
RL|LOLTMNT03_200612,RL,complete,eligible
LPL|11766-11766_game_4,LPL,partial,not_complete
LFL2|LOLTMNT05_113330,LFL2,complete,eligible
LEC|LOLTMNT05_113346,LEC,complete,eligible
LEC|LOLTMNT05_114349,LEC,complete,eligible
LEC|LOLTMNT05_113358,LEC,complete,eligible
LTA|LOLTMNT05_114376,LTA,complete,eligible
LTA|LOLTMNT05_113363,LTA,complete,eligible
LEC|LOLTMNT05_114381,LEC,complete,eligible
LEC|LOLTMNT05_114389,LEC,complete,eligible
LTA|LOLTMNT05_113376,LTA,complete,eligible
LCKC|LOLTMNT02_223180,LCKC,complete,eligible
LCKC|LOLTMNT02_223181,LCKC,complete,eligible
LPL|11767-11767_game_1,LPL,partial,not_complete
LCKC|LOLTMNT02_224187,LCKC,complete,eligible
LPL|11767-11767_game_2,LPL,partial,not_complete
LCKC|LOLTMNT02_223183,LCKC,complete,eligible
LPL|11767-11767_game_3,LPL,partial,not_complete
LPL|11767-11767_game_4,LPL,partial,not_complete
LCKC|LOLTMNT02_224203,LCKC,complete,eligible
PCS|LOLTMNT03_200716,PCS,complete,eligible
PCS|LOLTMNT03_200727,PCS,complete,eligible
LCKC|LOLTMNT02_224206,LCKC,complete,eligible
LPL|11768-11768_game_1,LPL,partial,not_complete
PCS|LOLTMNT03_200742,PCS,complete,eligible
LCKC|LOLTMNT02_224207,LCKC,complete,eligible
PCS|LOLTMNT03_199769,PCS,complete,eligible
LPL|11768-11768_game_2,LPL,partial,not_complete
LCKC|LOLTMNT02_223201,LCKC,complete,eligible
PCS|LOLTMNT03_199785,PCS,complete,eligible
LPL|11768-11768_game_3,LPL,partial,not_complete
LCKC|LOLTMNT02_224217,LCKC,complete,eligible
PCS|LOLTMNT03_199801,PCS,complete,eligible
LPL|11768-11768_game_4,LPL,partial,not_complete
PCS|LOLTMNT03_200804,PCS,complete,eligible
HLL|LOLTMNT03_200813,HLL,complete,missing_player_id
HLL|LOLTMNT03_199861,HLL,complete,missing_player_id
HLL|LOLTMNT03_199872,HLL,complete,missing_player_id
NEXO|LOLTMNT02_223230,NEXO,complete,eligible
LEC|LOLTMNT05_113387,LEC,complete,eligible
HLL|LOLTMNT03_199892,HLL,complete,missing_player_id
NEXO|LOLTMNT02_223244,NEXO,complete,eligible
LEC|LOLTMNT05_113388,LEC,complete,eligible
NEXO|LOLTMNT02_224255,NEXO,complete,missing_player_id
LEC|LOLTMNT05_114409,LEC,complete,eligible
NEXO|LOLTMNT02_223268,NEXO,complete,eligible
NEXO|LOLTMNT02_224265,NEXO,complete,eligible
LEC|LOLTMNT05_114414,LEC,complete,eligible
LCKC|LOLTMNT02_224294,LCKC,complete,eligible
LCKC|LOLTMNT02_224298,LCKC,complete,eligible
PCS|LOLTMNT03_200979,PCS,complete,eligible
LPL|11769-11769_game_1,LPL,partial,not_complete
PCS|LOLTMNT03_200987,PCS,complete,eligible
LCKC|LOLTMNT02_224302,LCKC,complete,eligible
LPL|11769-11769_game_2,LPL,partial,not_complete
PCS|LOLTMNT03_201028,PCS,complete,eligible
LCKC|LOLTMNT02_224305,LCKC,complete,eligible
LPL|11769-11769_game_3,LPL,partial,not_complete
PCS|LOLTMNT03_202009,PCS,complete,eligible
LCKC|LOLTMNT02_224309,LCKC,complete,eligible
LPL|11769-11769_game_4,LPL,partial,not_complete
LPL|11769-11769_game_5,LPL,partial,not_complete
TCL|LOLTMNT06_105113,TCL,complete,eligible
TCL|LOLTMNT06_104115,TCL,complete,eligible
HLL|LOLTMNT03_202058,HLL,complete,eligible
AL|LOLTMNT06_105121,AL,complete,eligible
HW|LOLTMNT02_224337,HW,complete,eligible
RL|LOLTMNT03_201125,RL,complete,eligible
TCL|LOLTMNT06_104125,TCL,complete,eligible
HW|LOLTMNT02_223347,HW,complete,eligible
HLL|LOLTMNT03_201147,HLL,complete,eligible
LVP SL|LOLTMNT02_224341,LVP SL,complete,eligible
PRM|LOLTMNT05_113406,PRM,complete,eligible
AL|LOLTMNT06_104128,AL,complete,eligible
RL|LOLTMNT03_202081,RL,complete,eligible
HW|LOLTMNT02_224345,HW,complete,eligible
TCL|LOLTMNT06_105133,TCL,complete,eligible
LVP SL|LOLTMNT02_223350,LVP SL,complete,eligible
HLL|LOLTMNT03_201170,HLL,complete,eligible
PRM|LOLTMNT05_113407,PRM,complete,eligible
ROL|LOLTMNT03_201174,ROL,complete,eligible
RL|LOLTMNT03_202120,RL,complete,eligible
AL|LOLTMNT06_105139,AL,complete,eligible
PRM|LOLTMNT05_113410,PRM,complete,eligible
HLL|LOLTMNT03_201208,HLL,complete,eligible
LVP SL|LOLTMNT02_224367,LVP SL,complete,eligible
ROL|LOLTMNT03_201214,ROL,complete,eligible
LPLOL|LOLTMNT03_202130,LPLOL,complete,eligible
RL|LOLTMNT03_201222,RL,complete,eligible
PRM|LOLTMNT05_113417,PRM,complete,eligible
AL|LOLTMNT06_104140,AL,complete,eligible
LVP SL|LOLTMNT02_224370,LVP SL,complete,eligible
ROL|LOLTMNT03_201237,ROL,complete,eligible
LPLOL|LOLTMNT03_201239,LPLOL,complete,eligible
LVP SL|LOLTMNT02_223384,LVP SL,complete,eligible
AL|LOLTMNT06_105146,AL,complete,eligible
LPLOL|LOLTMNT03_202151,LPLOL,complete,eligible
LPLOL|LOLTMNT03_202156,LPLOL,complete,eligible
PCS|LOLTMNT03_201375,PCS,complete,eligible
LJL|LOLTMNT03_202243,LJL,complete,missing_player_id
LPL|11770-11770_game_1,LPL,partial,not_complete
PCS|LOLTMNT03_202255,PCS,complete,eligible
LPL|11770-11770_game_2,LPL,partial,not_complete
LJL|LOLTMNT03_202265,LJL,complete,missing_player_id
PCS|LOLTMNT03_201417,PCS,complete,eligible
LPL|11770-11770_game_3,LPL,partial,not_complete
LJL|LOLTMNT03_202285,LJL,complete,missing_player_id
PCS|LOLTMNT03_202295,PCS,complete,eligible
LPL|11770-11770_game_4,LPL,partial,not_complete
LJL|LOLTMNT03_202311,LJL,complete,eligible
TCL|LOLTMNT06_104167,TCL,complete,eligible
TCL|LOLTMNT06_104170,TCL,complete,eligible
AL|LOLTMNT06_105171,AL,complete,eligible
RL|LOLTMNT03_201513,RL,complete,eligible
HW|LOLTMNT02_223410,HW,complete,eligible
TCL|LOLTMNT06_104173,TCL,complete,eligible
AL|LOLTMNT06_104176,AL,complete,eligible
PRM|LOLTMNT05_114436,PRM,complete,eligible
RL|LOLTMNT03_202386,RL,complete,eligible
TCL|LOLTMNT06_105177,TCL,complete,eligible
HW|LOLTMNT02_223413,HW,complete,eligible
LFL|LOLTMNT05_113437,LFL,complete,eligible
PRM|LOLTMNT05_113438,PRM,complete,eligible
EBL|LOLTMNT06_105179,EBL,complete,eligible
AL|LOLTMNT06_104186,AL,complete,eligible
HW|LOLTMNT02_223424,HW,complete,eligible
LFL|LOLTMNT05_113439,LFL,complete,eligible
RL|LOLTMNT03_202412,RL,complete,eligible
EBL|LOLTMNT06_104192,EBL,complete,eligible
PRM|LOLTMNT05_113440,PRM,complete,eligible
LPLOL|LOLTMNT03_201572,LPLOL,complete,eligible
AL|LOLTMNT06_105181,AL,complete,eligible
LFL|LOLTMNT05_113442,LFL,complete,eligible
RL|LOLTMNT03_202427,RL,complete,eligible
PRM|LOLTMNT05_113443,PRM,complete,eligible
EBL|LOLTMNT06_105184,EBL,complete,eligible
LPLOL|LOLTMNT03_201591,LPLOL,complete,eligible
LFL|LOLTMNT05_113445,LFL,complete,eligible
PRM|LOLTMNT05_113446,PRM,complete,eligible
EBL|LOLTMNT06_105186,EBL,complete,eligible
LPLOL|LOLTMNT03_201606,LPLOL,complete,eligible
LCKC|LOLTMNT02_224454,LCKC,complete,eligible
LCKC|LOLTMNT02_223470,LCKC,complete,eligible
LJL|LOLTMNT03_201682,LJL,complete,eligible
LPL|11771-11771_game_1,LPL,partial,not_complete
LCKC|LOLTMNT02_223471,LCKC,complete,eligible
LPL|11771-11771_game_2,LPL,partial,not_complete
LJL|LOLTMNT03_202542,LJL,complete,missing_player_id
LCKC|LOLTMNT02_223472,LCKC,complete,eligible
LPL|11771-11771_game_3,LPL,partial,not_complete
LJL|LOLTMNT03_201713,LJL,complete,missing_player_id
LPL|11771-11771_game_4,LPL,partial,not_complete
LJL|LOLTMNT03_202613,LJL,complete,eligible
TCL|LOLTMNT06_104216,TCL,complete,eligible
TCL|LOLTMNT06_105202,TCL,complete,eligible
RL|LOLTMNT03_201773,RL,complete,eligible
HW|LOLTMNT02_224470,HW,complete,eligible
AL|LOLTMNT06_105204,AL,complete,eligible
TCL|LOLTMNT06_104228,TCL,complete,eligible
HW|LOLTMNT02_224482,HW,complete,eligible
LVP SL|LOLTMNT02_224481,LVP SL,complete,eligible
RL|LOLTMNT03_201780,RL,complete,eligible
LFL|LOLTMNT05_114454,LFL,complete,eligible
AL|LOLTMNT06_105214,AL,complete,eligible
TCL|LOLTMNT06_104232,TCL,complete,eligible
LVP SL|LOLTMNT02_224484,LVP SL,complete,eligible
EBL|LOLTMNT06_105218,EBL,complete,eligible
ROL|LOLTMNT03_201797,ROL,complete,eligible
HW|LOLTMNT02_224486,HW,complete,eligible
LFL|LOLTMNT05_114463,LFL,complete,eligible
RL|LOLTMNT03_202713,RL,complete,eligible
AL|LOLTMNT06_105221,AL,complete,eligible
LVP SL|LOLTMNT02_223494,LVP SL,complete,eligible
EBL|LOLTMNT06_105227,EBL,complete,eligible
LFL|LOLTMNT05_113455,LFL,complete,eligible
ROL|LOLTMNT03_201821,ROL,complete,eligible
RL|LOLTMNT03_202740,RL,complete,eligible
LVP SL|LOLTMNT02_223496,LVP SL,complete,eligible
AL|LOLTMNT06_105235,AL,complete,eligible
LPLOL|LOLTMNT03_201837,LPLOL,complete,eligible
EBL|LOLTMNT06_104237,EBL,complete,eligible
LFL|LOLTMNT05_113457,LFL,complete,eligible
ROL|LOLTMNT03_202752,ROL,complete,eligible
AL|LOLTMNT06_104239,AL,complete,eligible
LPLOL|LOLTMNT03_202764,LPLOL,complete,eligible
EBL|LOLTMNT06_105238,EBL,complete,eligible
EBL|LOLTMNT06_104241,EBL,complete,eligible
LPLOL|LOLTMNT03_201849,LPLOL,complete,eligible
LPLOL|LOLTMNT03_202795,LPLOL,complete,eligible
LPLOL|LOLTMNT03_201855,LPLOL,complete,eligible
LJL|LOLTMNT03_201899,LJL,complete,missing_player_id
LJL|LOLTMNT03_202888,LJL,complete,missing_player_id
LJL|LOLTMNT03_202936,LJL,complete,missing_player_id
VCS|LOLTMNT03_202941,VCS,complete,eligible
LJL|LOLTMNT03_203001,LJL,complete,missing_player_id
VCS|LOLTMNT03_203013,VCS,complete,eligible
LJL|LOLTMNT03_205007,LJL,complete,eligible
VCS|LOLTMNT03_204017,VCS,complete,eligible
VCS|LOLTMNT03_205033,VCS,complete,eligible
LJL|LOLTMNT03_205024,LJL,complete,eligible
LEC|LOLTMNT05_115018,LEC,complete,eligible
LEC|LOLTMNT05_115019,LEC,complete,eligible
LEC|LOLTMNT05_115021,LEC,complete,eligible
LEC|LOLTMNT05_115027,LEC,complete,eligible
LJL|LOLTMNT03_204329,LJL,complete,missing_player_id
PCS|LOLTMNT03_205312,PCS,complete,eligible
LPL|11772-11772_game_1,LPL,partial,not_complete
HLL|LOLTMNT03_204365,HLL,complete,eligible
PCS|LOLTMNT03_205333,PCS,complete,eligible
VCS|LOLTMNT03_205334,VCS,complete,eligible
LPL|11772-11772_game_2,LPL,partial,not_complete
LJL|LOLTMNT03_205340,LJL,complete,eligible
NLC|LOLTMNT06_107080,NLC,complete,eligible
RL|LOLTMNT03_205346,RL,complete,eligible
VCS|LOLTMNT03_204384,VCS,complete,eligible
HLL|LOLTMNT03_204386,HLL,complete,eligible
LFL2|LOLTMNT06_106072,LFL2,complete,eligible
LPL|11772-11772_game_3,LPL,partial,not_complete
RL|LOLTMNT03_204418,RL,complete,eligible
LFL2|LOLTMNT06_107089,LFL2,complete,eligible
NLC|LOLTMNT06_106074,NLC,complete,eligible
LPL|11772-11772_game_4,LPL,partial,not_complete
VCS|LOLTMNT03_204430,VCS,complete,eligible
LJL|LOLTMNT03_204434,LJL,complete,missing_player_id
HLL|LOLTMNT03_205408,HLL,complete,eligible
RL|LOLTMNT03_204457,RL,complete,eligible
NLC|LOLTMNT06_107097,NLC,complete,eligible
LFL2|LOLTMNT06_107098,LFL2,complete,eligible
VCS|LOLTMNT03_204467,VCS,complete,eligible
HLL|LOLTMNT03_204478,HLL,complete,eligible
LFL2|LOLTMNT06_107104,LFL2,complete,eligible
VCS|LOLTMNT03_204484,VCS,complete,eligible
RL|LOLTMNT03_205432,RL,complete,eligible
NLC|LOLTMNT06_106084,NLC,complete,eligible
LFL2|LOLTMNT06_106085,LFL2,complete,eligible
HLL|LOLTMNT03_204501,HLL,complete,eligible
VCS|LOLTMNT03_204514,VCS,complete,eligible
RL|LOLTMNT03_204525,RL,complete,eligible
LEC|LOLTMNT05_115043,LEC,complete,eligible
LEC|LOLTMNT05_115044,LEC,complete,eligible
LEC|LOLTMNT05_115046,LEC,complete,eligible
LEC|LOLTMNT05_116037,LEC,complete,eligible
LEC|LOLTMNT05_115052,LEC,complete,eligible
PCS|LOLTMNT03_204638,PCS,complete,eligible
PCS|LOLTMNT03_204661,PCS,complete,eligible
VCS|LOLTMNT03_204670,VCS,complete,eligible
HLL|LOLTMNT03_205607,HLL,complete,eligible
RL|LOLTMNT03_204673,RL,complete,eligible
PCS|LOLTMNT03_205626,PCS,complete,eligible
LFL2|LOLTMNT06_107153,LFL2,complete,eligible
VCS|LOLTMNT03_204676,VCS,complete,eligible
HLL|LOLTMNT03_204684,HLL,complete,eligible
PCS|LOLTMNT03_204692,PCS,complete,eligible
NLC|LOLTMNT06_106169,NLC,complete,eligible
RL|LOLTMNT03_204695,RL,complete,eligible
LFL2|LOLTMNT06_107175,LFL2,complete,eligible
VCS|LOLTMNT03_205672,VCS,complete,eligible
HLL|LOLTMNT03_205689,HLL,complete,eligible
RL|LOLTMNT03_205688,RL,complete,eligible
NLC|LOLTMNT06_106172,NLC,complete,eligible
LFL2|LOLTMNT06_107179,LFL2,complete,eligible
VCS|LOLTMNT03_204732,VCS,complete,eligible
LFL2|LOLTMNT06_106175,LFL2,complete,eligible
HLL|LOLTMNT03_204740,HLL,complete,eligible
NLC|LOLTMNT06_106178,NLC,complete,eligible
RL|LOLTMNT03_205710,RL,complete,eligible
LFL2|LOLTMNT06_106180,LFL2,complete,eligible
RL|LOLTMNT03_204771,RL,complete,eligible
LEC|LOLTMNT05_116057,LEC,complete,eligible
LEC|LOLTMNT05_116059,LEC,complete,eligible
LEC|LOLTMNT05_115078,LEC,complete,eligible
PCS|LOLTMNT03_204882,PCS,complete,eligible
PCS|LOLTMNT03_204891,PCS,complete,eligible
PCS|LOLTMNT03_205869,PCS,complete,eligible
PCS|LOLTMNT03_204907,PCS,complete,eligible
PCS|LOLTMNT03_205905,PCS,complete,eligible
PCS|LOLTMNT03_204946,PCS,complete,eligible
TCL|LOLTMNT06_107202,TCL,complete,eligible
TCL|LOLTMNT06_106203,TCL,complete,eligible
HW|LOLTMNT03_205951,HW,complete,eligible
TCL|LOLTMNT06_106207,TCL,complete,eligible
HW|LOLTMNT03_205967,HW,complete,eligible
NEXO|LOLTMNT03_205965,NEXO,complete,eligible
PRM|LOLTMNT06_107215,PRM,complete,eligible
NEXO|LOLTMNT03_205964,NEXO,complete,eligible
HW|LOLTMNT03_205991,HW,complete,eligible
PRM|LOLTMNT06_107218,PRM,complete,eligible
TCL|LOLTMNT06_106210,TCL,complete,eligible
NEXO|LOLTMNT03_206022,NEXO,complete,eligible
NEXO|LOLTMNT03_205996,NEXO,complete,eligible
PRM|LOLTMNT06_107226,PRM,complete,eligible
NEXO|LOLTMNT03_207029,NEXO,complete,eligible
NEXO|LOLTMNT03_206058,NEXO,complete,eligible
TCL|LOLTMNT06_107240,TCL,complete,eligible
HW|LOLTMNT03_207200,HW,complete,eligible
TCL|LOLTMNT06_106233,TCL,complete,eligible
HW|LOLTMNT03_206244,HW,complete,eligible
RL|LOLTMNT03_206242,RL,complete,eligible
TCL|LOLTMNT06_107248,TCL,complete,eligible
HW|LOLTMNT03_206255,HW,complete,eligible
PRM|LOLTMNT06_106235,PRM,complete,eligible
RL|LOLTMNT03_207221,RL,complete,eligible
ROL|LOLTMNT03_206261,ROL,complete,eligible
RL|LOLTMNT03_207234,RL,complete,eligible
PRM|LOLTMNT06_106241,PRM,complete,eligible
ROL|LOLTMNT03_206278,ROL,complete,eligible
RL|LOLTMNT03_206280,RL,complete,eligible
PRM|LOLTMNT06_107257,PRM,complete,eligible
ROL|LOLTMNT03_206288,ROL,complete,eligible
RL|LOLTMNT03_206290,RL,complete,eligible
TCL|LOLTMNT06_106254,TCL,complete,eligible
HW|LOLTMNT03_207359,HW,complete,eligible
HW|LOLTMNT03_207375,HW,complete,eligible
TCL|LOLTMNT06_107272,TCL,complete,eligible
TCL|LOLTMNT06_106258,TCL,complete,eligible
HW|LOLTMNT03_206439,HW,complete,eligible
TCL|LOLTMNT06_106259,TCL,complete,eligible
TCL|LOLTMNT06_107278,TCL,complete,eligible
AL|LOLTMNT06_106260,AL,complete,eligible
AL|LOLTMNT06_107280,AL,complete,eligible
AL|LOLTMNT06_107281,AL,complete,eligible
AL|LOLTMNT06_106264,AL,complete,eligible
AL|LOLTMNT06_106265,AL,complete,eligible
LJL|LOLTMNT03_206516,LJL,complete,eligible
LJL|LOLTMNT03_206518,LJL,complete,eligible
LJL|LOLTMNT03_206522,LJL,complete,missing_player_id
LJL|LOLTMNT03_207464,LJL,complete,missing_player_id
LJL|LOLTMNT03_207473,LJL,complete,missing_player_id
TCL|LOLTMNT06_107292,TCL,complete,eligible
TCL|LOLTMNT06_107293,TCL,complete,eligible
HW|LOLTMNT03_207492,HW,complete,eligible
TCL|LOLTMNT06_106275,TCL,complete,eligible
LVP SL|LOLTMNT03_206564,LVP SL,complete,eligible
HW|LOLTMNT03_206568,HW,complete,eligible
TCL|LOLTMNT06_106277,TCL,complete,eligible
LVP SL|LOLTMNT03_207500,LVP SL,complete,eligible
ROL|LOLTMNT03_206569,ROL,complete,eligible
HW|LOLTMNT03_207506,HW,complete,eligible
LVP SL|LOLTMNT03_206585,LVP SL,complete,eligible
TCL|LOLTMNT06_107301,TCL,complete,eligible
ROL|LOLTMNT03_206586,ROL,complete,eligible
HW|LOLTMNT03_207519,HW,complete,eligible
AL|LOLTMNT06_106283,AL,complete,eligible
LVP SL|LOLTMNT03_206609,LVP SL,complete,eligible
ROL|LOLTMNT03_207530,ROL,complete,eligible
HW|LOLTMNT03_206614,HW,complete,eligible
AL|LOLTMNT06_106286,AL,complete,eligible
ROL|LOLTMNT03_207538,ROL,complete,eligible
AL|LOLTMNT06_107305,AL,complete,eligible
ROL|LOLTMNT03_207544,ROL,complete,eligible
AL|LOLTMNT06_107307,AL,complete,eligible
AL|LOLTMNT06_106291,AL,complete,eligible
LJL|LOLTMNT03_206642,LJL,complete,missing_player_id
LJL|LOLTMNT03_206654,LJL,complete,missing_player_id
LJL|LOLTMNT03_206675,LJL,complete,eligible
VCS|LOLTMNT03_206676,VCS,complete,eligible
LJL|LOLTMNT03_207614,LJL,complete,eligible
VCS|LOLTMNT03_206681,VCS,complete,eligible
VCS|LOLTMNT03_206700,VCS,complete,eligible
VCS|LOLTMNT03_206710,VCS,complete,eligible
VCS|LOLTMNT03_206713,VCS,complete,eligible
AL|LOLTMNT06_107315,AL,complete,eligible
AL|LOLTMNT06_107321,AL,complete,eligible
AL|LOLTMNT06_106303,AL,complete,eligible
LJL|LOLTMNT03_206786,LJL,complete,eligible
LJL|LOLTMNT03_206795,LJL,complete,eligible
VCS|LOLTMNT03_206810,VCS,complete,eligible
LJL|LOLTMNT03_206813,LJL,complete,eligible
VCS|LOLTMNT03_207759,VCS,complete,eligible
LFL2|LOLTMNT06_107331,LFL2,complete,eligible
LJL|LOLTMNT03_207763,LJL,complete,eligible
LFL2|LOLTMNT06_107332,LFL2,complete,eligible
HW|LOLTMNT03_206836,HW,complete,eligible
LJL|LOLTMNT03_207783,LJL,complete,eligible
VCS|LOLTMNT03_207780,VCS,complete,eligible
VCS|LOLTMNT03_207790,VCS,complete,eligible
LFL2|LOLTMNT06_107333,LFL2,complete,eligible
HW|LOLTMNT03_206857,HW,complete,eligible
LFL2|LOLTMNT06_107334,LFL2,complete,eligible
HW|LOLTMNT03_207799,HW,complete,eligible
LFL2|LOLTMNT06_107335,LFL2,complete,eligible
LPLOL|LOLTMNT03_207816,LPLOL,complete,eligible
LPLOL|LOLTMNT03_207837,LPLOL,complete,eligible
HW|LOLTMNT03_206902,HW,complete,eligible
LPLOL|LOLTMNT03_207841,LPLOL,complete,eligible
PRM|LOLTMNT06_106323,PRM,complete,eligible
HW|LOLTMNT03_207844,HW,complete,eligible
PRM|LOLTMNT06_107344,PRM,complete,eligible
EBL|LOLTMNT06_107343,EBL,complete,eligible
HW|LOLTMNT03_207847,HW,complete,eligible
PRM|LOLTMNT06_107345,PRM,complete,eligible
EBL|LOLTMNT06_106327,EBL,complete,eligible
EBL|LOLTMNT06_107346,EBL,complete,eligible
EBL|LOLTMNT06_107347,EBL,complete,eligible
LJL|LOLTMNT03_207866,LJL,complete,eligible
LJL|LOLTMNT03_207892,LJL,complete,eligible
VCS|LOLTMNT03_207900,VCS,complete,eligible
LJL|LOLTMNT03_207901,LJL,complete,eligible
LFL2|LOLTMNT06_107349,LFL2,complete,eligible
VCS|LOLTMNT03_207902,VCS,complete,eligible
LFL2|LOLTMNT06_106331,LFL2,complete,eligible
HW|LOLTMNT03_207905,HW,complete,eligible
VCS|LOLTMNT03_206948,VCS,complete,eligible
LFL2|LOLTMNT06_106332,LFL2,complete,eligible
HW|LOLTMNT03_207907,HW,complete,eligible
LFL2|LOLTMNT06_106333,LFL2,complete,eligible
HW|LOLTMNT03_207913,HW,complete,eligible
LFL2|LOLTMNT06_107351,LFL2,complete,eligible
TCL|LOLTMNT06_106334,TCL,complete,eligible
HW|LOLTMNT03_206976,HW,complete,eligible
RL|LOLTMNT01_212687,RL,complete,eligible
TCL|LOLTMNT06_106337,TCL,complete,eligible
HW|LOLTMNT03_207928,HW,complete,eligible
RL|LOLTMNT01_212698,RL,complete,eligible
TCL|LOLTMNT06_107354,TCL,complete,eligible
LIT|LOLTMNT06_106340,LIT,complete,eligible
HW|LOLTMNT03_206984,HW,complete,eligible
RL|LOLTMNT01_210774,RL,complete,eligible
EBL|LOLTMNT06_106346,EBL,complete,eligible
LIT|LOLTMNT06_106347,LIT,complete,eligible
TCL|LOLTMNT06_107355,TCL,complete,eligible
HW|LOLTMNT03_206988,HW,complete,eligible
EBL|LOLTMNT06_107356,EBL,complete,eligible
RL|LOLTMNT01_210785,RL,complete,eligible
LIT|LOLTMNT06_107357,LIT,complete,eligible
TCL|LOLTMNT06_106348,TCL,complete,eligible
EBL|LOLTMNT06_106353,EBL,complete,eligible
FST|LOLTMNT01_210872,FST,complete,eligible
PCS|LOLTMNT01_210876,PCS,complete,eligible
FST|LOLTMNT01_210882,FST,complete,eligible
FST|LOLTMNT01_210884,FST,complete,eligible
PCS|LOLTMNT01_212799,PCS,complete,eligible
PCS|LOLTMNT01_212801,PCS,complete,eligible
FST|LOLTMNT01_210897,FST,complete,eligible
FST|LOLTMNT01_210904,FST,complete,eligible
NEXO|LOLTMNT03_207936,NEXO,complete,eligible
NEXO|LOLTMNT03_207937,NEXO,complete,eligible
NEXO|LOLTMNT03_207943,NEXO,complete,eligible
NEXO|LOLTMNT03_206999,NEXO,complete,eligible
NEXO|LOLTMNT03_208005,NEXO,complete,eligible
NEXO|LOLTMNT03_208006,NEXO,complete,eligible
FST|LOLTMNT01_213142,FST,complete,eligible
FST|LOLTMNT01_214068,FST,complete,eligible
PCS|LOLTMNT01_213146,PCS,complete,eligible
PCS|LOLTMNT01_214076,PCS,complete,eligible
FST|LOLTMNT01_214082,FST,complete,eligible
FST|LOLTMNT01_214088,FST,complete,eligible
PCS|LOLTMNT01_214087,PCS,complete,eligible
FST|LOLTMNT01_213467,FST,complete,eligible
FST|LOLTMNT01_213476,FST,complete,eligible
PCS|LOLTMNT01_214386,PCS,complete,eligible
PCS|LOLTMNT01_214389,PCS,complete,eligible
FST|LOLTMNT01_213493,FST,complete,eligible
PCS|LOLTMNT01_214406,PCS,complete,eligible
FST|LOLTMNT01_213503,FST,complete,eligible
FST|LOLTMNT01_214726,FST,complete,eligible
FST|LOLTMNT01_214731,FST,complete,eligible
FST|LOLTMNT01_213886,FST,complete,eligible
FST|LOLTMNT01_213908,FST,complete,eligible
FST|LOLTMNT01_213934,FST,complete,eligible
FST|LOLTMNT01_216039,FST,complete,eligible
FST|LOLTMNT01_216067,FST,complete,eligible
FST|LOLTMNT01_215241,FST,complete,eligible
FST|LOLTMNT01_216119,FST,complete,eligible
FST|LOLTMNT01_215294,FST,complete,eligible
FST|LOLTMNT01_216433,FST,complete,eligible
FST|LOLTMNT01_216438,FST,complete,eligible
FST|LOLTMNT01_216453,FST,complete,eligible
FST|LOLTMNT01_215592,FST,complete,eligible
FST|LOLTMNT01_216472,FST,complete,eligible
FST|LOLTMNT01_216490,FST,complete,eligible
FST|LOLTMNT01_216505,FST,complete,eligible
FST|LOLTMNT01_216516,FST,complete,eligible
FST|LOLTMNT01_216716,FST,complete,eligible
FST|LOLTMNT01_215852,FST,complete,eligible
FST|LOLTMNT01_215856,FST,complete,eligible
FST|LOLTMNT01_215859,FST,complete,eligible
PCS|LOLTMNT01_217140,PCS,complete,missing_player_id
PCS|LOLTMNT01_217159,PCS,complete,eligible
PCS|LOLTMNT01_218049,PCS,complete,missing_player_id
PCS|LOLTMNT01_217196,PCS,complete,missing_player_id
PCS|LOLTMNT01_217215,PCS,complete,missing_player_id
EM|LOLTMNT04_102216,EM,complete,eligible
EM|LOLTMNT04_103229,EM,complete,eligible
EM|LOLTMNT04_102217,EM,complete,eligible
EM|LOLTMNT04_103230,EM,complete,eligible
EM|LOLTMNT04_102221,EM,complete,eligible
EM|LOLTMNT04_103238,EM,complete,eligible
NEXO|LOLTMNT01_217274,NEXO,complete,eligible
NEXO|LOLTMNT01_218152,NEXO,complete,eligible
EM|LOLTMNT04_103241,EM,complete,eligible
EM|LOLTMNT04_102226,EM,complete,eligible
EM|LOLTMNT04_103243,EM,complete,eligible
EM|LOLTMNT04_102229,EM,complete,eligible
EM|LOLTMNT04_103247,EM,complete,eligible
NEXO|LOLTMNT01_217295,NEXO,complete,eligible
NEXO|LOLTMNT01_217298,NEXO,complete,eligible
EM|LOLTMNT04_103248,EM,complete,eligible
EM|LOLTMNT04_103252,EM,complete,eligible
EM|LOLTMNT04_102238,EM,complete,eligible
CD|LOLTMNT01_217318,CD,complete,eligible
EM|LOLTMNT04_102239,EM,complete,eligible
NEXO|LOLTMNT01_218204,NEXO,complete,eligible
EM|LOLTMNT04_103257,EM,complete,eligible
NEXO|LOLTMNT01_217338,NEXO,complete,eligible
EM|LOLTMNT04_103259,EM,complete,eligible
EM|LOLTMNT04_102240,EM,complete,eligible
CD|LOLTMNT01_217353,CD,complete,eligible
CD|LOLTMNT01_217369,CD,complete,eligible
CD|LOLTMNT01_218280,CD,complete,eligible
CD|LOLTMNT01_217388,CD,complete,eligible
CD|LOLTMNT01_218300,CD,complete,eligible
PCS|LOLTMNT01_218345,PCS,complete,missing_player_id
PCS|LOLTMNT01_217448,PCS,complete,missing_player_id
PCS|LOLTMNT01_217451,PCS,complete,missing_player_id
PCS|LOLTMNT01_217452,PCS,complete,eligible
PCS|LOLTMNT01_217457,PCS,complete,missing_player_id
PCS|LOLTMNT01_217465,PCS,complete,eligible
PCS|LOLTMNT01_218383,PCS,complete,missing_player_id
PCS|LOLTMNT01_218390,PCS,complete,missing_player_id
EM|LOLTMNT04_103276,EM,complete,eligible
EM|LOLTMNT04_102248,EM,complete,eligible
EM|LOLTMNT04_102250,EM,complete,eligible
EM|LOLTMNT04_102246,EM,complete,eligible
EM|LOLTMNT04_102251,EM,complete,eligible
EM|LOLTMNT04_103283,EM,complete,eligible
EM|LOLTMNT04_102252,EM,complete,eligible
EM|LOLTMNT04_103285,EM,complete,eligible
NEXO|LOLTMNT01_217560,NEXO,complete,eligible
CD|LOLTMNT01_217562,CD,complete,eligible
NEXO|LOLTMNT01_218459,NEXO,complete,eligible
EM|LOLTMNT04_102256,EM,complete,eligible
EM|LOLTMNT04_103286,EM,complete,eligible
EM|LOLTMNT04_102257,EM,complete,eligible
CD|LOLTMNT01_218487,CD,complete,eligible
EM|LOLTMNT04_102259,EM,complete,eligible
NEXO|LOLTMNT01_218489,NEXO,complete,eligible
NEXO|LOLTMNT01_218496,NEXO,complete,eligible
EM|LOLTMNT04_102260,EM,complete,eligible
CD|LOLTMNT01_218509,CD,complete,eligible
EM|LOLTMNT04_103287,EM,complete,eligible
EM|LOLTMNT04_102261,EM,complete,eligible
NEXO|LOLTMNT01_217596,NEXO,complete,eligible
EM|LOLTMNT04_102262,EM,complete,eligible
NEXO|LOLTMNT01_217604,NEXO,complete,eligible
CD|LOLTMNT01_218515,CD,complete,eligible
EM|LOLTMNT04_103290,EM,complete,eligible
CD|LOLTMNT01_217615,CD,complete,eligible
EM|LOLTMNT04_103291,EM,complete,eligible
CD|LOLTMNT01_217622,CD,complete,eligible
CD|LOLTMNT01_217623,CD,complete,eligible
PCS|LOLTMNT01_218588,PCS,complete,eligible
PCS|LOLTMNT01_217684,PCS,complete,eligible
PCS|LOLTMNT01_218593,PCS,complete,eligible
PCS|LOLTMNT01_218602,PCS,complete,eligible
PCS|LOLTMNT01_217707,PCS,complete,eligible
PCS|LOLTMNT01_217715,PCS,complete,eligible
PCS|LOLTMNT01_218630,PCS,complete,eligible
EM|LOLTMNT04_102264,EM,complete,eligible
EM|LOLTMNT04_102266,EM,complete,eligible
EM|LOLTMNT04_103305,EM,complete,eligible
EM|LOLTMNT04_102267,EM,complete,eligible
EM|LOLTMNT04_103310,EM,complete,eligible
EM|LOLTMNT04_102272,EM,complete,eligible
EM|LOLTMNT04_103321,EM,complete,eligible
EM|LOLTMNT04_102277,EM,complete,eligible
EM|LOLTMNT04_102278,EM,complete,eligible
EM|LOLTMNT04_102279,EM,complete,eligible
VCS|LOLTMNT01_217866,VCS,complete,eligible
VCS|LOLTMNT01_218753,VCS,complete,eligible
VCS|LOLTMNT01_217905,VCS,complete,eligible
VCS|LOLTMNT01_218782,VCS,complete,eligible
VCS|LOLTMNT01_218794,VCS,complete,eligible
EM|LOLTMNT04_102306,EM,complete,eligible
EM|LOLTMNT04_103343,EM,complete,eligible
EM|LOLTMNT04_102305,EM,complete,eligible
EM|LOLTMNT04_102308,EM,complete,eligible
EM|LOLTMNT04_102313,EM,complete,eligible
EM|LOLTMNT04_103350,EM,complete,eligible
EM|LOLTMNT04_102316,EM,complete,eligible
EM|LOLTMNT04_103355,EM,complete,eligible
EM|LOLTMNT04_103356,EM,complete,eligible
EM|LOLTMNT04_103357,EM,complete,eligible
EM|LOLTMNT04_102318,EM,complete,eligible
EM|LOLTMNT04_103359,EM,complete,eligible
EM|LOLTMNT04_102321,EM,complete,eligible
EM|LOLTMNT04_103361,EM,complete,eligible
EM|LOLTMNT04_102322,EM,complete,eligible
EM|LOLTMNT04_102323,EM,complete,eligible
EM|LOLTMNT04_103364,EM,complete,eligible
EM|LOLTMNT04_103365,EM,complete,eligible
VCS|LOLTMNT01_218870,VCS,complete,eligible
VCS|LOLTMNT01_219026,VCS,complete,eligible
VCS|LOLTMNT01_218891,VCS,complete,eligible
VCS|LOLTMNT01_218894,VCS,complete,eligible
EM|LOLTMNT04_102336,EM,complete,eligible
EM|LOLTMNT04_102339,EM,complete,eligible
EM|LOLTMNT04_103376,EM,complete,eligible
EM|LOLTMNT04_103377,EM,complete,eligible
LPL|11869-11869_game_1,LPL,partial,not_complete
LPL|11870-11870_game_1,LPL,partial,not_complete
LJL|LOLTMNT02_232732,LJL,complete,eligible
LJL|LOLTMNT02_231734,LJL,complete,missing_player_id
LJL|LOLTMNT02_232719,LJL,complete,missing_player_id
VCS|LOLTMNT01_218987,VCS,complete,eligible
LJL|LOLTMNT02_232743,LJL,complete,missing_player_id
LJL|LOLTMNT02_231750,LJL,complete,missing_player_id
LJL|LOLTMNT02_231751,LJL,complete,missing_player_id
LPL|11871-11871_game_1,LPL,partial,not_complete
LJL|LOLTMNT02_231757,LJL,complete,missing_player_id
LJL|LOLTMNT02_232755,LJL,complete,missing_player_id
LJL|LOLTMNT02_231765,LJL,complete,missing_player_id
LJL|LOLTMNT02_231762,LJL,complete,missing_player_id
LJL|LOLTMNT02_232751,LJL,complete,missing_player_id
LJL|LOLTMNT02_231761,LJL,complete,missing_player_id
LPL|11872-11872_game_1,LPL,partial,not_complete
VCS|LOLTMNT01_218993,VCS,complete,eligible
LPL|11873-11873_game_1,LPL,partial,not_complete
VCS|LOLTMNT01_220003,VCS,complete,eligible
LPL|11874-11874_game_1,LPL,partial,not_complete
VCS|LOLTMNT01_220011,VCS,complete,eligible
EM|LOLTMNT04_102356,EM,complete,eligible
EM|LOLTMNT04_102357,EM,complete,eligible
EM|LOLTMNT04_103389,EM,complete,eligible
LPL|11875-11875_game_1,LPL,partial,not_complete
LJL|LOLTMNT02_234030,LJL,complete,missing_player_id
LJL|LOLTMNT02_234024,LJL,complete,missing_player_id
LJL|LOLTMNT02_233026,LJL,complete,missing_player_id
LJL|LOLTMNT02_233042,LJL,complete,missing_player_id
LJL|LOLTMNT02_234034,LJL,complete,missing_player_id
LJL|LOLTMNT02_234028,LJL,complete,missing_player_id
LPL|11876-11876_game_1,LPL,partial,not_complete
LJL|LOLTMNT02_234047,LJL,complete,missing_player_id
LJL|LOLTMNT02_233051,LJL,complete,missing_player_id
LJL|LOLTMNT02_233053,LJL,complete,missing_player_id
LJL|LOLTMNT02_233052,LJL,complete,missing_player_id
LPL|11877-11877_game_1,LPL,partial,not_complete
LJL|LOLTMNT02_234050,LJL,complete,missing_player_id
LJL|LOLTMNT02_234052,LJL,complete,eligible
LJL|LOLTMNT02_233076,LJL,complete,missing_player_id
VCS|LOLTMNT01_220063,VCS,complete,eligible
LJL|LOLTMNT02_234060,LJL,complete,missing_player_id
LPL|11878-11878_game_1,LPL,partial,not_complete
LJL|LOLTMNT02_233077,LJL,complete,missing_player_id
LJL|LOLTMNT02_234063,LJL,complete,eligible
LJL|LOLTMNT02_234067,LJL,complete,missing_player_id
LJL|LOLTMNT02_234072,LJL,complete,missing_player_id
VCS|LOLTMNT01_220064,VCS,complete,eligible
LPL|11879-11879_game_1,LPL,partial,not_complete
VCS|LOLTMNT01_219191,VCS,complete,eligible
LPL|11880-11880_game_1,LPL,partial,not_complete
VCS|LOLTMNT01_220071,VCS,complete,eligible
EM|LOLTMNT04_102362,EM,complete,eligible
LRS|LOLTMNT02_233156,LRS,complete,eligible
EM|LOLTMNT04_102363,EM,complete,eligible
LRS|LOLTMNT02_234186,LRS,complete,eligible
EM|LOLTMNT04_102364,EM,complete,eligible
LRS|LOLTMNT02_234224,LRS,complete,eligible
LRS|LOLTMNT02_234253,LRS,complete,eligible
LRS|LOLTMNT02_234270,LRS,complete,eligible
LPL|11881-11881_game_1,LPL,partial,not_complete
PCS|LOLTMNT01_219265,PCS,complete,eligible
LPL|11882-11882_game_1,LPL,partial,not_complete
PCS|LOLTMNT01_220114,PCS,complete,eligible
LPL|11883-11883_game_1,LPL,partial,not_complete
PCS|LOLTMNT01_220115,PCS,complete,eligible
LPL|11884-11884_game_1,LPL,partial,not_complete
PCS|LOLTMNT01_219266,PCS,complete,eligible
LPL|11885-11885_game_1,LPL,partial,not_complete
PCS|LOLTMNT01_220119,PCS,complete,eligible
LPL|11886-11886_game_1,LPL,partial,not_complete
NEXO|LOLTMNT01_219279,NEXO,complete,eligible
NEXO|LOLTMNT01_219281,NEXO,complete,eligible
NEXO|LOLTMNT01_220132,NEXO,complete,eligible
NEXO|LOLTMNT01_219285,NEXO,complete,eligible
NEXO|LOLTMNT01_219289,NEXO,complete,eligible
NEXO|LOLTMNT01_220135,NEXO,complete,eligible
LRN|LOLTMNT02_234618,LRN,complete,eligible
CD|LOLTMNT02_234670,CD,complete,eligible
LRN|LOLTMNT02_234716,LRN,complete,eligible
CD|LOLTMNT02_234722,CD,complete,eligible
LRN|LOLTMNT02_233715,LRN,complete,eligible
CD|LOLTMNT02_234757,CD,complete,eligible
LRN|LOLTMNT02_233762,LRN,complete,eligible
CD|LOLTMNT02_234788,CD,complete,eligible
LRN|LOLTMNT02_233789,LRN,complete,eligible
CD|LOLTMNT02_234810,CD,complete,eligible
LRN|LOLTMNT02_233802,LRN,complete,eligible
LRN|LOLTMNT02_233813,LRN,complete,eligible
LPL|11887-11887_game_1,LPL,partial,not_complete
LPL|11888-11888_game_1,LPL,partial,not_complete
PCS|LOLTMNT01_219304,PCS,complete,eligible
LPL|11889-11889_game_1,LPL,partial,not_complete
PCS|LOLTMNT01_219306,PCS,complete,eligible
PCS|LOLTMNT01_220153,PCS,complete,eligible
LPL|11890-11890_game_1,LPL,partial,not_complete
PCS|LOLTMNT01_220163,PCS,complete,eligible
LPL|11891-11891_game_1,LPL,partial,not_complete
LPL|11892-11892_game_1,LPL,partial,not_complete
PRM|LOLTMNT05_121159,PRM,complete,eligible
PRM|LOLTMNT05_122155,PRM,complete,eligible
PRM|LOLTMNT05_122158,PRM,complete,eligible
PRM|LOLTMNT05_121163,PRM,complete,eligible
ROL|LOLTMNT02_235050,ROL,complete,eligible
PRM|LOLTMNT05_122164,PRM,complete,eligible
ROL|LOLTMNT02_236077,ROL,complete,eligible
ROL|LOLTMNT02_236092,ROL,complete,eligible
PRM|LOLTMNT05_121173,PRM,complete,eligible
ROL|LOLTMNT02_236115,ROL,complete,eligible
ROL|LOLTMNT02_235107,ROL,complete,eligible
CD|LOLTMNT02_236118,CD,complete,eligible
PRM|LOLTMNT05_121175,PRM,complete,eligible
ROL|LOLTMNT02_235123,ROL,complete,eligible
CD|LOLTMNT02_235130,CD,complete,eligible
LRS|LOLTMNT02_235141,LRS,complete,eligible
CD|LOLTMNT02_236153,CD,complete,eligible
LRS|LOLTMNT02_235157,LRS,complete,eligible
CD|LOLTMNT02_235161,CD,complete,eligible
CD|LOLTMNT02_235164,CD,complete,eligible
LPL|11893-11893_game_1,LPL,partial,not_complete
PCS|LOLTMNT01_220195,PCS,complete,eligible
LPL|11894-11894_game_1,LPL,partial,not_complete
PCS|LOLTMNT01_219333,PCS,complete,eligible
LPL|11895-11895_game_1,LPL,partial,not_complete
PCS|LOLTMNT01_220197,PCS,complete,eligible
LPL|11896-11896_game_1,LPL,partial,not_complete
LPL|11897-11897_game_1,LPL,partial,not_complete
LPL|11898-11898_game_1,LPL,partial,not_complete
LPL|11937-11937_game_1,LPL,partial,not_complete
PRM|LOLTMNT05_122184,PRM,complete,eligible
PRM|LOLTMNT05_121190,PRM,complete,eligible
PRM|LOLTMNT05_121196,PRM,complete,eligible
PRM|LOLTMNT05_122198,PRM,complete,eligible
CD|LOLTMNT02_235484,CD,complete,eligible
NACL|LOLTMNT02_236530,NACL,complete,eligible
CD|LOLTMNT02_235495,CD,complete,eligible
NACL|LOLTMNT02_236548,NACL,complete,eligible
CD|LOLTMNT02_235505,CD,complete,eligible
NACL|LOLTMNT02_235508,NACL,complete,eligible
CD|LOLTMNT02_235514,CD,complete,eligible
NACL|LOLTMNT02_236569,NACL,complete,eligible
NACL|LOLTMNT02_235520,NACL,complete,eligible
LPL|11899-11899_game_1,LPL,partial,not_complete
LPL|11900-11900_game_1,LPL,partial,not_complete
LPL|11901-11901_game_1,LPL,partial,not_complete
LPL|11902-11902_game_1,LPL,partial,not_complete
LPL|11903-11903_game_1,LPL,partial,not_complete
LPL|11904-11904_game_1,LPL,partial,not_complete
TCL|LOLTMNT05_121222,TCL,complete,eligible
TCL|LOLTMNT05_122234,TCL,complete,eligible
TCL|LOLTMNT05_122237,TCL,complete,eligible
TCL|LOLTMNT05_122243,TCL,complete,eligible
ROL|LOLTMNT02_235837,ROL,complete,eligible
ROL|LOLTMNT02_235862,ROL,complete,eligible
ROL|LOLTMNT02_236926,ROL,complete,eligible
ROL|LOLTMNT02_236948,ROL,complete,eligible
NACL|LOLTMNT02_235921,NACL,complete,eligible
NACL|LOLTMNT02_236984,NACL,complete,eligible
NACL|LOLTMNT02_235955,NACL,complete,eligible
NACL|LOLTMNT02_237012,NACL,complete,eligible
LPL|11905-11905_game_1,LPL,partial,not_complete
LPL|11906-11906_game_1,LPL,partial,not_complete
VCS|LOLTMNT01_219415,VCS,complete,eligible
LPL|11907-11907_game_1,LPL,partial,not_complete
VCS|LOLTMNT01_219421,VCS,complete,eligible
LPL|11908-11908_game_1,LPL,partial,not_complete
VCS|LOLTMNT01_220255,VCS,complete,eligible
LPL|11909-11909_game_1,LPL,partial,not_complete
VCS|LOLTMNT01_220257,VCS,complete,eligible
LPL|11910-11910_game_1,LPL,partial,not_complete
VCS|LOLTMNT01_220262,VCS,complete,eligible
LPL|11958-11958_game_1,LPL,partial,not_complete
TCL|LOLTMNT05_122252,TCL,complete,eligible
TCL|LOLTMNT05_122257,TCL,complete,eligible
TCL|LOLTMNT05_122260,TCL,complete,eligible
TCL|LOLTMNT05_121265,TCL,complete,eligible
NACL|LOLTMNT02_238415,NACL,complete,eligible
NACL|LOLTMNT02_237504,NACL,complete,eligible
NACL|LOLTMNT02_238453,NACL,complete,eligible
NACL|LOLTMNT02_238470,NACL,complete,eligible
LAS|LOLTMNT02_238578,LAS,complete,eligible
LAS|LOLTMNT02_238584,LAS,complete,eligible
LAS|LOLTMNT02_237646,LAS,complete,eligible
LAS|LOLTMNT02_237633,LAS,complete,eligible
LAS|LOLTMNT02_237658,LAS,complete,eligible
LAS|LOLTMNT02_238603,LAS,complete,eligible
LAS|LOLTMNT02_237661,LAS,complete,eligible
LAS|LOLTMNT02_237666,LAS,complete,eligible
LAS|LOLTMNT02_237682,LAS,complete,eligible
LAS|LOLTMNT02_237716,LAS,complete,eligible
LAS|LOLTMNT02_238675,LAS,complete,eligible
LAS|LOLTMNT02_238678,LAS,complete,eligible
LAS|LOLTMNT02_238680,LAS,complete,eligible
LPL|11911-11911_game_1,LPL,partial,not_complete
LAS|LOLTMNT02_238689,LAS,complete,eligible
LAS|LOLTMNT02_237733,LAS,complete,eligible
LAS|LOLTMNT02_238705,LAS,complete,eligible
LAS|LOLTMNT02_238730,LAS,complete,eligible
LJL|LOLTMNT02_237769,LJL,complete,missing_player_id
LJL|LOLTMNT02_237773,LJL,complete,missing_player_id
LJL|LOLTMNT02_237774,LJL,complete,missing_player_id
LJL|LOLTMNT02_237772,LJL,complete,missing_player_id
LJL|LOLTMNT02_237777,LJL,complete,missing_player_id
LJL|LOLTMNT02_237778,LJL,complete,missing_player_id
LPL|11912-11912_game_1,LPL,partial,not_complete
LAS|LOLTMNT02_237787,LAS,complete,eligible
LJL|LOLTMNT02_238768,LJL,complete,eligible
LJL|LOLTMNT02_237802,LJL,complete,missing_player_id
LPL|11913-11913_game_1,LPL,partial,not_complete
LJL|LOLTMNT02_237803,LJL,complete,missing_player_id
LJL|LOLTMNT02_238771,LJL,complete,missing_player_id
LJL|LOLTMNT02_238772,LJL,complete,missing_player_id
LJL|LOLTMNT02_238769,LJL,complete,missing_player_id
VCS|LOLTMNT01_220300,VCS,complete,eligible
LJL|LOLTMNT02_238788,LJL,complete,missing_player_id
LJL|LOLTMNT02_237822,LJL,complete,missing_player_id
LJL|LOLTMNT02_237829,LJL,complete,missing_player_id
VCS|LOLTMNT01_220302,VCS,complete,eligible
LJL|LOLTMNT02_238790,LJL,complete,missing_player_id
LJL|LOLTMNT02_238791,LJL,complete,missing_player_id
LJL|LOLTMNT02_238795,LJL,complete,missing_player_id
LPL|11914-11914_game_1,LPL,partial,not_complete
VCS|LOLTMNT01_219462,VCS,complete,eligible
LPL|11915-11915_game_1,LPL,partial,not_complete
LPL|11916-11916_game_1,LPL,partial,not_complete
LEC|LOLTMNT05_122323,LEC,complete,eligible
LEC|LOLTMNT05_122326,LEC,complete,eligible
LEC|LOLTMNT05_122336,LEC,complete,eligible
LEC|LOLTMNT05_121339,LEC,complete,eligible
LEC|LOLTMNT05_122345,LEC,complete,eligible
LEC|LOLTMNT05_122355,LEC,complete,eligible
LEC|LOLTMNT05_121353,LEC,complete,eligible
LAS|LOLTMNT02_240238,LAS,complete,eligible
LAS|LOLTMNT02_239239,LAS,complete,eligible
LAS|LOLTMNT02_239232,LAS,complete,eligible
LAS|LOLTMNT02_239236,LAS,complete,eligible
LAS|LOLTMNT02_239247,LAS,complete,eligible
LAS|LOLTMNT02_239250,LAS,complete,eligible
LAS|LOLTMNT02_240253,LAS,complete,eligible
LAS|LOLTMNT02_239253,LAS,complete,eligible
LAS|LOLTMNT02_239283,LAS,complete,eligible
LAS|LOLTMNT02_240278,LAS,complete,eligible
LAS|LOLTMNT02_239287,LAS,complete,eligible
LAS|LOLTMNT02_240297,LAS,complete,eligible
LAS|LOLTMNT02_240292,LAS,complete,eligible
LAS|LOLTMNT02_240299,LAS,complete,eligible
LAS|LOLTMNT02_240301,LAS,complete,eligible
LAS|LOLTMNT02_240307,LAS,complete,eligible
LAS|LOLTMNT02_240305,LAS,complete,eligible
LJL|LOLTMNT02_239312,LJL,complete,eligible
LJL|LOLTMNT02_240314,LJL,complete,missing_player_id
LJL|LOLTMNT02_239316,LJL,complete,missing_player_id
LJL|LOLTMNT02_239302,LJL,complete,missing_player_id
LJL|LOLTMNT02_240317,LJL,complete,missing_player_id
LJL|LOLTMNT02_239317,LJL,complete,missing_player_id
LPL|11917-11917_game_1,LPL,partial,not_complete
LJL|LOLTMNT02_239326,LJL,complete,missing_player_id
LJL|LOLTMNT02_240337,LJL,complete,missing_player_id
VCS|LOLTMNT01_219518,VCS,complete,eligible
LJL|LOLTMNT02_239340,LJL,complete,missing_player_id
LJL|LOLTMNT02_239332,LJL,complete,missing_player_id
LJL|LOLTMNT02_240348,LJL,complete,eligible
LJL|LOLTMNT02_239344,LJL,complete,missing_player_id
LPL|11918-11918_game_1,LPL,partial,not_complete
VCS|LOLTMNT01_220368,VCS,complete,eligible
LJL|LOLTMNT02_239376,LJL,complete,eligible
LPL|11919-11919_game_1,LPL,partial,not_complete
VCS|LOLTMNT01_219521,VCS,complete,eligible
LPL|11919-11919_game_2,LPL,partial,not_complete
VCS|LOLTMNT01_220371,VCS,complete,eligible
LPL|11919-11919_game_3,LPL,partial,not_complete
LEC|LOLTMNT05_122377,LEC,complete,eligible
LEC|LOLTMNT05_121383,LEC,complete,eligible
LEC|LOLTMNT05_122381,LEC,complete,eligible
LEC|LOLTMNT05_122391,LEC,complete,eligible
LEC|LOLTMNT05_122399,LEC,complete,eligible
LRS|LOLTMNT02_239612,LRS,complete,eligible
LRS|LOLTMNT02_240631,LRS,complete,eligible
LRS|LOLTMNT02_240645,LRS,complete,eligible
LRS|LOLTMNT02_239645,LRS,complete,eligible
LRS|LOLTMNT02_239650,LRS,complete,eligible
LRS|LOLTMNT02_239654,LRS,complete,eligible
LCKC|LOLTMNT02_240695,LCKC,complete,eligible
LCKC|LOLTMNT02_239708,LCKC,complete,eligible
LCKC|LOLTMNT02_239723,LCKC,complete,eligible
LCKC|LOLTMNT02_240743,LCKC,complete,eligible
LCKC|LOLTMNT02_239735,LCKC,complete,eligible
LPL|11920-11920_game_1,LPL,partial,not_complete
LPL|11920-11920_game_2,LPL,partial,not_complete
LCKC|LOLTMNT02_240757,LCKC,complete,eligible
LPL|11921-11921_game_1,LPL,partial,not_complete
LCKC|LOLTMNT02_240793,LCKC,complete,eligible
LPL|11921-11921_game_2,LPL,partial,not_complete
LPL|11921-11921_game_3,LPL,partial,not_complete
LEC|LOLTMNT05_122430,LEC,complete,eligible
LEC|LOLTMNT05_122431,LEC,complete,eligible
NEXO|LOLTMNT02_239885,NEXO,complete,eligible
LEC|LOLTMNT05_121435,LEC,complete,eligible
NEXO|LOLTMNT02_239920,NEXO,complete,eligible
NEXO|LOLTMNT02_240939,NEXO,complete,eligible
LEC|LOLTMNT05_121441,LEC,complete,eligible
NEXO|LOLTMNT02_240951,NEXO,complete,eligible
LEC|LOLTMNT05_121453,LEC,complete,eligible
LRN|LOLTMNT02_239998,LRN,complete,eligible
CD|LOLTMNT02_241009,CD,complete,eligible
LRN|LOLTMNT02_241029,LRN,complete,eligible
CD|LOLTMNT02_241033,CD,complete,eligible
LRN|LOLTMNT02_242029,LRN,complete,eligible
CD|LOLTMNT02_241050,CD,complete,eligible
LRN|LOLTMNT02_242042,LRN,complete,eligible
CD|LOLTMNT02_242047,CD,complete,eligible
LRN|LOLTMNT02_241074,LRN,complete,eligible
CD|LOLTMNT02_241077,CD,complete,eligible
LRN|LOLTMNT02_241079,LRN,complete,eligible
LCKC|LOLTMNT02_241146,LCKC,complete,eligible
LCKC|LOLTMNT02_241153,LCKC,complete,eligible
LCKC|LOLTMNT02_241157,LCKC,complete,eligible
LCKC|LOLTMNT02_242159,LCKC,complete,eligible
LCKC|LOLTMNT02_242181,LCKC,complete,eligible
LCKC|LOLTMNT02_241229,LCKC,complete,eligible
HLL|LOLTMNT02_241247,HLL,complete,eligible
HLL|LOLTMNT02_241265,HLL,complete,eligible
HLL|LOLTMNT02_241282,HLL,complete,eligible
PRM|LOLTMNT05_121483,PRM,complete,eligible
PRM|LOLTMNT05_122466,PRM,complete,eligible
HLL|LOLTMNT02_242306,HLL,complete,eligible
PRM|LOLTMNT05_121487,PRM,complete,eligible
PRM|LOLTMNT05_122467,PRM,complete,eligible
ROL|LOLTMNT02_241351,ROL,complete,eligible
PRM|LOLTMNT05_121491,PRM,complete,eligible
PRM|LOLTMNT05_122469,PRM,complete,eligible
ROL|LOLTMNT02_241389,ROL,complete,eligible
ROL|LOLTMNT02_242380,ROL,complete,eligible
PRM|LOLTMNT05_122472,PRM,complete,eligible
ROL|LOLTMNT02_242404,ROL,complete,eligible
LRS|LOLTMNT02_241404,LRS,complete,eligible
ROL|LOLTMNT02_242413,ROL,complete,eligible
PRM|LOLTMNT05_121495,PRM,complete,eligible
CD|LOLTMNT02_241443,CD,complete,eligible
LRS|LOLTMNT02_242448,LRS,complete,eligible
ROL|LOLTMNT02_242452,ROL,complete,eligible
CD|LOLTMNT02_242454,CD,complete,eligible
LRS|LOLTMNT02_242467,LRS,complete,eligible
CD|LOLTMNT02_242473,CD,complete,eligible
LRS|LOLTMNT02_242475,LRS,complete,eligible
CD|LOLTMNT02_241474,CD,complete,eligible
LCK|LOLTMNT02_242547,LCK,complete,eligible
LCK|LOLTMNT02_241560,LCK,complete,eligible
LCK|LOLTMNT02_242586,LCK,complete,eligible
LCK|LOLTMNT02_241605,LCK,complete,eligible
HC|LOLTMNT02_241674,HC,complete,eligible
PRM|LOLTMNT05_122495,PRM,complete,eligible
HC|LOLTMNT02_242688,HC,complete,eligible
NLC|LOLTMNT05_121516,NLC,complete,eligible
PRM|LOLTMNT05_121523,PRM,complete,eligible
HC|LOLTMNT02_241720,HC,complete,eligible
NLC|LOLTMNT05_121524,NLC,complete,eligible
PRM|LOLTMNT05_121530,PRM,complete,eligible
NLC|LOLTMNT05_122510,NLC,complete,eligible
HC|LOLTMNT02_241731,HC,complete,eligible
PRM|LOLTMNT05_121538,PRM,complete,eligible
NLC|LOLTMNT05_122515,NLC,complete,eligible
PRM|LOLTMNT05_122517,PRM,complete,eligible
NLC|LOLTMNT05_121540,NLC,complete,eligible
CD|LOLTMNT02_242751,CD,complete,eligible
CD|LOLTMNT02_242759,CD,complete,eligible
NACL|LOLTMNT02_241787,NACL,complete,eligible
CD|LOLTMNT02_241797,CD,complete,eligible
NACL|LOLTMNT02_242767,NACL,complete,eligible
CD|LOLTMNT02_242768,CD,complete,eligible
NACL|LOLTMNT02_241801,NACL,complete,eligible
CD|LOLTMNT02_242775,CD,complete,eligible
NACL|LOLTMNT02_241807,NACL,complete,eligible
NACL|LOLTMNT02_242782,NACL,complete,eligible
LCKC|LOLTMNT02_241881,LCKC,complete,eligible
LCKC|LOLTMNT02_241884,LCKC,complete,eligible
LCKC|LOLTMNT02_241883,LCKC,complete,eligible
LCKC|LOLTMNT02_241899,LCKC,complete,eligible
LCKC|LOLTMNT02_241902,LCKC,complete,eligible
LCKC|LOLTMNT02_242853,LCKC,complete,eligible
LCKC|LOLTMNT02_241923,LCKC,complete,eligible
LCKC|LOLTMNT02_242868,LCKC,complete,eligible
LCK|LOLTMNT02_241948,LCK,complete,eligible
LCK|LOLTMNT02_241955,LCK,complete,eligible
LCK|LOLTMNT02_241987,LCK,complete,eligible
LCK|LOLTMNT02_243004,LCK,complete,eligible
LCK|LOLTMNT02_242946,LCK,complete,eligible
TCL|LOLTMNT05_121595,TCL,complete,eligible
HC|LOLTMNT02_243051,HC,complete,eligible
TCL|LOLTMNT05_121601,TCL,complete,eligible
LIT|LOLTMNT05_122577,LIT,complete,eligible
NLC|LOLTMNT05_122576,NLC,complete,eligible
HC|LOLTMNT02_243077,HC,complete,eligible
TCL|LOLTMNT05_122578,TCL,complete,eligible
ROL|LOLTMNT02_243093,ROL,complete,eligible
LIT|LOLTMNT05_122581,LIT,complete,eligible
HC|LOLTMNT02_243094,HC,complete,eligible
NLC|LOLTMNT05_121610,NLC,complete,eligible
TCL|LOLTMNT05_122585,TCL,complete,eligible
LIT|LOLTMNT05_121617,LIT,complete,eligible
NLC|LOLTMNT05_121619,NLC,complete,eligible
ROL|LOLTMNT02_244030,ROL,complete,eligible
ROL|LOLTMNT02_243114,ROL,complete,eligible
HC|LOLTMNT02_244025,HC,complete,eligible
HC|LOLTMNT02_243120,HC,complete,eligible
ROL|LOLTMNT02_244034,ROL,complete,eligible
ROL|LOLTMNT02_244035,ROL,complete,eligible
NLC|LOLTMNT05_121622,NLC,complete,eligible
ROL|LOLTMNT02_244046,ROL,complete,eligible
NLC|LOLTMNT05_122598,NLC,complete,eligible
NACL|LOLTMNT02_243128,NACL,complete,eligible
NACL|LOLTMNT02_243132,NACL,complete,eligible
NACL|LOLTMNT02_244068,NACL,complete,eligible
NACL|LOLTMNT02_244070,NACL,complete,eligible
LCKC|LOLTMNT02_244099,LCKC,complete,eligible
LCKC|LOLTMNT02_244100,LCKC,complete,eligible
LCKC|LOLTMNT02_244108,LCKC,complete,eligible
LCKC|LOLTMNT02_244109,LCKC,complete,eligible
LCKC|LOLTMNT02_243195,LCKC,complete,eligible
LJL|LOLTMNT03_212501,LJL,complete,eligible
LCK|LOLTMNT02_243218,LCK,complete,eligible
LJL|LOLTMNT03_212512,LJL,complete,missing_player_id
LCK|LOLTMNT02_243219,LCK,complete,eligible
LJL|LOLTMNT03_211507,LJL,complete,missing_player_id
LCK|LOLTMNT02_244146,LCK,complete,eligible
LJL|LOLTMNT03_211515,LJL,complete,eligible
LCK|LOLTMNT02_244166,LCK,complete,eligible
LJL|LOLTMNT03_212564,LJL,complete,missing_player_id
LCK|LOLTMNT02_243267,LCK,complete,eligible
LJL|LOLTMNT03_211582,LJL,complete,missing_player_id
HLL|LOLTMNT02_243277,HLL,complete,eligible
HLL|LOLTMNT02_244187,HLL,complete,eligible
TCL|LOLTMNT05_122606,TCL,complete,eligible
HLL|LOLTMNT02_243290,HLL,complete,eligible
TCL|LOLTMNT05_122610,TCL,complete,eligible
LIT|LOLTMNT05_121640,LIT,complete,eligible
PRMP|LOLTMNT06_110035,PRMP,complete,missing_player_id
PRMP|LOLTMNT06_111029,PRMP,complete,eligible
PRMP|LOLTMNT06_110036,PRMP,complete,missing_player_id
PRMP|LOLTMNT03_211667,PRMP,complete,eligible
HLL|LOLTMNT02_243295,HLL,complete,eligible
TCL|LOLTMNT05_121641,TCL,complete,eligible
PRMP|LOLTMNT06_110044,PRMP,complete,missing_player_id
PRMP|LOLTMNT06_111031,PRMP,complete,missing_player_id
LIT|LOLTMNT05_122622,LIT,complete,eligible
PRMP|LOLTMNT06_110045,PRMP,complete,eligible
PRMP|LOLTMNT03_211704,PRMP,complete,eligible
TCL|LOLTMNT05_121650,TCL,complete,eligible
LIT|LOLTMNT05_121652,LIT,complete,eligible
PRMP|LOLTMNT06_111034,PRMP,complete,eligible
PRMP|LOLTMNT03_211727,PRMP,complete,eligible
PRMP|LOLTMNT06_111039,PRMP,complete,eligible
PRMP|LOLTMNT06_111040,PRMP,complete,eligible
PRMP|LOLTMNT06_110052,PRMP,complete,missing_player_id
PRMP|LOLTMNT06_111041,PRMP,complete,missing_player_id
PRMP|LOLTMNT06_110054,PRMP,complete,eligible
PRMP|LOLTMNT06_111044,PRMP,complete,eligible
PRMP|LOLTMNT06_110055,PRMP,complete,missing_player_id
PRMP|LOLTMNT06_110056,PRMP,complete,missing_player_id
NACL|LOLTMNT02_244235,NACL,complete,eligible
NACL|LOLTMNT02_244243,NACL,complete,eligible
NACL|LOLTMNT02_243340,NACL,complete,eligible
NACL|LOLTMNT02_244255,NACL,complete,eligible
NACL|LOLTMNT02_244258,NACL,complete,eligible
NACL|LOLTMNT02_244259,NACL,complete,eligible
LAS|LOLTMNT02_243419,LAS,complete,eligible
LAS|LOLTMNT02_243413,LAS,complete,eligible
LAS|LOLTMNT02_243417,LAS,complete,eligible
LAS|LOLTMNT02_244330,LAS,complete,eligible
LAS|LOLTMNT02_244350,LAS,complete,eligible
LAS|LOLTMNT02_244351,LAS,complete,eligible
LAS|LOLTMNT02_243438,LAS,complete,eligible
LAS|LOLTMNT02_243439,LAS,complete,eligible
LCK|LOLTMNT02_244356,LCK,complete,eligible
LAS|LOLTMNT02_244363,LAS,complete,eligible
LCK|LOLTMNT02_243459,LCK,complete,eligible
LAS|LOLTMNT02_243457,LAS,complete,eligible
LPL|11965-11965_game_1,LPL,partial,not_complete
LAS|LOLTMNT02_243477,LAS,complete,eligible
LAS|LOLTMNT02_244373,LAS,complete,eligible
LCK|LOLTMNT02_244383,LCK,complete,eligible
LJL|LOLTMNT03_211905,LJL,complete,missing_player_id
LAS|LOLTMNT02_244382,LAS,complete,eligible
LAS|LOLTMNT02_244384,LAS,complete,eligible
LAS|LOLTMNT02_243488,LAS,complete,eligible
LPL|11965-11965_game_2,LPL,partial,not_complete
LAS|LOLTMNT02_244387,LAS,complete,eligible
LAS|LOLTMNT02_244393,LAS,complete,eligible
LAS|LOLTMNT02_243505,LAS,complete,eligible
LCK|LOLTMNT02_243506,LCK,complete,eligible
LJL|LOLTMNT03_211924,LJL,complete,eligible
LPL|11965-11965_game_3,LPL,partial,not_complete
LJL|LOLTMNT03_212931,LJL,complete,eligible
LAS|LOLTMNT02_243511,LAS,complete,eligible
LCK|LOLTMNT02_244407,LCK,complete,eligible
LPL|11966-11966_game_1,LPL,partial,not_complete
LJL|LOLTMNT03_212953,LJL,complete,missing_player_id
LPL|11966-11966_game_2,LPL,partial,not_complete
LJL|LOLTMNT03_211992,LJL,complete,missing_player_id
LEC|LOLTMNT06_111070,LEC,complete,eligible
LJL|LOLTMNT03_214016,LJL,complete,eligible
LPL|11967-11967_game_1,LPL,partial,not_complete
LEC|LOLTMNT06_111072,LEC,complete,eligible
LPL|11967-11967_game_2,LPL,partial,not_complete
LEC|LOLTMNT06_110083,LEC,complete,eligible
LPL|11967-11967_game_3,LPL,partial,not_complete
LEC|LOLTMNT06_111090,LEC,complete,eligible
LEC|LOLTMNT06_111097,LEC,complete,eligible
LTA S|LOLTMNT03_214145,LTA S,complete,eligible
LEC|LOLTMNT06_110120,LEC,complete,eligible
LTA S|LOLTMNT03_213170,LTA S,complete,eligible
LTA S|LOLTMNT03_214199,LTA S,complete,eligible
LTA S|LOLTMNT03_214223,LTA S,complete,eligible
LTA N|LOLTMNT03_213249,LTA N,complete,eligible
LTA N|LOLTMNT03_214267,LTA N,complete,eligible
LTA N|LOLTMNT03_213276,LTA N,complete,eligible
LTA N|LOLTMNT03_214309,LTA N,complete,eligible
LAS|LOLTMNT02_244605,LAS,complete,eligible
LAS|LOLTMNT02_243712,LAS,complete,eligible
LAS|LOLTMNT02_243710,LAS,complete,eligible
LAS|LOLTMNT02_243711,LAS,complete,eligible
LAS|LOLTMNT02_243722,LAS,complete,eligible
LAS|LOLTMNT02_244618,LAS,complete,eligible
LAS|LOLTMNT02_243723,LAS,complete,eligible
LAS|LOLTMNT02_243727,LAS,complete,eligible
LCK|LOLTMNT02_244630,LCK,complete,eligible
LAS|LOLTMNT02_244633,LAS,complete,eligible
LAS|LOLTMNT02_244646,LAS,complete,eligible
LCK|LOLTMNT02_243751,LCK,complete,eligible
LPL|11968-11968_game_1,LPL,partial,not_complete
LAS|LOLTMNT02_244657,LAS,complete,eligible
LAS|LOLTMNT02_244664,LAS,complete,eligible
LAS|LOLTMNT02_243764,LAS,complete,eligible
LAS|LOLTMNT02_243769,LAS,complete,eligible
LJL|LOLTMNT03_214374,LJL,complete,missing_player_id
LAS|LOLTMNT02_243781,LAS,complete,eligible
LAS|LOLTMNT02_244680,LAS,complete,eligible
LPL|11968-11968_game_2,LPL,partial,not_complete
LCK|LOLTMNT02_243783,LCK,complete,eligible
LAS|LOLTMNT02_243782,LAS,complete,eligible
LAS|LOLTMNT02_244681,LAS,complete,eligible
LJL|LOLTMNT03_214387,LJL,complete,missing_player_id
LAS|LOLTMNT02_244682,LAS,complete,eligible
LCK|LOLTMNT02_244684,LCK,complete,eligible
LPL|11969-11969_game_1,LPL,partial,not_complete
LJL|LOLTMNT03_213397,LJL,complete,missing_player_id
LCK|LOLTMNT02_243791,LCK,complete,eligible
LPL|11969-11969_game_2,LPL,partial,not_complete
LJL|LOLTMNT03_214425,LJL,complete,missing_player_id
LPL|11969-11969_game_3,LPL,partial,not_complete
LJL|LOLTMNT03_214455,LJL,complete,eligible
LJL|LOLTMNT03_213495,LJL,complete,eligible
LPL|11970-11970_game_1,LPL,partial,not_complete
LPL|11970-11970_game_2,LPL,partial,not_complete
LEC|LOLTMNT06_110153,LEC,complete,eligible
LEC|LOLTMNT06_111152,LEC,complete,eligible
LTA S|LOLTMNT03_213606,LTA S,complete,eligible
LTA S|LOLTMNT03_213634,LTA S,complete,eligible
LEC|LOLTMNT06_111156,LEC,complete,eligible
LTA S|LOLTMNT03_213678,LTA S,complete,eligible
LEC|LOLTMNT06_110166,LEC,complete,eligible
LEC|LOLTMNT06_110171,LEC,complete,eligible
LTA S|LOLTMNT03_213710,LTA S,complete,eligible
LRN|LOLTMNT03_213755,LRN,complete,eligible
LTA N|LOLTMNT03_214777,LTA N,complete,eligible
LRN|LOLTMNT03_213781,LRN,complete,eligible
LTA N|LOLTMNT03_213794,LTA N,complete,eligible
LTA N|LOLTMNT03_214834,LTA N,complete,eligible
LRN|LOLTMNT03_214851,LRN,complete,eligible
LRN|LOLTMNT03_213808,LRN,complete,eligible
LTA N|LOLTMNT03_214856,LTA N,complete,eligible
LCKC|LOLTMNT03_214905,LCKC,complete,eligible
LCKC|LOLTMNT03_213865,LCKC,complete,eligible
LCKC|LOLTMNT03_213891,LCKC,complete,eligible
LCKC|LOLTMNT03_213911,LCKC,complete,eligible
PCS|LOLTMNT03_214984,PCS,complete,eligible
LPL|11971-11971_game_1,LPL,partial,not_complete
LCKC|LOLTMNT03_214997,LCKC,complete,eligible
PCS|LOLTMNT03_213951,PCS,complete,eligible
LPL|11971-11971_game_2,LPL,partial,not_complete
LCKC|LOLTMNT03_215018,LCKC,complete,eligible
PCS|LOLTMNT03_213972,PCS,complete,eligible
LPL|11971-11971_game_3,LPL,partial,not_complete
PCS|LOLTMNT03_215067,PCS,complete,eligible
PCS|LOLTMNT03_216042,PCS,complete,eligible
LPL|11972-11972_game_1,LPL,partial,not_complete
LPL|11972-11972_game_2,LPL,partial,not_complete
LPL|11972-11972_game_3,LPL,partial,not_complete
NEXO|LOLTMNT03_215191,NEXO,complete,eligible
LEC|LOLTMNT06_110205,LEC,complete,eligible
NEXO|LOLTMNT03_216153,NEXO,complete,eligible
LEC|LOLTMNT06_110211,LEC,complete,eligible
NEXO|LOLTMNT03_216187,NEXO,complete,eligible
LEC|LOLTMNT06_111217,LEC,complete,eligible
NEXO|LOLTMNT03_215275,NEXO,complete,eligible
LEC|LOLTMNT06_110226,LEC,complete,eligible
CD|LOLTMNT03_216289,CD,complete,eligible
LRN|LOLTMNT03_215340,LRN,complete,eligible
CD|LOLTMNT03_216302,CD,complete,eligible
LRN|LOLTMNT03_215363,LRN,complete,eligible
CD|LOLTMNT03_215362,CD,complete,eligible
LRN|LOLTMNT03_216330,LRN,complete,eligible
CD|LOLTMNT03_216334,CD,complete,eligible
LRN|LOLTMNT03_215376,LRN,complete,eligible
LRN|LOLTMNT03_216351,LRN,complete,eligible
LRN|LOLTMNT03_215383,LRN,complete,eligible
LCKC|LOLTMNT03_215478,LCKC,complete,eligible
LCKC|LOLTMNT03_216460,LCKC,complete,eligible
PCS|LOLTMNT03_216462,PCS,complete,eligible
LPL|11973-11973_game_1,LPL,partial,not_complete
PCS|LOLTMNT03_215505,PCS,complete,eligible
LPL|11973-11973_game_2,LPL,partial,not_complete
LCKC|LOLTMNT03_216493,LCKC,complete,eligible
PCS|LOLTMNT03_215530,PCS,complete,eligible
LCKC|LOLTMNT03_215537,LCKC,complete,eligible
LPL|11974-11974_game_1,LPL,partial,not_complete
PCS|LOLTMNT03_216542,PCS,complete,eligible
LCKC|LOLTMNT03_216551,LCKC,complete,eligible
LPL|11974-11974_game_2,LPL,partial,not_complete
PCS|LOLTMNT03_216581,PCS,complete,eligible
HLL|LOLTMNT03_216593,HLL,complete,eligible
HLL|LOLTMNT03_216625,HLL,complete,eligible
HM|LOLTMNT03_215656,HM,complete,eligible
HLL|LOLTMNT03_216673,HLL,complete,eligible
RL|LOLTMNT03_216659,RL,complete,eligible
HM|LOLTMNT03_215695,HM,complete,eligible
PRM|LOLTMNT06_110237,PRM,complete,eligible
LVP SL|LOLTMNT03_215713,LVP SL,complete,eligible
PRM|LOLTMNT06_111240,PRM,complete,eligible
HLL|LOLTMNT03_215727,HLL,complete,eligible
RL|LOLTMNT03_215724,RL,complete,eligible
HM|LOLTMNT03_215728,HM,complete,eligible
PRM|LOLTMNT06_110244,PRM,complete,eligible
LVP SL|LOLTMNT03_215746,LVP SL,complete,eligible
ROL|LOLTMNT03_216735,ROL,complete,eligible
PRM|LOLTMNT06_111248,PRM,complete,eligible
RL|LOLTMNT03_216757,RL,complete,eligible
HM|LOLTMNT03_215783,HM,complete,eligible
PRM|LOLTMNT06_110253,PRM,complete,eligible
LVP SL|LOLTMNT03_215793,LVP SL,complete,eligible
ROL|LOLTMNT03_216783,ROL,complete,eligible
ROL|LOLTMNT03_215805,ROL,complete,eligible
PRM|LOLTMNT06_110260,PRM,complete,eligible
LVP SL|LOLTMNT03_215837,LVP SL,complete,eligible
RL|LOLTMNT03_215832,RL,complete,eligible
ROL|LOLTMNT03_215836,ROL,complete,eligible
LRS|LOLTMNT03_215842,LRS,complete,eligible
ROL|LOLTMNT03_216827,ROL,complete,eligible
LVP SL|LOLTMNT03_215866,LVP SL,complete,eligible
RL|LOLTMNT03_216856,RL,complete,eligible
LRS|LOLTMNT03_216861,LRS,complete,eligible
CD|LOLTMNT03_215870,CD,complete,eligible
ROL|LOLTMNT03_215872,ROL,complete,eligible
RL|LOLTMNT03_216878,RL,complete,eligible
LRS|LOLTMNT03_216885,LRS,complete,eligible
CD|LOLTMNT03_215891,CD,complete,eligible
CD|LOLTMNT06_111271,CD,complete,eligible
LRS|LOLTMNT03_216917,LRS,complete,eligible
CD|LOLTMNT06_111273,CD,complete,eligible
LRS|LOLTMNT03_216924,LRS,complete,eligible
LCK|LOLTMNT03_218043,LCK,complete,eligible
LCK|LOLTMNT03_218051,LCK,complete,eligible
PCS|LOLTMNT03_217059,PCS,complete,eligible
LPL|11975-11975_game_1,LPL,partial,not_complete
PCS|LOLTMNT03_217072,PCS,complete,eligible
LCK|LOLTMNT03_217087,LCK,complete,eligible
LPL|11975-11975_game_2,LPL,partial,not_complete
PCS|LOLTMNT03_217107,PCS,complete,eligible
LCK|LOLTMNT03_218101,LCK,complete,eligible
LPL|11975-11975_game_3,LPL,partial,not_complete
PCS|LOLTMNT03_218122,PCS,complete,eligible
LCK|LOLTMNT03_218134,LCK,complete,eligible
PCS|LOLTMNT03_217173,PCS,complete,eligible
LPL|11976-11976_game_1,LPL,partial,not_complete
HLL|LOLTMNT03_218175,HLL,complete,eligible
LPL|11976-11976_game_2,LPL,partial,not_complete
HLL|LOLTMNT03_217226,HLL,complete,eligible
HM|LOLTMNT03_217227,HM,complete,eligible
HLL|LOLTMNT03_218243,HLL,complete,eligible
LFL|LOLTMNT06_111312,LFL,complete,eligible
RL|LOLTMNT03_217253,RL,complete,eligible
HM|LOLTMNT03_217270,HM,complete,eligible
HLL|LOLTMNT03_218275,HLL,complete,eligible
PRM|LOLTMNT06_110324,PRM,complete,eligible
LVP SL|LOLTMNT03_218273,LVP SL,complete,eligible
NLC|LOLTMNT05_121664,NLC,complete,eligible
RL|LOLTMNT03_217281,RL,complete,eligible
LIT|LOLTMNT06_111349,LIT,complete,eligible
LFL|LOLTMNT06_111336,LFL,complete,eligible
AL|LOLTMNT06_110335,AL,complete,eligible
HM|LOLTMNT03_217298,HM,complete,eligible
NLC|LOLTMNT05_121667,NLC,complete,eligible
LVP SL|LOLTMNT03_217316,LVP SL,complete,eligible
PRM|LOLTMNT06_111359,PRM,complete,eligible
EBL|LOLTMNT06_111356,EBL,complete,eligible
LIT|LOLTMNT03_217327,LIT,complete,eligible
LFL|LOLTMNT06_110339,LFL,complete,eligible
RL|LOLTMNT03_218345,RL,complete,eligible
HM|LOLTMNT03_218358,HM,complete,eligible
NLC|LOLTMNT05_122643,NLC,complete,eligible
EBL|LOLTMNT06_111377,EBL,complete,eligible
LVP SL|LOLTMNT03_217357,LVP SL,complete,eligible
AL|LOLTMNT06_111374,AL,complete,eligible
LIT|LOLTMNT06_110362,LIT,complete,eligible
LFL|LOLTMNT06_110355,LFL,complete,eligible
PRM|LOLTMNT06_111385,PRM,complete,eligible
RL|LOLTMNT03_217372,RL,complete,eligible
LVP SL|LOLTMNT03_217385,LVP SL,complete,eligible
EBL|LOLTMNT06_111388,EBL,complete,eligible
NLC|LOLTMNT05_121670,NLC,complete,eligible
PRM|LOLTMNT06_110372,PRM,complete,eligible
AL|LOLTMNT06_110371,AL,complete,eligible
LFL|LOLTMNT06_111391,LFL,complete,eligible
EBL|LOLTMNT06_111403,EBL,complete,eligible
NLC|LOLTMNT05_121671,NLC,complete,eligible
LVP SL|LOLTMNT03_217411,LVP SL,complete,eligible
PRM|LOLTMNT06_110384,PRM,complete,eligible
NACL|LOLTMNT03_218455,NACL,complete,eligible
NACL|LOLTMNT03_218467,NACL,complete,eligible
NACL|LOLTMNT03_217474,NACL,complete,eligible
NACL|LOLTMNT03_218496,NACL,complete,eligible
NACL|LOLTMNT03_218502,NACL,complete,eligible
LCKC|LOLTMNT03_219068,LCKC,complete,eligible
LCKC|LOLTMNT03_218565,LCKC,complete,eligible
LCKC|LOLTMNT03_219072,LCKC,complete,eligible
LCKC|LOLTMNT03_219086,LCKC,complete,eligible
LCKC|LOLTMNT03_219088,LCKC,complete,eligible
LCKC|LOLTMNT03_219090,LCKC,complete,eligible
LCKC|LOLTMNT03_219112,LCKC,complete,eligible
LCK|LOLTMNT03_218624,LCK,complete,eligible
LCK|LOLTMNT03_218633,LCK,complete,eligible
LPL|11977-11977_game_1,LPL,partial,not_complete
LPL|11977-11977_game_2,LPL,partial,not_complete
LCK|LOLTMNT03_219187,LCK,complete,eligible
LCK|LOLTMNT03_218683,LCK,complete,eligible
LPL|11978-11978_game_1,LPL,partial,not_complete
LPL|11978-11978_game_2,LPL,partial,not_complete
LPL|11978-11978_game_3,LPL,partial,not_complete
TCL|LOLTMNT06_111447,TCL,complete,eligible
HM|LOLTMNT03_219383,HM,complete,eligible
LFL|LOLTMNT06_110421,LFL,complete,eligible
TCL|LOLTMNT06_111472,TCL,complete,eligible
LIT|LOLTMNT06_110450,LIT,complete,eligible
HM|LOLTMNT03_218894,HM,complete,eligible
LVP SL|LOLTMNT03_219406,LVP SL,complete,eligible
NLC|LOLTMNT05_123001,NLC,complete,eligible
AL|LOLTMNT06_110446,AL,complete,eligible
LFL|LOLTMNT06_111490,LFL,complete,eligible
LVP SL|LOLTMNT03_219448,LVP SL,complete,eligible
EBL|LOLTMNT06_111510,EBL,complete,eligible
LIT|LOLTMNT06_110474,LIT,complete,eligible
TCL|LOLTMNT06_110470,TCL,complete,eligible
HM|LOLTMNT03_218948,HM,complete,eligible
ROL|LOLTMNT03_218925,ROL,complete,eligible
NLC|LOLTMNT05_123004,NLC,complete,eligible
LFL|LOLTMNT06_111514,LFL,complete,eligible
AL|LOLTMNT06_111519,AL,complete,eligible
LIT|LOLTMNT06_111534,LIT,complete,eligible
LVP SL|LOLTMNT03_218981,LVP SL,complete,eligible
ROL|LOLTMNT03_218983,ROL,complete,eligible
NLC|LOLTMNT05_123006,NLC,complete,eligible
EBL|LOLTMNT06_110497,EBL,complete,eligible
HM|LOLTMNT03_218988,HM,complete,eligible
TCL|LOLTMNT06_111538,TCL,complete,eligible
ROL|LOLTMNT03_218987,ROL,complete,eligible
NEXO|LOLTMNT03_218992,NEXO,complete,eligible
AL|LOLTMNT06_111542,AL,complete,eligible
LFL|LOLTMNT06_111543,LFL,complete,eligible
LVP SL|LOLTMNT03_219000,LVP SL,complete,eligible
EBL|LOLTMNT06_111558,EBL,complete,eligible
ROL|LOLTMNT03_220009,ROL,complete,eligible
HM|LOLTMNT03_219535,HM,complete,eligible
NLC|LOLTMNT05_123008,NLC,complete,eligible
NEXO|LOLTMNT03_219543,NEXO,complete,eligible
LFL|LOLTMNT06_111562,LFL,complete,eligible
AL|LOLTMNT06_111563,AL,complete,eligible
EBL|LOLTMNT06_110525,EBL,complete,eligible
LVP SL|LOLTMNT03_219573,LVP SL,complete,eligible
NLC|LOLTMNT05_123012,NLC,complete,eligible
NACL|LOLTMNT03_220066,NACL,complete,eligible
NACL|LOLTMNT03_220086,NACL,complete,eligible
NACL|LOLTMNT03_219621,NACL,complete,eligible
NACL|LOLTMNT03_219632,NACL,complete,eligible
NACL|LOLTMNT03_219640,NACL,complete,eligible
LCKC|LOLTMNT03_219719,LCKC,complete,eligible
LCKC|LOLTMNT03_220186,LCKC,complete,eligible
LCKC|LOLTMNT03_219741,LCKC,complete,eligible
LCKC|LOLTMNT03_220211,LCKC,complete,eligible
LCKC|LOLTMNT03_219754,LCKC,complete,eligible
LCK|LOLTMNT03_220261,LCK,complete,eligible
LJL|LOLTMNT03_220258,LJL,complete,eligible
LCK|LOLTMNT03_219798,LCK,complete,eligible
LJL|LOLTMNT03_220280,LJL,complete,missing_player_id
LPL|11979-11979_game_1,LPL,partial,not_complete
LCK|LOLTMNT03_220286,LCK,complete,eligible
LJL|LOLTMNT03_220289,LJL,complete,eligible
LPL|11979-11979_game_2,LPL,partial,not_complete
LCK|LOLTMNT03_219847,LCK,complete,eligible
LJL|LOLTMNT03_219846,LJL,complete,missing_player_id
LPL|11979-11979_game_3,LPL,partial,not_complete
LCK|LOLTMNT03_220342,LCK,complete,eligible
LJL|LOLTMNT03_220346,LJL,complete,missing_player_id
LPL|11980-11980_game_1,LPL,partial,not_complete
LJL|LOLTMNT03_220413,LJL,complete,eligible
LPL|11980-11980_game_2,LPL,partial,not_complete
HM|LOLTMNT03_219952,HM,complete,eligible
TCL|LOLTMNT06_111603,TCL,complete,eligible
LPL|11980-11980_game_3,LPL,partial,not_complete
HM|LOLTMNT03_220000,HM,complete,eligible
TCL|LOLTMNT06_110571,TCL,complete,eligible
PRMP|LOLTMNT06_110581,PRMP,complete,eligible
PRMP|LOLTMNT06_111634,PRMP,complete,eligible
AL|LOLTMNT06_111631,AL,complete,eligible
NLC|LOLTMNT05_122669,NLC,complete,eligible
PRMP|LOLTMNT06_111632,PRMP,complete,missing_player_id
HM|LOLTMNT03_221067,HM,complete,eligible
PRMP|LOLTMNT03_220531,PRMP,complete,eligible
LIT|LOLTMNT03_221075,LIT,complete,eligible
TCL|LOLTMNT06_111648,TCL,complete,eligible
PRMP|LOLTMNT06_111659,PRMP,complete,eligible
PRMP|LOLTMNT06_110608,PRMP,complete,eligible
EBL|LOLTMNT06_110605,EBL,complete,eligible
LIT|LOLTMNT06_111669,LIT,complete,eligible
PRMP|LOLTMNT03_220564,PRMP,complete,eligible
HM|LOLTMNT03_220558,HM,complete,eligible
NLC|LOLTMNT05_123021,NLC,complete,eligible
AL|LOLTMNT06_111666,AL,complete,eligible
PRMP|LOLTMNT06_110613,PRMP,complete,missing_player_id
PRMP|LOLTMNT06_111678,PRMP,complete,eligible
TCL|LOLTMNT06_110614,TCL,complete,eligible
EBL|LOLTMNT06_111682,EBL,complete,eligible
PRMP|LOLTMNT06_111685,PRMP,complete,eligible
LIT|LOLTMNT06_111688,LIT,complete,eligible
HM|LOLTMNT03_220616,HM,complete,eligible
PRMP|LOLTMNT06_111694,PRMP,complete,missing_player_id
NLC|LOLTMNT05_122671,NLC,complete,eligible
EBL|LOLTMNT06_110625,EBL,complete,eligible
AL|LOLTMNT06_110627,AL,complete,eligible
HM|LOLTMNT03_221187,HM,complete,eligible
PRMP|LOLTMNT06_111716,PRMP,complete,missing_player_id
PRMP|LOLTMNT06_111706,PRMP,complete,missing_player_id
EBL|LOLTMNT06_110635,EBL,complete,eligible
PRMP|LOLTMNT06_110636,PRMP,complete,eligible
PRMP|LOLTMNT03_221213,PRMP,complete,missing_player_id
PRMP|LOLTMNT06_111724,PRMP,complete,missing_player_id
PRMP|LOLTMNT06_110637,PRMP,complete,missing_player_id
PRMP|LOLTMNT06_111726,PRMP,complete,eligible
PRMP|LOLTMNT03_221234,PRMP,complete,missing_player_id
PRMP|LOLTMNT06_110643,PRMP,complete,missing_player_id
NACL|LOLTMNT03_220735,NACL,complete,eligible
NACL|LOLTMNT03_220752,NACL,complete,eligible
NACL|LOLTMNT03_220778,NACL,complete,eligible
NACL|LOLTMNT03_220808,NACL,complete,eligible
LAS|LOLTMNT03_221475,LAS,complete,eligible
LAS|LOLTMNT03_220919,LAS,complete,eligible
LAS|LOLTMNT03_221493,LAS,complete,eligible
LAS|LOLTMNT03_221511,LAS,complete,eligible
LAS|LOLTMNT03_220946,LAS,complete,eligible
LCK|LOLTMNT03_221513,LCK,complete,eligible
LAS|LOLTMNT03_221525,LAS,complete,eligible
LAS|LOLTMNT03_221529,LAS,complete,eligible
LCK|LOLTMNT03_221558,LCK,complete,eligible
LPL|11981-11981_game_1,LPL,partial,not_complete
LAS|LOLTMNT03_220982,LAS,complete,eligible
LAS|LOLTMNT03_220993,LAS,complete,eligible
LAS|LOLTMNT03_220989,LAS,complete,eligible
LAS|LOLTMNT03_221573,LAS,complete,eligible
LJL|LOLTMNT03_220995,LJL,complete,missing_player_id
LAS|LOLTMNT03_221593,LAS,complete,eligible
LPL|11981-11981_game_2,LPL,partial,not_complete
LAS|LOLTMNT03_221598,LAS,complete,eligible
LCK|LOLTMNT03_222019,LCK,complete,eligible
LAS|LOLTMNT03_222022,LAS,complete,eligible
LAS|LOLTMNT03_221600,LAS,complete,eligible
LJL|LOLTMNT03_222033,LJL,complete,missing_player_id
LAS|LOLTMNT03_222038,LAS,complete,eligible
LCK|LOLTMNT03_221610,LCK,complete,eligible
LAS|LOLTMNT03_221613,LAS,complete,eligible
LPL|11982-11982_game_1,LPL,partial,not_complete
LJL|LOLTMNT03_222053,LJL,complete,eligible
LFL2|LOLTMNT06_111735,LFL2,complete,eligible
LCK|LOLTMNT03_221634,LCK,complete,eligible
LPL|11982-11982_game_2,LPL,partial,not_complete
LJL|LOLTMNT03_221645,LJL,complete,eligible
LFL2|LOLTMNT06_110653,LFL2,complete,eligible
LPL|11982-11982_game_3,LPL,partial,not_complete
LJL|LOLTMNT03_221666,LJL,complete,missing_player_id
LFL2|LOLTMNT06_110666,LFL2,complete,eligible
LEC|LOLTMNT06_111761,LEC,complete,eligible
LJL|LOLTMNT03_221704,LJL,complete,eligible
LFL2|LOLTMNT06_110674,LFL2,complete,eligible
LPL|11983-11983_game_1,LPL,partial,not_complete
LEC|LOLTMNT06_110675,LEC,complete,eligible
LPL|11983-11983_game_2,LPL,partial,not_complete
LEC|LOLTMNT06_111766,LEC,complete,eligible
LEC|LOLTMNT06_111775,LEC,complete,eligible
LEC|LOLTMNT06_111817,LEC,complete,eligible
LTA S|LOLTMNT03_221794,LTA S,complete,eligible
LEC|LOLTMNT06_110736,LEC,complete,eligible
LTA S|LOLTMNT03_221824,LTA S,complete,eligible
LEC|LOLTMNT06_111842,LEC,complete,eligible
LTA S|LOLTMNT03_221850,LTA S,complete,eligible
LTA S|LOLTMNT03_221870,LTA S,complete,eligible
LTA N|LOLTMNT03_221929,LTA N,complete,eligible
LTA N|LOLTMNT03_222385,LTA N,complete,eligible
LTA N|LOLTMNT03_222414,LTA N,complete,eligible
LTA N|LOLTMNT03_222431,LTA N,complete,eligible
LAS|LOLTMNT03_222579,LAS,complete,eligible
LAS|LOLTMNT03_222581,LAS,complete,eligible
LAS|LOLTMNT03_223100,LAS,complete,eligible
LAS|LOLTMNT03_223098,LAS,complete,eligible
LAS|LOLTMNT03_223127,LAS,complete,eligible
LAS|LOLTMNT03_222605,LAS,complete,eligible
LAS|LOLTMNT03_223133,LAS,complete,eligible
LCK|LOLTMNT03_222610,LCK,complete,eligible
LAS|LOLTMNT03_223132,LAS,complete,eligible
LAS|LOLTMNT03_223143,LAS,complete,eligible
LAS|LOLTMNT03_223145,LAS,complete,eligible
LCK|LOLTMNT03_222628,LCK,complete,eligible
LAS|LOLTMNT03_222634,LAS,complete,eligible
LPL|11984-11984_game_1,LPL,partial,not_complete
LAS|LOLTMNT03_222656,LAS,complete,eligible
LCK|LOLTMNT03_222659,LCK,complete,eligible
LAS|LOLTMNT03_223182,LAS,complete,eligible
LAS|LOLTMNT03_222671,LAS,complete,eligible
LAS|LOLTMNT03_222669,LAS,complete,eligible
LJL|LOLTMNT03_223188,LJL,complete,missing_player_id
LPL|11984-11984_game_2,LPL,partial,not_complete
LAS|LOLTMNT03_222677,LAS,complete,eligible
LAS|LOLTMNT03_222678,LAS,complete,eligible
LAS|LOLTMNT03_223206,LAS,complete,eligible
LAS|LOLTMNT03_222692,LAS,complete,eligible
LJL|LOLTMNT03_223222,LJL,complete,eligible
LCK|LOLTMNT03_223223,LCK,complete,eligible
LPL|11985-11985_game_1,LPL,partial,not_complete
LFL2|LOLTMNT06_110796,LFL2,complete,eligible
LCK|LOLTMNT03_222719,LCK,complete,eligible
LJL|LOLTMNT03_223249,LJL,complete,missing_player_id
HC|LOLTMNT02_246013,HC,complete,eligible
LPL|11985-11985_game_2,LPL,partial,not_complete
LCK|LOLTMNT03_223254,LCK,complete,eligible
LFL2|LOLTMNT06_110829,LFL2,complete,eligible
LJL|LOLTMNT03_222748,LJL,complete,missing_player_id
HC|LOLTMNT02_246014,HC,complete,eligible
LPL|11986-11986_game_1,LPL,partial,not_complete
LFL2|LOLTMNT06_111954,LFL2,complete,eligible
HC|LOLTMNT02_246015,HC,complete,eligible
LJL|LOLTMNT03_222789,LJL,complete,eligible
LPL|11986-11986_game_2,LPL,partial,not_complete
LFL2|LOLTMNT06_110900,LFL2,complete,eligible
LJL|LOLTMNT03_223332,LJL,complete,eligible
HC|LOLTMNT02_246017,HC,complete,eligible
HC|LOLTMNT02_246019,HC,complete,eligible
LEC|LOLTMNT06_112003,LEC,complete,eligible
LEC|LOLTMNT06_110936,LEC,complete,eligible
LTA S|LOLTMNT03_223440,LTA S,complete,eligible
LEC|LOLTMNT06_110946,LEC,complete,eligible
LTA S|LOLTMNT03_223477,LTA S,complete,eligible
LEC|LOLTMNT06_112050,LEC,complete,eligible
LTA S|LOLTMNT03_223496,LTA S,complete,eligible
LTA S|LOLTMNT03_223521,LTA S,complete,eligible
LRN|LOLTMNT03_224074,LRN,complete,eligible
LTA N|LOLTMNT03_223562,LTA N,complete,eligible
LTA N|LOLTMNT03_224096,LTA N,complete,eligible
LRN|LOLTMNT03_223600,LRN,complete,eligible
LTA N|LOLTMNT03_223606,LTA N,complete,eligible
LRN|LOLTMNT03_223619,LRN,complete,eligible
LTA N|LOLTMNT03_223620,LTA N,complete,eligible
LRN|LOLTMNT03_224137,LRN,complete,eligible
LRN|LOLTMNT03_224141,LRN,complete,eligible
LRN|LOLTMNT03_223639,LRN,complete,eligible
LRN|LOLTMNT03_223641,LRN,complete,eligible
LCKC|LOLTMNT03_224181,LCKC,complete,eligible
LCKC|LOLTMNT03_223688,LCKC,complete,eligible
LCKC|LOLTMNT03_223712,LCKC,complete,eligible
LCKC|LOLTMNT03_223721,LCKC,complete,eligible
LCKC|LOLTMNT03_223729,LCKC,complete,eligible
PCS|LOLTMNT03_224227,PCS,complete,eligible
LPL|11987-11987_game_1,LPL,partial,not_complete
LCKC|LOLTMNT03_223744,LCKC,complete,eligible
PCS|LOLTMNT03_224253,PCS,complete,eligible
LPL|11987-11987_game_2,LPL,partial,not_complete
LCKC|LOLTMNT03_224270,LCKC,complete,eligible
PCS|LOLTMNT03_224273,PCS,complete,eligible
LPL|11987-11987_game_3,LPL,partial,not_complete
LCKC|LOLTMNT03_223812,LCKC,complete,eligible
PCS|LOLTMNT03_223813,PCS,complete,eligible
PCS|LOLTMNT03_224320,PCS,complete,eligible
LPL|11988-11988_game_1,LPL,partial,not_complete
PCS|LOLTMNT03_224357,PCS,complete,eligible
LPL|11988-11988_game_2,LPL,partial,not_complete
LPL|11988-11988_game_3,LPL,partial,not_complete
NEXO|LOLTMNT03_223893,NEXO,complete,eligible
LEC|LOLTMNT06_110999,LEC,complete,eligible
LEC|LOLTMNT06_112069,LEC,complete,eligible
NEXO|LOLTMNT03_224402,NEXO,complete,eligible
NEXO|LOLTMNT03_223939,NEXO,complete,eligible
LEC|LOLTMNT06_112073,LEC,complete,eligible
NEXO|LOLTMNT03_224461,NEXO,complete,eligible
LEC|LOLTMNT06_112088,LEC,complete,eligible
NEXO|LOLTMNT03_224489,NEXO,complete,eligible
LEC|LOLTMNT06_113014,LEC,complete,eligible
CD|LOLTMNT03_224525,CD,complete,eligible
LRN|LOLTMNT03_225058,LRN,complete,eligible
CD|LOLTMNT03_224540,CD,complete,eligible
LRN|LOLTMNT03_225071,LRN,complete,eligible
CD|LOLTMNT03_225087,CD,complete,eligible
LRN|LOLTMNT03_225090,LRN,complete,eligible
CD|LOLTMNT03_225092,CD,complete,eligible
LRN|LOLTMNT03_225096,LRN,complete,eligible
LRN|LOLTMNT03_225100,LRN,complete,eligible
LRN|LOLTMNT03_224576,LRN,complete,eligible
LRN|LOLTMNT03_224581,LRN,complete,eligible
LCKC|LOLTMNT03_224640,LCKC,complete,eligible
LCKC|LOLTMNT03_224656,LCKC,complete,eligible
PCS|LOLTMNT03_224657,PCS,complete,eligible
LPL|11989-11989_game_1,LPL,partial,not_complete
PCS|LOLTMNT03_224672,PCS,complete,eligible
LCKC|LOLTMNT03_224681,LCKC,complete,eligible
LPL|11989-11989_game_2,LPL,partial,not_complete
PCS|LOLTMNT03_224695,PCS,complete,eligible
LCKC|LOLTMNT03_225232,LCKC,complete,eligible
PCS|LOLTMNT03_224737,PCS,complete,eligible
LPL|11990-11990_game_1,LPL,partial,not_complete
PCS|LOLTMNT03_224780,PCS,complete,eligible
LPL|11990-11990_game_2,LPL,partial,not_complete
HLL|LOLTMNT03_224800,HLL,complete,eligible
LPL|11990-11990_game_3,LPL,partial,not_complete
HLL|LOLTMNT03_225357,HLL,complete,eligible
HM|LOLTMNT03_225351,HM,complete,eligible
HM|LOLTMNT03_225387,HM,complete,eligible
HLL|LOLTMNT03_224875,HLL,complete,eligible
RL|LOLTMNT03_224864,RL,complete,eligible
PRM|LOLTMNT06_112118,PRM,complete,eligible
LVP SL|LOLTMNT03_224898,LVP SL,complete,eligible
PRM|LOLTMNT06_113051,PRM,complete,eligible
LFL|LOLTMNT06_112120,LFL,complete,eligible
HM|LOLTMNT03_225429,HM,complete,eligible
HLL|LOLTMNT03_225430,HLL,complete,eligible
RL|LOLTMNT03_224908,RL,complete,eligible
PRM|LOLTMNT06_112131,PRM,complete,eligible
PRM|LOLTMNT06_112132,PRM,complete,eligible
LVP SL|LOLTMNT03_224946,LVP SL,complete,eligible
HM|LOLTMNT03_225477,HM,complete,eligible
ROL|LOLTMNT03_225478,ROL,complete,eligible
LFL|LOLTMNT06_112133,LFL,complete,eligible
RL|LOLTMNT03_225510,RL,complete,eligible
LVP SL|LOLTMNT03_225517,LVP SL,complete,eligible
PRM|LOLTMNT06_112137,PRM,complete,eligible
PRM|LOLTMNT06_113058,PRM,complete,eligible
ROL|LOLTMNT03_225526,ROL,complete,eligible
HM|LOLTMNT03_226003,HM,complete,eligible
ROL|LOLTMNT03_225528,ROL,complete,eligible
LFL|LOLTMNT06_112140,LFL,complete,eligible
PRM|LOLTMNT06_113060,PRM,complete,eligible
RL|LOLTMNT03_226019,RL,complete,eligible
LVP SL|LOLTMNT03_225547,LVP SL,complete,eligible
LRS|LOLTMNT03_225560,LRS,complete,eligible
LFL|LOLTMNT06_113061,LFL,complete,eligible
ROL|LOLTMNT03_226039,ROL,complete,eligible
PRM|LOLTMNT06_113063,PRM,complete,eligible
LVP SL|LOLTMNT03_225568,LVP SL,complete,eligible
RL|LOLTMNT03_226047,RL,complete,eligible
ROL|LOLTMNT03_226059,ROL,complete,eligible
LFL|LOLTMNT06_113066,LFL,complete,eligible
CD|LOLTMNT03_225576,CD,complete,eligible
LRS|LOLTMNT03_226063,LRS,complete,eligible
CD|LOLTMNT03_226067,CD,complete,eligible
LRS|LOLTMNT03_225589,LRS,complete,eligible
CD|LOLTMNT03_226076,CD,complete,eligible
LRS|LOLTMNT03_226077,LRS,complete,eligible
CD|LOLTMNT03_226081,CD,complete,eligible
CD|LOLTMNT03_226083,CD,complete,eligible
CD|LOLTMNT03_225609,CD,complete,eligible
LCK|LOLTMNT03_230058,LCK,complete,eligible
LJL|LOLTMNT03_230055,LJL,complete,eligible
LCK|LOLTMNT03_229082,LCK,complete,eligible
LJL|LOLTMNT03_230076,LJL,complete,eligible
PCS|LOLTMNT03_230077,PCS,complete,eligible
LPL|11991-11991_game_1,LPL,partial,not_complete
PCS|LOLTMNT03_230081,PCS,complete,eligible
LCK|LOLTMNT03_229092,LCK,complete,eligible
LJL|LOLTMNT03_230085,LJL,complete,missing_player_id
LPL|11991-11991_game_2,LPL,partial,not_complete
PCS|LOLTMNT03_230106,PCS,complete,eligible
LCK|LOLTMNT03_229121,LCK,complete,eligible
LJL|LOLTMNT03_229118,LJL,complete,missing_player_id
PCS|LOLTMNT03_230143,PCS,complete,eligible
LPL|11992-11992_game_1,LPL,partial,not_complete
LCK|LOLTMNT03_229164,LCK,complete,eligible
LJL|LOLTMNT03_229169,LJL,complete,missing_player_id
PCS|LOLTMNT03_229170,PCS,complete,eligible
LPL|11992-11992_game_2,LPL,partial,not_complete
LCK|LOLTMNT03_229200,LCK,complete,eligible
HLL|LOLTMNT03_230196,HLL,complete,eligible
LJL|LOLTMNT03_230199,LJL,complete,missing_player_id
LPL|11992-11992_game_3,LPL,partial,not_complete
HLL|LOLTMNT03_230262,HLL,complete,eligible
HLL|LOLTMNT06_114043,HLL,complete,eligible
LVP SL|LOLTMNT03_230290,LVP SL,complete,eligible
LIT|LOLTMNT06_115044,LIT,complete,eligible
NLC|LOLTMNT06_114040,NLC,complete,eligible
LFL|LOLTMNT06_115035,LFL,complete,eligible
PRM|LOLTMNT06_114031,PRM,complete,eligible
AL|LOLTMNT06_114050,AL,complete,eligible
LIT|LOLTMNT06_115072,LIT,complete,eligible
NLC|LOLTMNT06_114056,NLC,complete,eligible
HLL|LOLTMNT06_115075,HLL,complete,eligible
EBL|LOLTMNT06_114055,EBL,complete,eligible
LFL|LOLTMNT06_114057,LFL,complete,eligible
PRM|LOLTMNT06_114059,PRM,complete,eligible
LVP SL|LOLTMNT03_229347,LVP SL,complete,eligible
RL|LOLTMNT03_230343,RL,complete,eligible
AL|LOLTMNT06_114063,AL,complete,eligible
EBL|LOLTMNT06_114069,EBL,complete,eligible
NLC|LOLTMNT06_114067,NLC,complete,eligible
PRM|LOLTMNT06_114071,PRM,complete,eligible
LIT|LOLTMNT06_114081,LIT,complete,eligible
LVP SL|LOLTMNT03_229357,LVP SL,complete,eligible
LFL|LOLTMNT06_115094,LFL,complete,eligible
EBL|LOLTMNT06_114086,EBL,complete,eligible
RL|LOLTMNT03_229363,RL,complete,eligible
NLC|LOLTMNT06_115102,NLC,complete,eligible
PRM|LOLTMNT06_114087,PRM,complete,eligible
AL|LOLTMNT06_115103,AL,complete,eligible
LVP SL|LOLTMNT03_229372,LVP SL,complete,eligible
LFL|LOLTMNT06_115107,LFL,complete,eligible
LIT|LOLTMNT06_114095,LIT,complete,eligible
EBL|LOLTMNT06_115110,EBL,complete,eligible
RL|LOLTMNT03_229377,RL,complete,eligible
LVP SL|LOLTMNT03_229379,LVP SL,complete,eligible
LFL|LOLTMNT06_115115,LFL,complete,eligible
AL|LOLTMNT06_115113,AL,complete,eligible
NACL|LOLTMNT03_230377,NACL,complete,eligible
NACL|LOLTMNT03_230378,NACL,complete,eligible
NACL|LOLTMNT03_229399,NACL,complete,eligible
NACL|LOLTMNT03_230383,NACL,complete,eligible
LCKC|LOLTMNT03_230428,LCKC,complete,eligible
LCKC|LOLTMNT03_229442,LCKC,complete,eligible
LCKC|LOLTMNT03_229443,LCKC,complete,eligible
LCKC|LOLTMNT03_229459,LCKC,complete,eligible
LCKC|LOLTMNT03_230440,LCKC,complete,eligible
LCKC|LOLTMNT03_229461,LCKC,complete,eligible
LCKC|LOLTMNT03_230451,LCKC,complete,eligible
LCKC|LOLTMNT03_229469,LCKC,complete,eligible
LCKC|LOLTMNT03_230454,LCKC,complete,eligible
LJL|LOLTMNT03_230482,LJL,complete,missing_player_id
LCK|LOLTMNT03_230485,LCK,complete,eligible
LCK|LOLTMNT03_229500,LCK,complete,eligible
LJL|LOLTMNT03_229504,LJL,complete,eligible
LPL|11993-11993_game_1,LPL,partial,not_complete
LCK|LOLTMNT03_230518,LCK,complete,eligible
LPL|11993-11993_game_2,LPL,partial,not_complete
LJL|LOLTMNT03_230526,LJL,complete,missing_player_id
LPL|11993-11993_game_3,LPL,partial,not_complete
LCK|LOLTMNT03_229541,LCK,complete,eligible
LJL|LOLTMNT03_230538,LJL,complete,missing_player_id
LCK|LOLTMNT03_230548,LCK,complete,eligible
LPL|11994-11994_game_1,LPL,partial,not_complete
LJL|LOLTMNT03_230555,LJL,complete,missing_player_id
LPL|11994-11994_game_2,LPL,partial,not_complete
LJL|LOLTMNT03_230587,LJL,complete,eligible
LPL|11994-11994_game_3,LPL,partial,not_complete
TCL|LOLTMNT06_115137,TCL,complete,eligible
RL|LOLTMNT03_230611,RL,complete,eligible
HC|LOLTMNT01_223192,HC,complete,eligible
AL|LOLTMNT06_115153,AL,complete,eligible
LFL|LOLTMNT06_114127,LFL,complete,eligible
LVP SL|LOLTMNT03_230617,LVP SL,complete,eligible
LIT|LOLTMNT06_114134,LIT,complete,eligible
HC|LOLTMNT01_224216,HC,complete,eligible
NLC|LOLTMNT06_115162,NLC,complete,eligible
TCL|LOLTMNT06_115166,TCL,complete,eligible
RL|LOLTMNT03_229627,RL,complete,eligible
LFL|LOLTMNT06_115168,LFL,complete,eligible
LVP SL|LOLTMNT03_230637,LVP SL,complete,eligible
LIT|LOLTMNT06_114143,LIT,complete,eligible
EBL|LOLTMNT06_114140,EBL,complete,eligible
ROL|LOLTMNT03_229638,ROL,complete,eligible
NLC|LOLTMNT06_114145,NLC,complete,eligible
HC|LOLTMNT01_224230,HC,complete,eligible
AL|LOLTMNT06_115172,AL,complete,eligible
RL|LOLTMNT03_230645,RL,complete,eligible
TCL|LOLTMNT06_114146,TCL,complete,eligible
LIT|LOLTMNT06_114148,LIT,complete,eligible
EBL|LOLTMNT06_115178,EBL,complete,eligible
LVP SL|LOLTMNT03_230659,LVP SL,complete,eligible
LFL|LOLTMNT06_115177,LFL,complete,eligible
LPLOL|LOLTMNT03_230661,LPLOL,complete,eligible
HC|LOLTMNT01_224253,HC,complete,eligible
ROL|LOLTMNT03_229660,ROL,complete,eligible
AL|LOLTMNT06_114158,AL,complete,eligible
ROL|LOLTMNT03_229662,ROL,complete,eligible
NLC|LOLTMNT06_114152,NLC,complete,eligible
EBL|LOLTMNT06_115186,EBL,complete,eligible
TCL|LOLTMNT06_115185,TCL,complete,eligible
LIT|LOLTMNT06_114165,LIT,complete,eligible
RL|LOLTMNT03_230670,RL,complete,eligible
LFL|LOLTMNT06_115188,LFL,complete,eligible
LVP SL|LOLTMNT03_230671,LVP SL,complete,eligible
LPLOL|LOLTMNT03_229678,LPLOL,complete,eligible
HC|LOLTMNT01_223266,HC,complete,eligible
NLC|LOLTMNT06_114166,NLC,complete,eligible
ROL|LOLTMNT03_229679,ROL,complete,eligible
ROL|LOLTMNT03_229680,ROL,complete,eligible
EBL|LOLTMNT06_114167,EBL,complete,eligible
AL|LOLTMNT06_115192,AL,complete,eligible
LVP SL|LOLTMNT03_230678,LVP SL,complete,eligible
LFL|LOLTMNT06_115193,LFL,complete,eligible
RL|LOLTMNT03_229686,RL,complete,eligible
LPLOL|LOLTMNT03_230680,LPLOL,complete,eligible
NLC|LOLTMNT06_115194,NLC,complete,eligible
LPLOL|LOLTMNT03_229696,LPLOL,complete,eligible
RL|LOLTMNT03_229694,RL,complete,eligible
NACL|LOLTMNT06_114181,NACL,complete,eligible
NACL|LOLTMNT06_115210,NACL,complete,eligible
NACL|LOLTMNT06_114184,NACL,complete,eligible
NACL|LOLTMNT06_114189,NACL,complete,eligible
LCKC|LOLTMNT03_229760,LCKC,complete,eligible
LCKC|LOLTMNT03_230752,LCKC,complete,eligible
LCKC|LOLTMNT03_229772,LCKC,complete,eligible
LCKC|LOLTMNT03_229773,LCKC,complete,eligible
LCK|LOLTMNT03_229809,LCK,complete,eligible
LJL|LOLTMNT03_229800,LJL,complete,eligible
LJL|LOLTMNT03_230801,LJL,complete,eligible
LCK|LOLTMNT03_229822,LCK,complete,eligible
LPL|11995-11995_game_1,LPL,partial,not_complete
LJL|LOLTMNT03_229830,LJL,complete,missing_player_id
LCK|LOLTMNT03_230810,LCK,complete,eligible
LPL|11995-11995_game_2,LPL,partial,not_complete
LJL|LOLTMNT03_230821,LJL,complete,eligible
LPL|11995-11995_game_3,LPL,partial,not_complete
LCK|LOLTMNT03_230842,LCK,complete,eligible
LJL|LOLTMNT03_229867,LJL,complete,missing_player_id
LCK|LOLTMNT03_230854,LCK,complete,eligible
LPL|11996-11996_game_1,LPL,partial,not_complete
LJL|LOLTMNT03_230879,LJL,complete,eligible
LPL|11996-11996_game_2,LPL,partial,not_complete
HM|LOLTMNT01_223571,HM,complete,eligible
LPL|11996-11996_game_3,LPL,partial,not_complete
TCL|LOLTMNT06_115244,TCL,complete,eligible
HM|LOLTMNT01_223606,HM,complete,eligible
TCL|LOLTMNT06_115249,TCL,complete,eligible
PRM|LOLTMNT06_114229,PRM,complete,eligible
LIT|LOLTMNT06_114230,LIT,complete,eligible
LFL|LOLTMNT06_115252,LFL,complete,eligible
AL|LOLTMNT06_115255,AL,complete,eligible
TCL|LOLTMNT06_115261,TCL,complete,eligible
PRM|LOLTMNT06_115265,PRM,complete,eligible
HM|LOLTMNT01_223639,HM,complete,eligible
LFL|LOLTMNT06_114236,LFL,complete,eligible
AL|LOLTMNT06_115266,AL,complete,eligible
LIT|LOLTMNT06_115268,LIT,complete,eligible
PRM|LOLTMNT06_114244,PRM,complete,eligible
HM|LOLTMNT01_223661,HM,complete,eligible
LFL|LOLTMNT06_115274,LFL,complete,eligible
LIT|LOLTMNT06_115275,LIT,complete,eligible
LPLOL|LOLTMNT03_229943,LPLOL,complete,eligible
TCL|LOLTMNT06_114248,TCL,complete,eligible
AL|LOLTMNT06_114249,AL,complete,eligible
LFL|LOLTMNT06_115278,LFL,complete,eligible
PRM|LOLTMNT06_115286,PRM,complete,eligible
HM|LOLTMNT01_223691,HM,complete,eligible
LPLOL|LOLTMNT03_229946,LPLOL,complete,eligible
AL|LOLTMNT06_114256,AL,complete,eligible
LFL|LOLTMNT06_115292,LFL,complete,eligible
PRM|LOLTMNT06_114263,PRM,complete,eligible
LPLOL|LOLTMNT03_229954,LPLOL,complete,eligible
NACL|LOLTMNT03_230958,NACL,complete,eligible
LPLOL|LOLTMNT03_229963,LPLOL,complete,eligible
NACL|LOLTMNT03_229964,NACL,complete,eligible
NACL|LOLTMNT03_230961,NACL,complete,eligible
NACL|LOLTMNT03_229965,NACL,complete,eligible
LAS|LOLTMNT03_232020,LAS,complete,eligible
LAS|LOLTMNT03_232017,LAS,complete,eligible
LAS|LOLTMNT03_232016,LAS,complete,eligible
LAS|LOLTMNT03_231030,LAS,complete,eligible
LAS|LOLTMNT03_231041,LAS,complete,eligible
LAS|LOLTMNT03_231045,LAS,complete,eligible
LCK|LOLTMNT03_231043,LCK,complete,eligible
LAS|LOLTMNT03_232032,LAS,complete,eligible
LAS|LOLTMNT03_232033,LAS,complete,eligible
LAS|LOLTMNT03_231048,LAS,complete,eligible
LAS|LOLTMNT03_231052,LAS,complete,eligible
LCK|LOLTMNT03_232041,LCK,complete,eligible
LAS|LOLTMNT03_232051,LAS,complete,eligible
LAS|LOLTMNT03_231068,LAS,complete,eligible
LAS|LOLTMNT03_232059,LAS,complete,eligible
LAS|LOLTMNT03_231079,LAS,complete,eligible
LCK|LOLTMNT03_231086,LCK,complete,eligible
LAS|LOLTMNT03_231089,LAS,complete,eligible
LAS|LOLTMNT03_232067,LAS,complete,eligible
LAS|LOLTMNT03_231091,LAS,complete,eligible
LCK|LOLTMNT03_232068,LCK,complete,eligible
LAS|LOLTMNT03_232069,LAS,complete,eligible
HC|LOLTMNT01_223875,HC,complete,eligible
LPL|11997-11997_game_1,LPL,partial,not_complete
LAS|LOLTMNT03_232071,LAS,complete,eligible
LCP|LOLTMNT01_224891,LCP,complete,eligible
LAS|LOLTMNT03_231097,LAS,complete,eligible
LAS|LOLTMNT03_231099,LAS,complete,eligible
HC|LOLTMNT01_223889,HC,complete,eligible
LFL2|LOLTMNT06_114273,LFL2,complete,eligible
LPL|11997-11997_game_2,LPL,partial,not_complete
LCP|LOLTMNT01_224904,LCP,complete,eligible
HC|LOLTMNT01_224908,HC,complete,eligible
LFL2|LOLTMNT06_114276,LFL2,complete,eligible
LPL|11998-11998_game_1,LPL,partial,not_complete
LCP|LOLTMNT01_224957,LCP,complete,eligible
HC|LOLTMNT01_224952,HC,complete,eligible
LFL2|LOLTMNT06_114277,LFL2,complete,eligible
LPL|11998-11998_game_2,LPL,partial,not_complete
LFL2|LOLTMNT06_114278,LFL2,complete,eligible
LCP|LOLTMNT01_225024,LCP,complete,eligible
LPL|11998-11998_game_3,LPL,partial,not_complete
LCP|LOLTMNT01_225086,LCP,complete,eligible
LEC|LOLTMNT04_107072,LEC,complete,eligible
LEC|LOLTMNT04_107075,LEC,complete,eligible
LTA S|LOLTMNT01_226050,LTA S,complete,eligible
LEC|LOLTMNT04_106064,LEC,complete,eligible
LTA S|LOLTMNT01_225299,LTA S,complete,eligible
LEC|LOLTMNT04_106078,LEC,complete,eligible
LTA S|LOLTMNT01_226100,LTA S,complete,eligible
LEC|LOLTMNT04_107091,LEC,complete,eligible
LTA S|LOLTMNT01_226124,LTA S,complete,eligible
LTA N|LOLTMNT01_225600,LTA N,complete,eligible
LTA N|LOLTMNT01_226186,LTA N,complete,eligible
LTA N|LOLTMNT01_226196,LTA N,complete,eligible
LTA N|LOLTMNT01_225761,LTA N,complete,eligible
LAS|LOLTMNT03_231253,LAS,complete,eligible
LAS|LOLTMNT03_231255,LAS,complete,eligible
LAS|LOLTMNT03_232222,LAS,complete,eligible
LAS|LOLTMNT03_231243,LAS,complete,eligible
LAS|LOLTMNT03_231266,LAS,complete,eligible
LAS|LOLTMNT03_232240,LAS,complete,eligible
LAS|LOLTMNT03_232241,LAS,complete,eligible
LAS|LOLTMNT03_231269,LAS,complete,eligible
LCK|LOLTMNT03_231270,LCK,complete,eligible
LAS|LOLTMNT03_231271,LAS,complete,eligible
LAS|LOLTMNT03_231272,LAS,complete,eligible
LCK|LOLTMNT03_232248,LCK,complete,eligible
LPL|11999-11999_game_1,LPL,partial,not_complete
LAS|LOLTMNT03_232252,LAS,complete,eligible
LAS|LOLTMNT03_231276,LAS,complete,eligible
LAS|LOLTMNT03_231277,LAS,complete,eligible
LAS|LOLTMNT03_232255,LAS,complete,eligible
LCK|LOLTMNT03_232256,LCK,complete,eligible
LPL|11999-11999_game_2,LPL,partial,not_complete
LAS|LOLTMNT03_232257,LAS,complete,eligible
LAS|LOLTMNT03_231280,LAS,complete,eligible
LAS|LOLTMNT03_232258,LAS,complete,eligible
LAS|LOLTMNT03_232259,LAS,complete,eligible
HC|LOLTMNT01_225909,HC,complete,eligible
LCK|LOLTMNT03_231299,LCK,complete,eligible
LPL|12000-12000_game_1,LPL,partial,not_complete
LAS|LOLTMNT03_232287,LAS,complete,eligible
LAS|LOLTMNT03_231300,LAS,complete,eligible
LCP|LOLTMNT01_225920,LCP,complete,eligible
LFL2|LOLTMNT06_114289,LFL2,complete,eligible
HC|LOLTMNT01_225925,HC,complete,eligible
LPL|12000-12000_game_2,LPL,partial,not_complete
LCK|LOLTMNT03_231301,LCK,complete,eligible
LCP|LOLTMNT01_225935,LCP,complete,eligible
LFL2|LOLTMNT06_114292,LFL2,complete,eligible
LPL|12000-12000_game_3,LPL,partial,not_complete
HC|LOLTMNT01_226311,HC,complete,eligible
LCP|LOLTMNT01_226316,LCP,complete,eligible
LFL2|LOLTMNT06_115326,LFL2,complete,eligible
HC|LOLTMNT01_226328,HC,complete,eligible
LPL|12001-12001_game_1,LPL,partial,not_complete
LCP|LOLTMNT01_225978,LCP,complete,eligible
LFL2|LOLTMNT06_115327,LFL2,complete,eligible
HC|LOLTMNT01_226359,HC,complete,eligible
LPL|12001-12001_game_2,LPL,partial,not_complete
LCP|LOLTMNT01_225993,LCP,complete,eligible
HC|LOLTMNT01_226376,HC,complete,eligible
LCP|LOLTMNT01_227011,LCP,complete,eligible
LEC|LOLTMNT04_107126,LEC,complete,eligible
LEC|LOLTMNT04_107128,LEC,complete,eligible
LTA S|LOLTMNT01_227057,LTA S,complete,eligible
LTA S|LOLTMNT01_227081,LTA S,complete,eligible
LEC|LOLTMNT04_106127,LEC,complete,eligible
LTA S|LOLTMNT01_227117,LTA S,complete,eligible
LEC|LOLTMNT04_107139,LEC,complete,eligible
LTA S|LOLTMNT01_227142,LTA S,complete,eligible
LTA N|LOLTMNT01_226543,LTA N,complete,eligible
LRN|LOLTMNT01_226541,LRN,complete,eligible
LTA N|LOLTMNT01_227186,LTA N,complete,eligible
LRN|LOLTMNT01_226607,LRN,complete,eligible
LTA N|LOLTMNT01_227215,LTA N,complete,eligible
LRN|LOLTMNT01_226645,LRN,complete,eligible
LTA N|LOLTMNT01_226667,LTA N,complete,eligible
LRN|LOLTMNT01_227233,LRN,complete,eligible
LRN|LOLTMNT01_226703,LRN,complete,eligible
LRN|LOLTMNT01_226717,LRN,complete,eligible
LRN|LOLTMNT01_227238,LRN,complete,eligible
LCKC|LOLTMNT01_227270,LCKC,complete,eligible
LCKC|LOLTMNT01_227273,LCKC,complete,eligible
LCKC|LOLTMNT01_227280,LCKC,complete,eligible
LCKC|LOLTMNT01_226779,LCKC,complete,eligible
PCS|LOLTMNT01_227324,PCS,complete,eligible
LCKC|LOLTMNT01_226785,LCKC,complete,eligible
LPL|12002-12002_game_1,LPL,partial,not_complete
PCS|LOLTMNT01_226788,PCS,complete,eligible
LCKC|LOLTMNT01_227337,LCKC,complete,eligible
LPL|12002-12002_game_2,LPL,partial,not_complete
PCS|LOLTMNT01_227341,PCS,complete,eligible
LCKC|LOLTMNT01_227365,LCKC,complete,eligible
PCS|LOLTMNT01_227368,PCS,complete,eligible
LPL|12002-12002_game_3,LPL,partial,not_complete
LPL|12003-12003_game_1,LPL,partial,not_complete
LPL|12003-12003_game_2,LPL,partial,not_complete
NEXO|LOLTMNT03_231323,NEXO,complete,eligible
LEC|LOLTMNT04_106164,LEC,complete,eligible
NEXO|LOLTMNT03_232346,NEXO,complete,eligible
LEC|LOLTMNT04_106166,LEC,complete,eligible
LTA S|LOLTMNT01_227508,LTA S,complete,eligible
NEXO|LOLTMNT03_231331,NEXO,complete,eligible
LTA S|LOLTMNT01_227538,LTA S,complete,eligible
LEC|LOLTMNT04_106169,LEC,complete,eligible
LEC|LOLTMNT04_106173,LEC,complete,eligible
LTA S|LOLTMNT01_227580,LTA S,complete,eligible
LEC|LOLTMNT04_107177,LEC,complete,eligible
LTA S|LOLTMNT01_228056,LTA S,complete,eligible
LTA N|LOLTMNT01_227642,LTA N,complete,eligible
LRN|LOLTMNT01_228092,LRN,complete,eligible
LTA N|LOLTMNT01_228101,LTA N,complete,eligible
LRN|LOLTMNT01_227669,LRN,complete,eligible
LTA N|LOLTMNT01_227664,LTA N,complete,eligible
LRN|LOLTMNT01_228130,LRN,complete,eligible
LTA N|LOLTMNT01_228131,LTA N,complete,eligible
LRN|LOLTMNT01_228142,LRN,complete,eligible
LRN|LOLTMNT01_227690,LRN,complete,eligible
LRN|LOLTMNT01_227696,LRN,complete,eligible
LRN|LOLTMNT01_228153,LRN,complete,eligible
LRN|LOLTMNT01_227703,LRN,complete,eligible
LCKC|LOLTMNT01_228219,LCKC,complete,eligible
LCKC|LOLTMNT01_227780,LCKC,complete,eligible
LPL|12004-12004_game_1,LPL,partial,not_complete
PCS|LOLTMNT01_227790,PCS,complete,eligible
LPL|12004-12004_game_2,LPL,partial,not_complete
PCS|LOLTMNT01_228256,PCS,complete,eligible
LCKC|LOLTMNT01_227817,LCKC,complete,eligible
PCS|LOLTMNT01_227851,PCS,complete,eligible
LCKC|LOLTMNT01_228289,LCKC,complete,eligible
LPL|12005-12005_game_1,LPL,partial,not_complete
PCS|LOLTMNT01_227881,PCS,complete,eligible
LPL|12005-12005_game_2,LPL,partial,not_complete
PCS|LOLTMNT01_228342,PCS,complete,eligible
HLL|LOLTMNT01_227933,HLL,complete,eligible
HLL|LOLTMNT01_227970,HLL,complete,eligible
HM|LOLTMNT01_227976,HM,complete,eligible
HLL|LOLTMNT01_228435,HLL,complete,eligible
HM|LOLTMNT01_228438,HM,complete,eligible
RL|LOLTMNT01_228424,RL,complete,eligible
HLL|LOLTMNT01_228468,HLL,complete,eligible
HM|LOLTMNT01_229037,HM,complete,eligible
PRM|LOLTMNT04_107196,PRM,complete,eligible
PRM|LOLTMNT04_106193,PRM,complete,eligible
LVP SL|LOLTMNT01_228464,LVP SL,complete,eligible
RL|LOLTMNT01_228473,RL,complete,eligible
LVP SL|LOLTMNT01_229060,LVP SL,complete,eligible
PRM|LOLTMNT04_107206,PRM,complete,eligible
PRM|LOLTMNT04_106197,PRM,complete,eligible
HM|LOLTMNT01_229065,HM,complete,eligible
RL|LOLTMNT01_228519,RL,complete,eligible
LVP SL|LOLTMNT01_228533,LVP SL,complete,eligible
PRM|LOLTMNT04_107215,PRM,complete,eligible
PRM|LOLTMNT04_106202,PRM,complete,eligible
HM|LOLTMNT01_229097,HM,complete,eligible
ROL|LOLTMNT01_228536,ROL,complete,eligible
ROL|LOLTMNT01_229099,ROL,complete,eligible
RL|LOLTMNT01_228546,RL,complete,eligible
LVP SL|LOLTMNT01_228549,LVP SL,complete,eligible
PRM|LOLTMNT04_106204,PRM,complete,eligible
LRS|LOLTMNT01_228560,LRS,complete,eligible
ROL|LOLTMNT01_229121,ROL,complete,eligible
LVP SL|LOLTMNT01_228570,LVP SL,complete,eligible
LRS|LOLTMNT01_229142,LRS,complete,eligible
RL|LOLTMNT01_229139,RL,complete,eligible
CD|LOLTMNT01_228589,CD,complete,eligible
ROL|LOLTMNT01_228599,ROL,complete,eligible
LRS|LOLTMNT01_229168,LRS,complete,eligible
CD|LOLTMNT01_228611,CD,complete,eligible
CD|LOLTMNT01_229180,CD,complete,eligible
LRS|LOLTMNT01_229179,LRS,complete,eligible
LRS|LOLTMNT01_228634,LRS,complete,eligible
CD|LOLTMNT01_229188,CD,complete,eligible
CD|LOLTMNT01_228635,CD,complete,eligible
LCK|LOLTMNT01_228752,LCK,complete,eligible
PCS|LOLTMNT01_228763,PCS,complete,eligible
LCK|LOLTMNT01_229352,LCK,complete,eligible
LPL|12006-12006_game_1,LPL,partial,not_complete
PCS|LOLTMNT01_228775,PCS,complete,eligible
LPL|12006-12006_game_2,LPL,partial,not_complete
LCK|LOLTMNT01_228803,LCK,complete,eligible
PCS|LOLTMNT01_229407,PCS,complete,eligible
LCK|LOLTMNT01_228821,LCK,complete,eligible
LPL|12007-12007_game_1,LPL,partial,not_complete
PCS|LOLTMNT01_229428,PCS,complete,eligible
LPL|12007-12007_game_2,LPL,partial,not_complete
LPL|12007-12007_game_3,LPL,partial,not_complete
HLL|LOLTMNT01_228886,HLL,complete,eligible
HLL|LOLTMNT01_228927,HLL,complete,eligible
LVP SL|LOLTMNT01_228958,LVP SL,complete,eligible
PRM|LOLTMNT04_107292,PRM,complete,eligible
AL|LOLTMNT06_114296,AL,complete,eligible
HLL|LOLTMNT01_229558,HLL,complete,eligible
NLC|LOLTMNT04_107293,NLC,complete,eligible
LIT|LOLTMNT04_107304,LIT,complete,eligible
LFL|LOLTMNT04_106246,LFL,complete,eligible
RL|LOLTMNT01_228978,RL,complete,eligible
LVP SL|LOLTMNT01_229595,LVP SL,complete,eligible
LIT|LOLTMNT04_106261,LIT,complete,eligible
NLC|LOLTMNT04_107311,NLC,complete,eligible
EBL|LOLTMNT04_107309,EBL,complete,eligible
LFL|LOLTMNT04_106262,LFL,complete,eligible
AL|LOLTMNT06_114301,AL,complete,eligible
PRM|LOLTMNT04_107319,PRM,complete,eligible
LIT|LOLTMNT04_106271,LIT,complete,eligible
NLC|LOLTMNT04_107324,NLC,complete,eligible
LVP SL|LOLTMNT01_229634,LVP SL,complete,eligible
RL|LOLTMNT01_229639,RL,complete,eligible
EBL|LOLTMNT04_107328,EBL,complete,eligible
PRM|LOLTMNT04_106274,PRM,complete,eligible
LFL|LOLTMNT04_107326,LFL,complete,eligible
AL|LOLTMNT06_114303,AL,complete,eligible
EBL|LOLTMNT04_107333,EBL,complete,eligible
RL|LOLTMNT01_229663,RL,complete,eligible
LVP SL|LOLTMNT01_229670,LVP SL,complete,eligible
PRM|LOLTMNT04_106277,PRM,complete,eligible
LFL|LOLTMNT04_107336,LFL,complete,eligible
EBL|LOLTMNT04_106281,EBL,complete,eligible
LVP SL|LOLTMNT01_229694,LVP SL,complete,eligible
PRM|LOLTMNT04_106282,PRM,complete,eligible
CD|LOLTMNT01_229699,CD,complete,eligible
LFL|LOLTMNT04_107341,LFL,complete,eligible
EBL|LOLTMNT04_107343,EBL,complete,eligible
CD|LOLTMNT01_230146,CD,complete,eligible
NACL|LOLTMNT01_229739,NACL,complete,eligible
CD|LOLTMNT01_230178,CD,complete,eligible
NACL|LOLTMNT01_230179,NACL,complete,eligible
CD|LOLTMNT01_230192,CD,complete,eligible
NACL|LOLTMNT01_229763,NACL,complete,eligible
NACL|LOLTMNT01_229773,NACL,complete,eligible
LCKC|LOLTMNT01_230288,LCKC,complete,eligible
LCKC|LOLTMNT01_229839,LCKC,complete,eligible
LCKC|LOLTMNT01_230286,LCKC,complete,eligible
LCKC|LOLTMNT01_229860,LCKC,complete,eligible
LCKC|LOLTMNT01_229864,LCKC,complete,eligible
LCKC|LOLTMNT01_230317,LCKC,complete,eligible
LCKC|LOLTMNT01_229876,LCKC,complete,eligible
LCKC|LOLTMNT01_229881,LCKC,complete,eligible
LCKC|LOLTMNT01_230343,LCKC,complete,eligible
LCK|LOLTMNT01_230375,LCK,complete,eligible
LCK|LOLTMNT01_229915,LCK,complete,eligible
LPL|12008-12008_game_1,LPL,partial,not_complete
LCK|LOLTMNT01_229932,LCK,complete,eligible
LPL|12008-12008_game_2,LPL,partial,not_complete
LCK|LOLTMNT01_230468,LCK,complete,eligible
LPL|12008-12008_game_3,LPL,partial,not_complete
LPL|12009-12009_game_1,LPL,partial,not_complete
HLL|LOLTMNT01_230556,HLL,complete,eligible
LPL|12009-12009_game_2,LPL,partial,not_complete
HLL|LOLTMNT01_231065,HLL,complete,eligible
HM|LOLTMNT01_230607,HM,complete,eligible
HLL|LOLTMNT01_231097,HLL,complete,eligible
HM|LOLTMNT01_230639,HM,complete,eligible
RL|LOLTMNT01_230642,RL,complete,eligible
HM|LOLTMNT01_230686,HM,complete,eligible
LVP SL|LOLTMNT01_230676,LVP SL,complete,eligible
LIT|LOLTMNT04_106392,LIT,complete,eligible
HLL|LOLTMNT01_230688,HLL,complete,eligible
RL|LOLTMNT01_230690,RL,complete,eligible
LFL|LOLTMNT04_108019,LFL,complete,eligible
NLC|LOLTMNT04_108022,NLC,complete,eligible
LVP SL|LOLTMNT01_230717,LVP SL,complete,eligible
HM|LOLTMNT01_231165,HM,complete,eligible
LIT|LOLTMNT04_108033,LIT,complete,eligible
EBL|LOLTMNT04_106397,EBL,complete,eligible
LFL|LOLTMNT04_106398,LFL,complete,eligible
ROL|LOLTMNT01_231166,ROL,complete,eligible
NLC|LOLTMNT04_106400,NLC,complete,eligible
RL|LOLTMNT01_230748,RL,complete,eligible
LVP SL|LOLTMNT01_231202,LVP SL,complete,eligible
EBL|LOLTMNT04_108036,EBL,complete,eligible
HM|LOLTMNT01_231209,HM,complete,eligible
NLC|LOLTMNT04_108037,NLC,complete,eligible
LIT|LOLTMNT04_108038,LIT,complete,eligible
LFL|LOLTMNT04_106407,LFL,complete,eligible
ROL|LOLTMNT01_230779,ROL,complete,eligible
ROL|LOLTMNT01_231214,ROL,complete,eligible
RL|LOLTMNT01_230783,RL,complete,eligible
LPLOL|LOLTMNT01_231228,LPLOL,complete,eligible
EBL|LOLTMNT04_108040,EBL,complete,eligible
LVP SL|LOLTMNT01_231232,LVP SL,complete,eligible
ROL|LOLTMNT01_230813,ROL,complete,eligible
LIT|LOLTMNT04_106410,LIT,complete,eligible
LFL|LOLTMNT04_108041,LFL,complete,eligible
NLC|LOLTMNT04_106411,NLC,complete,eligible
EBL|LOLTMNT04_106413,EBL,complete,eligible
LVP SL|LOLTMNT01_230831,LVP SL,complete,eligible
LVP SL|LOLTMNT01_230836,LVP SL,complete,eligible
LIT|LOLTMNT04_106425,LIT,complete,eligible
LPLOL|LOLTMNT01_231261,LPLOL,complete,eligible
LFL|LOLTMNT04_106426,LFL,complete,eligible
LVP SL|LOLTMNT01_230858,LVP SL,complete,eligible
LPLOL|LOLTMNT01_231287,LPLOL,complete,eligible
NLC|LOLTMNT04_108063,NLC,complete,eligible
NACL|LOLTMNT01_230875,NACL,complete,eligible
LVP SL|LOLTMNT01_231300,LVP SL,complete,eligible
NACL|LOLTMNT01_230895,NACL,complete,eligible
NACL|LOLTMNT01_231322,NACL,complete,eligible
NACL|LOLTMNT01_231338,NACL,complete,eligible
NACL|LOLTMNT01_230926,NACL,complete,eligible
NACL|LOLTMNT01_231358,NACL,complete,eligible
LCKC|LOLTMNT01_231428,LCKC,complete,eligible
LCKC|LOLTMNT01_231424,LCKC,complete,eligible
LCKC|LOLTMNT01_230999,LCKC,complete,eligible
LCKC|LOLTMNT01_232002,LCKC,complete,eligible
LCK|LOLTMNT01_231505,LCK,complete,eligible
LJL|LOLTMNT01_232064,LJL,complete,missing_player_id
LCK|LOLTMNT01_232089,LCK,complete,eligible
LJL|LOLTMNT01_231548,LJL,complete,missing_player_id
LPL|12010-12010_game_1,LPL,partial,not_complete
LJL|LOLTMNT01_232112,LJL,complete,missing_player_id
LCK|LOLTMNT01_232113,LCK,complete,eligible
LPL|12010-12010_game_2,LPL,partial,not_complete
LPL|12010-12010_game_3,LPL,partial,not_complete
LJL|LOLTMNT01_231671,LJL,complete,missing_player_id
LCK|LOLTMNT01_231666,LCK,complete,eligible
LCK|LOLTMNT01_231710,LCK,complete,eligible
LJL|LOLTMNT01_232160,LJL,complete,missing_player_id
LPL|12011-12011_game_1,LPL,partial,not_complete
LPL|12011-12011_game_2,LPL,partial,not_complete
HM|LOLTMNT01_231858,HM,complete,eligible
HM|LOLTMNT01_232251,HM,complete,eligible
HM|LOLTMNT01_231996,HM,complete,eligible
PRM|LOLTMNT04_106670,PRM,complete,eligible
LFL|LOLTMNT04_108261,LFL,complete,eligible
PRM|LOLTMNT04_108264,PRM,complete,eligible
LIT|LOLTMNT04_108268,LIT,complete,eligible
AL|LOLTMNT04_106674,AL,complete,eligible
LFL|LOLTMNT04_108278,LFL,complete,eligible
PRM|LOLTMNT04_106697,PRM,complete,eligible
HM|LOLTMNT01_233075,HM,complete,eligible
EBL|LOLTMNT04_106690,EBL,complete,eligible
LIT|LOLTMNT04_108280,LIT,complete,eligible
PRM|LOLTMNT04_106699,PRM,complete,eligible
AL|LOLTMNT04_108282,AL,complete,eligible
EBL|LOLTMNT04_106710,EBL,complete,eligible
HM|LOLTMNT01_233127,HM,complete,eligible
LIT|LOLTMNT04_108290,LIT,complete,eligible
PRM|LOLTMNT04_108288,PRM,complete,eligible
PRM|LOLTMNT04_108291,PRM,complete,eligible
LFL|LOLTMNT04_106705,LFL,complete,eligible
LPLOL|LOLTMNT01_233150,LPLOL,complete,eligible
LIT|LOLTMNT04_106741,LIT,complete,eligible
PRM|LOLTMNT04_106740,PRM,complete,eligible
AL|LOLTMNT04_108302,AL,complete,eligible
LFL|LOLTMNT04_106742,LFL,complete,eligible
LPLOL|LOLTMNT01_233182,LPLOL,complete,eligible
LIT|LOLTMNT04_106744,LIT,complete,eligible
PRM|LOLTMNT04_106745,PRM,complete,eligible
LFL|LOLTMNT04_108308,LFL,complete,eligible
LPLOL|LOLTMNT01_232442,LPLOL,complete,eligible
AL|LOLTMNT04_108309,AL,complete,eligible
LPLOL|LOLTMNT01_233249,LPLOL,complete,eligible
NACL|LOLTMNT01_233264,NACL,complete,eligible
AL|LOLTMNT04_108311,AL,complete,eligible
NACL|LOLTMNT01_233282,NACL,complete,eligible
NACL|LOLTMNT01_233311,NACL,complete,eligible
NACL|LOLTMNT01_233317,NACL,complete,eligible
LAS|LOLTMNT01_233438,LAS,complete,eligible
LAS|LOLTMNT01_232624,LAS,complete,eligible
LAS|LOLTMNT01_232629,LAS,complete,eligible
LAS|LOLTMNT01_233434,LAS,complete,eligible
LAS|LOLTMNT01_233469,LAS,complete,eligible
LAS|LOLTMNT01_233480,LAS,complete,eligible
LAS|LOLTMNT01_232659,LAS,complete,eligible
LAS|LOLTMNT01_232664,LAS,complete,eligible
LCK|LOLTMNT01_232663,LCK,complete,eligible
LAS|LOLTMNT01_233504,LAS,complete,eligible
LCK|LOLTMNT01_233515,LCK,complete,eligible
LAS|LOLTMNT01_233529,LAS,complete,eligible
LAS|LOLTMNT01_232705,LAS,complete,eligible
LAS|LOLTMNT01_233532,LAS,complete,eligible
LAS|LOLTMNT01_233533,LAS,complete,eligible
LCK|LOLTMNT01_233535,LCK,complete,eligible
LAS|LOLTMNT01_233537,LAS,complete,eligible
LAS|LOLTMNT01_232718,LAS,complete,eligible
LAS|LOLTMNT01_233543,LAS,complete,eligible
LAS|LOLTMNT01_232725,LAS,complete,eligible
LAS|LOLTMNT01_233584,LAS,complete,eligible
LCK|LOLTMNT01_233579,LCK,complete,eligible
LPL|12012-12012_game_1,LPL,partial,not_complete
RL|LOLTMNT01_232778,RL,complete,eligible
LCP|LOLTMNT01_232819,LCP,complete,eligible
LFL2|LOLTMNT04_106756,LFL2,complete,eligible
LCK|LOLTMNT01_232817,LCK,complete,eligible
HC|LOLTMNT01_233634,HC,complete,eligible
LPL|12012-12012_game_2,LPL,partial,not_complete
RL|LOLTMNT01_233646,RL,complete,eligible
LCP|LOLTMNT01_232868,LCP,complete,eligible
LFL2|LOLTMNT04_106758,LFL2,complete,eligible
LPL|12012-12012_game_3,LPL,partial,not_complete
HC|LOLTMNT01_233686,HC,complete,eligible
RL|LOLTMNT01_232903,RL,complete,eligible
LCP|LOLTMNT01_232949,LCP,complete,eligible
LFL2|LOLTMNT01_232958,LFL2,complete,eligible
LPL|12013-12013_game_1,LPL,partial,not_complete
HC|LOLTMNT01_233743,HC,complete,eligible
LCP|LOLTMNT01_232979,LCP,complete,eligible
LFL2|LOLTMNT04_108352,LFL2,complete,eligible
LPL|12013-12013_game_2,LPL,partial,not_complete
LEC|LOLTMNT04_108350,LEC,complete,eligible
LFL|LOLTMNT04_108355,LFL,complete,eligible
LPL|12013-12013_game_3,LPL,partial,not_complete
LEC|LOLTMNT04_106786,LEC,complete,eligible
LFL|LOLTMNT04_108360,LFL,complete,eligible
LTA S|LOLTMNT01_234104,LTA S,complete,eligible
LEC|LOLTMNT04_108362,LEC,complete,eligible
LFL|LOLTMNT04_108363,LFL,complete,eligible
LTA S|LOLTMNT01_234166,LTA S,complete,eligible
LEC|LOLTMNT04_106797,LEC,complete,eligible
LTA S|LOLTMNT01_233879,LTA S,complete,eligible
LTA S|LOLTMNT01_234239,LTA S,complete,eligible
LEC|LOLTMNT04_108377,LEC,complete,eligible
LEC|LOLTMNT04_106812,LEC,complete,eligible
LTA N|LOLTMNT01_234319,LTA N,complete,eligible
LTA N|LOLTMNT01_234353,LTA N,complete,eligible
LTA N|LOLTMNT01_235002,LTA N,complete,eligible
LTA N|LOLTMNT01_235009,LTA N,complete,eligible
LAS|LOLTMNT01_235097,LAS,complete,eligible
LAS|LOLTMNT01_235092,LAS,complete,eligible
LAS|LOLTMNT01_235088,LAS,complete,eligible
LAS|LOLTMNT01_235094,LAS,complete,eligible
LAS|LOLTMNT01_234517,LAS,complete,eligible
LAS|LOLTMNT01_235123,LAS,complete,eligible
LAS|LOLTMNT01_234524,LAS,complete,eligible
LAS|LOLTMNT01_234522,LAS,complete,eligible
LCK|LOLTMNT01_234523,LCK,complete,eligible
LAS|LOLTMNT01_234546,LAS,complete,eligible
LAS|LOLTMNT01_234551,LAS,complete,eligible
LCK|LOLTMNT01_234559,LCK,complete,eligible
LAS|LOLTMNT01_235180,LAS,complete,eligible
LAS|LOLTMNT01_234581,LAS,complete,eligible
LAS|LOLTMNT01_234585,LAS,complete,eligible
LAS|LOLTMNT01_234586,LAS,complete,eligible
LPL|12014-12014_game_1,LPL,partial,not_complete
LCK|LOLTMNT01_234587,LCK,complete,eligible
LAS|LOLTMNT01_234604,LAS,complete,eligible
LAS|LOLTMNT01_234608,LAS,complete,eligible
LAS|LOLTMNT01_235198,LAS,complete,eligible
LPL|12014-12014_game_2,LPL,partial,not_complete
LCK|LOLTMNT01_235231,LCK,complete,eligible
RL|LOLTMNT01_235250,RL,complete,eligible
LCP|LOLTMNT01_234689,LCP,complete,eligible
LFL2|LOLTMNT04_106817,LFL2,complete,eligible
LCK|LOLTMNT01_235270,LCK,complete,eligible
HC|LOLTMNT01_235280,HC,complete,eligible
LPL|12015-12015_game_1,LPL,partial,not_complete
LCP|LOLTMNT01_234709,LCP,complete,eligible
RL|LOLTMNT01_235284,RL,complete,eligible
LFL2|LOLTMNT04_106823,LFL2,complete,eligible
HC|LOLTMNT01_235297,HC,complete,eligible
LCK|LOLTMNT01_235289,LCK,complete,eligible
LPL|12015-12015_game_2,LPL,partial,not_complete
RL|LOLTMNT01_234763,RL,complete,eligible
HC|LOLTMNT01_234775,HC,complete,eligible
LCP|LOLTMNT01_234794,LCP,complete,eligible
LFL2|LOLTMNT04_108401,LFL2,complete,eligible
LPL|12015-12015_game_3,LPL,partial,not_complete
LCP|LOLTMNT01_234827,LCP,complete,eligible
LFL2|LOLTMNT04_106841,LFL2,complete,eligible
LEC|LOLTMNT04_106845,LEC,complete,eligible
LPL|12016-12016_game_1,LPL,partial,not_complete
LEC|LOLTMNT04_108428,LEC,complete,eligible
LPL|12016-12016_game_2,LPL,partial,not_complete
LTA S|LOLTMNT01_235480,LTA S,complete,eligible
LEC|LOLTMNT04_106860,LEC,complete,eligible
LPL|12016-12016_game_3,LPL,partial,not_complete
LTA S|LOLTMNT01_234975,LTA S,complete,eligible
LEC|LOLTMNT04_106881,LEC,complete,eligible
LTA S|LOLTMNT01_235540,LTA S,complete,eligible
LEC|LOLTMNT04_108453,LEC,complete,eligible
LTA S|LOLTMNT01_235559,LTA S,complete,eligible
LEC|LOLTMNT04_106898,LEC,complete,eligible
LTA S|LOLTMNT01_236052,LTA S,complete,eligible
LTA N|LOLTMNT01_235596,LTA N,complete,eligible
LRN|LOLTMNT01_236077,LRN,complete,eligible
LTA N|LOLTMNT01_235618,LTA N,complete,eligible
LRN|LOLTMNT01_236099,LRN,complete,eligible
LTA N|LOLTMNT01_235630,LTA N,complete,eligible
LRN|LOLTMNT01_235640,LRN,complete,eligible
LTA N|LOLTMNT01_235647,LTA N,complete,eligible
LRN|LOLTMNT01_236119,LRN,complete,eligible
LTA N|LOLTMNT01_236128,LTA N,complete,eligible
LCKC|LOLTMNT01_236160,LCKC,complete,eligible
LCKC|LOLTMNT01_236164,LCKC,complete,eligible
LCKC|LOLTMNT01_235728,LCKC,complete,eligible
LCKC|LOLTMNT01_236210,LCKC,complete,eligible
PCS|LOLTMNT01_236217,PCS,complete,eligible
LPL|12017-12017_game_1,LPL,partial,not_complete
LCKC|LOLTMNT01_236223,LCKC,complete,eligible
PCS|LOLTMNT01_235759,PCS,complete,eligible
LPL|12017-12017_game_2,LPL,partial,not_complete
LCKC|LOLTMNT01_236247,LCKC,complete,eligible
PCS|LOLTMNT01_236249,PCS,complete,eligible
LPL|12018-12018_game_1,LPL,partial,not_complete
LCKC|LOLTMNT01_235790,LCKC,complete,eligible
PCS|LOLTMNT01_235795,PCS,complete,eligible
LPL|12018-12018_game_2,LPL,partial,not_complete
LPL|12018-12018_game_3,LPL,partial,not_complete
LEC|LOLTMNT04_108493,LEC,complete,eligible
LEC|LOLTMNT04_106945,LEC,complete,eligible
LEC|LOLTMNT04_108498,LEC,complete,eligible
LEC|LOLTMNT04_106968,LEC,complete,eligible
LEC|LOLTMNT04_106978,LEC,complete,eligible
LRS|LOLTMNT01_235980,LRS,complete,eligible
CD|LOLTMNT01_236489,CD,complete,eligible
LRS|LOLTMNT01_236492,LRS,complete,eligible
CD|LOLTMNT01_236504,CD,complete,eligible
CD|LOLTMNT01_236518,CD,complete,eligible
LRS|LOLTMNT01_236527,LRS,complete,eligible
CD|LOLTMNT01_236537,CD,complete,eligible
LRS|LOLTMNT01_237038,LRS,complete,eligible
CD|LOLTMNT01_237041,CD,complete,eligible
LCKC|LOLTMNT01_237114,LCKC,complete,eligible
LJL|LOLTMNT01_236615,LJL,complete,eligible
LCKC|LOLTMNT01_236625,LCKC,complete,eligible
PCS|LOLTMNT01_236626,PCS,complete,eligible
LJL|LOLTMNT01_237124,LJL,complete,eligible
LPL|12019-12019_game_1,LPL,partial,not_complete
LCKC|LOLTMNT01_237131,LCKC,complete,eligible
PCS|LOLTMNT01_237133,PCS,complete,eligible
LJL|LOLTMNT01_237136,LJL,complete,eligible
PCS|LOLTMNT01_237144,PCS,complete,eligible
LPL|12019-12019_game_2,LPL,partial,not_complete
LJL|LOLTMNT01_237154,LJL,complete,eligible
LCKC|LOLTMNT01_236659,LCKC,complete,eligible
PCS|LOLTMNT01_237174,PCS,complete,eligible
LPL|12019-12019_game_3,LPL,partial,not_complete
LCKC|LOLTMNT01_237188,LCKC,complete,eligible
PCS|LOLTMNT01_236706,PCS,complete,eligible
LPL|12021-12021_game_1,LPL,partial,not_complete
HLL|LOLTMNT01_236720,HLL,complete,eligible
LPL|12021-12021_game_2,LPL,partial,not_complete
HM|LOLTMNT01_236746,HM,complete,eligible
HLL|LOLTMNT01_237231,HLL,complete,eligible
LPL|12021-12021_game_3,LPL,partial,not_complete
HLL|LOLTMNT01_236775,HLL,complete,eligible
HM|LOLTMNT01_236779,HM,complete,eligible
RL|LOLTMNT01_236773,RL,complete,eligible
HLL|LOLTMNT01_236811,HLL,complete,eligible
PRM|LOLTMNT04_109101,PRM,complete,eligible
PRM|LOLTMNT04_108674,PRM,complete,eligible
RL|LOLTMNT01_236809,RL,complete,eligible
HM|LOLTMNT01_237285,HM,complete,eligible
PRM|LOLTMNT04_108676,PRM,complete,eligible
ROL|LOLTMNT01_237301,ROL,complete,eligible
PRM|LOLTMNT04_109105,PRM,complete,eligible
HM|LOLTMNT01_237313,HM,complete,eligible
RL|LOLTMNT01_236845,RL,complete,eligible
HM|LOLTMNT01_237339,HM,complete,eligible
ROL|LOLTMNT01_236862,ROL,complete,eligible
RL|LOLTMNT01_237334,RL,complete,eligible
PRM|LOLTMNT04_108681,PRM,complete,eligible
ROL|LOLTMNT01_237330,ROL,complete,eligible
PRM|LOLTMNT04_109111,PRM,complete,eligible
ROL|LOLTMNT01_236892,ROL,complete,eligible
CD|LOLTMNT01_236917,CD,complete,eligible
LRS|LOLTMNT01_236927,LRS,complete,eligible
CD|LOLTMNT01_236928,CD,complete,eligible
LRS|LOLTMNT01_236934,LRS,complete,eligible
CD|LOLTMNT01_236940,CD,complete,eligible
CD|LOLTMNT01_236953,CD,complete,eligible
CD|LOLTMNT01_236955,CD,complete,eligible
LCK|LOLTMNT01_237491,LCK,complete,eligible
PCS|LOLTMNT01_238019,PCS,complete,eligible
LCK|LOLTMNT01_237499,LCK,complete,eligible
LPL|12022-12022_game_1,LPL,partial,not_complete
LCK|LOLTMNT01_238025,LCK,complete,eligible
LPL|12022-12022_game_2,LPL,partial,not_complete
PCS|LOLTMNT01_238038,PCS,complete,eligible
LCK|LOLTMNT01_237541,LCK,complete,eligible
PCS|LOLTMNT01_237545,PCS,complete,eligible
LPL|12023-12023_game_1,LPL,partial,not_complete
PCS|LOLTMNT01_237563,PCS,complete,eligible
LCK|LOLTMNT01_238088,LCK,complete,eligible
LPL|12023-12023_game_2,LPL,partial,not_complete
PCS|LOLTMNT01_238102,PCS,complete,eligible
HLL|LOLTMNT01_237581,HLL,complete,eligible
LPL|12023-12023_game_3,LPL,partial,not_complete
HLL|LOLTMNT01_237603,HLL,complete,eligible
TCL|LOLTMNT04_109306,TCL,complete,eligible
HLL|LOLTMNT01_238145,HLL,complete,eligible
RL|LOLTMNT01_237620,RL,complete,eligible
TCL|LOLTMNT04_109318,TCL,complete,eligible
HLL|LOLTMNT01_238168,HLL,complete,eligible
LVP SL|LOLTMNT01_238171,LVP SL,complete,eligible
RL|LOLTMNT01_238169,RL,complete,eligible
PRM|LOLTMNT04_109323,PRM,complete,eligible
NEXO|LOLTMNT01_237654,NEXO,complete,eligible
NLC|LOLTMNT04_109330,NLC,complete,eligible
LFL|LOLTMNT04_108898,LFL,complete,eligible
AL|LOLTMNT04_108909,AL,complete,eligible
PRM|LOLTMNT04_108918,PRM,complete,eligible
LVP SL|LOLTMNT01_238193,LVP SL,complete,eligible
TCL|LOLTMNT04_109337,TCL,complete,eligible
NEXO|LOLTMNT01_237671,NEXO,complete,eligible
NLC|LOLTMNT04_109345,NLC,complete,eligible
RL|LOLTMNT01_238198,RL,complete,eligible
LFL|LOLTMNT04_108923,LFL,complete,eligible
AL|LOLTMNT04_109349,AL,complete,eligible
PRM|LOLTMNT04_109352,PRM,complete,eligible
LVP SL|LOLTMNT01_238210,LVP SL,complete,eligible
LFL|LOLTMNT04_108937,LFL,complete,eligible
RL|LOLTMNT01_238213,RL,complete,eligible
NLC|LOLTMNT04_108940,NLC,complete,eligible
TCL|LOLTMNT04_109365,TCL,complete,eligible
PRM|LOLTMNT04_108949,PRM,complete,eligible
AL|LOLTMNT04_109364,AL,complete,eligible
LVP SL|LOLTMNT01_238224,LVP SL,complete,eligible
LFL|LOLTMNT04_109367,LFL,complete,eligible
NLC|LOLTMNT04_108951,NLC,complete,eligible
PRM|LOLTMNT04_108952,PRM,complete,eligible
LFL|LOLTMNT04_108953,LFL,complete,eligible
AL|LOLTMNT04_109371,AL,complete,eligible
CD|LOLTMNT01_237734,CD,complete,eligible
PRM|LOLTMNT04_108954,PRM,complete,eligible
LFL|LOLTMNT04_109376,LFL,complete,eligible
NACL|LOLTMNT01_238268,NACL,complete,eligible
CD|LOLTMNT01_237752,CD,complete,eligible
NACL|LOLTMNT01_237758,NACL,complete,eligible
CD|LOLTMNT01_238289,CD,complete,eligible
NACL|LOLTMNT01_237766,NACL,complete,eligible
CD|LOLTMNT01_238304,CD,complete,eligible
NACL|LOLTMNT01_238306,NACL,complete,eligible
LCKC|LOLTMNT01_238362,LCKC,complete,eligible
LCKC|LOLTMNT01_238366,LCKC,complete,eligible
LCKC|LOLTMNT01_237821,LCKC,complete,eligible
LCKC|LOLTMNT01_237833,LCKC,complete,eligible
LCKC|LOLTMNT01_238376,LCKC,complete,eligible
LCKC|LOLTMNT01_237832,LCKC,complete,eligible
LCKC|LOLTMNT01_237843,LCKC,complete,eligible
LCK|LOLTMNT01_238405,LCK,complete,eligible
LCK|LOLTMNT01_237861,LCK,complete,eligible
LPL|12024-12024_game_1,LPL,partial,not_complete
LCK|LOLTMNT01_238430,LCK,complete,eligible
LPL|12024-12024_game_2,LPL,partial,not_complete
LCK|LOLTMNT01_237894,LCK,complete,eligible
LPL|12025-12025_game_1,LPL,partial,not_complete
LCK|LOLTMNT01_237909,LCK,complete,eligible
LPL|12025-12025_game_2,LPL,partial,not_complete
HLL|LOLTMNT01_238495,HLL,complete,eligible
HLL|LOLTMNT01_237968,HLL,complete,eligible
TCL|LOLTMNT04_109469,TCL,complete,eligible
NEXO|LOLTMNT01_237985,NEXO,complete,eligible
RL|LOLTMNT01_237988,RL,complete,eligible
HLL|LOLTMNT01_237997,HLL,complete,eligible
HC|LOLTMNT01_237990,HC,complete,eligible
TCL|LOLTMNT04_110078,TCL,complete,eligible
NEXO|LOLTMNT01_239020,NEXO,complete,eligible
AL|LOLTMNT04_110091,AL,complete,eligible
HLL|LOLTMNT01_239025,HLL,complete,eligible
LFL|LOLTMNT04_109477,LFL,complete,eligible
RL|LOLTMNT01_238554,RL,complete,eligible
HC|LOLTMNT01_238567,HC,complete,eligible
NLC|LOLTMNT04_109485,NLC,complete,eligible
TCL|LOLTMNT04_110094,TCL,complete,eligible
LFL|LOLTMNT04_109487,LFL,complete,eligible
NEXO|LOLTMNT01_239052,NEXO,complete,eligible
AL|LOLTMNT04_110096,AL,complete,eligible
ROL|LOLTMNT01_238575,ROL,complete,eligible
NEXO|LOLTMNT01_238587,NEXO,complete,eligible
HC|LOLTMNT01_238600,HC,complete,eligible
NLC|LOLTMNT04_109496,NLC,complete,eligible
TCL|LOLTMNT04_110097,TCL,complete,eligible
LFL|LOLTMNT04_110103,LFL,complete,eligible
LPLOL|LOLTMNT01_238610,LPLOL,complete,eligible
ROL|LOLTMNT01_238607,ROL,complete,eligible
ROL|LOLTMNT01_239068,ROL,complete,eligible
NEXO|LOLTMNT01_239070,NEXO,complete,eligible
AL|LOLTMNT04_110104,AL,complete,eligible
HC|LOLTMNT01_239075,HC,complete,eligible
NLC|LOLTMNT04_109509,NLC,complete,eligible
LFL|LOLTMNT04_110105,LFL,complete,eligible
ROL|LOLTMNT01_239087,ROL,complete,eligible
LPLOL|LOLTMNT01_238630,LPLOL,complete,eligible
ROL|LOLTMNT01_239089,ROL,complete,eligible
HC|LOLTMNT01_239093,HC,complete,eligible
AL|LOLTMNT04_109510,AL,complete,eligible
NLC|LOLTMNT04_110106,NLC,complete,eligible
LFL|LOLTMNT04_109511,LFL,complete,eligible
LPLOL|LOLTMNT01_238641,LPLOL,complete,eligible
LPLOL|LOLTMNT01_238656,LPLOL,complete,eligible
NACL|LOLTMNT01_238657,NACL,complete,eligible
NACL|LOLTMNT01_239121,NACL,complete,eligible
NACL|LOLTMNT01_239135,NACL,complete,eligible
NACL|LOLTMNT01_239140,NACL,complete,eligible
NACL|LOLTMNT01_238678,NACL,complete,eligible
LCKC|LOLTMNT01_239169,LCKC,complete,eligible
LCKC|LOLTMNT01_239182,LCKC,complete,eligible
LCK|LOLTMNT01_238751,LCK,complete,eligible
LCK|LOLTMNT01_238758,LCK,complete,eligible
LPL|12026-12026_game_1,LPL,partial,not_complete
LCK|LOLTMNT01_239267,LCK,complete,eligible
LPL|12026-12026_game_2,LPL,partial,not_complete
LCK|LOLTMNT01_239278,LCK,complete,eligible
LPL|12026-12026_game_3,LPL,partial,not_complete
LPL|12027-12027_game_1,LPL,partial,not_complete
LPL|12027-12027_game_2,LPL,partial,not_complete
LPL|12027-12027_game_3,LPL,partial,not_complete
HM|LOLTMNT02_252510,HM,complete,eligible
TCL|LOLTMNT04_109586,TCL,complete,eligible
HM|LOLTMNT02_254523,HM,complete,eligible
TCL|LOLTMNT04_110406,TCL,complete,eligible
PRMP|LOLTMNT05_130020,PRMP,complete,eligible
HM|LOLTMNT02_252549,HM,complete,eligible
PRMP|LOLTMNT05_131030,PRMP,complete,missing_player_id
TCL|LOLTMNT04_109588,TCL,complete,eligible
PRMP|LOLTMNT05_131033,PRMP,complete,eligible
PRMP|LOLTMNT05_131034,PRMP,complete,missing_player_id
HM|LOLTMNT02_254588,HM,complete,eligible
TCL|LOLTMNT04_109593,TCL,complete,eligible
PRMP|LOLTMNT05_130024,PRMP,complete,eligible
PRMP|LOLTMNT05_131036,PRMP,complete,missing_player_id
LPLOL|LOLTMNT01_238852,LPLOL,complete,eligible
AL|LOLTMNT04_109601,AL,complete,eligible
PRMP|LOLTMNT05_131041,PRMP,complete,missing_player_id
PRMP|LOLTMNT05_131042,PRMP,complete,eligible
LPLOL|LOLTMNT01_239347,LPLOL,complete,eligible
AL|LOLTMNT04_109602,AL,complete,eligible
LPLOL|LOLTMNT01_239352,LPLOL,complete,eligible
NACL|LOLTMNT01_238872,NACL,complete,eligible
LPLOL|LOLTMNT01_239357,LPLOL,complete,eligible
NACL|LOLTMNT01_239360,NACL,complete,eligible
NACL|LOLTMNT01_238879,NACL,complete,eligible
NACL|LOLTMNT01_238881,NACL,complete,eligible
NACL|LOLTMNT01_238884,NACL,complete,eligible
LAS|LOLTMNT01_239449,LAS,complete,eligible
LAS|LOLTMNT01_238971,LAS,complete,eligible
LAS|LOLTMNT01_238960,LAS,complete,eligible
LAS|LOLTMNT01_239458,LAS,complete,eligible
LAS|LOLTMNT01_238985,LAS,complete,eligible
LAS|LOLTMNT01_238984,LAS,complete,eligible
LAS|LOLTMNT01_239477,LAS,complete,eligible
LAS|LOLTMNT01_239479,LAS,complete,eligible
LCK|LOLTMNT01_239481,LCK,complete,eligible
LAS|LOLTMNT01_239493,LAS,complete,eligible
LAS|LOLTMNT01_239494,LAS,complete,eligible
LAS|LOLTMNT01_240001,LAS,complete,eligible
LCK|LOLTMNT01_239496,LCK,complete,eligible
LPL|12028-12028_game_1,LPL,partial,not_complete
LAS|LOLTMNT01_239505,LAS,complete,eligible
LAS|LOLTMNT01_239511,LAS,complete,eligible
LAS|LOLTMNT01_240014,LAS,complete,eligible
LAS|LOLTMNT01_239507,LAS,complete,eligible
LPL|12028-12028_game_2,LPL,partial,not_complete
LCK|LOLTMNT01_239535,LCK,complete,eligible
LAS|LOLTMNT01_240036,LAS,complete,eligible
LAS|LOLTMNT01_239537,LAS,complete,eligible
LAS|LOLTMNT01_240039,LAS,complete,eligible
LAS|LOLTMNT01_239541,LAS,complete,eligible
HC|LOLTMNT02_252785,HC,complete,eligible
LCK|LOLTMNT01_240045,LCK,complete,eligible
LAS|LOLTMNT01_240050,LAS,complete,eligible
LPL|12029-12029_game_1,LPL,partial,not_complete
LCP|LOLTMNT02_252805,LCP,complete,eligible
LFL2|LOLTMNT04_110440,LFL2,complete,eligible
HC|LOLTMNT02_254808,HC,complete,eligible
LPL|12029-12029_game_2,LPL,partial,not_complete
LCP|LOLTMNT02_254812,LCP,complete,eligible
LFL2|LOLTMNT04_110450,LFL2,complete,eligible
HC|LOLTMNT02_252831,HC,complete,eligible
LPL|12029-12029_game_3,LPL,partial,not_complete
LCP|LOLTMNT02_252838,LCP,complete,eligible
LFL2|LOLTMNT04_110455,LFL2,complete,eligible
HC|LOLTMNT02_254835,HC,complete,eligible
LCP|LOLTMNT02_252876,LCP,complete,eligible
HC|LOLTMNT02_252875,HC,complete,eligible
LFL2|LOLTMNT04_109738,LFL2,complete,eligible
LPL|12030-12030_game_1,LPL,partial,not_complete
LCP|LOLTMNT02_252914,LCP,complete,eligible
LIT|LOLTMNT04_110466,LIT,complete,eligible
LPL|12030-12030_game_2,LPL,partial,not_complete
LIT|LOLTMNT04_109760,LIT,complete,eligible
LEC|LOLTMNT05_130051,LEC,complete,eligible
LPL|12030-12030_game_3,LPL,partial,not_complete
LTA S|LOLTMNT02_254941,LTA S,complete,eligible
LIT|LOLTMNT04_109763,LIT,complete,eligible
LTA S|LOLTMNT02_252966,LTA S,complete,eligible
LEC|LOLTMNT05_130052,LEC,complete,eligible
LIT|LOLTMNT04_109768,LIT,complete,eligible
LTA S|LOLTMNT02_252997,LTA S,complete,eligible
LEC|LOLTMNT05_130053,LEC,complete,eligible
LTA S|LOLTMNT02_254996,LTA S,complete,eligible
LEC|LOLTMNT05_130060,LEC,complete,eligible
LTA N|LOLTMNT02_255058,LTA N,complete,eligible
LTA N|LOLTMNT02_255072,LTA N,complete,eligible
LTA N|LOLTMNT02_255088,LTA N,complete,eligible
LTA N|LOLTMNT02_256105,LTA N,complete,eligible
LTA N|LOLTMNT02_256109,LTA N,complete,eligible
LCKC|LOLTMNT01_239670,LCKC,complete,eligible
LCKC|LOLTMNT01_239674,LCKC,complete,eligible
LAS|LOLTMNT01_240264,LAS,complete,eligible
LAS|LOLTMNT01_240268,LAS,complete,eligible
LAS|LOLTMNT01_240262,LAS,complete,eligible
LAS|LOLTMNT01_239736,LAS,complete,eligible
LAS|LOLTMNT01_239756,LAS,complete,eligible
LAS|LOLTMNT01_240293,LAS,complete,eligible
LAS|LOLTMNT01_239758,LAS,complete,eligible
LAS|LOLTMNT01_239757,LAS,complete,eligible
LCK|LOLTMNT01_240296,LCK,complete,eligible
LAS|LOLTMNT01_240299,LAS,complete,eligible
LAS|LOLTMNT01_239764,LAS,complete,eligible
LCK|LOLTMNT01_240300,LCK,complete,eligible
LAS|LOLTMNT01_240303,LAS,complete,eligible
LAS|LOLTMNT01_240304,LAS,complete,eligible
LAS|LOLTMNT01_239768,LAS,complete,eligible
LAS|LOLTMNT01_240305,LAS,complete,eligible
LCK|LOLTMNT01_239787,LCK,complete,eligible
LAS|LOLTMNT01_240328,LAS,complete,eligible
LAS|LOLTMNT01_240331,LAS,complete,eligible
LAS|LOLTMNT01_239789,LAS,complete,eligible
HC|LOLTMNT02_256165,HC,complete,eligible
LAS|LOLTMNT01_239790,LAS,complete,eligible
LCK|LOLTMNT01_240332,LCK,complete,eligible
LPL|12031-12031_game_1,LPL,partial,not_complete
LAS|LOLTMNT01_239793,LAS,complete,eligible
LCP|LOLTMNT02_255211,LCP,complete,eligible
LFL2|LOLTMNT04_109922,LFL2,complete,eligible
HC|LOLTMNT02_256183,HC,complete,eligible
LCK|LOLTMNT01_240336,LCK,complete,eligible
LPL|12031-12031_game_2,LPL,partial,not_complete
LCP|LOLTMNT02_256197,LCP,complete,eligible
HC|LOLTMNT02_256204,HC,complete,eligible
LPL|12031-12031_game_3,LPL,partial,not_complete
LFL2|LOLTMNT04_109923,LFL2,complete,eligible
LCP|LOLTMNT02_256222,LCP,complete,eligible
HC|LOLTMNT02_255261,HC,complete,eligible
LFL2|LOLTMNT04_109942,LFL2,complete,eligible
LPL|12032-12032_game_1,LPL,partial,not_complete
LCP|LOLTMNT02_256268,LCP,complete,eligible
HC|LOLTMNT02_255291,HC,complete,eligible
LFL2|LOLTMNT04_110647,LFL2,complete,eligible
LPL|12032-12032_game_2,LPL,partial,not_complete
LCP|LOLTMNT02_256301,LCP,complete,eligible
LEC|LOLTMNT05_130075,LEC,complete,eligible
LTA S|LOLTMNT02_255362,LTA S,complete,eligible
LEC|LOLTMNT05_130076,LEC,complete,eligible
LTA S|LOLTMNT02_255378,LTA S,complete,eligible
LEC|LOLTMNT05_131093,LEC,complete,eligible
LTA S|LOLTMNT02_255397,LTA S,complete,eligible
LEC|LOLTMNT05_130088,LEC,complete,eligible
LTA S|LOLTMNT02_255419,LTA S,complete,eligible
LTA S|LOLTMNT02_255431,LTA S,complete,eligible
LTA S|LOLTMNT02_255452,LTA S,complete,eligible
LTA N|LOLTMNT02_256435,LTA N,complete,eligible
LRN|LOLTMNT02_255465,LRN,complete,eligible
LTA N|LOLTMNT02_256446,LTA N,complete,eligible
LRN|LOLTMNT02_256444,LRN,complete,eligible
LTA N|LOLTMNT02_256461,LTA N,complete,eligible
LRN|LOLTMNT02_255493,LRN,complete,eligible
LTA N|LOLTMNT02_256467,LTA N,complete,eligible
LRN|LOLTMNT02_256466,LRN,complete,eligible
LRN|LOLTMNT02_256475,LRN,complete,eligible
LTA N|LOLTMNT02_256476,LTA N,complete,eligible
LRN|LOLTMNT02_255511,LRN,complete,eligible
LRN|LOLTMNT02_255523,LRN,complete,eligible
LRN|LOLTMNT02_256484,LRN,complete,eligible
LCKC|LOLTMNT02_255554,LCKC,complete,eligible
LCKC|LOLTMNT02_256534,LCKC,complete,eligible
LCKC|LOLTMNT02_256551,LCKC,complete,eligible
LCKC|LOLTMNT02_255590,LCKC,complete,eligible
PCS|LOLTMNT02_256584,PCS,complete,eligible
LCKC|LOLTMNT02_255603,LCKC,complete,eligible
LPL|12033-12033_game_1,LPL,partial,not_complete
PCS|LOLTMNT02_255606,PCS,complete,eligible
LPL|12033-12033_game_2,LPL,partial,not_complete
LCKC|LOLTMNT02_255624,LCKC,complete,eligible
LCKC|LOLTMNT02_256621,LCKC,complete,eligible
LPL|12034-12034_game_1,LPL,partial,not_complete
LPL|12034-12034_game_2,LPL,partial,not_complete
LEC|LOLTMNT05_131176,LEC,complete,eligible
LEC|LOLTMNT05_131180,LEC,complete,eligible
LEC|LOLTMNT05_131182,LEC,complete,eligible
LRS|LOLTMNT02_256800,LRS,complete,eligible
LEC|LOLTMNT05_130177,LEC,complete,eligible
LRS|LOLTMNT02_255849,LRS,complete,eligible
LRS|LOLTMNT02_256870,LRS,complete,eligible
LRS|LOLTMNT02_256906,LRS,complete,eligible
CD|LOLTMNT02_255931,CD,complete,eligible
CD|LOLTMNT02_256927,CD,complete,eligible
LRS|LOLTMNT02_256925,LRS,complete,eligible
CD|LOLTMNT02_255951,CD,complete,eligible
LRS|LOLTMNT02_256941,LRS,complete,eligible
CD|LOLTMNT02_255959,CD,complete,eligible
LRS|LOLTMNT02_255963,LRS,complete,eligible
CD|LOLTMNT02_256952,CD,complete,eligible
LRS|LOLTMNT02_255973,LRS,complete,eligible
LJL|LOLTMNT01_240427,LJL,complete,eligible
LCKC|LOLTMNT02_257055,LCKC,complete,eligible
LJL|LOLTMNT01_239907,LJL,complete,eligible
LCKC|LOLTMNT02_258059,LCKC,complete,eligible
LJL|LOLTMNT01_240428,LJL,complete,eligible
PCS|LOLTMNT02_257070,PCS,complete,eligible
LPL|12035-12035_game_1,LPL,partial,not_complete
PCS|LOLTMNT02_257076,PCS,complete,eligible
LCKC|LOLTMNT02_257074,LCKC,complete,eligible
LJL|LOLTMNT01_239909,LJL,complete,eligible
LPL|12035-12035_game_2,LPL,partial,not_complete
PCS|LOLTMNT02_257090,PCS,complete,eligible
LCKC|LOLTMNT02_258085,LCKC,complete,eligible
LPL|12035-12035_game_3,LPL,partial,not_complete
PCS|LOLTMNT02_258142,PCS,complete,eligible
LCKC|LOLTMNT02_258179,LCKC,complete,eligible
LPL|12036-12036_game_1,LPL,partial,not_complete
LCKC|LOLTMNT02_258217,LCKC,complete,eligible
HLL|LOLTMNT02_257206,HLL,complete,eligible
LPL|12036-12036_game_2,LPL,partial,not_complete
HLL|LOLTMNT02_258261,HLL,complete,eligible
HM|LOLTMNT02_258262,HM,complete,eligible
LPL|12036-12036_game_3,LPL,partial,not_complete
RL|LOLTMNT02_257273,RL,complete,eligible
NEXO|LOLTMNT01_239915,NEXO,complete,eligible
HLL|LOLTMNT02_258294,HLL,complete,eligible
HM|LOLTMNT02_257282,HM,complete,eligible
NEXO|LOLTMNT01_239916,NEXO,complete,eligible
LVP SL|LOLTMNT02_258318,LVP SL,complete,eligible
PRM|LOLTMNT05_130245,PRM,complete,eligible
PRM|LOLTMNT05_131260,PRM,complete,eligible
RL|LOLTMNT02_257297,RL,complete,eligible
HM|LOLTMNT02_257300,HM,complete,eligible
HLL|LOLTMNT02_258322,HLL,complete,eligible
PRM|LOLTMNT05_131268,PRM,complete,eligible
LVP SL|LOLTMNT02_258341,LVP SL,complete,eligible
NEXO|LOLTMNT01_239917,NEXO,complete,eligible
RL|LOLTMNT02_257319,RL,complete,eligible
ROL|LOLTMNT02_257317,ROL,complete,eligible
PRM|LOLTMNT05_130251,PRM,complete,eligible
HM|LOLTMNT02_257332,HM,complete,eligible
LVP SL|LOLTMNT02_257348,LVP SL,complete,eligible
NEXO|LOLTMNT01_240439,NEXO,complete,eligible
ROL|LOLTMNT02_258365,ROL,complete,eligible
HM|LOLTMNT02_257365,HM,complete,eligible
PRM|LOLTMNT05_130260,PRM,complete,eligible
RL|LOLTMNT02_257366,RL,complete,eligible
ROL|LOLTMNT02_258362,ROL,complete,eligible
LVP SL|LOLTMNT02_257375,LVP SL,complete,eligible
NEXO|LOLTMNT01_239918,NEXO,complete,eligible
ROL|LOLTMNT02_258395,ROL,complete,eligible
PRM|LOLTMNT05_131275,PRM,complete,eligible
RL|LOLTMNT02_258407,RL,complete,eligible
ROL|LOLTMNT02_257391,ROL,complete,eligible
PRM|LOLTMNT05_130261,PRM,complete,eligible
CD|LOLTMNT02_258423,CD,complete,eligible
ROL|LOLTMNT02_258422,ROL,complete,eligible
CD|LOLTMNT02_257433,CD,complete,eligible
PRM|LOLTMNT05_131282,PRM,complete,eligible
NACL|LOLTMNT02_258435,NACL,complete,eligible
NACL|LOLTMNT02_258454,NACL,complete,eligible
CD|LOLTMNT02_257464,CD,complete,eligible
NACL|LOLTMNT02_258469,NACL,complete,eligible
CD|LOLTMNT02_258473,CD,complete,eligible
NACL|LOLTMNT02_257491,NACL,complete,eligible
CD|LOLTMNT02_257495,CD,complete,eligible
NACL|LOLTMNT02_258496,NACL,complete,eligible
NACL|LOLTMNT02_258500,NACL,complete,eligible
LCK|LOLTMNT02_257604,LCK,complete,eligible
LCK|LOLTMNT02_258642,LCK,complete,eligible
PCS|LOLTMNT02_258653,PCS,complete,eligible
LPL|12037-12037_game_1,LPL,partial,not_complete
LCK|LOLTMNT02_258663,LCK,complete,eligible
PCS|LOLTMNT02_257654,PCS,complete,eligible
LPL|12037-12037_game_2,LPL,partial,not_complete
PCS|LOLTMNT02_258699,PCS,complete,eligible
LCK|LOLTMNT02_258702,LCK,complete,eligible
PCS|LOLTMNT02_257728,PCS,complete,eligible
LPL|12038-12038_game_1,LPL,partial,not_complete
LCK|LOLTMNT02_258765,LCK,complete,eligible
PCS|LOLTMNT02_257756,PCS,complete,eligible
LPL|12038-12038_game_2,LPL,partial,not_complete
PCS|LOLTMNT02_258815,PCS,complete,eligible
HLL|LOLTMNT02_258817,HLL,complete,eligible
HLL|LOLTMNT02_258860,HLL,complete,eligible
TCL|LOLTMNT05_131347,TCL,complete,eligible
RL|LOLTMNT02_258885,RL,complete,eligible
HLL|LOLTMNT02_257854,HLL,complete,eligible
TCL|LOLTMNT05_130362,TCL,complete,eligible
RL|LOLTMNT02_257878,RL,complete,eligible
PRM|LOLTMNT05_131369,PRM,complete,eligible
AL|LOLTMNT04_111170,AL,complete,eligible
LFL|LOLTMNT05_131366,LFL,complete,eligible
NLC|LOLTMNT04_112047,NLC,complete,eligible
HLL|LOLTMNT02_257890,HLL,complete,eligible
TCL|LOLTMNT05_130377,TCL,complete,eligible
PRM|LOLTMNT05_131376,PRM,complete,eligible
EBL|LOLTMNT05_131374,EBL,complete,eligible
AL|LOLTMNT04_111171,AL,complete,eligible
NLC|LOLTMNT04_112049,NLC,complete,eligible
LFL|LOLTMNT05_130381,LFL,complete,eligible
RL|LOLTMNT02_257943,RL,complete,eligible
EBL|LOLTMNT05_130387,EBL,complete,eligible
NLC|LOLTMNT04_111174,NLC,complete,eligible
PRM|LOLTMNT05_131382,PRM,complete,eligible
TCL|LOLTMNT05_130385,TCL,complete,eligible
LFL|LOLTMNT05_131383,LFL,complete,eligible
RL|LOLTMNT02_259004,RL,complete,eligible
AL|LOLTMNT04_112056,AL,complete,eligible
EBL|LOLTMNT05_130392,EBL,complete,eligible
PRM|LOLTMNT05_131392,PRM,complete,eligible
EBL|LOLTMNT05_131395,EBL,complete,eligible
LFL|LOLTMNT05_130394,LFL,complete,eligible
AL|LOLTMNT04_112057,AL,complete,eligible
EBL|LOLTMNT05_131397,EBL,complete,eligible
LFL|LOLTMNT05_130397,LFL,complete,eligible
AL|LOLTMNT04_111179,AL,complete,eligible
NACL|LOLTMNT02_260050,NACL,complete,eligible
LFL|LOLTMNT05_131400,LFL,complete,eligible
NACL|LOLTMNT02_259089,NACL,complete,eligible
NACL|LOLTMNT02_259099,NACL,complete,eligible
NACL|LOLTMNT02_260087,NACL,complete,eligible
NACL|LOLTMNT02_260097,NACL,complete,eligible
NACL|LOLTMNT02_259124,NACL,complete,eligible
LCKC|LOLTMNT02_260157,LCKC,complete,eligible
LCKC|LOLTMNT02_259146,LCKC,complete,eligible
LCKC|LOLTMNT02_260160,LCKC,complete,eligible
LCKC|LOLTMNT02_260166,LCKC,complete,eligible
LCKC|LOLTMNT02_259180,LCKC,complete,eligible
LCKC|LOLTMNT02_259181,LCKC,complete,eligible
LCKC|LOLTMNT02_260202,LCKC,complete,eligible
LCK|LOLTMNT02_260233,LCK,complete,eligible
LCK|LOLTMNT02_259265,LCK,complete,eligible
LPL|12039-12039_game_1,LPL,partial,not_complete
VCS|LOLTMNT02_259299,VCS,complete,eligible
VCS|LOLTMNT02_259289,VCS,complete,missing_player_id
LCK|LOLTMNT02_260299,LCK,complete,eligible
LPL|12039-12039_game_2,LPL,partial,not_complete
VCS|LOLTMNT02_259329,VCS,complete,missing_player_id
LCK|LOLTMNT02_259331,LCK,complete,eligible
VCS|LOLTMNT02_259356,VCS,complete,eligible
LPL|12040-12040_game_1,LPL,partial,not_complete
VCS|LOLTMNT02_260408,VCS,complete,eligible
LPL|12040-12040_game_2,LPL,partial,not_complete
VCS|LOLTMNT02_259431,VCS,complete,eligible
VCS|LOLTMNT02_259472,VCS,complete,eligible
VCS|LOLTMNT02_259478,VCS,complete,eligible
LPL|12040-12040_game_3,LPL,partial,not_complete
HM|LOLTMNT02_259518,HM,complete,eligible
VCS|LOLTMNT02_259533,VCS,complete,eligible
TCL|LOLTMNT05_130454,TCL,complete,eligible
HM|LOLTMNT02_259553,HM,complete,eligible
RL|LOLTMNT02_259551,RL,complete,eligible
TCL|LOLTMNT05_130468,TCL,complete,eligible
HM|LOLTMNT02_259587,HM,complete,eligible
LVP SL|LOLTMNT02_259578,LVP SL,complete,eligible
LFL|LOLTMNT05_131490,LFL,complete,eligible
RL|LOLTMNT02_259604,RL,complete,eligible
NLC|LOLTMNT05_131487,NLC,complete,eligible
AL|LOLTMNT04_111227,AL,complete,eligible
HM|LOLTMNT02_259625,HM,complete,eligible
NLC|LOLTMNT05_131504,NLC,complete,eligible
LVP SL|LOLTMNT02_260574,LVP SL,complete,eligible
EBL|LOLTMNT05_131501,EBL,complete,eligible
LFL|LOLTMNT05_130515,LFL,complete,eligible
TCL|LOLTMNT05_131503,TCL,complete,eligible
ROL|LOLTMNT02_259640,ROL,complete,eligible
AL|LOLTMNT04_111228,AL,complete,eligible
LVP SL|LOLTMNT02_259665,LVP SL,complete,eligible
HM|LOLTMNT02_260619,HM,complete,eligible
RL|LOLTMNT02_259659,RL,complete,eligible
NLC|LOLTMNT05_131510,NLC,complete,eligible
ROL|LOLTMNT02_260625,ROL,complete,eligible
EBL|LOLTMNT05_130521,EBL,complete,eligible
TCL|LOLTMNT05_130519,TCL,complete,eligible
ROL|LOLTMNT02_259689,ROL,complete,eligible
LFL|LOLTMNT05_131518,LFL,complete,eligible
AL|LOLTMNT04_111230,AL,complete,eligible
RL|LOLTMNT02_259715,RL,complete,eligible
HM|LOLTMNT02_259719,HM,complete,eligible
LVP SL|LOLTMNT02_260665,LVP SL,complete,eligible
EBL|LOLTMNT05_130525,EBL,complete,eligible
ROL|LOLTMNT02_259729,ROL,complete,eligible
LFL|LOLTMNT05_130529,LFL,complete,eligible
EBL|LOLTMNT05_130530,EBL,complete,eligible
LVP SL|LOLTMNT02_260687,LVP SL,complete,eligible
LFL|LOLTMNT05_131521,LFL,complete,eligible
EBL|LOLTMNT05_131523,EBL,complete,eligible
LVP SL|LOLTMNT02_260705,LVP SL,complete,eligible
AL|LOLTMNT04_112111,AL,complete,eligible
NACL|LOLTMNT02_260711,NACL,complete,eligible
EBL|LOLTMNT05_131526,EBL,complete,eligible
AL|LOLTMNT04_112122,AL,complete,eligible
NACL|LOLTMNT02_259789,NACL,complete,eligible
NACL|LOLTMNT02_259809,NACL,complete,eligible
AL|LOLTMNT04_112126,AL,complete,eligible
NACL|LOLTMNT02_260756,NACL,complete,eligible
NACL|LOLTMNT02_260761,NACL,complete,eligible
LCKC|LOLTMNT02_260802,LCKC,complete,eligible
LCKC|LOLTMNT02_259886,LCKC,complete,eligible
LCKC|LOLTMNT02_259916,LCKC,complete,eligible
LCKC|LOLTMNT02_260818,LCKC,complete,eligible
LCKC|LOLTMNT02_260855,LCKC,complete,eligible
VCS|LOLTMNT02_260884,VCS,complete,eligible
LCK|LOLTMNT02_259995,LCK,complete,eligible
VCS|LOLTMNT02_259993,VCS,complete,missing_player_id
LCK|LOLTMNT02_261033,LCK,complete,eligible
VCS|LOLTMNT02_261035,VCS,complete,eligible
VCS|LOLTMNT02_261047,VCS,complete,missing_player_id
LPL|12041-12041_game_1,LPL,partial,not_complete
VCS|LOLTMNT02_261074,VCS,complete,eligible
LCK|LOLTMNT02_260974,LCK,complete,eligible
VCS|LOLTMNT02_261086,VCS,complete,eligible
LPL|12041-12041_game_2,LPL,partial,not_complete
VCS|LOLTMNT02_261095,VCS,complete,eligible
LCK|LOLTMNT02_260988,LCK,complete,eligible
VCS|LOLTMNT02_260992,VCS,complete,eligible
LPL|12041-12041_game_3,LPL,partial,not_complete
VCS|LOLTMNT02_262025,VCS,complete,eligible
VCS|LOLTMNT02_261128,VCS,complete,eligible
VCS|LOLTMNT02_261152,VCS,complete,eligible
LPL|12042-12042_game_1,LPL,partial,not_complete
VCS|LOLTMNT02_261185,VCS,complete,eligible
LPL|12042-12042_game_2,LPL,partial,not_complete
HM|LOLTMNT02_261200,HM,complete,eligible
TCL|LOLTMNT05_130559,TCL,complete,eligible
LPL|12042-12042_game_3,LPL,partial,not_complete
HM|LOLTMNT02_262163,HM,complete,eligible
TCL|LOLTMNT05_130566,TCL,complete,eligible
PRMP|LOLTMNT05_131585,PRMP,complete,eligible
LFL|LOLTMNT05_130575,LFL,complete,eligible
PRMP|LOLTMNT05_130573,PRMP,complete,eligible
HM|LOLTMNT02_261264,HM,complete,eligible
AL|LOLTMNT04_111292,AL,complete,missing_player_id
AL|LOLTMNT04_112150,AL,complete,eligible
AL|LOLTMNT04_111288,AL,complete,eligible
PRMP|LOLTMNT05_131591,PRMP,complete,eligible
TCL|LOLTMNT05_131589,TCL,complete,eligible
AL|LOLTMNT04_112154,AL,complete,eligible
LFL|LOLTMNT05_130584,LFL,complete,eligible
HM|LOLTMNT02_261292,HM,complete,eligible
PRMP|LOLTMNT02_262225,PRMP,complete,eligible
AL|LOLTMNT04_111293,AL,complete,missing_player_id
AL|LOLTMNT04_111294,AL,complete,eligible
PRMP|LOLTMNT05_131599,PRMP,complete,eligible
TCL|LOLTMNT05_131597,TCL,complete,eligible
LFL|LOLTMNT05_131602,LFL,complete,eligible
PRMP|LOLTMNT02_262265,PRMP,complete,eligible
LPLOL|LOLTMNT02_262252,LPLOL,complete,eligible
AL|LOLTMNT04_112155,AL,complete,eligible
AL|LOLTMNT04_112156,AL,complete,eligible
PRMP|LOLTMNT05_130592,PRMP,complete,eligible
PRMP|LOLTMNT05_130598,PRMP,complete,eligible
LFL|LOLTMNT05_130594,LFL,complete,eligible
LPLOL|LOLTMNT02_262298,LPLOL,complete,eligible
AL|LOLTMNT04_111296,AL,complete,eligible
PRMP|LOLTMNT05_130603,PRMP,complete,eligible
PRMP|LOLTMNT05_130605,PRMP,complete,eligible
LPLOL|LOLTMNT02_261391,LPLOL,complete,eligible
LPLOL|LOLTMNT02_262373,LPLOL,complete,eligible
NACL|LOLTMNT02_261416,NACL,complete,eligible
NACL|LOLTMNT02_262416,NACL,complete,eligible
NACL|LOLTMNT02_261441,NACL,complete,eligible
NACL|LOLTMNT02_261472,NACL,complete,eligible
NACL|LOLTMNT02_261498,NACL,complete,eligible
NACL|LOLTMNT02_262547,NACL,complete,eligible
NACL|LOLTMNT02_262560,NACL,complete,eligible
NACL|LOLTMNT02_261539,NACL,complete,eligible
LAS|LOLTMNT02_261599,LAS,complete,eligible
LAS|LOLTMNT02_261582,LAS,complete,eligible
LAS|LOLTMNT02_261598,LAS,complete,eligible
LAS|LOLTMNT02_262622,LAS,complete,eligible
LAS|LOLTMNT02_262686,LAS,complete,eligible
LAS|LOLTMNT02_261678,LAS,complete,eligible
LAS|LOLTMNT02_262692,LAS,complete,eligible
LAS|LOLTMNT02_262701,LAS,complete,eligible
LCK|LOLTMNT02_262700,LCK,complete,eligible
LJL|LOLTMNT02_261688,LJL,complete,missing_player_id
LJL|LOLTMNT02_261676,LJL,complete,missing_player_id
LJL|LOLTMNT02_262678,LJL,complete,missing_player_id
LJL|LOLTMNT02_261681,LJL,complete,missing_player_id
LJL|LOLTMNT02_262711,LJL,complete,missing_player_id
LJL|LOLTMNT02_262710,LJL,complete,missing_player_id
LAS|LOLTMNT02_261710,LAS,complete,eligible
LCK|LOLTMNT02_261703,LCK,complete,eligible
LAS|LOLTMNT02_261713,LAS,complete,eligible
LJL|LOLTMNT02_262736,LJL,complete,missing_player_id
LJL|LOLTMNT02_261721,LJL,complete,missing_player_id
LJL|LOLTMNT02_262753,LJL,complete,missing_player_id
LJL|LOLTMNT02_261729,LJL,complete,missing_player_id
LJL|LOLTMNT02_261739,LJL,complete,missing_player_id
LJL|LOLTMNT02_261727,LJL,complete,missing_player_id
LPL|12043-12043_game_1,LPL,partial,not_complete
LAS|LOLTMNT02_262759,LAS,complete,eligible
LAS|LOLTMNT02_262761,LAS,complete,eligible
LAS|LOLTMNT02_262760,LAS,complete,eligible
LAS|LOLTMNT02_261747,LAS,complete,eligible
LJL|LOLTMNT02_261779,LJL,complete,missing_player_id
LJL|LOLTMNT02_261768,LJL,complete,missing_player_id
LJL|LOLTMNT02_261772,LJL,complete,missing_player_id
LJL|LOLTMNT02_261777,LJL,complete,eligible
LJL|LOLTMNT02_262790,LJL,complete,missing_player_id
LCK|LOLTMNT02_262780,LCK,complete,eligible
LJL|LOLTMNT02_262785,LJL,complete,eligible
LPL|12043-12043_game_2,LPL,partial,not_complete
LAS|LOLTMNT02_261785,LAS,complete,eligible
LAS|LOLTMNT02_262797,LAS,complete,eligible
LAS|LOLTMNT02_262799,LAS,complete,eligible
LPL|12043-12043_game_3,LPL,partial,not_complete
LCK|LOLTMNT02_262815,LCK,complete,eligible
HC|LOLTMNT02_261800,HC,complete,eligible
LCP|LOLTMNT02_261816,LCP,complete,eligible
HC|LOLTMNT02_262839,HC,complete,eligible
VCS|LOLTMNT02_262836,VCS,complete,eligible
LFL2|LOLTMNT05_131646,LFL2,complete,eligible
LPL|12044-12044_game_1,LPL,partial,not_complete
LCP|LOLTMNT02_261838,LCP,complete,eligible
LFL2|LOLTMNT02_262853,LFL2,complete,eligible
VCS|LOLTMNT02_261843,VCS,complete,eligible
HC|LOLTMNT02_262856,HC,complete,eligible
LPL|12044-12044_game_2,LPL,partial,not_complete
LCP|LOLTMNT02_262892,LCP,complete,eligible
LFL2|LOLTMNT05_130638,LFL2,complete,eligible
VCS|LOLTMNT02_261885,VCS,complete,eligible
HC|LOLTMNT02_261887,HC,complete,eligible
LPL|12045-12045_game_1,LPL,partial,not_complete
LCP|LOLTMNT02_261905,LCP,complete,eligible
VCS|LOLTMNT02_261911,VCS,complete,eligible
HC|LOLTMNT02_262923,HC,complete,eligible
LFL2|LOLTMNT05_131673,LFL2,complete,eligible
LCP|LOLTMNT02_261922,LCP,complete,eligible
LPL|12045-12045_game_2,LPL,partial,not_complete
LTA S|LOLTMNT02_261996,LTA S,complete,eligible
LEC|LOLTMNT05_130653,LEC,complete,eligible
LTA S|LOLTMNT02_263009,LTA S,complete,eligible
LEC|LOLTMNT05_130654,LEC,complete,eligible
LTA S|LOLTMNT02_263025,LTA S,complete,eligible
LTA S|LOLTMNT02_263052,LTA S,complete,eligible
LEC|LOLTMNT05_131696,LEC,complete,eligible
LTA S|LOLTMNT02_263066,LTA S,complete,eligible
LEC|LOLTMNT05_131697,LEC,complete,eligible
LTA N|LOLTMNT02_263109,LTA N,complete,eligible
LEC|LOLTMNT05_131698,LEC,complete,eligible
LTA N|LOLTMNT02_263129,LTA N,complete,eligible
LTA N|LOLTMNT02_263190,LTA N,complete,eligible
LTA N|LOLTMNT02_263200,LTA N,complete,eligible
LTA N|LOLTMNT02_263222,LTA N,complete,eligible
LAS|LOLTMNT02_263310,LAS,complete,eligible
LJL|LOLTMNT02_263309,LJL,complete,missing_player_id
LAS|LOLTMNT02_263313,LAS,complete,eligible
LJL|LOLTMNT02_264183,LJL,complete,eligible
LAS|LOLTMNT02_263307,LAS,complete,eligible
LAS|LOLTMNT02_264178,LAS,complete,eligible
LJL|LOLTMNT02_264185,LJL,complete,missing_player_id
LJL|LOLTMNT02_263314,LJL,complete,missing_player_id
LJL|LOLTMNT02_264174,LJL,complete,missing_player_id
LJL|LOLTMNT02_263316,LJL,complete,missing_player_id
LAS|LOLTMNT02_263336,LAS,complete,eligible
LAS|LOLTMNT02_263335,LAS,complete,eligible
LAS|LOLTMNT02_264212,LAS,complete,eligible
LAS|LOLTMNT02_263346,LAS,complete,eligible
LCK|LOLTMNT02_263347,LCK,complete,eligible
LJL|LOLTMNT02_264218,LJL,complete,missing_player_id
LJL|LOLTMNT02_264222,LJL,complete,missing_player_id
LJL|LOLTMNT02_263355,LJL,complete,missing_player_id
LJL|LOLTMNT02_263350,LJL,complete,missing_player_id
LJL|LOLTMNT02_264220,LJL,complete,missing_player_id
LJL|LOLTMNT02_264232,LJL,complete,missing_player_id
LAS|LOLTMNT02_263361,LAS,complete,eligible
LJL|LOLTMNT02_264245,LJL,complete,missing_player_id
LJL|LOLTMNT02_263371,LJL,complete,missing_player_id
LJL|LOLTMNT02_264246,LJL,complete,missing_player_id
LCK|LOLTMNT02_263369,LCK,complete,eligible
LJL|LOLTMNT02_264249,LJL,complete,missing_player_id
LJL|LOLTMNT02_264250,LJL,complete,missing_player_id
LJL|LOLTMNT02_264247,LJL,complete,missing_player_id
LPL|12046-12046_game_1,LPL,partial,not_complete
LCK|LOLTMNT02_263396,LCK,complete,eligible
LJL|LOLTMNT02_264265,LJL,complete,missing_player_id
LJL|LOLTMNT02_264266,LJL,complete,missing_player_id
LJL|LOLTMNT02_264268,LJL,complete,missing_player_id
LJL|LOLTMNT02_263401,LJL,complete,missing_player_id
LJL|LOLTMNT02_264259,LJL,complete,missing_player_id
LJL|LOLTMNT02_264261,LJL,complete,missing_player_id
LPL|12046-12046_game_2,LPL,partial,not_complete
LPL|12046-12046_game_3,LPL,partial,not_complete
HC|LOLTMNT02_263443,HC,complete,eligible
LCK|LOLTMNT02_264288,LCK,complete,eligible
LCP|LOLTMNT02_264302,LCP,complete,eligible
LFL2|LOLTMNT05_131712,LFL2,complete,eligible
HC|LOLTMNT02_264310,HC,complete,eligible
LCK|LOLTMNT02_263459,LCK,complete,eligible
LPL|12047-12047_game_1,LPL,partial,not_complete
LCP|LOLTMNT02_264317,LCP,complete,eligible
LFL2|LOLTMNT05_131717,LFL2,complete,eligible
HC|LOLTMNT02_263476,HC,complete,eligible
LPL|12047-12047_game_2,LPL,partial,not_complete
LCP|LOLTMNT02_264363,LCP,complete,eligible
HC|LOLTMNT02_263517,HC,complete,eligible
LPL|12047-12047_game_3,LPL,partial,not_complete
LFL2|LOLTMNT05_131728,LFL2,complete,eligible
LCP|LOLTMNT02_263535,LCP,complete,eligible
HC|LOLTMNT02_264396,HC,complete,eligible
LFL2|LOLTMNT05_130703,LFL2,complete,eligible
LPL|12048-12048_game_1,LPL,partial,not_complete
LPL|12048-12048_game_2,LPL,partial,not_complete
LTA S|LOLTMNT02_264478,LTA S,complete,eligible
LEC|LOLTMNT05_130721,LEC,complete,eligible
LTA S|LOLTMNT02_264499,LTA S,complete,eligible
LEC|LOLTMNT05_131763,LEC,complete,eligible
LTA S|LOLTMNT02_263665,LTA S,complete,eligible
LEC|LOLTMNT05_131765,LEC,complete,eligible
LTA S|LOLTMNT02_264540,LTA S,complete,eligible
LEC|LOLTMNT05_130732,LEC,complete,eligible
LTA S|LOLTMNT02_263703,LTA S,complete,eligible
LEC|LOLTMNT05_130733,LEC,complete,eligible
LTA S|LOLTMNT02_263715,LTA S,complete,eligible
LTA N|LOLTMNT02_264596,LTA N,complete,eligible
LTA N|LOLTMNT02_264603,LTA N,complete,eligible
LTA N|LOLTMNT02_263770,LTA N,complete,eligible
LTA N|LOLTMNT02_263775,LTA N,complete,eligible
LCKC|LOLTMNT02_263799,LCKC,complete,eligible
LCKC|LOLTMNT02_263811,LCKC,complete,eligible
LCKC|LOLTMNT02_264669,LCKC,complete,eligible
LCKC|LOLTMNT02_263837,LCKC,complete,eligible
LCKC|LOLTMNT02_264695,LCKC,complete,eligible
PCS|LOLTMNT02_263852,PCS,complete,eligible
LPL|12049-12049_game_1,LPL,partial,not_complete
PCS|LOLTMNT02_264723,PCS,complete,eligible
LCKC|LOLTMNT02_263884,LCKC,complete,eligible
LPL|12049-12049_game_2,LPL,partial,not_complete
PCS|LOLTMNT02_263901,PCS,complete,eligible
LCKC|LOLTMNT02_263904,LCKC,complete,eligible
LPL|12050-12050_game_1,LPL,partial,not_complete
PCS|LOLTMNT02_263942,PCS,complete,eligible
LCKC|LOLTMNT02_264779,LCKC,complete,eligible
LPL|12050-12050_game_2,LPL,partial,not_complete
PCS|LOLTMNT02_264826,PCS,complete,eligible
LEC|LOLTMNT05_130766,LEC,complete,eligible
NEXO|LOLTMNT02_264892,NEXO,complete,eligible
LEC|LOLTMNT05_131798,LEC,complete,eligible
NEXO|LOLTMNT02_265113,NEXO,complete,eligible
LEC|LOLTMNT05_131801,LEC,complete,eligible
NEXO|LOLTMNT02_264972,NEXO,complete,eligible
LEC|LOLTMNT05_131808,LEC,complete,eligible
NEXO|LOLTMNT02_265198,NEXO,complete,eligible
NEXO|LOLTMNT02_266064,NEXO,complete,eligible
CD|LOLTMNT02_266076,CD,complete,eligible
LRN|LOLTMNT02_265247,LRN,complete,eligible
CD|LOLTMNT02_265261,CD,complete,eligible
LRN|LOLTMNT02_266085,LRN,complete,eligible
CD|LOLTMNT02_265281,CD,complete,eligible
LRN|LOLTMNT02_266102,LRN,complete,eligible
CD|LOLTMNT02_265286,CD,complete,eligible
CD|LOLTMNT02_266115,CD,complete,eligible
LCKC|LOLTMNT02_265397,LCKC,complete,eligible
LCKC|LOLTMNT02_266242,LCKC,complete,eligible
PCS|LOLTMNT02_265423,PCS,complete,eligible
LPL|12051-12051_game_1,LPL,partial,not_complete
LCKC|LOLTMNT02_266262,LCKC,complete,eligible
PCS|LOLTMNT02_266266,PCS,complete,eligible
LPL|12051-12051_game_2,LPL,partial,not_complete
PCS|LOLTMNT02_266286,PCS,complete,eligible
LPL|12051-12051_game_3,LPL,partial,not_complete
LCKC|LOLTMNT02_265520,LCKC,complete,eligible
PCS|LOLTMNT02_266330,PCS,complete,eligible
LCKC|LOLTMNT02_265570,LCKC,complete,eligible
LPL|12052-12052_game_1,LPL,partial,not_complete
LPL|12052-12052_game_2,LPL,partial,not_complete
HM|LOLTMNT02_266418,HM,complete,eligible
HM|LOLTMNT02_265655,HM,complete,eligible
HM|LOLTMNT02_265689,HM,complete,eligible
PRM|LOLTMNT05_131830,PRM,complete,eligible
ROL|LOLTMNT02_265683,ROL,complete,eligible
PRM|LOLTMNT05_130810,PRM,complete,eligible
HM|LOLTMNT02_265709,HM,complete,eligible
PRM|LOLTMNT05_130817,PRM,complete,eligible
ROL|LOLTMNT02_265712,ROL,complete,eligible
PRM|LOLTMNT05_131835,PRM,complete,eligible
PRM|LOLTMNT05_130821,PRM,complete,eligible
PRM|LOLTMNT05_130826,PRM,complete,eligible
ROL|LOLTMNT02_266542,ROL,complete,eligible
LEC|LOLTMNT05_131854,LEC,complete,eligible
LPLOL|LOLTMNT02_266543,LPLOL,complete,eligible
PRM|LOLTMNT05_130832,PRM,complete,eligible
LRS|LOLTMNT02_265785,LRS,complete,eligible
LPLOL|LOLTMNT02_266585,LPLOL,complete,eligible
PRM|LOLTMNT05_131859,PRM,complete,eligible
LRS|LOLTMNT02_266606,LRS,complete,eligible
CD|LOLTMNT02_265812,CD,complete,eligible
LPLOL|LOLTMNT02_266616,LPLOL,complete,eligible
CD|LOLTMNT02_265821,CD,complete,eligible
LRS|LOLTMNT02_265820,LRS,complete,eligible
LPLOL|LOLTMNT02_265835,LPLOL,complete,eligible
CD|LOLTMNT02_266653,CD,complete,eligible
LRS|LOLTMNT02_265852,LRS,complete,eligible
CD|LOLTMNT02_266665,CD,complete,eligible
LCK|LOLTMNT02_265983,LCK,complete,eligible
LCK|LOLTMNT02_265989,LCK,complete,eligible
PCS|LOLTMNT02_265991,PCS,complete,eligible
LPL|12053-12053_game_1,LPL,partial,not_complete
LCK|LOLTMNT02_265995,LCK,complete,eligible
PCS|LOLTMNT02_266787,PCS,complete,eligible
LPL|12053-12053_game_2,LPL,partial,not_complete
PCS|LOLTMNT02_266807,PCS,complete,eligible
LCK|LOLTMNT02_266810,LCK,complete,eligible
PCS|LOLTMNT02_266844,PCS,complete,eligible
LPL|12054-12054_game_1,LPL,partial,not_complete
LCK|LOLTMNT02_267069,LCK,complete,eligible
LPL|12054-12054_game_2,LPL,partial,not_complete
HLL|LOLTMNT02_267106,HLL,complete,eligible
LCK|LOLTMNT02_267104,LCK,complete,eligible
HLL|LOLTMNT02_266928,HLL,complete,eligible
HM|LOLTMNT02_266937,HM,complete,eligible
HLL|LOLTMNT02_266952,HLL,complete,eligible
NEXO|LOLTMNT02_267164,NEXO,complete,eligible
TCL|LOLTMNT05_130878,TCL,complete,eligible
HM|LOLTMNT02_266973,HM,complete,eligible
HLL|LOLTMNT02_266979,HLL,complete,eligible
TCL|LOLTMNT05_130894,TCL,complete,eligible
NEXO|LOLTMNT02_266987,NEXO,complete,eligible
LVP SL|LOLTMNT02_267192,LVP SL,complete,eligible
NLC|LOLTMNT05_130892,NLC,complete,eligible
LFL|LOLTMNT05_131908,LFL,complete,eligible
HM|LOLTMNT02_266995,HM,complete,eligible
PRM|LOLTMNT05_131918,PRM,complete,eligible
NLC|LOLTMNT05_131921,NLC,complete,eligible
HLL|LOLTMNT02_267226,HLL,complete,eligible
LFL|LOLTMNT05_130909,LFL,complete,eligible
NEXO|LOLTMNT02_267222,NEXO,complete,eligible
EBL|LOLTMNT05_131920,EBL,complete,eligible
LVP SL|LOLTMNT02_267240,LVP SL,complete,eligible
TCL|LOLTMNT05_131923,TCL,complete,eligible
PRM|LOLTMNT05_131928,PRM,complete,eligible
EBL|LOLTMNT05_131929,EBL,complete,eligible
NLC|LOLTMNT05_130914,NLC,complete,eligible
LVP SL|LOLTMNT02_268047,LVP SL,complete,eligible
NEXO|LOLTMNT02_268049,NEXO,complete,eligible
TCL|LOLTMNT05_131931,TCL,complete,eligible
LFL|LOLTMNT05_131930,LFL,complete,eligible
PRM|LOLTMNT05_131935,PRM,complete,eligible
EBL|LOLTMNT05_131938,EBL,complete,eligible
AL|LOLTMNT05_130922,AL,complete,eligible
LVP SL|LOLTMNT02_267292,LVP SL,complete,eligible
NLC|LOLTMNT05_131940,NLC,complete,eligible
TCL|LOLTMNT05_130925,TCL,complete,eligible
LFL|LOLTMNT05_130926,LFL,complete,eligible
NEXO|LOLTMNT02_268097,NEXO,complete,eligible
EBL|LOLTMNT05_131944,EBL,complete,eligible
LVP SL|LOLTMNT02_268105,LVP SL,complete,eligible
AL|LOLTMNT05_130932,AL,complete,eligible
PRM|LOLTMNT05_130931,PRM,complete,eligible
CD|LOLTMNT02_267329,CD,complete,eligible
LRN|LOLTMNT02_268117,LRN,complete,eligible
EBL|LOLTMNT05_131947,EBL,complete,eligible
PRM|LOLTMNT05_131948,PRM,complete,eligible
AL|LOLTMNT05_131949,AL,complete,eligible
CD|LOLTMNT02_268119,CD,complete,eligible
LRN|LOLTMNT02_268121,LRN,complete,eligible
CD|LOLTMNT02_267336,CD,complete,eligible
CD|LOLTMNT02_267338,CD,complete,eligible
LRN|LOLTMNT02_268133,LRN,complete,eligible
LCKC|LOLTMNT02_267411,LCKC,complete,eligible
LCKC|LOLTMNT02_268194,LCKC,complete,eligible
LCKC|LOLTMNT02_267413,LCKC,complete,eligible
LCKC|LOLTMNT02_268203,LCKC,complete,eligible
LCKC|LOLTMNT02_268204,LCKC,complete,eligible
LCKC|LOLTMNT02_267430,LCKC,complete,eligible
LCKC|LOLTMNT02_268213,LCKC,complete,eligible
LCKC|LOLTMNT02_267443,LCKC,complete,eligible
LCK|LOLTMNT02_268237,LCK,complete,eligible
LCK|LOLTMNT02_268242,LCK,complete,eligible
LPL|12055-12055_game_1,LPL,partial,not_complete
LCK|LOLTMNT02_268252,LCK,complete,eligible
LPL|12055-12055_game_2,LPL,partial,not_complete
RL|LOLTMNT02_268254,RL,complete,eligible
RL|LOLTMNT02_267527,RL,complete,eligible
LCK|LOLTMNT02_268294,LCK,complete,eligible
LPL|12055-12055_game_3,LPL,partial,not_complete
RL|LOLTMNT02_268307,RL,complete,eligible
LCK|LOLTMNT02_268312,LCK,complete,eligible
LPL|12056-12056_game_1,LPL,partial,not_complete
RL|LOLTMNT02_268329,RL,complete,eligible
HLL|LOLTMNT02_267561,HLL,complete,eligible
LCK|LOLTMNT02_268334,LCK,complete,eligible
LPL|12056-12056_game_2,LPL,partial,not_complete
HLL|LOLTMNT02_268348,HLL,complete,eligible
RL|LOLTMNT02_267573,RL,complete,eligible
HM|LOLTMNT02_268353,HM,complete,eligible
HLL|LOLTMNT02_268375,HLL,complete,eligible
HM|LOLTMNT02_267610,HM,complete,eligible
TCL|LOLTMNT05_131984,TCL,complete,eligible
LFL|LOLTMNT05_131992,LFL,complete,eligible
LVP SL|LOLTMNT02_268408,LVP SL,complete,eligible
ROL|LOLTMNT02_267636,ROL,complete,eligible
NLC|LOLTMNT05_131994,NLC,complete,eligible
AL|LOLTMNT05_130970,AL,complete,eligible
HM|LOLTMNT02_267640,HM,complete,eligible
RL|LOLTMNT02_267627,RL,complete,eligible
TCL|LOLTMNT05_131998,TCL,complete,eligible
AL|LOLTMNT05_131999,AL,complete,eligible
LFL|LOLTMNT05_130971,LFL,complete,eligible
LVP SL|LOLTMNT02_267646,LVP SL,complete,eligible
NLC|LOLTMNT05_132001,NLC,complete,eligible
ROL|LOLTMNT02_267647,ROL,complete,eligible
EBL|LOLTMNT05_130972,EBL,complete,eligible
HM|LOLTMNT02_267653,HM,complete,eligible
TCL|LOLTMNT05_130973,TCL,complete,eligible
RL|LOLTMNT02_267654,RL,complete,eligible
EBL|LOLTMNT05_132009,EBL,complete,eligible
NLC|LOLTMNT05_130977,NLC,complete,eligible
LVP SL|LOLTMNT02_267668,LVP SL,complete,eligible
ROL|LOLTMNT02_267670,ROL,complete,eligible
LFL|LOLTMNT05_132011,LFL,complete,eligible
HM|LOLTMNT02_268453,HM,complete,eligible
AL|LOLTMNT05_130983,AL,complete,eligible
RL|LOLTMNT02_268454,RL,complete,eligible
EBL|LOLTMNT05_132017,EBL,complete,eligible
LVP SL|LOLTMNT02_267691,LVP SL,complete,eligible
NLC|LOLTMNT05_132018,NLC,complete,eligible
ROL|LOLTMNT02_268465,ROL,complete,eligible
LFL|LOLTMNT05_130987,LFL,complete,eligible
AL|LOLTMNT05_132020,AL,complete,eligible
EBL|LOLTMNT05_132021,EBL,complete,eligible
RL|LOLTMNT02_268467,RL,complete,eligible
LPLOL|LOLTMNT02_268468,LPLOL,complete,eligible
EBL|LOLTMNT05_130988,EBL,complete,eligible
LFL|LOLTMNT05_132022,LFL,complete,eligible
NACL|LOLTMNT03_236286,NACL,complete,eligible
LPLOL|LOLTMNT02_268470,LPLOL,complete,eligible
NACL|LOLTMNT03_236302,NACL,complete,eligible
NACL|LOLTMNT03_236326,NACL,complete,eligible
NACL|LOLTMNT03_236338,NACL,complete,eligible
NACL|LOLTMNT03_236347,NACL,complete,eligible
NACL|LOLTMNT03_235386,NACL,complete,eligible
LCKC|LOLTMNT02_267743,LCKC,complete,eligible
LCKC|LOLTMNT02_268500,LCKC,complete,eligible
LCKC|LOLTMNT02_268519,LCKC,complete,eligible
LCKC|LOLTMNT02_267760,LCKC,complete,eligible
LCKC|LOLTMNT02_267771,LCKC,complete,eligible
LCK|LOLTMNT02_268539,LCK,complete,eligible
LCK|LOLTMNT02_267792,LCK,complete,eligible
LPL|12057-12057_game_1,LPL,partial,not_complete
LCP|LOLTMNT03_236412,LCP,complete,eligible
LPL|12057-12057_game_2,LPL,partial,not_complete
LCK|LOLTMNT02_267812,LCK,complete,eligible
LCP|LOLTMNT03_235460,LCP,complete,eligible
LCK|LOLTMNT02_267818,LCK,complete,eligible
LPL|12058-12058_game_1,LPL,partial,not_complete
LCP|LOLTMNT03_235498,LCP,complete,eligible
LPL|12058-12058_game_2,LPL,partial,not_complete
LCP|LOLTMNT03_235515,LCP,complete,eligible
HLL|LOLTMNT02_268589,HLL,complete,eligible
LCP|LOLTMNT03_236490,LCP,complete,eligible
HLL|LOLTMNT02_268598,HLL,complete,eligible
HM|LOLTMNT02_268604,HM,complete,eligible
HLL|LOLTMNT02_268606,HLL,complete,eligible
TCL|LOLTMNT05_132030,TCL,complete,eligible
HM|LOLTMNT02_267875,HM,complete,eligible
LIT|LOLTMNT05_133015,LIT,complete,eligible
AL|LOLTMNT05_132040,AL,complete,eligible
TCL|LOLTMNT05_133017,TCL,complete,eligible
HM|LOLTMNT02_268619,HM,complete,eligible
LIT|LOLTMNT05_133019,LIT,complete,eligible
AL|LOLTMNT05_133020,AL,complete,eligible
HM|LOLTMNT02_267884,HM,complete,eligible
TCL|LOLTMNT05_133021,TCL,complete,eligible
LIT|LOLTMNT05_133023,LIT,complete,eligible
HM|LOLTMNT02_267893,HM,complete,eligible
TCL|LOLTMNT05_132046,TCL,complete,eligible
LPLOL|LOLTMNT02_268641,LPLOL,complete,eligible
AL|LOLTMNT05_133024,AL,complete,eligible
LIT|LOLTMNT05_133026,LIT,complete,eligible
TCL|LOLTMNT05_133027,TCL,complete,eligible
LPLOL|LOLTMNT02_268648,LPLOL,complete,eligible
AL|LOLTMNT05_133029,AL,complete,eligible
LPLOL|LOLTMNT02_268654,LPLOL,complete,eligible
AL|LOLTMNT05_133030,AL,complete,eligible
NACL|LOLTMNT03_235630,NACL,complete,eligible
NACL|LOLTMNT03_236658,NACL,complete,eligible
NACL|LOLTMNT03_236682,NACL,complete,eligible
NACL|LOLTMNT03_236702,NACL,complete,eligible
LAS|LOLTMNT02_268683,LAS,complete,eligible
LAS|LOLTMNT02_268700,LAS,complete,eligible
LCK|LOLTMNT02_267967,LCK,complete,eligible
LJL|LOLTMNT03_237101,LJL,complete,missing_player_id
LJL|LOLTMNT03_236811,LJL,complete,missing_player_id
LJL|LOLTMNT03_237094,LJL,complete,missing_player_id
LJL|LOLTMNT03_237088,LJL,complete,missing_player_id
LJL|LOLTMNT03_237104,LJL,complete,missing_player_id
LJL|LOLTMNT03_237103,LJL,complete,missing_player_id
LAS|LOLTMNT02_268705,LAS,complete,eligible
LCK|LOLTMNT02_267969,LCK,complete,eligible
LJL|LOLTMNT03_236831,LJL,complete,missing_player_id
LJL|LOLTMNT03_236826,LJL,complete,missing_player_id
LJL|LOLTMNT03_236830,LJL,complete,missing_player_id
LJL|LOLTMNT03_236835,LJL,complete,missing_player_id
LJL|LOLTMNT03_236836,LJL,complete,missing_player_id
LJL|LOLTMNT03_237115,LJL,complete,missing_player_id
LAS|LOLTMNT02_268714,LAS,complete,eligible
LCK|LOLTMNT02_268713,LCK,complete,eligible
LJL|LOLTMNT03_236850,LJL,complete,eligible
LJL|LOLTMNT03_237126,LJL,complete,missing_player_id
LJL|LOLTMNT03_236849,LJL,complete,missing_player_id
LJL|LOLTMNT03_237128,LJL,complete,missing_player_id
LJL|LOLTMNT03_236851,LJL,complete,missing_player_id
LJL|LOLTMNT03_237131,LJL,complete,missing_player_id
LCK|LOLTMNT02_268769,LCK,complete,eligible
LAS|LOLTMNT02_269040,LAS,complete,eligible
LPL|12059-12059_game_1,LPL,partial,not_complete
HC|LOLTMNT03_236870,HC,complete,eligible
LCP|LOLTMNT06_121086,LCP,complete,eligible
LCK|LOLTMNT02_268811,LCK,complete,eligible
LAS|LOLTMNT02_269071,LAS,complete,eligible
LFL2|LOLTMNT05_132063,LFL2,complete,eligible
HC|LOLTMNT03_237163,HC,complete,eligible
LPL|12059-12059_game_2,LPL,partial,not_complete
LCP|LOLTMNT06_121087,LCP,complete,eligible
LCK|LOLTMNT02_269084,LCK,complete,eligible
LAS|LOLTMNT02_269087,LAS,complete,eligible
LFL2|LOLTMNT05_133074,LFL2,complete,eligible
HC|LOLTMNT03_237224,HC,complete,eligible
LPL|12060-12060_game_1,LPL,partial,not_complete
LCP|LOLTMNT06_121110,LCP,complete,eligible
LFL2|LOLTMNT05_132107,LFL2,complete,eligible
HC|LOLTMNT03_236992,HC,complete,eligible
LPL|12060-12060_game_2,LPL,partial,not_complete
LCP|LOLTMNT06_120115,LCP,complete,eligible
LFL2|LOLTMNT05_133092,LFL2,complete,eligible
HLL|LOLTMNT02_269132,HLL,complete,eligible
HC|LOLTMNT03_238042,HC,complete,eligible
RL|LOLTMNT02_269139,RL,complete,eligible
HLL|LOLTMNT02_268913,HLL,complete,eligible
RL|LOLTMNT02_268920,RL,complete,eligible
HLL|LOLTMNT02_268945,HLL,complete,eligible
LTA S|LOLTMNT06_121139,LTA S,complete,eligible
RL|LOLTMNT02_269205,RL,complete,eligible
LTA S|LOLTMNT06_121140,LTA S,complete,eligible
RL|LOLTMNT02_268965,RL,complete,eligible
LTA S|LOLTMNT06_120137,LTA S,complete,eligible
RL|LOLTMNT02_269000,RL,complete,eligible
LTA S|LOLTMNT06_120142,LTA S,complete,eligible
LTA S|LOLTMNT06_120153,LTA S,complete,eligible
LTA N|LOLTMNT06_120185,LTA N,complete,eligible
LTA N|LOLTMNT06_120186,LTA N,complete,eligible
LTA N|LOLTMNT06_121176,LTA N,complete,eligible
LTA N|LOLTMNT06_121177,LTA N,complete,eligible
LTA N|LOLTMNT06_121179,LTA N,complete,eligible
LJL|LOLTMNT03_238914,LJL,complete,missing_player_id
LJL|LOLTMNT03_237562,LJL,complete,missing_player_id
LJL|LOLTMNT03_237572,LJL,complete,missing_player_id
LAS|LOLTMNT02_270037,LAS,complete,eligible
LJL|LOLTMNT03_237556,LJL,complete,missing_player_id
LJL|LOLTMNT03_238915,LJL,complete,missing_player_id
LJL|LOLTMNT03_237579,LJL,complete,missing_player_id
LJL|LOLTMNT03_237595,LJL,complete,missing_player_id
LJL|LOLTMNT03_238932,LJL,complete,missing_player_id
LCK|LOLTMNT02_269294,LCK,complete,eligible
LJL|LOLTMNT03_238931,LJL,complete,missing_player_id
LAS|LOLTMNT02_269295,LAS,complete,eligible
LJL|LOLTMNT03_237598,LJL,complete,missing_player_id
LJL|LOLTMNT03_237594,LJL,complete,missing_player_id
LJL|LOLTMNT03_237592,LJL,complete,missing_player_id
LAS|LOLTMNT02_269297,LAS,complete,eligible
LCK|LOLTMNT02_270047,LCK,complete,eligible
LJL|LOLTMNT03_237605,LJL,complete,missing_player_id
LJL|LOLTMNT03_237601,LJL,complete,missing_player_id
LJL|LOLTMNT03_238939,LJL,complete,missing_player_id
LJL|LOLTMNT03_238943,LJL,complete,missing_player_id
LJL|LOLTMNT03_238944,LJL,complete,eligible
LJL|LOLTMNT03_238945,LJL,complete,missing_player_id
LJL|LOLTMNT03_237611,LJL,complete,missing_player_id
LJL|LOLTMNT03_238951,LJL,complete,missing_player_id
LJL|LOLTMNT03_238954,LJL,complete,eligible
LJL|LOLTMNT03_238958,LJL,complete,eligible
LJL|LOLTMNT03_237616,LJL,complete,missing_player_id
LJL|LOLTMNT03_237610,LJL,complete,missing_player_id
LCK|LOLTMNT02_269313,LCK,complete,eligible
LAS|LOLTMNT02_270072,LAS,complete,eligible
HC|LOLTMNT03_238973,HC,complete,eligible
LCK|LOLTMNT02_270074,LCK,complete,eligible
LPL|12061-12061_game_1,LPL,partial,not_complete
LCP|LOLTMNT06_121198,LCP,complete,eligible
LAS|LOLTMNT02_269338,LAS,complete,eligible
LFL2|LOLTMNT05_133127,LFL2,complete,eligible
LPL|12061-12061_game_2,LPL,partial,not_complete
LAS|LOLTMNT02_270094,LAS,complete,eligible
LCP|LOLTMNT06_121201,LCP,complete,eligible
LFL2|LOLTMNT05_133132,LFL2,complete,eligible
LPL|12061-12061_game_3,LPL,partial,not_complete
LAS|LOLTMNT02_270115,LAS,complete,eligible
HC|LOLTMNT03_237652,HC,complete,eligible
RL|LOLTMNT02_270106,RL,complete,eligible
LFL2|LOLTMNT05_133137,LFL2,complete,eligible
LCP|LOLTMNT06_120225,LCP,complete,eligible
LPL|12062-12062_game_1,LPL,partial,not_complete
LAS|LOLTMNT02_270127,LAS,complete,eligible
RL|LOLTMNT02_269413,RL,complete,eligible
LFL2|LOLTMNT05_132161,LFL2,complete,eligible
LCP|LOLTMNT06_120232,LCP,complete,eligible
HLL|LOLTMNT02_269423,HLL,complete,eligible
LPL|12062-12062_game_2,LPL,partial,not_complete
LCP|LOLTMNT06_121211,LCP,complete,eligible
RL|LOLTMNT02_270147,RL,complete,eligible
HLL|LOLTMNT02_269440,HLL,complete,eligible
HLL|LOLTMNT02_269452,HLL,complete,eligible
RL|LOLTMNT02_270164,RL,complete,eligible
LTA S|LOLTMNT06_121226,LTA S,complete,eligible
HLL|LOLTMNT02_270179,HLL,complete,eligible
LTA S|LOLTMNT06_121228,LTA S,complete,eligible
RL|LOLTMNT02_269467,RL,complete,eligible
LTA S|LOLTMNT06_121232,LTA S,complete,eligible
HLL|LOLTMNT02_269476,HLL,complete,eligible
LTA S|LOLTMNT06_121241,LTA S,complete,eligible
LTA S|LOLTMNT06_120272,LTA S,complete,eligible
LTA N|LOLTMNT06_120292,LTA N,complete,eligible
LTA N|LOLTMNT06_120293,LTA N,complete,eligible
LTA N|LOLTMNT06_120302,LTA N,complete,eligible
LTA N|LOLTMNT06_120304,LTA N,complete,eligible
LCKC|LOLTMNT03_237954,LCKC,complete,eligible
LCKC|LOLTMNT03_239324,LCKC,complete,eligible
LCKC|LOLTMNT03_237976,LCKC,complete,eligible
LCKC|LOLTMNT03_239354,LCKC,complete,eligible
LCKC|LOLTMNT03_239361,LCKC,complete,eligible
PCS|LOLTMNT06_120308,PCS,complete,eligible
LPL|12063-12063_game_1,LPL,partial,not_complete
PCS|LOLTMNT06_120309,PCS,complete,eligible
LPL|12063-12063_game_2,LPL,partial,not_complete
LCKC|LOLTMNT03_239391,LCKC,complete,eligible
PCS|LOLTMNT06_120311,PCS,complete,eligible
LCKC|LOLTMNT03_240046,LCKC,complete,eligible
LPL|12064-12064_game_1,LPL,partial,not_complete
PCS|LOLTMNT06_121289,PCS,complete,eligible
LCKC|LOLTMNT03_239431,LCKC,complete,eligible
LPL|12064-12064_game_2,LPL,partial,not_complete
PCS|LOLTMNT06_120312,PCS,complete,eligible
NEXO|LOLTMNT03_240116,NEXO,complete,eligible
NEXO|LOLTMNT03_240130,NEXO,complete,eligible
NEXO|LOLTMNT03_239578,NEXO,complete,eligible
NEXO|LOLTMNT03_240172,NEXO,complete,eligible
NEXO|LOLTMNT03_240185,NEXO,complete,eligible
LRS|LOLTMNT02_269512,LRS,complete,eligible
CD|LOLTMNT06_121305,CD,complete,eligible
LRS|LOLTMNT02_270231,LRS,complete,eligible
CD|LOLTMNT06_120332,CD,complete,eligible
LRS|LOLTMNT02_269514,LRS,complete,eligible
CD|LOLTMNT06_121312,CD,complete,eligible
LRS|LOLTMNT02_270232,LRS,complete,eligible
CD|LOLTMNT06_120341,CD,complete,eligible
LRS|LOLTMNT02_269515,LRS,complete,eligible
CD|LOLTMNT06_120342,CD,complete,eligible
LCKC|LOLTMNT03_240305,LCKC,complete,eligible
PCS|LOLTMNT06_121318,PCS,complete,eligible
LCKC|LOLTMNT03_240318,LCKC,complete,eligible
LPL|12065-12065_game_1,LPL,partial,not_complete
PCS|LOLTMNT06_120351,PCS,complete,eligible
LCKC|LOLTMNT03_239766,LCKC,complete,eligible
LPL|12065-12065_game_2,LPL,partial,not_complete
PCS|LOLTMNT06_121328,PCS,complete,eligible
LCKC|LOLTMNT06_120375,LCKC,complete,eligible
PCS|LOLTMNT06_121346,PCS,complete,eligible
LPL|12066-12066_game_1,LPL,partial,not_complete
LCKC|LOLTMNT06_121351,LCKC,complete,eligible
PCS|LOLTMNT06_120389,PCS,complete,eligible
LPL|12066-12066_game_2,LPL,partial,not_complete
LCKC|LOLTMNT06_120394,LCKC,complete,eligible
HM|LOLTMNT03_239866,HM,complete,eligible
HM|LOLTMNT03_240461,HM,complete,eligible
LVP SL|LOLTMNT02_269539,LVP SL,complete,eligible
PRM|LOLTMNT06_121384,PRM,complete,eligible
ROL|LOLTMNT02_269541,ROL,complete,eligible
LFL|LOLTMNT06_121385,LFL,complete,eligible
HM|LOLTMNT03_240478,HM,complete,eligible
PRM|LOLTMNT06_120422,PRM,complete,eligible
LVP SL|LOLTMNT02_270252,LVP SL,complete,eligible
LFL|LOLTMNT06_121391,LFL,complete,eligible
ROL|LOLTMNT02_269543,ROL,complete,eligible
HM|LOLTMNT03_240502,HM,complete,eligible
LFL|LOLTMNT06_121392,LFL,complete,eligible
LVP SL|LOLTMNT02_270257,LVP SL,complete,eligible
PRM|LOLTMNT06_120428,PRM,complete,eligible
ROL|LOLTMNT02_269546,ROL,complete,eligible
LFL|LOLTMNT06_120431,LFL,complete,eligible
PRM|LOLTMNT06_121394,PRM,complete,eligible
LVP SL|LOLTMNT02_269547,LVP SL,complete,eligible
LFL|LOLTMNT06_120443,LFL,complete,eligible
CD|LOLTMNT06_120446,CD,complete,eligible
LRN|LOLTMNT03_240573,LRN,complete,eligible
CD|LOLTMNT06_120447,CD,complete,eligible
LRN|LOLTMNT03_241022,LRN,complete,eligible
CD|LOLTMNT06_120453,CD,complete,eligible
LRN|LOLTMNT03_240607,LRN,complete,eligible
CD|LOLTMNT06_120454,CD,complete,eligible
LRN|LOLTMNT03_240612,LRN,complete,eligible
LCK|LOLTMNT03_241129,LCK,complete,eligible
LCK|LOLTMNT03_241144,LCK,complete,eligible
PCS|LOLTMNT06_120468,PCS,complete,eligible
LJL|LOLTMNT03_241146,LJL,complete,missing_player_id
LPL|12067-12067_game_1,LPL,partial,not_complete
PCS|LOLTMNT06_120472,PCS,complete,eligible
LCK|LOLTMNT03_241162,LCK,complete,eligible
LJL|LOLTMNT03_240732,LJL,complete,missing_player_id
LPL|12067-12067_game_2,LPL,partial,not_complete
PCS|LOLTMNT06_120473,PCS,complete,eligible
LJL|LOLTMNT03_241184,LJL,complete,eligible
PCS|LOLTMNT06_120476,PCS,complete,eligible
LCK|LOLTMNT03_241226,LCK,complete,eligible
LPL|12068-12068_game_1,LPL,partial,not_complete
LJL|LOLTMNT03_240803,LJL,complete,missing_player_id
LCK|LOLTMNT03_240814,LCK,complete,eligible
LPL|12068-12068_game_2,LPL,partial,not_complete
LJL|LOLTMNT03_240834,LJL,complete,missing_player_id
LPL|12068-12068_game_3,LPL,partial,not_complete
NEXO|LOLTMNT03_240885,NEXO,complete,eligible
TCL|LOLTMNT05_133187,TCL,complete,eligible
PRM|LOLTMNT06_121443,PRM,complete,eligible
TCL|LOLTMNT05_132223,TCL,complete,eligible
LFL|LOLTMNT06_120495,LFL,complete,eligible
AL|LOLTMNT05_133193,AL,complete,eligible
NEXO|LOLTMNT03_240919,NEXO,complete,eligible
PRM|LOLTMNT06_120508,PRM,complete,eligible
LFL|LOLTMNT06_121456,LFL,complete,eligible
EBL|LOLTMNT06_121455,EBL,complete,eligible
NEXO|LOLTMNT03_240954,NEXO,complete,eligible
TCL|LOLTMNT05_132225,TCL,complete,eligible
HC|LOLTMNT03_241387,HC,complete,eligible
AL|LOLTMNT05_133194,AL,complete,eligible
EBL|LOLTMNT06_121458,EBL,complete,eligible
LFL|LOLTMNT06_120509,LFL,complete,eligible
PRM|LOLTMNT06_121459,PRM,complete,eligible
HC|LOLTMNT03_240986,HC,complete,eligible
NEXO|LOLTMNT03_241413,NEXO,complete,eligible
TCL|LOLTMNT05_133197,TCL,complete,eligible
AL|LOLTMNT05_132229,AL,complete,eligible
EBL|LOLTMNT06_120512,EBL,complete,eligible
NEXO|LOLTMNT03_241431,NEXO,complete,eligible
LRS|LOLTMNT03_242012,LRS,complete,eligible
EBL|LOLTMNT06_121463,EBL,complete,eligible
TCL|LOLTMNT05_132230,TCL,complete,eligible
AL|LOLTMNT05_132232,AL,complete,eligible
LRS|LOLTMNT03_241456,LRS,complete,eligible
LRS|LOLTMNT03_242042,LRS,complete,eligible
AL|LOLTMNT05_132233,AL,complete,eligible
AL|LOLTMNT05_133203,AL,complete,eligible
AL|LOLTMNT05_133204,AL,complete,eligible
LCKC|LOLTMNT03_242150,LCKC,complete,eligible
LCKC|LOLTMNT03_241581,LCKC,complete,eligible
LCKC|LOLTMNT03_242151,LCKC,complete,eligible
LCKC|LOLTMNT03_241607,LCKC,complete,eligible
LCKC|LOLTMNT03_242164,LCKC,complete,eligible
LCKC|LOLTMNT03_242165,LCKC,complete,eligible
LCKC|LOLTMNT03_242177,LCKC,complete,eligible
LCKC|LOLTMNT03_242179,LCKC,complete,eligible
LJL|LOLTMNT03_242204,LJL,complete,missing_player_id
LCK|LOLTMNT03_242206,LCK,complete,eligible
LCK|LOLTMNT03_242218,LCK,complete,eligible
LJL|LOLTMNT03_241653,LJL,complete,eligible
LPL|12069-12069_game_1,LPL,partial,not_complete
LJL|LOLTMNT03_242231,LJL,complete,missing_player_id
LPL|12069-12069_game_2,LPL,partial,not_complete
LCK|LOLTMNT03_241674,LCK,complete,eligible
LCK|LOLTMNT03_242254,LCK,complete,eligible
LJL|LOLTMNT03_241687,LJL,complete,missing_player_id
LPL|12070-12070_game_1,LPL,partial,not_complete
LJL|LOLTMNT03_242279,LJL,complete,missing_player_id
LPL|12070-12070_game_2,LPL,partial,not_complete
LJL|LOLTMNT03_241740,LJL,complete,missing_player_id
LVP SL|LOLTMNT02_270301,LVP SL,complete,eligible
LFL|LOLTMNT06_121513,LFL,complete,eligible
NLC|LOLTMNT06_120559,NLC,complete,eligible
AL|LOLTMNT05_133212,AL,complete,eligible
LFL|LOLTMNT06_121531,LFL,complete,eligible
LVP SL|LOLTMNT02_269614,LVP SL,complete,eligible
NLC|LOLTMNT06_120566,NLC,complete,eligible
AL|LOLTMNT05_132236,AL,complete,eligible
EBL|LOLTMNT06_120565,EBL,complete,eligible
LFL|LOLTMNT06_120569,LFL,complete,eligible
NLC|LOLTMNT06_121533,NLC,complete,eligible
LVP SL|LOLTMNT02_269617,LVP SL,complete,eligible
EBL|LOLTMNT06_121538,EBL,complete,eligible
AL|LOLTMNT05_133214,AL,complete,eligible
LPLOL|LOLTMNT02_270303,LPLOL,complete,eligible
LVP SL|LOLTMNT02_270306,LVP SL,complete,eligible
EBL|LOLTMNT06_120580,EBL,complete,eligible
LPLOL|LOLTMNT02_270307,LPLOL,complete,eligible
AL|LOLTMNT05_133216,AL,complete,eligible
LVP SL|LOLTMNT02_270308,LVP SL,complete,eligible
EBL|LOLTMNT06_120583,EBL,complete,eligible
LPLOL|LOLTMNT02_270314,LPLOL,complete,eligible
AL|LOLTMNT05_133217,AL,complete,eligible
LPLOL|LOLTMNT02_269622,LPLOL,complete,eligible
NACL|LOLTMNT03_241935,NACL,complete,eligible
NACL|LOLTMNT03_241954,NACL,complete,eligible
LPLOL|LOLTMNT02_269628,LPLOL,complete,eligible
NACL|LOLTMNT03_242516,NACL,complete,eligible
NACL|LOLTMNT03_241977,NACL,complete,eligible
LCKC|LOLTMNT03_243033,LCKC,complete,eligible
LCKC|LOLTMNT03_242564,LCKC,complete,eligible
LCKC|LOLTMNT03_243051,LCKC,complete,eligible
LCKC|LOLTMNT03_242581,LCKC,complete,eligible
LCKC|LOLTMNT03_243073,LCKC,complete,eligible
LCK|LOLTMNT03_243096,LCK,complete,eligible
LCK|LOLTMNT03_242638,LCK,complete,eligible
LCP|LOLTMNT03_243130,LCP,complete,eligible
LCK|LOLTMNT03_243145,LCK,complete,eligible
LCP|LOLTMNT03_243155,LCP,complete,eligible
LCK|LOLTMNT03_243166,LCK,complete,eligible
LCP|LOLTMNT03_242720,LCP,complete,eligible
LCK|LOLTMNT03_242726,LCK,complete,eligible
LCP|LOLTMNT03_242767,LCP,complete,eligible
LCP|LOLTMNT03_242801,LCP,complete,eligible
HM|LOLTMNT03_243300,HM,complete,eligible
TCL|LOLTMNT05_132256,TCL,complete,eligible
HM|LOLTMNT03_243330,HM,complete,eligible
TCL|LOLTMNT05_132258,TCL,complete,eligible
LIT|LOLTMNT06_121560,LIT,complete,eligible
LFL|LOLTMNT06_120594,LFL,complete,eligible
AL|LOLTMNT05_132260,AL,complete,eligible
HM|LOLTMNT03_243356,HM,complete,eligible
LIT|LOLTMNT06_120603,LIT,complete,eligible
TCL|LOLTMNT05_133232,TCL,complete,eligible
LFL|LOLTMNT06_121568,LFL,complete,eligible
AL|LOLTMNT05_132263,AL,complete,eligible
LIT|LOLTMNT06_121570,LIT,complete,eligible
TCL|LOLTMNT05_133233,TCL,complete,eligible
AL|LOLTMNT05_132264,AL,complete,eligible
LFL|LOLTMNT06_121571,LFL,complete,eligible
LPLOL|LOLTMNT02_269637,LPLOL,complete,eligible
LPLOL|LOLTMNT02_269639,LPLOL,complete,eligible
LPLOL|LOLTMNT02_270327,LPLOL,complete,eligible
NACL|LOLTMNT03_243509,NACL,complete,eligible
NACL|LOLTMNT03_244066,NACL,complete,eligible
NACL|LOLTMNT03_244102,NACL,complete,eligible
NACL|LOLTMNT03_243579,NACL,complete,eligible
NACL|LOLTMNT03_244130,NACL,complete,eligible
LAS|LOLTMNT03_244165,LAS,complete,eligible
LAS|LOLTMNT03_244182,LAS,complete,eligible
LCK|LOLTMNT03_244183,LCK,complete,eligible
LAS|LOLTMNT03_244198,LAS,complete,eligible
LCK|LOLTMNT03_243654,LCK,complete,eligible
LCK|LOLTMNT03_243679,LCK,complete,eligible
ROL|LOLTMNT02_269648,ROL,complete,eligible
LCK|LOLTMNT03_244289,LCK,complete,eligible
LAS|LOLTMNT03_244287,LAS,complete,eligible
LPL|12423-12423_game_1,LPL,partial,not_complete
LCP|LOLTMNT03_243760,LCP,complete,eligible
LCK|LOLTMNT03_243757,LCK,complete,eligible
LAS|LOLTMNT03_243759,LAS,complete,eligible
ROL|LOLTMNT02_270335,ROL,complete,eligible
LFL2|LOLTMNT06_121577,LFL2,complete,eligible
LPL|12423-12423_game_2,LPL,partial,not_complete
HC|LOLTMNT03_244321,HC,complete,eligible
LCP|LOLTMNT03_244328,LCP,complete,eligible
LAS|LOLTMNT03_244330,LAS,complete,eligible
LFL2|LOLTMNT06_120615,LFL2,complete,eligible
ROL|LOLTMNT02_270336,ROL,complete,eligible
LPL|12423-12423_game_3,LPL,partial,not_complete
HC|LOLTMNT03_243800,HC,complete,eligible
LAS|LOLTMNT03_244375,LAS,complete,eligible
LFL2|LOLTMNT06_121591,LFL2,complete,eligible
LCP|LOLTMNT03_244395,LCP,complete,eligible
HC|LOLTMNT03_243843,HC,complete,eligible
LCP|LOLTMNT03_244421,LCP,complete,eligible
LFL2|LOLTMNT06_121595,LFL2,complete,eligible
LCP|LOLTMNT03_243914,LCP,complete,eligible
LEC|LOLTMNT06_121629,LEC,complete,eligible
LEC|LOLTMNT06_120664,LEC,complete,eligible
LTA S|LOLTMNT03_244566,LTA S,complete,eligible
LEC|LOLTMNT06_121630,LEC,complete,eligible
LTA S|LOLTMNT03_244608,LTA S,complete,eligible
LEC|LOLTMNT06_121631,LEC,complete,eligible
LTA S|LOLTMNT03_244658,LTA S,complete,eligible
LTA S|LOLTMNT03_244700,LTA S,complete,eligible
LTA N|LOLTMNT03_244742,LTA N,complete,eligible
LTA N|LOLTMNT03_245193,LTA N,complete,eligible
LTA N|LOLTMNT03_245211,LTA N,complete,eligible
LAS|LOLTMNT03_244830,LAS,complete,eligible
LAS|LOLTMNT03_245292,LAS,complete,eligible
LCK|LOLTMNT03_245295,LCK,complete,eligible
LAS|LOLTMNT03_244862,LAS,complete,eligible
LCK|LOLTMNT03_244865,LCK,complete,eligible
LAS|LOLTMNT03_244885,LAS,complete,eligible
LCK|LOLTMNT03_245333,LCK,complete,eligible
LCK|LOLTMNT03_244928,LCK,complete,eligible
LPL|12424-12424_game_1,LPL,partial,not_complete
LAS|LOLTMNT03_245398,LAS,complete,eligible
LCP|LOLTMNT03_245421,LCP,complete,eligible
LCK|LOLTMNT03_244951,LCK,complete,eligible
LPL|12424-12424_game_2,LPL,partial,not_complete
LFL2|LOLTMNT06_120678,LFL2,complete,eligible
HC|LOLTMNT03_245427,HC,complete,eligible
LAS|LOLTMNT03_244956,LAS,complete,eligible
LPL|12424-12424_game_3,LPL,partial,not_complete
LCP|LOLTMNT03_244981,LCP,complete,eligible
LCK|LOLTMNT03_244968,LCK,complete,eligible
HC|LOLTMNT03_244978,HC,complete,eligible
LAS|LOLTMNT03_244980,LAS,complete,eligible
LFL2|LOLTMNT06_121640,LFL2,complete,eligible
LPL|12424-12424_game_4,LPL,partial,not_complete
LCP|LOLTMNT03_245473,LCP,complete,eligible
HC|LOLTMNT03_246011,HC,complete,eligible
LAS|LOLTMNT03_246009,LAS,complete,eligible
LFL2|LOLTMNT06_121642,LFL2,complete,eligible
LPL|12424-12424_game_5,LPL,partial,not_complete
LCP|LOLTMNT03_246070,LCP,complete,eligible
LFL2|LOLTMNT06_121643,LFL2,complete,eligible
LCP|LOLTMNT03_245545,LCP,complete,eligible
LCP|LOLTMNT03_246112,LCP,complete,eligible
LEC|LOLTMNT06_120697,LEC,complete,eligible
LEC|LOLTMNT06_121661,LEC,complete,eligible
LTA S|LOLTMNT03_245616,LTA S,complete,eligible
LEC|LOLTMNT06_121662,LEC,complete,eligible
LTA S|LOLTMNT03_246177,LTA S,complete,eligible
LEC|LOLTMNT06_120702,LEC,complete,eligible
LTA S|LOLTMNT03_246190,LTA S,complete,eligible
LEC|LOLTMNT06_121664,LEC,complete,eligible
LTA N|LOLTMNT03_245676,LTA N,complete,eligible
LTA N|LOLTMNT03_245686,LTA N,complete,eligible
LTA N|LOLTMNT03_246244,LTA N,complete,eligible
LCKC|LOLTMNT03_245725,LCKC,complete,eligible
LCKC|LOLTMNT03_245749,LCKC,complete,eligible
LCKC|LOLTMNT03_246314,LCKC,complete,eligible
LCKC|LOLTMNT03_245787,LCKC,complete,eligible
LPL|12425-12425_game_1,LPL,partial,not_complete
PCS|LOLTMNT03_245793,PCS,complete,eligible
LCKC|LOLTMNT03_246329,LCKC,complete,eligible
PCS|LOLTMNT03_245807,PCS,complete,eligible
LPL|12425-12425_game_2,LPL,partial,not_complete
LCKC|LOLTMNT03_246352,LCKC,complete,eligible
PCS|LOLTMNT03_246374,PCS,complete,eligible
LPL|12425-12425_game_3,LPL,partial,not_complete
LCKC|LOLTMNT03_245874,LCKC,complete,eligible
PCS|LOLTMNT03_245885,PCS,complete,eligible
LPL|12425-12425_game_4,LPL,partial,not_complete
LCKC|LOLTMNT03_246407,LCKC,complete,eligible
PCS|LOLTMNT03_246412,PCS,complete,eligible
PCS|LOLTMNT03_246449,PCS,complete,eligible
PCS|LOLTMNT03_246459,PCS,complete,eligible
PCS|LOLTMNT03_245979,PCS,complete,eligible
NEXO|LOLTMNT03_245977,NEXO,complete,eligible
LEC|LOLTMNT06_120738,LEC,complete,eligible
LEC|LOLTMNT06_121704,LEC,complete,eligible
NEXO|LOLTMNT03_245997,NEXO,complete,eligible
NEXO|LOLTMNT03_247012,NEXO,complete,eligible
LEC|LOLTMNT06_121705,LEC,complete,eligible
NEXO|LOLTMNT03_247021,NEXO,complete,eligible
LEC|LOLTMNT06_121707,LEC,complete,eligible
NEXO|LOLTMNT03_246586,NEXO,complete,eligible
CD|LOLTMNT03_246615,CD,complete,eligible
LRN|LOLTMNT03_246612,LRN,complete,eligible
LRN|LOLTMNT03_247070,LRN,complete,eligible
CD|LOLTMNT03_246629,CD,complete,eligible
CD|LOLTMNT03_246634,CD,complete,eligible
LRN|LOLTMNT03_247073,LRN,complete,eligible
LCKC|LOLTMNT03_247170,LCKC,complete,eligible
LCKC|LOLTMNT03_246740,LCKC,complete,eligible
LPL|12426-12426_game_1,LPL,partial,not_complete
PCS|LOLTMNT03_247217,PCS,complete,eligible
LCKC|LOLTMNT03_247215,LCKC,complete,eligible
VCS|LOLTMNT03_247231,VCS,complete,eligible
LPL|12426-12426_game_2,LPL,partial,not_complete
PCS|LOLTMNT03_247255,PCS,complete,eligible
LCKC|LOLTMNT03_246787,LCKC,complete,eligible
VCS|LOLTMNT03_246808,VCS,complete,eligible
LPL|12426-12426_game_3,LPL,partial,not_complete
PCS|LOLTMNT03_247317,PCS,complete,eligible
VCS|LOLTMNT03_246855,VCS,complete,eligible
LCKC|LOLTMNT03_247342,LCKC,complete,eligible
VCS|LOLTMNT03_246889,VCS,complete,eligible
HM|LOLTMNT03_246947,HM,complete,eligible
HM|LOLTMNT03_247470,HM,complete,eligible
NEXO|LOLTMNT03_246962,NEXO,complete,eligible
HM|LOLTMNT03_247489,HM,complete,eligible
NEXO|LOLTMNT03_246977,NEXO,complete,eligible
PRM|LOLTMNT06_120779,PRM,complete,eligible
AL|LOLTMNT06_121762,AL,complete,eligible
AL|LOLTMNT06_121764,AL,complete,eligible
HM|LOLTMNT03_246982,HM,complete,eligible
PRM|LOLTMNT06_120787,PRM,complete,eligible
NEXO|LOLTMNT03_247514,NEXO,complete,eligible
AL|LOLTMNT06_121765,AL,complete,eligible
PRM|LOLTMNT06_120788,PRM,complete,eligible
AL|LOLTMNT06_121766,AL,complete,eligible
NEXO|LOLTMNT03_247537,NEXO,complete,eligible
AL|LOLTMNT06_120790,AL,complete,eligible
PRM|LOLTMNT06_120791,PRM,complete,eligible
NEXO|LOLTMNT03_248007,NEXO,complete,eligible
AL|LOLTMNT06_121770,AL,complete,eligible
LRS|LOLTMNT03_247564,LRS,complete,eligible
AL|LOLTMNT06_121771,AL,complete,eligible
LRS|LOLTMNT03_247584,LRS,complete,eligible
CD|LOLTMNT03_247601,CD,complete,eligible
LRS|LOLTMNT03_248031,LRS,complete,eligible
CD|LOLTMNT03_247614,CD,complete,eligible
LRS|LOLTMNT03_247617,LRS,complete,eligible
CD|LOLTMNT03_247622,CD,complete,eligible
LRS|LOLTMNT03_248038,LRS,complete,eligible
LCK|LOLTMNT03_248140,LCK,complete,eligible
LJL|LOLTMNT03_248131,LJL,complete,eligible
LCK|LOLTMNT03_248153,LCK,complete,eligible
LJL|LOLTMNT03_247746,LJL,complete,eligible
PCS|LOLTMNT03_248154,PCS,complete,eligible
LCK|LOLTMNT03_247772,LCK,complete,eligible
PCS|LOLTMNT03_247787,PCS,complete,eligible
LJL|LOLTMNT03_247790,LJL,complete,missing_player_id
VCS|LOLTMNT03_248197,VCS,complete,eligible
PCS|LOLTMNT03_248228,PCS,complete,eligible
VCS|LOLTMNT03_248247,VCS,complete,eligible
LJL|LOLTMNT03_248251,LJL,complete,missing_player_id
LCK|LOLTMNT03_248249,LCK,complete,eligible
PCS|LOLTMNT03_249021,PCS,complete,eligible
LCK|LOLTMNT03_250029,LCK,complete,eligible
PCS|LOLTMNT03_251001,PCS,complete,eligible
LJL|LOLTMNT03_249058,LJL,complete,missing_player_id
VCS|LOLTMNT03_250050,VCS,complete,eligible
LJL|LOLTMNT03_250074,LJL,complete,eligible
VCS|LOLTMNT03_250093,VCS,complete,eligible
VCS|LOLTMNT03_251051,VCS,complete,eligible
PRM|LOLTMNT06_122015,PRM,complete,eligible
LFL|LOLTMNT06_123019,LFL,complete,eligible
AL|LOLTMNT06_123023,AL,complete,eligible
PRM|LOLTMNT06_122021,PRM,complete,eligible
EBL|LOLTMNT06_123025,EBL,complete,eligible
AL|LOLTMNT06_123026,AL,complete,eligible
LFL|LOLTMNT06_122022,LFL,complete,eligible
EBL|LOLTMNT06_122024,EBL,complete,eligible
PRM|LOLTMNT06_123028,PRM,complete,eligible
AL|LOLTMNT06_122026,AL,complete,eligible
LFL|LOLTMNT06_123030,LFL,complete,eligible
EBL|LOLTMNT06_123031,EBL,complete,eligible
PRM|LOLTMNT06_122028,PRM,complete,eligible
LFL|LOLTMNT06_123032,LFL,complete,eligible
EBL|LOLTMNT06_123033,EBL,complete,eligible
LRN|LOLTMNT03_251185,LRN,complete,eligible
LRN|LOLTMNT03_251205,LRN,complete,eligible
LRN|LOLTMNT03_250303,LRN,complete,eligible
LCKC|LOLTMNT03_250378,LCKC,complete,eligible
LCKC|LOLTMNT03_251293,LCKC,complete,eligible
LCKC|LOLTMNT03_250381,LCKC,complete,eligible
LCKC|LOLTMNT03_251310,LCKC,complete,eligible
LCKC|LOLTMNT03_251311,LCKC,complete,eligible
LCKC|LOLTMNT03_251313,LCKC,complete,eligible
LCKC|LOLTMNT03_250423,LCKC,complete,eligible
LCK|LOLTMNT03_250487,LCK,complete,eligible
LJL|LOLTMNT03_250483,LJL,complete,missing_player_id
LJL|LOLTMNT03_251390,LJL,complete,eligible
LCK|LOLTMNT03_251392,LCK,complete,eligible
LJL|LOLTMNT03_250543,LJL,complete,missing_player_id
VCS|LOLTMNT03_251427,VCS,complete,eligible
LCK|LOLTMNT03_250553,LCK,complete,eligible
VCS|LOLTMNT03_251451,VCS,complete,eligible
LJL|LOLTMNT03_250574,LJL,complete,missing_player_id
LCK|LOLTMNT03_251520,LCK,complete,eligible
VCS|LOLTMNT03_251534,VCS,complete,eligible
LJL|LOLTMNT03_250660,LJL,complete,eligible
LCK|LOLTMNT03_251552,LCK,complete,eligible
VCS|LOLTMNT03_250691,VCS,complete,eligible
LJL|LOLTMNT03_251565,LJL,complete,missing_player_id
LCK|LOLTMNT03_250721,LCK,complete,eligible
VCS|LOLTMNT03_251585,VCS,complete,eligible
PRM|LOLTMNT06_123060,PRM,complete,eligible
LFL|LOLTMNT06_123059,LFL,complete,eligible
ROL|LOLTMNT03_250770,ROL,complete,eligible
AL|LOLTMNT06_122081,AL,complete,eligible
LFL|LOLTMNT06_123066,LFL,complete,eligible
PRM|LOLTMNT06_122083,PRM,complete,eligible
EBL|LOLTMNT06_122082,EBL,complete,eligible
ROL|LOLTMNT03_250779,ROL,complete,eligible
AL|LOLTMNT06_122086,AL,complete,eligible
EBL|LOLTMNT06_123069,EBL,complete,eligible
LFL|LOLTMNT06_123071,LFL,complete,eligible
ROL|LOLTMNT03_251725,ROL,complete,eligible
PRM|LOLTMNT06_123073,PRM,complete,eligible
EBL|LOLTMNT06_123077,EBL,complete,eligible
AL|LOLTMNT06_122090,AL,complete,eligible
LFL|LOLTMNT06_122091,LFL,complete,eligible
PRM|LOLTMNT06_123079,PRM,complete,eligible
AL|LOLTMNT06_123082,AL,complete,eligible
LFL|LOLTMNT06_123084,LFL,complete,eligible
PRM|LOLTMNT06_123086,PRM,complete,eligible
AL|LOLTMNT06_123088,AL,complete,eligible
NACL|LOLTMNT03_250840,NACL,complete,eligible
NACL|LOLTMNT03_250843,NACL,complete,eligible
NACL|LOLTMNT03_250846,NACL,complete,eligible
NACL|LOLTMNT03_250849,NACL,complete,eligible
LCKC|LOLTMNT03_251912,LCKC,complete,eligible
LCKC|LOLTMNT03_251918,LCKC,complete,eligible
LCKC|LOLTMNT03_251942,LCKC,complete,eligible
LCKC|LOLTMNT03_251944,LCKC,complete,eligible
LCKC|LOLTMNT03_251954,LCKC,complete,eligible
LCK|LOLTMNT03_251983,LCK,complete,eligible
LCK|LOLTMNT03_251998,LCK,complete,eligible
LCP|LOLTMNT03_252058,LCP,complete,eligible
LCK|LOLTMNT03_253051,LCK,complete,eligible
LCP|LOLTMNT03_253063,LCP,complete,eligible
LCK|LOLTMNT03_252111,LCK,complete,eligible
LCP|LOLTMNT03_252138,LCP,complete,eligible
LCK|LOLTMNT03_252143,LCK,complete,eligible
LCP|LOLTMNT03_252171,LCP,complete,eligible
LCP|LOLTMNT03_252200,LCP,complete,eligible
HM|LOLTMNT03_253156,HM,complete,eligible
TCL|LOLTMNT06_123130,TCL,complete,eligible
HM|LOLTMNT03_252220,HM,complete,eligible
PRM|LOLTMNT06_123137,PRM,complete,eligible
HM|LOLTMNT03_253215,HM,complete,eligible
TCL|LOLTMNT06_123139,TCL,complete,eligible
LVP SL|LOLTMNT03_252258,LVP SL,complete,eligible
PRM|LOLTMNT06_123144,PRM,complete,eligible
HM|LOLTMNT03_253258,HM,complete,eligible
TCL|LOLTMNT06_123147,TCL,complete,eligible
AL|LOLTMNT03_252304,AL,complete,eligible
PRM|LOLTMNT06_123150,PRM,complete,eligible
LVP SL|LOLTMNT03_252320,LVP SL,complete,eligible
PRM|LOLTMNT06_123153,PRM,complete,eligible
LVP SL|LOLTMNT03_253312,LVP SL,complete,eligible
AL|LOLTMNT03_252356,AL,complete,eligible
PRM|LOLTMNT06_122167,PRM,complete,eligible
LVP SL|LOLTMNT03_252379,LVP SL,complete,eligible
AL|LOLTMNT03_253352,AL,complete,eligible
AL|LOLTMNT03_253367,AL,complete,eligible
NACL|LOLTMNT03_252401,NACL,complete,eligible
AL|LOLTMNT03_252408,AL,complete,eligible
NACL|LOLTMNT03_252427,NACL,complete,eligible
NACL|LOLTMNT03_253421,NACL,complete,eligible
NACL|LOLTMNT03_252458,NACL,complete,eligible
LCK|LOLTMNT03_253463,LCK,complete,eligible
LPL|12427-12427_game_1,LPL,partial,not_complete
LCK|LOLTMNT03_252517,LCK,complete,eligible
LPL|12427-12427_game_2,LPL,partial,not_complete
LPL|12427-12427_game_3,LPL,partial,not_complete
LCK|LOLTMNT03_252540,LCK,complete,eligible
LPL|12427-12427_game_4,LPL,partial,not_complete
LCK|LOLTMNT03_253497,LCK,complete,eligible
LCP|LOLTMNT03_252598,LCP,complete,eligible
LFL2|LOLTMNT06_123193,LFL2,complete,eligible
LPL|12428-12428_game_1,LPL,partial,not_complete
NLC|LOLTMNT06_122199,NLC,complete,eligible
LCP|LOLTMNT03_252638,LCP,complete,eligible
HLL|LOLTMNT03_253548,HLL,complete,eligible
LFL2|LOLTMNT06_122218,LFL2,complete,eligible
LPL|12428-12428_game_2,LPL,partial,not_complete
NLC|LOLTMNT06_123227,NLC,complete,eligible
LCP|LOLTMNT03_252661,LCP,complete,eligible
LFL2|LOLTMNT06_123234,LFL2,complete,eligible
HLL|LOLTMNT03_252671,HLL,complete,eligible
LPL|12428-12428_game_3,LPL,partial,not_complete
NLC|LOLTMNT06_123242,NLC,complete,eligible
LCP|LOLTMNT03_252708,LCP,complete,eligible
LFL2|LOLTMNT06_122236,LFL2,complete,eligible
HLL|LOLTMNT03_252716,HLL,complete,eligible
LCP|LOLTMNT03_252741,LCP,complete,eligible
LEC|LOLTMNT06_122265,LEC,complete,eligible
LEC|LOLTMNT06_122266,LEC,complete,eligible
LTA S|LOLTMNT01_245336,LTA S,complete,eligible
LEC|LOLTMNT06_123271,LEC,complete,eligible
LTA S|LOLTMNT01_245349,LTA S,complete,eligible
LTA S|LOLTMNT01_245360,LTA S,complete,eligible
LEC|LOLTMNT06_122267,LEC,complete,eligible
LTA S|LOLTMNT01_245373,LTA S,complete,eligible
LTA N|LOLTMNT01_246368,LTA N,complete,eligible
LTA N|LOLTMNT01_245414,LTA N,complete,eligible
LTA N|LOLTMNT01_245425,LTA N,complete,eligible
LTA N|LOLTMNT01_245435,LTA N,complete,eligible
LCK|LOLTMNT03_253707,LCK,complete,eligible
LPL|12429-12429_game_1,LPL,partial,not_complete
LCK|LOLTMNT03_253709,LCK,complete,eligible
LPL|12429-12429_game_2,LPL,partial,not_complete
LPL|12429-12429_game_3,LPL,partial,not_complete
LCK|LOLTMNT03_252905,LCK,complete,eligible
LCK|LOLTMNT03_253750,LCK,complete,eligible
LPL|12430-12430_game_1,LPL,partial,not_complete
NLC|LOLTMNT06_123295,NLC,complete,eligible
LCP|LOLTMNT03_252971,LCP,complete,eligible
LCK|LOLTMNT03_252965,LCK,complete,eligible
HLL|LOLTMNT03_252969,HLL,complete,eligible
LFL2|LOLTMNT06_122304,LFL2,complete,eligible
LPL|12430-12430_game_2,LPL,partial,not_complete
HC|LOLTMNT03_253783,HC,complete,eligible
HC|LOLTMNT03_253788,HC,complete,eligible
NLC|LOLTMNT06_122313,NLC,complete,eligible
LCP|LOLTMNT03_252992,LCP,complete,eligible
LFL2|LOLTMNT06_123308,LFL2,complete,eligible
HLL|LOLTMNT03_253794,HLL,complete,eligible
LPL|12430-12430_game_3,LPL,partial,not_complete
HC|LOLTMNT03_253796,HC,complete,eligible
LCP|LOLTMNT03_254012,LCP,complete,eligible
HC|LOLTMNT03_254010,HC,complete,eligible
LFL2|LOLTMNT06_122323,LFL2,complete,eligible
NLC|LOLTMNT06_122326,NLC,complete,eligible
HC|LOLTMNT03_254026,HC,complete,eligible
HLL|LOLTMNT03_253809,HLL,complete,eligible
LPL|12430-12430_game_4,LPL,partial,not_complete
LCP|LOLTMNT03_254034,LCP,complete,eligible
LFL2|LOLTMNT06_122329,LFL2,complete,eligible
HC|LOLTMNT03_253819,HC,complete,eligible
HC|LOLTMNT03_253822,HC,complete,eligible
HLL|LOLTMNT03_253827,HLL,complete,eligible
LFL2|LOLTMNT06_122341,LFL2,complete,eligible
LCP|LOLTMNT03_254049,LCP,complete,eligible
HC|LOLTMNT03_253830,HC,complete,eligible
LPL|12430-12430_game_5,LPL,partial,not_complete
HC|LOLTMNT03_254053,HC,complete,eligible
LEC|LOLTMNT06_122354,LEC,complete,eligible
LTA S|LOLTMNT01_245556,LTA S,complete,eligible
LEC|LOLTMNT06_123341,LEC,complete,eligible
LTA S|LOLTMNT01_246503,LTA S,complete,eligible
LEC|LOLTMNT06_122355,LEC,complete,eligible
LTA S|LOLTMNT01_246506,LTA S,complete,eligible
LEC|LOLTMNT06_123342,LEC,complete,eligible
LTA S|LOLTMNT01_246518,LTA S,complete,eligible
LTA N|LOLTMNT01_245611,LTA N,complete,eligible
LTA N|LOLTMNT01_245618,LTA N,complete,eligible
LTA N|LOLTMNT01_245629,LTA N,complete,eligible
PCS|LOLTMNT01_245637,PCS,complete,eligible
LPL|12431-12431_game_1,LPL,partial,not_complete
PCS|LOLTMNT01_245638,PCS,complete,eligible
LPL|12431-12431_game_2,LPL,partial,not_complete
PCS|LOLTMNT01_246570,PCS,complete,eligible
LPL|12431-12431_game_3,LPL,partial,not_complete
PCS|LOLTMNT01_245660,PCS,complete,eligible
PCS|LOLTMNT01_245690,PCS,complete,eligible
NEXO|LOLTMNT01_245708,NEXO,complete,eligible
LEC|LOLTMNT06_122364,LEC,complete,eligible
NEXO|LOLTMNT01_246656,NEXO,complete,eligible
LEC|LOLTMNT06_122365,LEC,complete,eligible
LEC|LOLTMNT06_122368,LEC,complete,eligible
NEXO|LOLTMNT01_245728,NEXO,complete,eligible
NEXO|LOLTMNT01_245755,NEXO,complete,eligible
LRS|LOLTMNT01_245769,LRS,complete,eligible
NEXO|LOLTMNT01_246725,NEXO,complete,eligible
CD|LOLTMNT01_246744,CD,complete,eligible
LRS|LOLTMNT01_245785,LRS,complete,eligible
CD|LOLTMNT01_246748,CD,complete,eligible
LRS|LOLTMNT01_245792,LRS,complete,eligible
CD|LOLTMNT01_246759,CD,complete,eligible
LRS|LOLTMNT01_246765,LRS,complete,eligible
LRS|LOLTMNT01_246770,LRS,complete,eligible
PCS|LOLTMNT01_245838,PCS,complete,eligible
LPL|12432-12432_game_1,LPL,partial,not_complete
PCS|LOLTMNT01_245842,PCS,complete,eligible
VCS|LOLTMNT03_254228,VCS,complete,eligible
LPL|12432-12432_game_2,LPL,partial,not_complete
VCS|LOLTMNT03_254234,VCS,complete,eligible
PCS|LOLTMNT01_245852,PCS,complete,eligible
LPL|12432-12432_game_3,LPL,partial,not_complete
VCS|LOLTMNT03_255004,VCS,complete,eligible
PCS|LOLTMNT01_246824,PCS,complete,eligible
LPL|12432-12432_game_4,LPL,partial,not_complete
VCS|LOLTMNT03_255021,VCS,complete,eligible
VCS|LOLTMNT03_254276,VCS,complete,eligible
EM|LOLTMNT04_116121,EM,complete,eligible
EM|LOLTMNT04_117160,EM,complete,eligible
EM|LOLTMNT04_116120,EM,complete,eligible
EM|LOLTMNT04_117166,EM,complete,eligible
NEXO|LOLTMNT01_245895,NEXO,complete,eligible
EM|LOLTMNT04_117178,EM,complete,eligible
EM|LOLTMNT04_117180,EM,complete,eligible
EM|LOLTMNT04_116127,EM,complete,eligible
EM|LOLTMNT04_117182,EM,complete,eligible
NEXO|LOLTMNT01_245908,NEXO,complete,eligible
EM|LOLTMNT04_117185,EM,complete,eligible
EM|LOLTMNT04_116130,EM,complete,eligible
EM|LOLTMNT04_116135,EM,complete,eligible
NEXO|LOLTMNT01_245916,NEXO,complete,eligible
EM|LOLTMNT04_117186,EM,complete,eligible
EM|LOLTMNT04_117194,EM,complete,eligible
EM|LOLTMNT04_116138,EM,complete,eligible
EM|LOLTMNT04_117192,EM,complete,eligible
NEXO|LOLTMNT01_246932,NEXO,complete,eligible
EM|LOLTMNT04_116144,EM,complete,eligible
EM|LOLTMNT04_117198,EM,complete,eligible
EM|LOLTMNT04_117199,EM,complete,eligible
NEXO|LOLTMNT01_246956,NEXO,complete,eligible
EM|LOLTMNT04_117201,EM,complete,eligible
CD|LOLTMNT01_246972,CD,complete,eligible
LRN|LOLTMNT01_246970,LRN,complete,eligible
CD|LOLTMNT01_245989,CD,complete,eligible
LRN|LOLTMNT01_246985,LRN,complete,eligible
CD|LOLTMNT01_247002,CD,complete,eligible
LRN|LOLTMNT01_247015,LRN,complete,eligible
CD|LOLTMNT01_247016,CD,complete,eligible
LRN|LOLTMNT01_247019,LRN,complete,eligible
LRN|LOLTMNT01_247024,LRN,complete,eligible
LJL|LOLTMNT01_247055,LJL,complete,eligible
LCK|LOLTMNT03_255081,LCK,complete,eligible
LJL|LOLTMNT01_247067,LJL,complete,missing_player_id
PCS|LOLTMNT01_247070,PCS,complete,eligible
LCK|LOLTMNT03_255086,LCK,complete,eligible
LPL|12433-12433_game_1,LPL,partial,not_complete
PCS|LOLTMNT01_247080,PCS,complete,eligible
LJL|LOLTMNT01_247082,LJL,complete,missing_player_id
LPL|12433-12433_game_2,LPL,partial,not_complete
VCS|LOLTMNT03_255112,VCS,complete,eligible
LCK|LOLTMNT03_254398,LCK,complete,eligible
PCS|LOLTMNT01_248095,PCS,complete,eligible
LJL|LOLTMNT01_247106,LJL,complete,missing_player_id
VCS|LOLTMNT03_254400,VCS,complete,eligible
LPL|12433-12433_game_3,LPL,partial,not_complete
PCS|LOLTMNT01_247119,PCS,complete,eligible
LPL|12433-12433_game_4,LPL,partial,not_complete
LJL|LOLTMNT01_247134,LJL,complete,missing_player_id
VCS|LOLTMNT03_254416,VCS,complete,eligible
PCS|LOLTMNT01_247161,PCS,complete,eligible
LPL|12433-12433_game_5,LPL,partial,not_complete
VCS|LOLTMNT03_254427,VCS,complete,eligible
LJL|LOLTMNT01_248152,LJL,complete,eligible
VCS|LOLTMNT03_254434,VCS,complete,eligible
EM|LOLTMNT04_117232,EM,complete,eligible
EM|LOLTMNT04_117233,EM,complete,eligible
EM|LOLTMNT04_116185,EM,complete,eligible
EM|LOLTMNT04_116178,EM,complete,eligible
EM|LOLTMNT04_117245,EM,complete,eligible
EM|LOLTMNT04_117246,EM,complete,eligible
EM|LOLTMNT04_116188,EM,complete,eligible
EM|LOLTMNT04_116189,EM,complete,eligible
EM|LOLTMNT04_117255,EM,complete,eligible
EM|LOLTMNT04_116197,EM,complete,eligible
EM|LOLTMNT04_116195,EM,complete,eligible
EM|LOLTMNT04_117251,EM,complete,eligible
EM|LOLTMNT04_117259,EM,complete,eligible
EM|LOLTMNT04_116204,EM,complete,eligible
EM|LOLTMNT04_117260,EM,complete,eligible
EM|LOLTMNT04_116205,EM,complete,eligible
EM|LOLTMNT04_116206,EM,complete,eligible
EM|LOLTMNT04_117268,EM,complete,eligible
LRS|LOLTMNT01_247247,LRS,complete,eligible
LRS|LOLTMNT01_248271,LRS,complete,eligible
CD|LOLTMNT01_248274,CD,complete,eligible
CD|LOLTMNT01_247266,CD,complete,eligible
LRS|LOLTMNT01_247265,LRS,complete,eligible
CD|LOLTMNT01_248280,CD,complete,eligible
LRS|LOLTMNT01_247272,LRS,complete,eligible
LJL|LOLTMNT01_247333,LJL,complete,missing_player_id
LPL|12434-12434_game_1,LPL,partial,not_complete
LJL|LOLTMNT01_248340,LJL,complete,missing_player_id
VCS|LOLTMNT03_255230,VCS,complete,eligible
LPL|12434-12434_game_2,LPL,partial,not_complete
LJL|LOLTMNT01_247359,LJL,complete,missing_player_id
VCS|LOLTMNT03_255234,VCS,complete,eligible
LPL|12434-12434_game_3,LPL,partial,not_complete
LJL|LOLTMNT01_247372,LJL,complete,missing_player_id
LPL|12434-12434_game_4,LPL,partial,not_complete
LJL|LOLTMNT01_248385,LJL,complete,eligible
LJL|LOLTMNT01_248401,LJL,complete,eligible
EM|LOLTMNT04_116244,EM,complete,eligible
EM|LOLTMNT04_117309,EM,complete,eligible
EM|LOLTMNT04_116241,EM,complete,eligible
EM|LOLTMNT04_116242,EM,complete,eligible
NEXO|LOLTMNT01_248442,NEXO,complete,eligible
EM|LOLTMNT04_116257,EM,complete,eligible
EM|LOLTMNT04_116258,EM,complete,eligible
EM|LOLTMNT04_117322,EM,complete,eligible
EM|LOLTMNT04_116264,EM,complete,eligible
NEXO|LOLTMNT01_247454,NEXO,complete,eligible
EM|LOLTMNT04_116268,EM,complete,eligible
EM|LOLTMNT04_116269,EM,complete,eligible
EM|LOLTMNT04_117332,EM,complete,eligible
EM|LOLTMNT04_116270,EM,complete,eligible
EM|LOLTMNT04_117334,EM,complete,eligible
NEXO|LOLTMNT01_248489,NEXO,complete,missing_player_id
EM|LOLTMNT04_116277,EM,complete,eligible
EM|LOLTMNT04_117337,EM,complete,eligible
EM|LOLTMNT04_116280,EM,complete,eligible
EM|LOLTMNT04_116289,EM,complete,eligible
NEXO|LOLTMNT01_247502,NEXO,complete,eligible
EM|LOLTMNT04_117346,EM,complete,eligible
EM|LOLTMNT04_117349,EM,complete,eligible
EM|LOLTMNT04_116290,EM,complete,eligible
NEXO|LOLTMNT01_248519,NEXO,complete,eligible
NACL|LOLTMNT01_248547,NACL,complete,eligible
NACL|LOLTMNT01_248560,NACL,complete,eligible
NACL|LOLTMNT01_248562,NACL,complete,eligible
NACL|LOLTMNT01_247574,NACL,complete,eligible
NACL|LOLTMNT01_247577,NACL,complete,eligible
LCP|LOLTMNT03_255347,LCP,complete,eligible
LCP|LOLTMNT03_255350,LCP,complete,eligible
LCP|LOLTMNT03_254592,LCP,complete,eligible
LCP|LOLTMNT03_255361,LCP,complete,eligible
EM|LOLTMNT04_117383,EM,complete,eligible
EM|LOLTMNT04_116322,EM,complete,eligible
EM|LOLTMNT04_116324,EM,complete,eligible
EM|LOLTMNT04_117389,EM,complete,eligible
EM|LOLTMNT04_117404,EM,complete,eligible
EM|LOLTMNT04_116339,EM,complete,eligible
EM|LOLTMNT04_117409,EM,complete,eligible
EM|LOLTMNT04_116342,EM,complete,eligible
NEXO|LOLTMNT01_248731,NEXO,complete,eligible
EM|LOLTMNT04_117411,EM,complete,eligible
EM|LOLTMNT04_117412,EM,complete,eligible
EM|LOLTMNT04_117413,EM,complete,eligible
NEXO|LOLTMNT01_247778,NEXO,complete,eligible
EM|LOLTMNT04_116351,EM,complete,eligible
EM|LOLTMNT04_116352,EM,complete,eligible
EM|LOLTMNT04_117418,EM,complete,eligible
EM|LOLTMNT04_117419,EM,complete,eligible
NEXO|LOLTMNT01_247806,NEXO,complete,eligible
EM|LOLTMNT04_116358,EM,complete,eligible
NACL|LOLTMNT01_247883,NACL,complete,eligible
NACL|LOLTMNT01_247935,NACL,complete,eligible
NACL|LOLTMNT01_247953,NACL,complete,eligible
LCK|LOLTMNT01_250089,LCK,complete,eligible
LCK|LOLTMNT01_249121,LCK,complete,eligible
LCK|LOLTMNT01_249126,LCK,complete,eligible
LPL|12435-12435_game_1,LPL,partial,not_complete
LCP|LOLTMNT03_254659,LCP,complete,eligible
LFL2|LOLTMNT06_123378,LFL2,complete,eligible
LPL|12435-12435_game_2,LPL,partial,not_complete
HC|LOLTMNT03_254663,HC,complete,eligible
LCP|LOLTMNT03_255429,LCP,complete,eligible
LFL2|LOLTMNT06_123380,LFL2,complete,eligible
LPL|12435-12435_game_3,LPL,partial,not_complete
HC|LOLTMNT03_255430,HC,complete,eligible
LFL2|LOLTMNT06_122377,LFL2,complete,eligible
LCP|LOLTMNT03_255433,LCP,complete,eligible
LPL|12435-12435_game_4,LPL,partial,not_complete
HC|LOLTMNT03_255438,HC,complete,eligible
LFL2|LOLTMNT06_123382,LFL2,complete,eligible
LCP|LOLTMNT03_254671,LCP,complete,eligible
HC|LOLTMNT03_254673,HC,complete,eligible
HC|LOLTMNT03_255445,HC,complete,eligible
LEC|LOLTMNT06_122390,LEC,complete,eligible
LEC|LOLTMNT06_122394,LEC,complete,eligible
LTA S|LOLTMNT01_249262,LTA S,complete,eligible
LEC|LOLTMNT06_123396,LEC,complete,eligible
LTA S|LOLTMNT01_249286,LTA S,complete,eligible
LEC|LOLTMNT06_122396,LEC,complete,eligible
LTA S|LOLTMNT01_249315,LTA S,complete,eligible
LEC|LOLTMNT06_123397,LEC,complete,eligible
LTA N|LOLTMNT01_249362,LTA N,complete,eligible
LTA N|LOLTMNT01_249384,LTA N,complete,eligible
LTA N|LOLTMNT01_249398,LTA N,complete,eligible
LTA N|LOLTMNT01_249414,LTA N,complete,eligible
LTA N|LOLTMNT01_249428,LTA N,complete,eligible
LCK|LOLTMNT01_249476,LCK,complete,eligible
LCK|LOLTMNT01_250305,LCK,complete,eligible
LCK|LOLTMNT01_250311,LCK,complete,eligible
LPL|12436-12436_game_1,LPL,partial,not_complete
LCP|LOLTMNT03_255495,LCP,complete,eligible
LPL|12436-12436_game_2,LPL,partial,not_complete
LFL2|LOLTMNT06_122397,LFL2,complete,eligible
HC|LOLTMNT03_254731,HC,complete,eligible
LCP|LOLTMNT03_255506,LCP,complete,eligible
LPL|12436-12436_game_3,LPL,partial,not_complete
LFL2|LOLTMNT06_123399,LFL2,complete,eligible
HC|LOLTMNT03_255507,HC,complete,eligible
LCP|LOLTMNT03_254735,LCP,complete,eligible
LPL|12436-12436_game_4,LPL,partial,not_complete
LFL2|LOLTMNT06_122398,LFL2,complete,eligible
HC|LOLTMNT03_255513,HC,complete,eligible
LCP|LOLTMNT03_254738,LCP,complete,eligible
LFL2|LOLTMNT06_123400,LFL2,complete,eligible
LPL|12436-12436_game_5,LPL,partial,not_complete
LCP|LOLTMNT03_255515,LCP,complete,eligible
LEC|LOLTMNT06_123414,LEC,complete,eligible
LTA S|LOLTMNT01_249593,LTA S,complete,eligible
LEC|LOLTMNT06_122412,LEC,complete,eligible
LEC|LOLTMNT06_123415,LEC,complete,eligible
LTA S|LOLTMNT01_249620,LTA S,complete,eligible
LEC|LOLTMNT06_122413,LEC,complete,eligible
LTA S|LOLTMNT01_249637,LTA S,complete,eligible
LTA S|LOLTMNT01_249647,LTA S,complete,eligible
LTA N|LOLTMNT01_250506,LTA N,complete,eligible
LTA N|LOLTMNT01_250511,LTA N,complete,eligible
LTA N|LOLTMNT01_249686,LTA N,complete,eligible
LTA N|LOLTMNT01_249694,LTA N,complete,eligible
PCS|LOLTMNT01_249727,PCS,complete,eligible
LPL|12437-12437_game_1,LPL,partial,not_complete
PCS|LOLTMNT01_249733,PCS,complete,eligible
LPL|12437-12437_game_2,LPL,partial,not_complete
PCS|LOLTMNT01_250577,PCS,complete,eligible
LPL|12437-12437_game_3,LPL,partial,not_complete
PCS|LOLTMNT01_250594,PCS,complete,eligible
LPL|12437-12437_game_4,LPL,partial,not_complete
LPL|12437-12437_game_5,LPL,partial,not_complete
EM|LOLTMNT04_116428,EM,complete,eligible
EM|LOLTMNT04_117486,EM,complete,eligible
EM|LOLTMNT04_117488,EM,complete,eligible
EM|LOLTMNT04_116427,EM,complete,eligible
NEXO|LOLTMNT01_249799,NEXO,complete,eligible
EM|LOLTMNT04_117493,EM,complete,eligible
EM|LOLTMNT04_117495,EM,complete,eligible
EM|LOLTMNT04_116430,EM,complete,eligible
EM|LOLTMNT04_117494,EM,complete,eligible
NEXO|LOLTMNT01_249813,NEXO,complete,eligible
EM|LOLTMNT04_116434,EM,complete,eligible
EM|LOLTMNT04_117500,EM,complete,eligible
EM|LOLTMNT04_116435,EM,complete,eligible
NEXO|LOLTMNT01_249819,NEXO,complete,eligible
EM|LOLTMNT04_117503,EM,complete,eligible
EM|LOLTMNT04_116441,EM,complete,eligible
EM|LOLTMNT04_117505,EM,complete,eligible
NEXO|LOLTMNT01_250668,NEXO,complete,eligible
EM|LOLTMNT04_117506,EM,complete,eligible
EM|LOLTMNT04_116445,EM,complete,eligible
EM|LOLTMNT04_117509,EM,complete,eligible
EM|LOLTMNT04_116446,EM,complete,eligible
EM|LOLTMNT04_117511,EM,complete,eligible
EM|LOLTMNT04_117512,EM,complete,eligible
EM|LOLTMNT04_116452,EM,complete,eligible
LRN|LOLTMNT01_250710,LRN,complete,eligible
CD|LOLTMNT01_249877,CD,complete,eligible
LRN|LOLTMNT01_249882,LRN,complete,eligible
CD|LOLTMNT01_249883,CD,complete,eligible
CD|LOLTMNT01_250730,CD,complete,eligible
LRN|LOLTMNT01_250732,LRN,complete,missing_player_id
LRN|LOLTMNT01_250734,LRN,complete,missing_player_id
PCS|LOLTMNT01_249925,PCS,complete,eligible
PCS|LOLTMNT01_250778,PCS,complete,eligible
PCS|LOLTMNT01_250783,PCS,complete,eligible
PCS|LOLTMNT01_250788,PCS,complete,eligible
HC|LOLTMNT03_255534,HC,complete,eligible
HC|LOLTMNT03_255535,HC,complete,eligible
HC|LOLTMNT03_254774,HC,complete,eligible
HC|LOLTMNT03_254776,HC,complete,eligible
LRN|LOLTMNT01_251075,LRN,complete,missing_player_id
LRN|LOLTMNT01_250905,LRN,complete,missing_player_id
LRN|LOLTMNT01_251091,LRN,complete,missing_player_id
PCS|LOLTMNT01_250960,PCS,complete,eligible
LPL|12438-12438_game_1,LPL,partial,not_complete
PCS|LOLTMNT01_251145,PCS,complete,eligible
LPL|12438-12438_game_2,LPL,partial,not_complete
PCS|LOLTMNT01_251148,PCS,complete,eligible
LPL|12438-12438_game_3,LPL,partial,not_complete
EM|LOLTMNT04_117534,EM,complete,eligible
NEXO|LOLTMNT01_252033,NEXO,complete,eligible
EM|LOLTMNT04_116479,EM,complete,eligible
NEXO|LOLTMNT01_251220,NEXO,complete,eligible
EM|LOLTMNT04_117541,EM,complete,eligible
EM|LOLTMNT04_117542,EM,complete,eligible
EM|LOLTMNT04_117543,EM,complete,eligible
NEXO|LOLTMNT01_252066,NEXO,complete,eligible
EM|LOLTMNT04_117544,EM,complete,eligible
EM|LOLTMNT04_116486,EM,complete,eligible
NEXO|LOLTMNT01_251256,NEXO,complete,eligible
LRN|LOLTMNT01_251288,LRN,complete,eligible
LRN|LOLTMNT01_251300,LRN,complete,eligible
LRN|LOLTMNT01_251304,LRN,complete,eligible
LRN|LOLTMNT01_252129,LRN,complete,eligible
LRN|LOLTMNT01_252132,LRN,complete,eligible
VCS|LOLTMNT01_251388,VCS,complete,eligible
VCS|LOLTMNT01_252222,VCS,complete,eligible
VCS|LOLTMNT01_251429,VCS,complete,eligible
VCS|LOLTMNT01_251452,VCS,complete,eligible
VCS|LOLTMNT01_251464,VCS,complete,eligible
EM|LOLTMNT04_116509,EM,complete,eligible
EM|LOLTMNT04_117566,EM,complete,eligible
NEXO|LOLTMNT01_251484,NEXO,complete,eligible
EM|LOLTMNT04_116516,EM,complete,eligible
EM|LOLTMNT04_116515,EM,complete,eligible
NEXO|LOLTMNT01_251496,NEXO,complete,eligible
EM|LOLTMNT04_116517,EM,complete,eligible
EM|LOLTMNT04_117573,EM,complete,eligible
NEXO|LOLTMNT01_252329,NEXO,complete,eligible
LRN|LOLTMNT02_274172,LRN,complete,missing_player_id
LRN|LOLTMNT02_274187,LRN,complete,missing_player_id
LRN|LOLTMNT02_274192,LRN,complete,missing_player_id
LRN|LOLTMNT02_274194,LRN,complete,missing_player_id
LCK|LOLTMNT01_251602,LCK,complete,eligible
LPL|12439-12439_game_1,LPL,partial,not_complete
LCK|LOLTMNT01_252424,LCK,complete,eligible
VCS|LOLTMNT01_251624,VCS,complete,eligible
LPL|12439-12439_game_2,LPL,partial,not_complete
LCK|LOLTMNT01_252430,LCK,complete,eligible
VCS|LOLTMNT01_252433,VCS,complete,eligible
LPL|12439-12439_game_3,LPL,partial,not_complete
LCK|LOLTMNT01_252434,LCK,complete,eligible
VCS|LOLTMNT01_251647,VCS,complete,eligible
LPL|12439-12439_game_4,LPL,partial,not_complete
LCK|LOLTMNT01_252445,LCK,complete,eligible
VCS|LOLTMNT01_251652,VCS,complete,eligible
EM|LOLTMNT04_117590,EM,complete,eligible
EM|LOLTMNT04_116540,EM,complete,eligible
EM|LOLTMNT04_117595,EM,complete,eligible
EM|LOLTMNT04_117596,EM,complete,eligible
EM|LOLTMNT04_116543,EM,complete,eligible
EM|LOLTMNT04_117597,EM,complete,eligible
EM|LOLTMNT04_117599,EM,complete,eligible
LCK|LOLTMNT01_252598,LCK,complete,eligible
LCK|LOLTMNT01_252614,LCK,complete,eligible
LJL|LOLTMNT02_274401,LJL,complete,eligible
LCK|LOLTMNT01_252626,LCK,complete,eligible
LJL|LOLTMNT02_275363,LJL,complete,eligible
LPL|12440-12440_game_1,LPL,partial,not_complete
LCK|LOLTMNT01_251863,LCK,complete,eligible
VCS|LOLTMNT01_252641,VCS,complete,eligible
LPL|12440-12440_game_2,LPL,partial,not_complete
LJL|LOLTMNT02_275376,LJL,complete,eligible
VCS|LOLTMNT01_252642,VCS,complete,eligible
LPL|12440-12440_game_3,LPL,partial,not_complete
LJL|LOLTMNT02_275398,LJL,complete,eligible
VCS|LOLTMNT01_251882,VCS,complete,eligible
LPL|12440-12440_game_4,LPL,partial,not_complete
VCS|LOLTMNT01_252663,VCS,complete,eligible
EM|LOLTMNT04_117613,EM,complete,eligible
EM|LOLTMNT04_116561,EM,complete,eligible
CT|LOLTMNT01_252687,CT,complete,eligible
CT|LOLTMNT01_251918,CT,complete,eligible
EM|LOLTMNT04_117616,EM,complete,eligible
EM|LOLTMNT04_117617,EM,complete,eligible
LTA S|LOLTMNT01_251939,LTA S,complete,eligible
CT|LOLTMNT01_252710,CT,complete,eligible
EM|LOLTMNT04_116566,EM,complete,eligible
EM|LOLTMNT04_117619,EM,complete,eligible
LTA S|LOLTMNT01_251949,LTA S,complete,eligible
CT|LOLTMNT01_252715,CT,complete,eligible
CT|LOLTMNT01_251950,CT,complete,eligible
EM|LOLTMNT04_116569,EM,complete,eligible
EM|LOLTMNT04_116570,EM,complete,eligible
LTA S|LOLTMNT01_251954,LTA S,complete,eligible
CT|LOLTMNT01_252720,CT,complete,eligible
LTA S|LOLTMNT01_251959,LTA S,complete,eligible
CT|LOLTMNT01_251963,CT,complete,eligible
CT|LOLTMNT01_251967,CT,complete,eligible
LTA N|LOLTMNT01_252738,LTA N,complete,eligible
LTA N|LOLTMNT01_252741,LTA N,complete,eligible
LTA N|LOLTMNT01_252745,LTA N,complete,eligible
LCK|LOLTMNT01_252766,LCK,complete,eligible
LCK|LOLTMNT01_253007,LCK,complete,eligible
LJL|LOLTMNT02_275944,LJL,complete,eligible
LCK|LOLTMNT01_252771,LCK,complete,eligible
LJL|LOLTMNT02_275947,LJL,complete,eligible
VCS|LOLTMNT01_252784,VCS,complete,eligible
LJL|LOLTMNT02_275956,LJL,complete,eligible
VCS|LOLTMNT01_252785,VCS,complete,eligible
LJL|LOLTMNT02_275971,LJL,complete,eligible
VCS|LOLTMNT01_253014,VCS,complete,eligible
LJL|LOLTMNT02_274815,LJL,complete,eligible
VCS|LOLTMNT01_253018,VCS,complete,eligible
VCS|LOLTMNT01_252797,VCS,complete,eligible
CT|LOLTMNT01_253032,CT,complete,eligible
HC|LOLTMNT03_255617,HC,complete,eligible
CT|LOLTMNT01_252809,CT,complete,eligible
CT|LOLTMNT01_252834,CT,complete,eligible
HC|LOLTMNT03_255618,HC,complete,eligible
CT|LOLTMNT01_253050,CT,complete,eligible
ROL|LOLTMNT01_252835,ROL,complete,eligible
LTA S|LOLTMNT01_252836,LTA S,complete,eligible
CT|LOLTMNT01_253053,CT,complete,eligible
CT|LOLTMNT01_252837,CT,complete,eligible
ROL|LOLTMNT01_253055,ROL,complete,eligible
LTA S|LOLTMNT01_253056,LTA S,complete,eligible
HC|LOLTMNT03_254850,HC,complete,eligible
ROL|LOLTMNT01_252840,ROL,complete,eligible
LTA S|LOLTMNT01_253063,LTA S,complete,eligible
CT|LOLTMNT01_252842,CT,complete,eligible
CT|LOLTMNT01_252841,CT,complete,eligible
HC|LOLTMNT03_255622,HC,complete,eligible
ROL|LOLTMNT01_252843,ROL,complete,eligible
CT|LOLTMNT01_252844,CT,complete,eligible
CT|LOLTMNT01_252845,CT,complete,eligible
ROL|LOLTMNT01_252846,ROL,complete,eligible
HC|LOLTMNT03_255627,HC,complete,eligible
CT|LOLTMNT01_252851,CT,complete,eligible
CT|LOLTMNT01_253072,CT,complete,eligible
LTA N|LOLTMNT01_253074,LTA N,complete,eligible
LTA N|LOLTMNT01_253075,LTA N,complete,eligible
LTA N|LOLTMNT01_253076,LTA N,complete,eligible
LTA N|LOLTMNT01_253078,LTA N,complete,eligible
LTA N|LOLTMNT01_252856,LTA N,complete,eligible
PCS|LOLTMNT01_253090,PCS,complete,eligible
PCS|LOLTMNT01_252864,PCS,complete,eligible
PCS|LOLTMNT01_252867,PCS,complete,eligible
EM|LOLTMNT05_137130,EM,complete,eligible
EM|LOLTMNT05_137137,EM,complete,eligible
CT|LOLTMNT01_253108,CT,complete,eligible
CT|LOLTMNT01_252883,CT,complete,eligible
CT|LOLTMNT01_252881,CT,complete,eligible
CT|LOLTMNT01_253110,CT,complete,eligible
CT|LOLTMNT01_253111,CT,complete,eligible
EM|LOLTMNT05_137140,EM,complete,eligible
CT|LOLTMNT01_252886,CT,complete,eligible
EM|LOLTMNT05_137141,EM,complete,eligible
CT|LOLTMNT01_253113,CT,complete,eligible
CT|LOLTMNT01_253114,CT,complete,eligible
EM|LOLTMNT05_137142,EM,complete,eligible
CT|LOLTMNT01_252889,CT,complete,eligible
EM|LOLTMNT05_137145,EM,complete,eligible
EM|LOLTMNT05_137147,EM,complete,eligible
EM|LOLTMNT05_137148,EM,complete,eligible
CT|LOLTMNT01_252894,CT,complete,eligible
CT|LOLTMNT01_252895,CT,complete,eligible
EM|LOLTMNT05_138131,EM,complete,eligible
LRS|LOLTMNT02_277053,LRS,complete,eligible
CT|LOLTMNT01_253122,CT,complete,eligible
CT|LOLTMNT01_253123,CT,complete,eligible
CT|LOLTMNT01_253124,CT,complete,eligible
LRS|LOLTMNT02_277070,LRS,complete,eligible
CD|LOLTMNT02_276571,CD,complete,eligible
CD|LOLTMNT02_276591,CD,complete,eligible
LRS|LOLTMNT02_276589,LRS,complete,missing_player_id
LRS|LOLTMNT02_277095,LRS,complete,missing_player_id
CD|LOLTMNT02_277101,CD,complete,eligible
CD|LOLTMNT02_276619,CD,complete,eligible
PCS|LOLTMNT01_253141,PCS,complete,eligible
PCS|LOLTMNT01_252918,PCS,complete,eligible
PCS|LOLTMNT01_253148,PCS,complete,eligible
EM|LOLTMNT05_137166,EM,complete,eligible
EM|LOLTMNT05_137164,EM,complete,eligible
CT|LOLTMNT01_252945,CT,complete,eligible
CT|LOLTMNT01_253176,CT,complete,eligible
EM|LOLTMNT05_138153,EM,complete,eligible
CT|LOLTMNT01_253182,CT,complete,eligible
EM|LOLTMNT05_137169,EM,complete,eligible
CT|LOLTMNT01_252952,CT,complete,eligible
EM|LOLTMNT05_137171,EM,complete,eligible
CT|LOLTMNT01_252953,CT,complete,eligible
EM|LOLTMNT05_138158,EM,complete,eligible
CT|LOLTMNT01_252954,CT,complete,eligible
EM|LOLTMNT05_137175,EM,complete,eligible
EM|LOLTMNT05_138162,EM,complete,eligible
CT|LOLTMNT01_252961,CT,complete,eligible
CT|LOLTMNT01_252964,CT,complete,eligible
LRS|LOLTMNT02_276751,LRS,complete,eligible
LRS|LOLTMNT02_276754,LRS,complete,missing_player_id
LRS|LOLTMNT02_276762,LRS,complete,missing_player_id
LRS|LOLTMNT02_277351,LRS,complete,eligible
CD|LOLTMNT02_276765,CD,complete,eligible
LRS|LOLTMNT02_276777,LRS,complete,missing_player_id
CD|LOLTMNT02_276779,CD,complete,eligible
LRS|LOLTMNT02_277373,LRS,complete,eligible
CD|LOLTMNT02_277384,CD,complete,eligible
CD|LOLTMNT02_277389,CD,complete,eligible
PCS|LOLTMNT01_252984,PCS,complete,eligible
PCS|LOLTMNT01_253204,PCS,complete,eligible
PCS|LOLTMNT01_252988,PCS,complete,eligible
CT|LOLTMNT01_253216,CT,complete,eligible
EM|LOLTMNT05_138191,EM,complete,eligible
CT|LOLTMNT01_252999,CT,complete,eligible
EM|LOLTMNT05_137194,EM,complete,eligible
CT|LOLTMNT01_254003,CT,complete,eligible
EM|LOLTMNT05_138194,EM,complete,eligible
CT|LOLTMNT01_254005,CT,complete,eligible
LRS|LOLTMNT02_278079,LRS,complete,eligible
LRS|LOLTMNT02_278088,LRS,complete,eligible
CD|LOLTMNT02_277810,CD,complete,eligible
LRS|LOLTMNT02_277818,LRS,complete,eligible
CD|LOLTMNT02_277819,CD,complete,eligible
LRS|LOLTMNT02_277825,LRS,complete,eligible
CD|LOLTMNT02_277831,CD,complete,eligible
CD|LOLTMNT02_277840,CD,complete,eligible
EM|LOLTMNT05_137307,EM,complete,eligible
EM|LOLTMNT05_137311,EM,complete,eligible
EM|LOLTMNT05_137314,EM,complete,eligible
EM|LOLTMNT05_138282,EM,complete,eligible
CD|LOLTMNT02_279380,CD,complete,eligible
CD|LOLTMNT02_279395,CD,complete,eligible
NACL|LOLTMNT02_279400,NACL,complete,eligible
CD|LOLTMNT02_278383,CD,complete,eligible
NACL|LOLTMNT02_279408,NACL,complete,eligible
CD|LOLTMNT02_279421,CD,complete,eligible
NACL|LOLTMNT02_279425,NACL,complete,eligible
NACL|LOLTMNT02_279429,NACL,complete,eligible
NACL|LOLTMNT02_278396,NACL,complete,eligible
VCS|LOLTMNT01_254048,VCS,complete,eligible
VCS|LOLTMNT01_253260,VCS,complete,eligible
VCS|LOLTMNT01_253263,VCS,complete,eligible
VCS|LOLTMNT01_254053,VCS,complete,eligible
VCS|LOLTMNT01_253270,VCS,complete,eligible
CD|LOLTMNT02_278795,CD,complete,eligible
CD|LOLTMNT02_278813,CD,complete,eligible
NACL|LOLTMNT02_279889,NACL,complete,eligible
NACL|LOLTMNT02_278818,NACL,complete,eligible
CD|LOLTMNT02_278826,CD,complete,eligible
NACL|LOLTMNT02_278827,NACL,complete,eligible
NACL|LOLTMNT02_279897,NACL,complete,eligible
CD|LOLTMNT02_279908,CD,complete,eligible
NACL|LOLTMNT02_278841,NACL,complete,eligible
NACL|LOLTMNT02_279914,NACL,complete,eligible
LJL|LOLTMNT02_280028,LJL,complete,eligible
LJL|LOLTMNT02_278996,LJL,complete,eligible
VCS|LOLTMNT01_253299,VCS,complete,eligible
LJL|LOLTMNT02_281039,LJL,complete,eligible
VCS|LOLTMNT01_253301,VCS,complete,eligible
VCS|LOLTMNT01_253303,VCS,complete,eligible
EM|LOLTMNT05_137439,EM,complete,eligible
EM|LOLTMNT05_138397,EM,complete,eligible
EM|LOLTMNT05_138398,EM,complete,eligible
NACL|LOLTMNT02_280343,NACL,complete,eligible
NACL|LOLTMNT02_281304,NACL,complete,eligible
NACL|LOLTMNT02_281317,NACL,complete,eligible
NACL|LOLTMNT02_281328,NACL,complete,eligible
NACL|LOLTMNT02_280386,NACL,complete,eligible
Asia Master|LOLTMNT02_281359,Asia Master,complete,eligible
Asia Master|LOLTMNT02_280435,Asia Master,complete,eligible
Asia Master|LOLTMNT02_281373,Asia Master,complete,eligible
Asia Master|LOLTMNT02_280456,Asia Master,complete,eligible
Asia Master|LOLTMNT02_281395,Asia Master,complete,eligible
Asia Master|LOLTMNT02_281417,Asia Master,complete,eligible
Asia Master|LOLTMNT02_280479,Asia Master,complete,eligible
Asia Master|LOLTMNT02_280504,Asia Master,complete,eligible
Asia Master|LOLTMNT02_280536,Asia Master,complete,eligible
Asia Master|LOLTMNT02_281484,Asia Master,complete,eligible
Asia Master|LOLTMNT02_280565,Asia Master,complete,eligible
VCS|LOLTMNT01_254103,VCS,complete,eligible
Asia Master|LOLTMNT02_281507,Asia Master,complete,eligible
VCS|LOLTMNT01_254105,VCS,complete,eligible
VCS|LOLTMNT01_254106,VCS,complete,eligible
VCS|LOLTMNT01_253338,VCS,complete,eligible
NACL|LOLTMNT02_280832,NACL,complete,eligible
NACL|LOLTMNT02_281767,NACL,complete,eligible
NACL|LOLTMNT02_280849,NACL,complete,eligible
NACL|LOLTMNT02_281782,NACL,complete,eligible
NACL|LOLTMNT02_281788,NACL,complete,eligible
Asia Master|LOLTMNT02_281800,Asia Master,complete,eligible
Asia Master|LOLTMNT02_281801,Asia Master,complete,eligible
Asia Master|LOLTMNT02_281809,Asia Master,complete,eligible
Asia Master|LOLTMNT02_280882,Asia Master,complete,eligible
Asia Master|LOLTMNT02_281820,Asia Master,complete,eligible
Asia Master|LOLTMNT02_280892,Asia Master,complete,eligible
Asia Master|LOLTMNT02_280896,Asia Master,complete,eligible
Asia Master|LOLTMNT02_280900,Asia Master,complete,eligible
Asia Master|LOLTMNT02_281853,Asia Master,complete,eligible
Asia Master|LOLTMNT02_281862,Asia Master,complete,eligible
Asia Master|LOLTMNT02_280910,Asia Master,complete,eligible
Asia Master|LOLTMNT02_281876,Asia Master,complete,eligible
Asia Master|LOLTMNT02_281877,Asia Master,complete,eligible
Asia Master|LOLTMNT02_281896,Asia Master,complete,eligible
Asia Master|LOLTMNT02_281903,Asia Master,complete,eligible
Asia Master|LOLTMNT02_282134,Asia Master,complete,eligible
Asia Master|LOLTMNT02_283152,Asia Master,complete,eligible
Asia Master|LOLTMNT02_283163,Asia Master,complete,eligible
Asia Master|LOLTMNT02_282141,Asia Master,complete,eligible
Asia Master|LOLTMNT02_282154,Asia Master,complete,eligible
Asia Master|LOLTMNT02_282162,Asia Master,complete,eligible
Asia Master|LOLTMNT02_283205,Asia Master,complete,eligible
Asia Master|LOLTMNT02_283204,Asia Master,complete,eligible
Asia Master|LOLTMNT02_282199,Asia Master,complete,eligible
Asia Master|LOLTMNT02_283227,Asia Master,complete,eligible
Asia Master|LOLTMNT02_283229,Asia Master,complete,eligible
Asia Master|LOLTMNT02_282223,Asia Master,complete,eligible
Asia Master|LOLTMNT02_283236,Asia Master,complete,eligible
Asia Master|LOLTMNT02_283264,Asia Master,complete,eligible
Asia Master|LOLTMNT02_283265,Asia Master,complete,eligible
Asia Master|LOLTMNT02_282469,Asia Master,complete,eligible
Asia Master|LOLTMNT02_283539,Asia Master,complete,eligible
Asia Master|LOLTMNT02_283553,Asia Master,complete,eligible
Asia Master|LOLTMNT02_283603,Asia Master,complete,eligible
Asia Master|LOLTMNT02_283640,Asia Master,complete,eligible
Asia Master|LOLTMNT02_282597,Asia Master,complete,eligible
Asia Master|LOLTMNT02_282600,Asia Master,complete,eligible
Asia Master|LOLTMNT02_282621,Asia Master,complete,eligible
Asia Master|LOLTMNT02_282625,Asia Master,complete,eligible
Asia Master|LOLTMNT02_282658,Asia Master,complete,eligible
Asia Master|LOLTMNT02_283702,Asia Master,complete,eligible
Asia Master|LOLTMNT02_283945,Asia Master,complete,eligible
Asia Master|LOLTMNT02_282788,Asia Master,complete,eligible
Asia Master|LOLTMNT02_282802,Asia Master,complete,eligible
Asia Master|LOLTMNT02_283967,Asia Master,complete,eligible
Asia Master|LOLTMNT02_283971,Asia Master,complete,eligible
Asia Master|LOLTMNT02_283972,Asia Master,complete,eligible
NEXO|LOLTMNT02_282874,NEXO,complete,eligible
NEXO|LOLTMNT02_284042,NEXO,complete,eligible
NEXO|LOLTMNT02_282895,NEXO,complete,eligible
NEXO|LOLTMNT02_282899,NEXO,complete,eligible
NEXO|LOLTMNT02_282912,NEXO,complete,eligible
NEXO|LOLTMNT02_284070,NEXO,complete,eligible
MSI|LOLTMNT03_258379,MSI,complete,eligible
MSI|LOLTMNT03_257393,MSI,complete,eligible
MSI|LOLTMNT03_257408,MSI,complete,eligible
MSI|LOLTMNT03_258398,MSI,complete,eligible
MSI|LOLTMNT03_257416,MSI,complete,eligible
MSI|LOLTMNT03_257430,MSI,complete,eligible
MSI|LOLTMNT03_258418,MSI,complete,eligible
MSI|LOLTMNT03_257442,MSI,complete,eligible
HLL|LOLTMNT02_285274,HLL,complete,eligible
HLL|LOLTMNT02_284375,HLL,complete,eligible
HLL|LOLTMNT02_284382,HLL,complete,eligible
MSI|LOLTMNT03_258564,MSI,complete,eligible
MSI|LOLTMNT03_258569,MSI,complete,eligible
MSI|LOLTMNT03_258574,MSI,complete,eligible
MSI|LOLTMNT03_258579,MSI,complete,eligible
MSI|LOLTMNT03_257580,MSI,complete,eligible
MSI|LOLTMNT03_257596,MSI,complete,eligible
MSI|LOLTMNT03_257602,MSI,complete,eligible
MSI|LOLTMNT03_258617,MSI,complete,eligible
MSI|LOLTMNT03_258859,MSI,complete,eligible
MSI|LOLTMNT03_257845,MSI,complete,eligible
MSI|LOLTMNT03_257849,MSI,complete,eligible
MSI|LOLTMNT03_257855,MSI,complete,eligible
MSI|LOLTMNT03_258884,MSI,complete,eligible
MSI|LOLTMNT03_260300,MSI,complete,eligible
MSI|LOLTMNT03_260310,MSI,complete,eligible
MSI|LOLTMNT03_260312,MSI,complete,eligible
MSI|LOLTMNT03_259383,MSI,complete,eligible
MSI|LOLTMNT03_261259,MSI,complete,eligible
MSI|LOLTMNT03_261266,MSI,complete,eligible
MSI|LOLTMNT03_261269,MSI,complete,eligible
MSI|LOLTMNT03_261272,MSI,complete,eligible
MSI|LOLTMNT03_261555,MSI,complete,eligible
MSI|LOLTMNT03_261584,MSI,complete,eligible
MSI|LOLTMNT03_261593,MSI,complete,eligible
MSI|LOLTMNT03_261611,MSI,complete,eligible
MSI|LOLTMNT03_261634,MSI,complete,eligible
MSI|LOLTMNT03_262048,MSI,complete,eligible
MSI|LOLTMNT03_262051,MSI,complete,eligible
MSI|LOLTMNT03_262054,MSI,complete,eligible
MSI|LOLTMNT03_261664,MSI,complete,eligible
MSI|LOLTMNT03_261937,MSI,complete,eligible
MSI|LOLTMNT03_261951,MSI,complete,eligible
MSI|LOLTMNT03_261965,MSI,complete,eligible
MSI|LOLTMNT03_261991,MSI,complete,eligible
MSI|LOLTMNT03_261997,MSI,complete,eligible
MSI|LOLTMNT03_262298,MSI,complete,eligible
MSI|LOLTMNT03_262304,MSI,complete,eligible
MSI|LOLTMNT03_263018,MSI,complete,eligible
MSI|LOLTMNT03_262679,MSI,complete,eligible
MSI|LOLTMNT03_262687,MSI,complete,eligible
MSI|LOLTMNT03_263270,MSI,complete,eligible
MSI|LOLTMNT03_263277,MSI,complete,eligible
MSI|LOLTMNT03_263304,MSI,complete,eligible
MSI|LOLTMNT03_262722,MSI,complete,eligible
MSI|LOLTMNT03_262729,MSI,complete,eligible
MSI|LOLTMNT03_265004,MSI,complete,eligible
MSI|LOLTMNT03_264414,MSI,complete,eligible
MSI|LOLTMNT03_265013,MSI,complete,eligible
MSI|LOLTMNT03_264421,MSI,complete,eligible
MSI|LOLTMNT03_265457,MSI,complete,eligible
MSI|LOLTMNT03_264862,MSI,complete,eligible
MSI|LOLTMNT03_265469,MSI,complete,eligible
MSI|LOLTMNT03_264874,MSI,complete,eligible
MSI|LOLTMNT03_264880,MSI,complete,eligible
MSI|LOLTMNT03_267098,MSI,complete,eligible
MSI|LOLTMNT03_267102,MSI,complete,eligible
MSI|LOLTMNT03_266421,MSI,complete,eligible
MSI|LOLTMNT03_266422,MSI,complete,eligible
MSI|LOLTMNT03_266430,MSI,complete,eligible
MSI|LOLTMNT03_270167,MSI,complete,eligible
MSI|LOLTMNT03_269192,MSI,complete,eligible
MSI|LOLTMNT03_270179,MSI,complete,eligible
MSI|LOLTMNT03_270692,MSI,complete,eligible
MSI|LOLTMNT03_270702,MSI,complete,eligible
MSI|LOLTMNT03_270708,MSI,complete,eligible
MSI|LOLTMNT03_270710,MSI,complete,eligible
MSI|LOLTMNT03_269768,MSI,complete,eligible
MSI|LOLTMNT03_271213,MSI,complete,eligible
MSI|LOLTMNT03_271225,MSI,complete,eligible
MSI|LOLTMNT03_271258,MSI,complete,eligible
MSI|LOLTMNT03_272249,MSI,complete,eligible
MSI|LOLTMNT03_272282,MSI,complete,eligible
Asia Master|LOLTMNT03_272397,Asia Master,complete,eligible
Asia Master|LOLTMNT03_272433,Asia Master,complete,eligible
Asia Master|LOLTMNT03_271499,Asia Master,complete,eligible
Asia Master|LOLTMNT03_272464,Asia Master,complete,eligible
Asia Master|LOLTMNT03_271546,Asia Master,complete,eligible
PRMP|LOLTMNT06_128029,PRMP,complete,eligible
PRMP|LOLTMNT06_129022,PRMP,complete,eligible
PRMP|LOLTMNT06_128038,PRMP,complete,eligible
PRMP|LOLTMNT06_128039,PRMP,complete,eligible
PRMP|LOLTMNT06_128041,PRMP,complete,eligible
PRMP|LOLTMNT06_128042,PRMP,complete,eligible
PRMP|LOLTMNT06_129029,PRMP,complete,eligible
PRMP|LOLTMNT06_128046,PRMP,complete,eligible
LRN|LOLTMNT03_271689,LRN,complete,eligible
LRN|LOLTMNT03_272620,LRN,complete,eligible
LRN|LOLTMNT03_272624,LRN,complete,eligible
Asia Master|LOLTMNT03_272683,Asia Master,complete,eligible
Asia Master|LOLTMNT03_271778,Asia Master,complete,eligible
Asia Master|LOLTMNT03_271802,Asia Master,complete,eligible
Asia Master|LOLTMNT03_272728,Asia Master,complete,eligible
Asia Master|LOLTMNT03_272741,Asia Master,complete,eligible
Asia Master|LOLTMNT03_271818,Asia Master,complete,eligible
Asia Master|LOLTMNT03_271829,Asia Master,complete,eligible
LIT|LOLTMNT06_129065,LIT,complete,eligible
AL|LOLTMNT06_129083,AL,complete,eligible
LIT|LOLTMNT06_128106,LIT,complete,eligible
AL|LOLTMNT06_129100,AL,complete,eligible
LIT|LOLTMNT06_129104,LIT,complete,eligible
AL|LOLTMNT06_129113,AL,complete,eligible
AL|LOLTMNT06_128120,AL,complete,eligible
LRN|LOLTMNT03_274040,LRN,complete,eligible
LRN|LOLTMNT03_273113,LRN,complete,eligible
LRN|LOLTMNT03_273121,LRN,complete,eligible
Asia Master|LOLTMNT03_273196,Asia Master,complete,eligible
Asia Master|LOLTMNT03_274134,Asia Master,complete,eligible
Asia Master|LOLTMNT03_273216,Asia Master,complete,eligible
Asia Master|LOLTMNT03_274151,Asia Master,complete,eligible
Asia Master|LOLTMNT03_273242,Asia Master,complete,eligible
Asia Master|LOLTMNT03_274179,Asia Master,complete,eligible
Asia Master|LOLTMNT03_274190,Asia Master,complete,eligible
Asia Master|LOLTMNT03_273263,Asia Master,complete,eligible
HLL|LOLTMNT03_273361,HLL,complete,eligible
HLL|LOLTMNT03_273395,HLL,complete,eligible
HLL|LOLTMNT03_273417,HLL,complete,eligible
HLL|LOLTMNT03_274366,HLL,complete,eligible
LVP SL|LOLTMNT03_273431,LVP SL,complete,eligible
NLC|LOLTMNT06_129180,NLC,complete,eligible
PRM|LOLTMNT06_128182,PRM,complete,eligible
AL|LOLTMNT06_128197,AL,complete,eligible
LIT|LOLTMNT06_128193,LIT,complete,eligible
LVP SL|LOLTMNT03_273445,LVP SL,complete,eligible
ROL|LOLTMNT03_274385,ROL,complete,eligible
PRM|LOLTMNT06_129202,PRM,complete,eligible
HLL|LOLTMNT03_274389,HLL,complete,eligible
AL|LOLTMNT06_128208,AL,complete,eligible
LIT|LOLTMNT06_129203,LIT,complete,eligible
NLC|LOLTMNT03_274398,NLC,complete,eligible
LVP SL|LOLTMNT03_274417,LVP SL,complete,eligible
PRM|LOLTMNT06_129212,PRM,complete,eligible
ROL|LOLTMNT03_274437,ROL,complete,eligible
LIT|LOLTMNT06_128218,LIT,complete,eligible
NLC|LOLTMNT06_128223,NLC,complete,eligible
LVP SL|LOLTMNT03_274444,LVP SL,complete,eligible
PRM|LOLTMNT06_129232,PRM,complete,eligible
ROL|LOLTMNT03_274453,ROL,complete,eligible
LRS|LOLTMNT03_274456,LRS,complete,eligible
ROL|LOLTMNT03_274455,ROL,complete,eligible
AL|LOLTMNT06_128236,AL,complete,eligible
NLC|LOLTMNT03_274472,NLC,complete,eligible
LVP SL|LOLTMNT03_274473,LVP SL,complete,eligible
PRM|LOLTMNT06_129240,PRM,complete,eligible
LRS|LOLTMNT03_274476,LRS,complete,eligible
NLC|LOLTMNT06_128239,NLC,complete,eligible
AL|LOLTMNT06_129242,AL,complete,eligible
LRS|LOLTMNT03_273549,LRS,complete,eligible
AL|LOLTMNT06_128243,AL,complete,eligible
LRS|LOLTMNT03_273562,LRS,complete,eligible
Asia Master|LOLTMNT03_273607,Asia Master,complete,eligible
Asia Master|LOLTMNT03_273608,Asia Master,complete,eligible
Asia Master|LOLTMNT03_273621,Asia Master,complete,eligible
Asia Master|LOLTMNT03_274553,Asia Master,complete,eligible
Asia Master|LOLTMNT03_274580,Asia Master,complete,eligible
Asia Master|LOLTMNT03_274578,Asia Master,complete,eligible
Asia Master|LOLTMNT03_274589,Asia Master,complete,eligible
Asia Master|LOLTMNT03_273658,Asia Master,complete,eligible
Asia Master|LOLTMNT03_274603,Asia Master,complete,eligible
Asia Master|LOLTMNT03_273677,Asia Master,complete,eligible
EWC|LOLTMNT06_128269,EWC,complete,eligible
Asia Master|LOLTMNT03_273681,Asia Master,complete,eligible
EWC|LOLTMNT06_128276,EWC,complete,eligible
Asia Master|LOLTMNT03_273690,Asia Master,complete,eligible
EWC|LOLTMNT06_128289,EWC,complete,eligible
EWC|LOLTMNT06_128309,EWC,complete,eligible
HLL|LOLTMNT03_274679,HLL,complete,eligible
HLL|LOLTMNT03_273774,HLL,complete,eligible
CT|LOLTMNT03_274722,CT,complete,eligible
EWC|LOLTMNT06_128338,EWC,complete,eligible
HLL|LOLTMNT03_274737,HLL,complete,eligible
EWC|LOLTMNT06_128362,EWC,complete,eligible
CT|LOLTMNT03_274764,CT,complete,eligible
HLL|LOLTMNT03_273821,HLL,complete,eligible
LVP SL|LOLTMNT03_273830,LVP SL,complete,eligible
PRM|LOLTMNT06_129365,PRM,complete,eligible
LIT|LOLTMNT06_129371,LIT,complete,eligible
NLC|LOLTMNT06_129367,NLC,complete,eligible
AL|LOLTMNT06_128369,AL,complete,eligible
EWC|LOLTMNT06_128393,EWC,complete,eligible
LIT|LOLTMNT06_129385,LIT,complete,eligible
CT|LOLTMNT03_273873,CT,complete,eligible
PRM|LOLTMNT06_129386,PRM,complete,eligible
NLC|LOLTMNT06_128395,NLC,complete,eligible
LVP SL|LOLTMNT03_274811,LVP SL,complete,eligible
AL|LOLTMNT06_129387,AL,complete,eligible
HLL|LOLTMNT06_128416,HLL,complete,eligible
LIT|LOLTMNT06_128408,LIT,complete,eligible
CT|LOLTMNT03_273895,CT,complete,eligible
EWC|LOLTMNT06_129402,EWC,complete,eligible
LVP SL|LOLTMNT03_273897,LVP SL,complete,eligible
PRM|LOLTMNT06_129404,PRM,complete,eligible
NLC|LOLTMNT06_129405,NLC,complete,eligible
AL|LOLTMNT06_129407,AL,complete,eligible
PRM|LOLTMNT06_129410,PRM,complete,eligible
LVP SL|LOLTMNT03_273909,LVP SL,complete,eligible
NLC|LOLTMNT06_128425,NLC,complete,eligible
LRS|LOLTMNT03_274856,LRS,complete,eligible
PRM|LOLTMNT06_128429,PRM,complete,eligible
LVP SL|LOLTMNT03_274859,LVP SL,complete,eligible
NLC|LOLTMNT06_129414,NLC,complete,eligible
AL|LOLTMNT06_128431,AL,complete,eligible
LRS|LOLTMNT03_273942,LRS,complete,eligible
AL|LOLTMNT06_128433,AL,complete,eligible
PRM|LOLTMNT06_128434,PRM,complete,eligible
LRS|LOLTMNT03_274891,LRS,complete,eligible
LRS|LOLTMNT03_274895,LRS,complete,eligible
Asia Master|LOLTMNT03_273991,Asia Master,complete,eligible
Asia Master|LOLTMNT03_273998,Asia Master,complete,eligible
Asia Master|LOLTMNT03_274948,Asia Master,complete,eligible
Asia Master|LOLTMNT03_274947,Asia Master,complete,eligible
Asia Master|LOLTMNT03_275037,Asia Master,complete,eligible
Asia Master|LOLTMNT03_275040,Asia Master,complete,eligible
EWC|LOLTMNT06_129443,EWC,complete,eligible
Asia Master|LOLTMNT03_274984,Asia Master,complete,eligible
Asia Master|LOLTMNT03_274994,Asia Master,complete,eligible
EWC|LOLTMNT06_129453,EWC,complete,eligible
Asia Master|LOLTMNT03_275066,Asia Master,complete,eligible
EWC|LOLTMNT06_128462,EWC,complete,eligible
Asia Master|LOLTMNT03_276013,Asia Master,complete,eligible
EWC|LOLTMNT06_129466,EWC,complete,eligible
EWC|LOLTMNT06_129477,EWC,complete,eligible
TCL|LOLTMNT06_129488,TCL,complete,eligible
EWC|LOLTMNT06_128498,EWC,complete,eligible
TCL|LOLTMNT06_129518,TCL,complete,eligible
EWC|LOLTMNT06_128517,EWC,complete,eligible
LVP SL|LOLTMNT03_275168,LVP SL,complete,eligible
AL|LOLTMNT06_128523,AL,complete,eligible
EWC|LOLTMNT06_129537,EWC,complete,eligible
TCL|LOLTMNT06_128525,TCL,complete,eligible
LVP SL|LOLTMNT03_276111,LVP SL,complete,eligible
ROL|LOLTMNT03_276110,ROL,complete,eligible
AL|LOLTMNT06_128529,AL,complete,eligible
LVP SL|LOLTMNT03_276125,LVP SL,complete,eligible
ROL|LOLTMNT03_276126,ROL,complete,eligible
ROL|LOLTMNT03_276127,ROL,complete,eligible
TCL|LOLTMNT06_129545,TCL,complete,eligible
AL|LOLTMNT06_128536,AL,complete,eligible
ROL|LOLTMNT03_276138,ROL,complete,eligible
ROL|LOLTMNT03_275214,ROL,complete,eligible
AL|LOLTMNT06_129547,AL,complete,eligible
LVP SL|LOLTMNT03_276141,LVP SL,complete,eligible
LVP SL|LOLTMNT03_275222,LVP SL,complete,eligible
NACL|LOLTMNT01_259321,NACL,complete,eligible
NACL|LOLTMNT01_259335,NACL,complete,eligible
NACL|LOLTMNT01_261358,NACL,complete,eligible
NACL|LOLTMNT01_261366,NACL,complete,eligible
NACL|LOLTMNT01_261374,NACL,complete,eligible
Asia Master|LOLTMNT03_276169,Asia Master,complete,eligible
Asia Master|LOLTMNT03_275254,Asia Master,complete,eligible
Asia Master|LOLTMNT03_275262,Asia Master,complete,eligible
Asia Master|LOLTMNT03_275264,Asia Master,complete,eligible
Asia Master|LOLTMNT03_276191,Asia Master,complete,eligible
Asia Master|LOLTMNT03_275275,Asia Master,complete,eligible
Asia Master|LOLTMNT03_275298,Asia Master,complete,eligible
EWC|LOLTMNT06_129581,EWC,complete,eligible
Asia Master|LOLTMNT03_275316,Asia Master,complete,eligible
EWC|LOLTMNT06_128573,EWC,complete,eligible
Asia Master|LOLTMNT03_275320,Asia Master,complete,eligible
EWC|LOLTMNT06_129582,EWC,complete,eligible
Asia Master|LOLTMNT03_276238,Asia Master,complete,eligible
EWC|LOLTMNT06_129597,EWC,complete,eligible
EWC|LOLTMNT06_129602,EWC,complete,eligible
TCL|LOLTMNT06_128591,TCL,complete,eligible
TCL|LOLTMNT06_129621,TCL,complete,eligible
AL|LOLTMNT06_129623,AL,complete,eligible
TCL|LOLTMNT06_129630,TCL,complete,eligible
AL|LOLTMNT06_128612,AL,complete,eligible
AL|LOLTMNT06_128618,AL,complete,eligible
TCL|LOLTMNT06_128619,TCL,complete,eligible
AL|LOLTMNT06_129640,AL,complete,eligible
AL|LOLTMNT06_129642,AL,complete,eligible
NACL|LOLTMNT01_261677,NACL,complete,eligible
NACL|LOLTMNT01_259696,NACL,complete,eligible
NACL|LOLTMNT01_261709,NACL,complete,eligible
NACL|LOLTMNT01_261718,NACL,complete,eligible
NACL|LOLTMNT01_261724,NACL,complete,eligible
LPL|12558-12558_game_1,LPL,partial,not_complete
LPL|12558-12558_game_2,LPL,partial,not_complete
EWC|LOLTMNT06_128649,EWC,complete,eligible
LJL|LOLTMNT01_259773,LJL,complete,eligible
LPL|12559-12559_game_1,LPL,partial,not_complete
LJL|LOLTMNT01_259784,LJL,complete,eligible
EWC|LOLTMNT06_129670,EWC,complete,eligible
LPL|12559-12559_game_2,LPL,partial,not_complete
VCS|LOLTMNT03_276428,VCS,complete,eligible
LJL|LOLTMNT01_261809,LJL,complete,eligible
LFL2|LOLTMNT01_259806,LFL2,complete,eligible
LPL|12559-12559_game_3,LPL,partial,not_complete
VCS|LOLTMNT03_275503,VCS,complete,eligible
EWC|LOLTMNT06_129677,EWC,complete,eligible
LFL2|LOLTMNT04_123711,LFL2,complete,eligible
VCS|LOLTMNT03_276440,VCS,complete,eligible
LPL|12560-12560_game_1,LPL,partial,not_complete
EWC|LOLTMNT06_129680,EWC,complete,eligible
LFL2|LOLTMNT04_122511,LFL2,complete,eligible
HM|LOLTMNT01_261840,HM,complete,eligible
LPL|12560-12560_game_2,LPL,partial,not_complete
HLL|LOLTMNT03_276451,HLL,complete,eligible
EWC|LOLTMNT06_129681,EWC,complete,eligible
LPL|12560-12560_game_3,LPL,partial,not_complete
HLL|LOLTMNT03_275532,HLL,complete,eligible
HLL|LOLTMNT03_276477,HLL,complete,eligible
HM|LOLTMNT01_259890,HM,complete,eligible
PRM|LOLTMNT06_129687,PRM,complete,eligible
AL|LOLTMNT06_129690,AL,complete,eligible
HM|LOLTMNT01_259902,HM,complete,eligible
PRM|LOLTMNT06_129692,PRM,complete,eligible
AL|LOLTMNT06_128673,AL,complete,eligible
HM|LOLTMNT01_261896,HM,complete,eligible
AL|LOLTMNT06_128675,AL,complete,eligible
PRM|LOLTMNT06_129693,PRM,complete,eligible
HM|LOLTMNT01_261923,HM,complete,eligible
PRM|LOLTMNT06_128683,PRM,complete,eligible
AL|LOLTMNT06_128684,AL,complete,eligible
HM|LOLTMNT01_259962,HM,complete,eligible
PRM|LOLTMNT06_129700,PRM,complete,eligible
AL|LOLTMNT06_128685,AL,complete,eligible
HM|LOLTMNT01_261956,HM,complete,eligible
AL|LOLTMNT06_128686,AL,complete,eligible
EWC|LOLTMNT06_129717,EWC,complete,eligible
EWC|LOLTMNT06_128698,EWC,complete,eligible
LJL|LOLTMNT01_263041,LJL,complete,eligible
LPL|12561-12561_game_1,LPL,partial,not_complete
LFL2|LOLTMNT04_122714,LFL2,complete,eligible
LJL|LOLTMNT01_262056,LJL,complete,eligible
LPL|12561-12561_game_2,LPL,partial,not_complete
HM|LOLTMNT01_263058,HM,complete,eligible
VCS|LOLTMNT03_276551,VCS,complete,eligible
LFL2|LOLTMNT04_123909,LFL2,complete,eligible
LPL|12562-12562_game_1,LPL,partial,not_complete
LJL|LOLTMNT01_262076,LJL,complete,eligible
VCS|LOLTMNT03_275650,VCS,complete,eligible
EWC|LOLTMNT06_128710,EWC,complete,eligible
HM|LOLTMNT01_263075,HM,complete,eligible
LJL|LOLTMNT01_262092,LJL,complete,eligible
LFL2|LOLTMNT04_123918,LFL2,complete,eligible
HM|LOLTMNT01_262096,HM,complete,eligible
LPL|12562-12562_game_2,LPL,partial,not_complete
EWC|LOLTMNT06_128713,EWC,complete,eligible
HM|LOLTMNT01_262114,HM,complete,eligible
HLL|LOLTMNT03_276573,HLL,complete,eligible
LFL2|LOLTMNT04_122730,LFL2,complete,eligible
EWC|LOLTMNT06_129742,EWC,complete,eligible
LPL|12562-12562_game_3,LPL,partial,not_complete
HM|LOLTMNT01_262137,HM,complete,eligible
HLL|LOLTMNT03_275680,HLL,complete,eligible
EWC|LOLTMNT06_129749,EWC,complete,eligible
HLL|LOLTMNT03_276584,HLL,complete,eligible
HM|LOLTMNT01_262153,HM,complete,eligible
EWC|LOLTMNT06_128727,EWC,complete,eligible
AL|LOLTMNT06_129762,AL,complete,eligible
HM|LOLTMNT01_262179,HM,complete,eligible
PRM|LOLTMNT03_276588,PRM,complete,eligible
AL|LOLTMNT06_129763,AL,complete,eligible
AL|LOLTMNT06_128734,AL,complete,eligible
HM|LOLTMNT01_263192,HM,complete,eligible
PRM|LOLTMNT03_276596,PRM,complete,eligible
AL|LOLTMNT06_128735,AL,complete,eligible
HM|LOLTMNT01_263208,HM,complete,eligible
PRM|LOLTMNT06_129767,PRM,complete,eligible
AL|LOLTMNT06_128740,AL,complete,eligible
AL|LOLTMNT06_128741,AL,complete,eligible
HM|LOLTMNT01_262237,HM,complete,eligible
AL|LOLTMNT06_129772,AL,complete,eligible
AL|LOLTMNT06_128742,AL,complete,eligible
PRM|LOLTMNT06_128743,PRM,complete,eligible
HM|LOLTMNT01_263254,HM,complete,eligible
AL|LOLTMNT06_129773,AL,complete,eligible
LRN|LOLTMNT01_262285,LRN,complete,eligible
LRN|LOLTMNT01_263291,LRN,complete,eligible
LRN|LOLTMNT01_262296,LRN,complete,eligible
LCKC|LOLTMNT01_262355,LCKC,complete,eligible
LCKC|LOLTMNT01_262361,LCKC,complete,eligible
PCS|LOLTMNT01_263362,PCS,complete,eligible
LPL|12563-12563_game_1,LPL,partial,not_complete
PCS|LOLTMNT01_263381,PCS,complete,eligible
LPL|12563-12563_game_2,LPL,partial,not_complete
LCKC|LOLTMNT01_262384,LCKC,complete,eligible
PCS|LOLTMNT01_262389,PCS,complete,eligible
LPL|12563-12563_game_3,LPL,partial,not_complete
LCKC|LOLTMNT01_263402,LCKC,complete,eligible
LPL|12564-12564_game_1,LPL,partial,not_complete
LPL|12564-12564_game_2,LPL,partial,not_complete
AL|LOLTMNT06_129781,AL,complete,eligible
AL|LOLTMNT06_128745,AL,complete,eligible
AL|LOLTMNT06_129782,AL,complete,eligible
AL|LOLTMNT06_128746,AL,complete,eligible
CD|LOLTMNT01_265044,CD,complete,eligible
CD|LOLTMNT01_264059,CD,complete,eligible
CD|LOLTMNT01_264071,CD,complete,eligible
CD|LOLTMNT01_264090,CD,complete,eligible
LRN|LOLTMNT01_265090,LRN,complete,eligible
CD|LOLTMNT01_265094,CD,complete,eligible
LRN|LOLTMNT01_264107,LRN,complete,eligible
LRN|LOLTMNT01_265112,LRN,complete,eligible
LCKC|LOLTMNT01_264188,LCKC,complete,eligible
LCKC|LOLTMNT01_264199,LCKC,complete,eligible
PCS|LOLTMNT01_264197,PCS,complete,eligible
LPL|12565-12565_game_1,LPL,partial,not_complete
LCKC|LOLTMNT01_264206,LCKC,complete,eligible
LPL|12565-12565_game_2,LPL,partial,not_complete
PCS|LOLTMNT01_264209,PCS,complete,eligible
LPL|12565-12565_game_3,LPL,partial,not_complete
PCS|LOLTMNT01_265211,PCS,complete,eligible
LCKC|LOLTMNT01_264247,LCKC,complete,eligible
PCS|LOLTMNT01_264273,PCS,complete,eligible
LPL|12566-12566_game_1,LPL,partial,not_complete
LCKC|LOLTMNT01_265261,LCKC,complete,eligible
HLL|LOLTMNT03_278028,HLL,complete,eligible
LCKC|LOLTMNT01_264315,LCKC,complete,eligible
LPL|12566-12566_game_2,LPL,partial,not_complete
PCS|LOLTMNT01_264304,PCS,complete,eligible
HLL|LOLTMNT03_278031,HLL,complete,eligible
HM|LOLTMNT01_264332,HM,complete,eligible
HLL|LOLTMNT03_279020,HLL,complete,eligible
HM|LOLTMNT01_264366,HM,complete,eligible
RL|LOLTMNT01_265322,RL,complete,eligible
HM|LOLTMNT01_265366,HM,complete,eligible
PRM|LOLTMNT04_126046,PRM,complete,eligible
LVP SL|LOLTMNT03_278036,LVP SL,complete,eligible
AL|LOLTMNT06_130004,AL,complete,eligible
RL|LOLTMNT01_264399,RL,complete,eligible
HM|LOLTMNT01_264417,HM,complete,eligible
ROL|LOLTMNT01_265390,ROL,complete,eligible
PRM|LOLTMNT04_125046,PRM,complete,eligible
LVP SL|LOLTMNT03_278042,LVP SL,complete,eligible
AL|LOLTMNT06_130005,AL,complete,eligible
RL|LOLTMNT01_264442,RL,complete,eligible
ROL|LOLTMNT01_264450,ROL,complete,eligible
LVP SL|LOLTMNT03_279026,LVP SL,complete,eligible
PRM|LOLTMNT04_125053,PRM,complete,eligible
ROL|LOLTMNT01_265440,ROL,complete,eligible
AL|LOLTMNT06_130008,AL,complete,eligible
RL|LOLTMNT01_265454,RL,complete,eligible
PRM|LOLTMNT04_126072,PRM,complete,eligible
ROL|LOLTMNT01_265458,ROL,complete,eligible
LVP SL|LOLTMNT03_278052,LVP SL,complete,eligible
RL|LOLTMNT01_265469,RL,complete,eligible
PRM|LOLTMNT04_126077,PRM,complete,eligible
LVP SL|LOLTMNT03_279031,LVP SL,complete,eligible
CD|LOLTMNT01_264496,CD,complete,eligible
LRS|LOLTMNT01_265501,LRS,complete,eligible
CD|LOLTMNT01_265517,CD,complete,eligible
LRS|LOLTMNT01_264524,LRS,complete,eligible
CD|LOLTMNT01_265528,CD,complete,eligible
LRS|LOLTMNT01_265531,LRS,complete,eligible
CD|LOLTMNT01_265539,CD,complete,eligible
LRS|LOLTMNT01_265541,LRS,complete,eligible
CD|LOLTMNT01_264559,CD,complete,eligible
LCKC|LOLTMNT01_264593,LCKC,complete,eligible
LCKC|LOLTMNT01_265620,LCKC,complete,eligible
LCKC|LOLTMNT01_264629,LCKC,complete,eligible
LCK|LOLTMNT01_265680,LCK,complete,eligible
LCK|LOLTMNT01_265707,LCK,complete,eligible
LPL|12567-12567_game_1,LPL,partial,not_complete
LCK|LOLTMNT01_264713,LCK,complete,eligible
LPL|12567-12567_game_2,LPL,partial,not_complete
LCK|LOLTMNT01_264750,LCK,complete,eligible
LPL|12568-12568_game_1,LPL,partial,not_complete
LCK|LOLTMNT01_264776,LCK,complete,eligible
LPL|12568-12568_game_2,LPL,partial,not_complete
HLL|LOLTMNT03_279043,HLL,complete,eligible
LPL|12568-12568_game_3,LPL,partial,not_complete
HLL|LOLTMNT03_279050,HLL,complete,eligible
HLL|LOLTMNT03_278074,HLL,complete,eligible
HC|LOLTMNT01_265869,HC,complete,eligible
RL|LOLTMNT01_265872,RL,complete,eligible
HLL|LOLTMNT03_278076,HLL,complete,eligible
LVP SL|LOLTMNT03_279052,LVP SL,complete,eligible
HC|LOLTMNT01_265895,HC,complete,eligible
PRM|LOLTMNT04_126161,PRM,complete,eligible
LFL|LOLTMNT04_126159,LFL,complete,eligible
NLC|LOLTMNT04_125124,NLC,complete,eligible
AL|LOLTMNT06_130015,AL,complete,eligible
RL|LOLTMNT01_265897,RL,complete,eligible
AL|LOLTMNT06_131014,AL,complete,eligible
LVP SL|LOLTMNT03_278079,LVP SL,complete,eligible
PRM|LOLTMNT04_125136,PRM,complete,eligible
LFL|LOLTMNT04_126178,LFL,complete,eligible
EBL|LOLTMNT04_126176,EBL,complete,eligible
NLC|LOLTMNT04_125138,NLC,complete,eligible
HC|LOLTMNT01_264950,HC,complete,eligible
RL|LOLTMNT01_264951,RL,complete,eligible
LVP SL|LOLTMNT03_279062,LVP SL,complete,eligible
AL|LOLTMNT06_131015,AL,complete,eligible
EBL|LOLTMNT04_125144,EBL,complete,eligible
PRM|LOLTMNT04_126182,PRM,complete,eligible
LFL|LOLTMNT04_126185,LFL,complete,eligible
NLC|LOLTMNT04_125145,NLC,complete,eligible
HC|LOLTMNT01_264997,HC,complete,eligible
LVP SL|LOLTMNT03_278082,LVP SL,complete,eligible
EBL|LOLTMNT04_126193,EBL,complete,eligible
RL|LOLTMNT01_266003,RL,complete,eligible
LFL|LOLTMNT04_125151,LFL,complete,eligible
PRM|LOLTMNT01_266027,PRM,complete,eligible
NLC|LOLTMNT04_126199,NLC,complete,eligible
HC|LOLTMNT01_266035,HC,complete,eligible
LVP SL|LOLTMNT03_279066,LVP SL,complete,eligible
EBL|LOLTMNT04_125156,EBL,complete,eligible
RL|LOLTMNT01_266041,RL,complete,eligible
LFL|LOLTMNT04_125158,LFL,complete,eligible
PRM|LOLTMNT01_266048,PRM,complete,eligible
HC|LOLTMNT01_267045,HC,complete,eligible
LRS|LOLTMNT01_267040,LRS,complete,eligible
NLC|LOLTMNT04_126201,NLC,complete,eligible
LFL|LOLTMNT04_125161,LFL,complete,eligible
LRS|LOLTMNT01_266115,LRS,complete,eligible
LCKC|LOLTMNT01_267173,LCKC,complete,eligible
LCKC|LOLTMNT01_267174,LCKC,complete,eligible
LCKC|LOLTMNT01_267187,LCKC,complete,eligible
LCKC|LOLTMNT01_267186,LCKC,complete,eligible
LCKC|LOLTMNT01_267210,LCKC,complete,eligible
LCK|LOLTMNT01_266226,LCK,complete,eligible
LCK|LOLTMNT01_266234,LCK,complete,eligible
LPL|12569-12569_game_1,LPL,partial,not_complete
LPL|12569-12569_game_2,LPL,partial,not_complete
LCK|LOLTMNT01_266276,LCK,complete,eligible
LPL|12570-12570_game_1,LPL,partial,not_complete
LCK|LOLTMNT01_266288,LCK,complete,eligible
LPL|12570-12570_game_2,LPL,partial,not_complete
TCL|LOLTMNT04_125182,TCL,complete,eligible
HC|LOLTMNT01_266415,HC,complete,eligible
TCL|LOLTMNT04_125190,TCL,complete,eligible
LVP SL|LOLTMNT03_278121,LVP SL,complete,eligible
LFL|LOLTMNT04_125197,LFL,complete,eligible
LFL|LOLTMNT04_125196,LFL,complete,eligible
HC|LOLTMNT01_266437,HC,complete,eligible
LIT|LOLTMNT04_125199,LIT,complete,eligible
NLC|LOLTMNT04_126252,NLC,complete,eligible
AL|LOLTMNT06_130018,AL,complete,eligible
TCL|LOLTMNT04_125215,TCL,complete,eligible
LFL|LOLTMNT04_125222,LFL,complete,eligible
LIT|LOLTMNT04_125223,LIT,complete,eligible
LVP SL|LOLTMNT03_279112,LVP SL,complete,eligible
EBL|LOLTMNT04_125221,EBL,complete,eligible
ROL|LOLTMNT01_266467,ROL,complete,eligible
LFL|LOLTMNT04_125224,LFL,complete,eligible
HC|LOLTMNT01_266474,HC,complete,eligible
AL|LOLTMNT06_130019,AL,complete,eligible
NLC|LOLTMNT04_126272,NLC,complete,eligible
TCL|LOLTMNT04_125230,TCL,complete,eligible
LIT|LOLTMNT01_266487,LIT,complete,eligible
LVP SL|LOLTMNT03_278128,LVP SL,complete,eligible
LFL|LOLTMNT04_126277,LFL,complete,eligible
LFL|LOLTMNT04_125236,LFL,complete,eligible
EBL|LOLTMNT04_125238,EBL,complete,eligible
HC|LOLTMNT01_266491,HC,complete,eligible
NLC|LOLTMNT04_126284,NLC,complete,eligible
ROL|LOLTMNT01_267513,ROL,complete,eligible
ROL|LOLTMNT01_267517,ROL,complete,eligible
AL|LOLTMNT06_131019,AL,complete,eligible
LVP SL|LOLTMNT03_279116,LVP SL,complete,eligible
LFL|LOLTMNT04_125240,LFL,complete,eligible
LFL|LOLTMNT04_126287,LFL,complete,eligible
NLC|LOLTMNT04_126288,NLC,complete,eligible
EBL|LOLTMNT04_125241,EBL,complete,eligible
AL|LOLTMNT06_131021,AL,complete,eligible
ROL|LOLTMNT01_267532,ROL,complete,eligible
ROL|LOLTMNT01_266517,ROL,complete,eligible
LVP SL|LOLTMNT03_279120,LVP SL,complete,eligible
LFL|LOLTMNT04_126290,LFL,complete,eligible
EBL|LOLTMNT04_126291,EBL,complete,eligible
NLC|LOLTMNT04_125246,NLC,complete,eligible
AL|LOLTMNT06_130022,AL,complete,eligible
EBL|LOLTMNT04_125249,EBL,complete,eligible
LFL|LOLTMNT04_127001,LFL,complete,eligible
NACL|LOLTMNT01_268021,NACL,complete,eligible
NACL|LOLTMNT01_266580,NACL,complete,eligible
NACL|LOLTMNT01_268058,NACL,complete,eligible
NACL|LOLTMNT01_266610,NACL,complete,eligible
NACL|LOLTMNT01_268075,NACL,complete,eligible
LCKC|LOLTMNT01_268135,LCKC,complete,eligible
LCKC|LOLTMNT01_268158,LCKC,complete,eligible
LCKC|LOLTMNT01_268160,LCKC,complete,eligible
LCKC|LOLTMNT01_266692,LCKC,complete,eligible
LCKC|LOLTMNT01_266699,LCKC,complete,eligible
LCK|LOLTMNT01_266736,LCK,complete,eligible
LCK|LOLTMNT01_266753,LCK,complete,eligible
LJL|LOLTMNT01_268212,LJL,complete,eligible
LPL|12571-12571_game_1,LPL,partial,not_complete
LCK|LOLTMNT01_266767,LCK,complete,eligible
LJL|LOLTMNT01_266763,LJL,complete,eligible
LPL|12571-12571_game_2,LPL,partial,not_complete
LJL|LOLTMNT01_266776,LJL,complete,eligible
LPL|12572-12572_game_1,LPL,partial,not_complete
LCK|LOLTMNT01_266798,LCK,complete,eligible
LJL|LOLTMNT01_268273,LJL,complete,eligible
LPL|12572-12572_game_2,LPL,partial,not_complete
LCK|LOLTMNT01_266815,LCK,complete,eligible
LPL|12572-12572_game_3,LPL,partial,not_complete
LCK|LOLTMNT01_266848,LCK,complete,eligible
HM|LOLTMNT01_266867,HM,complete,eligible
TCL|LOLTMNT04_125273,TCL,complete,eligible
HM|LOLTMNT01_268382,HM,complete,eligible
RL|LOLTMNT01_268379,RL,complete,eligible
TCL|LOLTMNT04_125279,TCL,complete,eligible
LIT|LOLTMNT04_127041,LIT,complete,eligible
AL|LOLTMNT06_130024,AL,complete,eligible
LFL|LOLTMNT04_127034,LFL,complete,eligible
HM|LOLTMNT01_266908,HM,complete,eligible
RL|LOLTMNT01_268390,RL,complete,eligible
AL|LOLTMNT06_130025,AL,complete,eligible
TCL|LOLTMNT04_125284,TCL,complete,eligible
HM|LOLTMNT01_268416,HM,complete,eligible
AL|LOLTMNT06_131026,AL,complete,eligible
LFL|LOLTMNT04_125288,LFL,complete,eligible
EBL|LOLTMNT04_125286,EBL,complete,eligible
LIT|LOLTMNT04_127043,LIT,complete,eligible
RL|LOLTMNT01_268412,RL,complete,eligible
AL|LOLTMNT06_131027,AL,complete,eligible
TCL|LOLTMNT04_127046,TCL,complete,eligible
HM|LOLTMNT01_266961,HM,complete,eligible
LFL|LOLTMNT04_125294,LFL,complete,eligible
EBL|LOLTMNT04_125295,EBL,complete,eligible
LIT|LOLTMNT04_127049,LIT,complete,eligible
RL|LOLTMNT01_268439,RL,complete,eligible
AL|LOLTMNT06_131029,AL,complete,eligible
EBL|LOLTMNT04_125306,EBL,complete,eligible
LFL|LOLTMNT04_125308,LFL,complete,eligible
RL|LOLTMNT01_268469,RL,complete,eligible
EBL|LOLTMNT04_125309,EBL,complete,eligible
AL|LOLTMNT06_130029,AL,complete,eligible
LFL|LOLTMNT04_127059,LFL,complete,eligible
EBL|LOLTMNT04_127060,EBL,complete,eligible
AL|LOLTMNT06_130030,AL,complete,eligible
NACL|LOLTMNT01_268521,NACL,complete,eligible
NACL|LOLTMNT01_268537,NACL,complete,eligible
NACL|LOLTMNT01_269075,NACL,complete,eligible
NACL|LOLTMNT01_268569,NACL,complete,eligible
NACL|LOLTMNT01_268577,NACL,complete,eligible
LCK|LOLTMNT01_268648,LCK,complete,eligible
LCK|LOLTMNT01_268653,LCK,complete,eligible
LPL|12573-12573_game_1,LPL,partial,not_complete
LPL|12573-12573_game_2,LPL,partial,not_complete
LCK|LOLTMNT01_269192,LCK,complete,eligible
LPL|12573-12573_game_3,LPL,partial,not_complete
LCK|LOLTMNT01_269211,LCK,complete,eligible
LCP|LOLTMNT01_269213,LCP,complete,eligible
LFL2|LOLTMNT04_125327,LFL2,complete,eligible
LPL|12574-12574_game_1,LPL,partial,not_complete
LCP|LOLTMNT01_269221,LCP,complete,eligible
LFL2|LOLTMNT04_127082,LFL2,complete,eligible
LPL|12574-12574_game_2,LPL,partial,not_complete
LFL2|LOLTMNT04_125338,LFL2,complete,eligible
LPL|12574-12574_game_3,LPL,partial,not_complete
LCP|LOLTMNT01_268760,LCP,complete,eligible
HLL|LOLTMNT03_279139,HLL,complete,eligible
LFL2|LOLTMNT04_125341,LFL2,complete,eligible
LPL|12575-12575_game_1,LPL,partial,not_complete
LCP|LOLTMNT01_269280,LCP,complete,eligible
HLL|LOLTMNT03_279140,HLL,complete,eligible
LPL|12575-12575_game_2,LPL,partial,not_complete
HM|LOLTMNT01_269288,HM,complete,eligible
LPL|12575-12575_game_3,LPL,partial,not_complete
HLL|LOLTMNT03_278163,HLL,complete,eligible
LTA S|LOLTMNT01_269312,LTA S,complete,eligible
HM|LOLTMNT01_268820,HM,complete,eligible
HLL|LOLTMNT03_278168,HLL,complete,eligible
PRM|LOLTMNT04_125352,PRM,complete,eligible
AL|LOLTMNT06_130035,AL,complete,eligible
LTA S|LOLTMNT01_268829,LTA S,complete,eligible
HM|LOLTMNT01_268830,HM,complete,eligible
PRM|LOLTMNT04_127106,PRM,complete,eligible
AL|LOLTMNT06_131032,AL,complete,eligible
LTA S|LOLTMNT01_268853,LTA S,complete,eligible
HM|LOLTMNT01_268855,HM,complete,eligible
PRM|LOLTMNT04_125357,PRM,complete,eligible
LTA S|LOLTMNT01_269358,LTA S,complete,eligible
RL|LOLTMNT01_269350,RL,complete,eligible
HM|LOLTMNT01_269360,HM,complete,eligible
AL|LOLTMNT06_131035,AL,complete,eligible
PRM|LOLTMNT04_127109,PRM,complete,eligible
RL|LOLTMNT01_269368,RL,complete,eligible
AL|LOLTMNT06_131036,AL,complete,eligible
PRM|LOLTMNT04_125359,PRM,complete,eligible
LTA N|LOLTMNT01_269407,LTA N,complete,eligible
AL|LOLTMNT06_130039,AL,complete,eligible
LTA N|LOLTMNT01_269416,LTA N,complete,eligible
LTA N|LOLTMNT01_268930,LTA N,complete,eligible
LTA N|LOLTMNT01_269432,LTA N,complete,eligible
LCKC|LOLTMNT01_269486,LCKC,complete,eligible
LCKC|LOLTMNT01_268977,LCKC,complete,eligible
LCK|LOLTMNT01_268996,LCK,complete,eligible
LCKC|LOLTMNT01_269509,LCKC,complete,eligible
LCK|LOLTMNT01_270006,LCK,complete,eligible
LCK|LOLTMNT01_269548,LCK,complete,eligible
LPL|12576-12576_game_1,LPL,partial,not_complete
LCK|LOLTMNT01_270043,LCK,complete,eligible
LCP|LOLTMNT01_270052,LCP,complete,eligible
LFL2|LOLTMNT04_125362,LFL2,complete,eligible
LPL|12576-12576_game_2,LPL,partial,not_complete
LCK|LOLTMNT01_270056,LCK,complete,eligible
LCP|LOLTMNT01_270059,LCP,complete,eligible
LFL2|LOLTMNT04_127115,LFL2,complete,eligible
LPL|12577-12577_game_1,LPL,partial,not_complete
LCP|LOLTMNT01_270074,LCP,complete,eligible
LPL|12577-12577_game_2,LPL,partial,not_complete
LFL2|LOLTMNT04_125368,LFL2,complete,eligible
LCP|LOLTMNT01_270113,LCP,complete,eligible
LPL|12577-12577_game_3,LPL,partial,not_complete
HLL|LOLTMNT03_279151,HLL,complete,eligible
LFL2|LOLTMNT04_127119,LFL2,complete,eligible
LCP|LOLTMNT01_269655,LCP,complete,eligible
HLL|LOLTMNT03_278188,HLL,complete,eligible
HM|LOLTMNT01_270155,HM,complete,eligible
LCP|LOLTMNT01_270158,LCP,complete,eligible
HLL|LOLTMNT03_278195,HLL,complete,eligible
HM|LOLTMNT01_270181,HM,complete,eligible
LTA S|LOLTMNT01_270185,LTA S,complete,eligible
LTA S|LOLTMNT01_269701,LTA S,complete,eligible
PRM|LOLTMNT04_125373,PRM,complete,eligible
HM|LOLTMNT01_270191,HM,complete,eligible
LTA S|LOLTMNT01_270198,LTA S,complete,eligible
PRM|LOLTMNT04_125374,PRM,complete,eligible
HM|LOLTMNT01_270207,HM,complete,eligible
LTA S|LOLTMNT01_269731,LTA S,complete,eligible
PRM|LOLTMNT04_127124,PRM,complete,eligible
HM|LOLTMNT01_270225,HM,complete,eligible
LTA S|LOLTMNT01_269749,LTA S,complete,eligible
PRM|LOLTMNT04_127127,PRM,complete,eligible
LTA S|LOLTMNT01_269756,LTA S,complete,eligible
PRM|LOLTMNT04_127128,PRM,complete,eligible
LTA N|LOLTMNT01_270271,LTA N,complete,eligible
LTA N|LOLTMNT01_270275,LTA N,complete,eligible
LTA N|LOLTMNT01_270288,LTA N,complete,eligible
LTA N|LOLTMNT01_269810,LTA N,complete,eligible
LRN|LOLTMNT01_270295,LRN,complete,eligible
LRN|LOLTMNT01_269819,LRN,complete,eligible
LRN|LOLTMNT01_269822,LRN,complete,eligible
LCKC|LOLTMNT01_270352,LCKC,complete,eligible
LCKC|LOLTMNT01_270365,LCKC,complete,eligible
PCS|LOLTMNT01_270361,PCS,complete,eligible
LPL|12578-12578_game_1,LPL,partial,not_complete
LCKC|LOLTMNT01_269902,LCKC,complete,eligible
PCS|LOLTMNT01_270367,PCS,complete,eligible
LPL|12578-12578_game_2,LPL,partial,not_complete
PCS|LOLTMNT01_270388,PCS,complete,eligible
LCKC|LOLTMNT01_270403,LCKC,complete,eligible
LPL|12579-12579_game_1,LPL,partial,not_complete
LPL|12579-12579_game_2,LPL,partial,not_complete
LCKC|LOLTMNT01_270433,LCKC,complete,eligible
LCKC|LOLTMNT01_269986,LCKC,complete,eligible
CD|LOLTMNT01_271110,CD,complete,eligible
CD|LOLTMNT01_270597,CD,complete,eligible
CD|LOLTMNT01_271134,CD,complete,eligible
CD|LOLTMNT01_271144,CD,complete,eligible
CD|LOLTMNT01_270635,CD,complete,eligible
LRN|LOLTMNT01_271149,LRN,complete,eligible
LRN|LOLTMNT01_271152,LRN,complete,eligible
LRN|LOLTMNT01_271155,LRN,complete,eligible
LCKC|LOLTMNT01_270714,LCKC,complete,eligible
LCKC|LOLTMNT01_271234,LCKC,complete,eligible
LPL|12580-12580_game_1,LPL,partial,not_complete
LPL|12580-12580_game_2,LPL,partial,not_complete
LCKC|LOLTMNT01_270759,LCKC,complete,eligible
LPL|12580-12580_game_3,LPL,partial,not_complete
LCKC|LOLTMNT01_271285,LCKC,complete,eligible
LCKC|LOLTMNT01_271317,LCKC,complete,eligible
LPL|12581-12581_game_1,LPL,partial,not_complete
LPL|12581-12581_game_2,LPL,partial,not_complete
HM|LOLTMNT01_271367,HM,complete,eligible
HM|LOLTMNT01_270882,HM,complete,eligible
HLL|LOLTMNT03_279191,HLL,complete,eligible
RL|LOLTMNT01_270880,RL,complete,eligible
LVP SL|LOLTMNT01_270907,LVP SL,complete,eligible
HM|LOLTMNT01_270908,HM,complete,eligible
HLL|LOLTMNT03_278239,HLL,complete,eligible
PRM|LOLTMNT04_127191,PRM,complete,eligible
RL|LOLTMNT01_271409,RL,complete,eligible
HLL|LOLTMNT03_278241,HLL,complete,eligible
HM|LOLTMNT01_270937,HM,complete,eligible
PRM|LOLTMNT04_125442,PRM,complete,eligible
LVP SL|LOLTMNT01_270936,LVP SL,complete,eligible
HLL|LOLTMNT03_278242,HLL,complete,eligible
ROL|LOLTMNT01_270938,ROL,complete,eligible
HLL|LOLTMNT03_279195,HLL,complete,eligible
RL|LOLTMNT01_271437,RL,complete,eligible
HLL|LOLTMNT03_279196,HLL,complete,eligible
PRM|LOLTMNT04_125447,PRM,complete,eligible
HLL|LOLTMNT03_278243,HLL,complete,eligible
LVP SL|LOLTMNT01_271462,LVP SL,complete,eligible
ROL|LOLTMNT01_270958,ROL,complete,eligible
RL|LOLTMNT01_270972,RL,complete,eligible
ROL|LOLTMNT01_270977,ROL,complete,eligible
LVP SL|LOLTMNT01_271468,LVP SL,complete,eligible
PRM|LOLTMNT04_125450,PRM,complete,eligible
HLL|LOLTMNT03_279197,HLL,complete,eligible
ROL|LOLTMNT01_271470,ROL,complete,eligible
RL|LOLTMNT01_271474,RL,complete,eligible
LVP SL|LOLTMNT01_270988,LVP SL,complete,eligible
CD|LOLTMNT01_272007,CD,complete,eligible
CD|LOLTMNT01_272022,CD,complete,eligible
CD|LOLTMNT01_271506,CD,complete,eligible
CD|LOLTMNT01_272036,CD,complete,eligible
CD|LOLTMNT01_271515,CD,complete,eligible
LRS|LOLTMNT01_272041,LRS,complete,eligible
LCKC|LOLTMNT01_271577,LCKC,complete,eligible
LCKC|LOLTMNT01_272088,LCKC,complete,eligible
LCKC|LOLTMNT01_272094,LCKC,complete,eligible
LCKC|LOLTMNT01_271588,LCKC,complete,eligible
LCK|LOLTMNT01_271620,LCK,complete,eligible
LPL|12582-12582_game_1,LPL,partial,not_complete
LCK|LOLTMNT01_272131,LCK,complete,eligible
LPL|12582-12582_game_2,LPL,partial,not_complete
LCK|LOLTMNT01_272144,LCK,complete,eligible
LPL|12582-12582_game_3,LPL,partial,not_complete
LCK|LOLTMNT01_271687,LCK,complete,eligible
LCK|LOLTMNT01_271704,LCK,complete,eligible
HC|LOLTMNT01_272256,HC,complete,eligible
LVP SL|LOLTMNT01_271773,LVP SL,complete,eligible
LFL|LOLTMNT04_127229,LFL,complete,eligible
LIT|LOLTMNT04_127241,LIT,complete,eligible
NLC|LOLTMNT04_125499,NLC,complete,eligible
HC|LOLTMNT01_271789,HC,complete,eligible
LIT|LOLTMNT04_125502,LIT,complete,eligible
LVP SL|LOLTMNT01_271802,LVP SL,complete,eligible
EBL|LOLTMNT04_125501,EBL,complete,eligible
NLC|LOLTMNT04_127245,NLC,complete,eligible
LFL|LOLTMNT04_125504,LFL,complete,eligible
HC|LOLTMNT01_272315,HC,complete,eligible
EBL|LOLTMNT04_125506,EBL,complete,eligible
LIT|LOLTMNT04_127254,LIT,complete,eligible
LVP SL|LOLTMNT01_272323,LVP SL,complete,eligible
NLC|LOLTMNT04_127256,NLC,complete,eligible
RL|LOLTMNT01_271836,RL,complete,eligible
LFL|LOLTMNT04_127260,LFL,complete,eligible
HC|LOLTMNT01_271841,HC,complete,eligible
LIT|LOLTMNT04_127262,LIT,complete,eligible
LVP SL|LOLTMNT01_271843,LVP SL,complete,eligible
EBL|LOLTMNT04_127261,EBL,complete,eligible
NLC|LOLTMNT04_127263,NLC,complete,eligible
RL|LOLTMNT01_272339,RL,complete,eligible
LFL|LOLTMNT04_125514,LFL,complete,eligible
EBL|LOLTMNT04_127265,EBL,complete,eligible
LVP SL|LOLTMNT01_271856,LVP SL,complete,eligible
PRM|LOLTMNT04_125515,PRM,complete,eligible
RL|LOLTMNT01_272354,RL,complete,eligible
CD|LOLTMNT01_271858,CD,complete,eligible
LFL|LOLTMNT04_127266,LFL,complete,eligible
EBL|LOLTMNT04_125516,EBL,complete,eligible
CD|LOLTMNT01_272369,CD,complete,eligible
CD|LOLTMNT01_271883,CD,complete,eligible
CD|LOLTMNT01_271894,CD,complete,eligible
CD|LOLTMNT01_271895,CD,complete,eligible
LCKC|LOLTMNT01_271936,LCKC,complete,eligible
LCKC|LOLTMNT01_272429,LCKC,complete,eligible
LCKC|LOLTMNT01_272433,LCKC,complete,eligible
LCKC|LOLTMNT01_271944,LCKC,complete,eligible
LCKC|LOLTMNT01_271956,LCKC,complete,eligible
LCK|LOLTMNT01_272461,LCK,complete,eligible
LCK|LOLTMNT01_272463,LCK,complete,eligible
LPL|12584-12584_game_1,LPL,partial,not_complete
LPL|12584-12584_game_2,LPL,partial,not_complete
LCK|LOLTMNT01_273014,LCK,complete,eligible
LPL|12584-12584_game_3,LPL,partial,not_complete
LCK|LOLTMNT01_273023,LCK,complete,eligible
LPL|12585-12585_game_1,LPL,partial,not_complete
LPL|12585-12585_game_2,LPL,partial,not_complete
TCL|LOLTMNT04_127298,TCL,complete,eligible
HC|LOLTMNT01_272538,HC,complete,eligible
TCL|LOLTMNT04_125555,TCL,complete,eligible
LVP SL|LOLTMNT01_273067,LVP SL,complete,eligible
LFL|LOLTMNT04_125561,LFL,complete,eligible
NLC|LOLTMNT04_125562,NLC,complete,eligible
HC|LOLTMNT01_273068,HC,complete,eligible
LIT|LOLTMNT04_125566,LIT,complete,eligible
LFL|LOLTMNT04_125559,LFL,complete,eligible
TCL|LOLTMNT04_125569,TCL,complete,eligible
LIT|LOLTMNT04_127332,LIT,complete,eligible
NLC|LOLTMNT04_125570,NLC,complete,eligible
LFL|LOLTMNT04_127333,LFL,complete,eligible
HC|LOLTMNT01_272567,HC,complete,eligible
EBL|LOLTMNT04_127331,EBL,complete,eligible
ROL|LOLTMNT01_273080,ROL,complete,eligible
LFL|LOLTMNT04_125571,LFL,complete,eligible
LVP SL|LOLTMNT01_272576,LVP SL,complete,eligible
LIT|LOLTMNT04_125576,LIT,complete,eligible
TCL|LOLTMNT04_127335,TCL,complete,eligible
NLC|LOLTMNT04_125574,NLC,complete,eligible
EBL|LOLTMNT04_125577,EBL,complete,eligible
LFL|LOLTMNT04_127338,LFL,complete,eligible
HC|LOLTMNT01_273101,HC,complete,eligible
LFL|LOLTMNT04_127339,LFL,complete,eligible
ROL|LOLTMNT01_273097,ROL,complete,eligible
ROL|LOLTMNT01_272588,ROL,complete,eligible
LVP SL|LOLTMNT01_272591,LVP SL,complete,eligible
NLC|LOLTMNT04_127343,NLC,complete,eligible
LFL|LOLTMNT04_127346,LFL,complete,eligible
HC|LOLTMNT01_272603,HC,complete,eligible
ROL|LOLTMNT01_272602,ROL,complete,eligible
ROL|LOLTMNT01_273118,ROL,complete,eligible
LVP SL|LOLTMNT01_272604,LVP SL,complete,eligible
LFL|LOLTMNT04_125584,LFL,complete,eligible
HC|LOLTMNT01_273124,HC,complete,eligible
LFL|LOLTMNT04_125586,LFL,complete,eligible
LVP SL|LOLTMNT01_273125,LVP SL,complete,eligible
LFL|LOLTMNT04_125587,LFL,complete,eligible
NACL|LOLTMNT02_291245,NACL,complete,eligible
NACL|LOLTMNT02_290308,NACL,complete,eligible
NACL|LOLTMNT02_290321,NACL,complete,eligible
LCKC|LOLTMNT01_272663,LCKC,complete,eligible
LCKC|LOLTMNT01_273194,LCKC,complete,eligible
LCKC|LOLTMNT01_272670,LCKC,complete,eligible
LCKC|LOLTMNT01_272671,LCKC,complete,eligible
LCKC|LOLTMNT01_272674,LCKC,complete,eligible
LCK|LOLTMNT01_272688,LCK,complete,eligible
LCK|LOLTMNT01_272695,LCK,complete,eligible
LJL|LOLTMNT01_272691,LJL,complete,eligible
LPL|12586-12586_game_1,LPL,partial,not_complete
LJL|LOLTMNT01_273224,LJL,complete,eligible
LPL|12586-12586_game_2,LPL,partial,not_complete
LCK|LOLTMNT01_273235,LCK,complete,eligible
LJL|LOLTMNT01_272712,LJL,complete,eligible
LCK|LOLTMNT01_272717,LCK,complete,eligible
LPL|12587-12587_game_1,LPL,partial,not_complete
LPL|12587-12587_game_2,LPL,partial,not_complete
HM|LOLTMNT01_272748,HM,complete,eligible
TCL|LOLTMNT04_127372,TCL,complete,eligible
HM|LOLTMNT01_272760,HM,complete,eligible
TCL|LOLTMNT04_125630,TCL,complete,eligible
PRM|LOLTMNT05_146030,PRM,complete,eligible
LIT|LOLTMNT04_127389,LIT,complete,eligible
LFL|LOLTMNT04_125634,LFL,complete,eligible
NLC|LOLTMNT04_127398,NLC,complete,eligible
HM|LOLTMNT01_272763,HM,complete,eligible
TCL|LOLTMNT04_127399,TCL,complete,eligible
PRM|LOLTMNT05_146035,PRM,complete,eligible
NLC|LOLTMNT04_127404,NLC,complete,eligible
LIT|LOLTMNT04_125649,LIT,complete,eligible
LFL|LOLTMNT04_125650,LFL,complete,eligible
EBL|LOLTMNT04_125648,EBL,complete,eligible
HM|LOLTMNT01_272771,HM,complete,eligible
TCL|LOLTMNT04_127405,TCL,complete,eligible
PRM|LOLTMNT05_145038,PRM,complete,eligible
NLC|LOLTMNT04_127407,NLC,complete,eligible
LIT|LOLTMNT04_127408,LIT,complete,eligible
EBL|LOLTMNT04_125653,EBL,complete,eligible
LFL|LOLTMNT04_127409,LFL,complete,eligible
PRM|LOLTMNT05_145040,PRM,complete,eligible
EBL|LOLTMNT04_125654,EBL,complete,eligible
LIT|LOLTMNT04_127411,LIT,complete,eligible
LFL|LOLTMNT04_127412,LFL,complete,eligible
PRM|LOLTMNT05_146041,PRM,complete,eligible
LIT|LOLTMNT04_125655,LIT,complete,eligible
NACL|LOLTMNT02_290562,NACL,complete,eligible
NACL|LOLTMNT02_290580,NACL,complete,eligible
NACL|LOLTMNT02_290599,NACL,complete,eligible
NACL|LOLTMNT02_291570,NACL,complete,eligible
NACL|LOLTMNT02_291588,NACL,complete,eligible
LCK|LOLTMNT01_273344,LCK,complete,eligible
LCK|LOLTMNT01_272834,LCK,complete,eligible
LPL|12588-12588_game_1,LPL,partial,not_complete
LPL|12588-12588_game_2,LPL,partial,not_complete
LCK|LOLTMNT01_273361,LCK,complete,eligible
HC|LOLTMNT01_273364,HC,complete,eligible
LPL|12589-12589_game_1,LPL,partial,not_complete
LCK|LOLTMNT01_273365,LCK,complete,eligible
LCP|LOLTMNT02_290699,LCP,complete,eligible
LFL2|LOLTMNT04_125658,LFL2,complete,eligible
HC|LOLTMNT01_272859,HC,complete,eligible
LPL|12589-12589_game_2,LPL,partial,not_complete
LCK|LOLTMNT01_273370,LCK,complete,eligible
LCP|LOLTMNT02_290706,LCP,complete,eligible
LFL2|LOLTMNT04_127419,LFL2,complete,eligible
LPL|12589-12589_game_3,LPL,partial,not_complete
HC|LOLTMNT01_273382,HC,complete,eligible
LCP|LOLTMNT02_290719,LCP,complete,eligible
LFL2|LOLTMNT04_125660,LFL2,complete,eligible
HC|LOLTMNT01_272868,HC,complete,eligible
LPL|12590-12590_game_1,LPL,partial,not_complete
LCP|LOLTMNT02_290759,LCP,complete,eligible
LFL2|LOLTMNT04_125661,LFL2,complete,eligible
LPL|12590-12590_game_2,LPL,partial,not_complete
LCP|LOLTMNT02_290774,LCP,complete,eligible
LEC|LOLTMNT05_145072,LEC,complete,eligible
LTA S|LOLTMNT02_291800,LTA S,complete,eligible
LEC|LOLTMNT05_145074,LEC,complete,eligible
LTA S|LOLTMNT02_290829,LTA S,complete,eligible
LEC|LOLTMNT05_145075,LEC,complete,eligible
LTA S|LOLTMNT02_290843,LTA S,complete,eligible
LEC|LOLTMNT05_145081,LEC,complete,eligible
LTA S|LOLTMNT02_290859,LTA S,complete,eligible
LEC|LOLTMNT05_146099,LEC,complete,eligible
LTA S|LOLTMNT02_290875,LTA S,complete,eligible
LTA S|LOLTMNT02_290888,LTA S,complete,eligible
LTA N|LOLTMNT02_291885,LTA N,complete,eligible
LTA N|LOLTMNT02_291895,LTA N,complete,eligible
LTA N|LOLTMNT02_290962,LTA N,complete,eligible
LTA N|LOLTMNT02_290982,LTA N,complete,eligible
LTA N|LOLTMNT02_290987,LTA N,complete,eligible
LCK|LOLTMNT01_273420,LCK,complete,eligible
LCK|LOLTMNT01_272915,LCK,complete,eligible
LCK|LOLTMNT01_273430,LCK,complete,eligible
HC|LOLTMNT01_272926,HC,complete,eligible
LPL|12591-12591_game_1,LPL,partial,not_complete
LCK|LOLTMNT01_272927,LCK,complete,eligible
LCP|LOLTMNT02_291994,LCP,complete,eligible
LFL2|LOLTMNT04_125685,LFL2,complete,eligible
HC|LOLTMNT01_273439,HC,complete,eligible
LPL|12591-12591_game_2,LPL,partial,not_complete
LCP|LOLTMNT02_293009,LCP,complete,eligible
LFL2|LOLTMNT04_127436,LFL2,complete,eligible
HC|LOLTMNT01_272933,HC,complete,eligible
LPL|12592-12592_game_1,LPL,partial,not_complete
LFL2|LOLTMNT04_127437,LFL2,complete,eligible
HC|LOLTMNT01_273445,HC,complete,eligible
LCP|LOLTMNT02_293056,LCP,complete,eligible
LPL|12592-12592_game_2,LPL,partial,not_complete
LFL2|LOLTMNT04_127438,LFL2,complete,eligible
LCP|LOLTMNT02_293080,LCP,complete,eligible
HC|LOLTMNT01_273447,HC,complete,eligible
HC|LOLTMNT01_272940,HC,complete,eligible
LEC|LOLTMNT05_146142,LEC,complete,eligible
LTA S|LOLTMNT02_293142,LTA S,complete,eligible
LTA S|LOLTMNT02_292203,LTA S,complete,eligible
LEC|LOLTMNT05_146144,LEC,complete,eligible
LTA S|LOLTMNT02_293178,LTA S,complete,eligible
LEC|LOLTMNT05_146146,LEC,complete,eligible
LTA S|LOLTMNT02_293204,LTA S,complete,eligible
LEC|LOLTMNT05_146151,LEC,complete,eligible
LTA S|LOLTMNT02_293222,LTA S,complete,eligible
LEC|LOLTMNT05_146152,LEC,complete,eligible
LTA N|LOLTMNT02_292285,LTA N,complete,eligible
LTA N|LOLTMNT02_293271,LTA N,complete,eligible
LRS|LOLTMNT01_273460,LRS,complete,eligible
LTA N|LOLTMNT02_292306,LTA N,complete,eligible
LTA N|LOLTMNT02_293287,LTA N,complete,eligible
LTA N|LOLTMNT02_292316,LTA N,complete,eligible
LCKC|LOLTMNT02_292391,LCKC,complete,eligible
LCKC|LOLTMNT02_293365,LCKC,complete,eligible
PCS|LOLTMNT02_292400,PCS,complete,eligible
LPL|12593-12593_game_1,LPL,partial,not_complete
PCS|LOLTMNT02_292411,PCS,complete,eligible
LPL|12593-12593_game_2,LPL,partial,not_complete
LCKC|LOLTMNT02_292425,LCKC,complete,eligible
LCKC|LOLTMNT02_292437,LCKC,complete,eligible
LPL|12593-12593_game_3,LPL,partial,not_complete
PCS|LOLTMNT02_292433,PCS,complete,eligible
LEC|LOLTMNT05_146170,LEC,complete,eligible
LEC|LOLTMNT05_146172,LEC,complete,eligible
LEC|LOLTMNT05_145155,LEC,complete,eligible
LEC|LOLTMNT05_145156,LEC,complete,eligible
CD|LOLTMNT02_293671,CD,complete,eligible
CD|LOLTMNT02_293688,CD,complete,eligible
CD|LOLTMNT02_293692,CD,complete,eligible
CD|LOLTMNT02_292743,CD,complete,eligible
LRN|LOLTMNT02_293714,LRN,complete,eligible
CD|LOLTMNT02_293734,CD,complete,eligible
LRN|LOLTMNT02_292763,LRN,complete,eligible
LCKC|LOLTMNT02_292839,LCKC,complete,eligible
LCKC|LOLTMNT02_292846,LCKC,complete,eligible
LPL|12595-12595_game_1,LPL,partial,not_complete
PCS|LOLTMNT02_292849,PCS,complete,eligible
LCKC|LOLTMNT02_292854,LCKC,complete,eligible
LPL|12595-12595_game_2,LPL,partial,not_complete
LCKC|LOLTMNT02_292891,LCKC,complete,eligible
LPL|12595-12595_game_3,LPL,partial,not_complete
LCKC|LOLTMNT02_292928,LCKC,complete,eligible
LPL|12596-12596_game_1,LPL,partial,not_complete
LPL|12596-12596_game_2,LPL,partial,not_complete
LPL|12596-12596_game_3,LPL,partial,not_complete
HM|LOLTMNT02_294002,HM,complete,eligible
HM|LOLTMNT02_293991,HM,complete,eligible
RL|LOLTMNT02_293987,RL,complete,eligible
LVP SL|LOLTMNT02_295018,LVP SL,complete,eligible
PRM|LOLTMNT05_146330,PRM,complete,eligible
RL|LOLTMNT02_294080,RL,complete,eligible
HM|LOLTMNT02_294089,HM,complete,eligible
LVP SL|LOLTMNT02_294105,LVP SL,complete,eligible
ROL|LOLTMNT02_295042,ROL,complete,eligible
PRM|LOLTMNT05_146335,PRM,complete,eligible
RL|LOLTMNT02_294118,RL,complete,eligible
HM|LOLTMNT02_294122,HM,complete,eligible
LVP SL|LOLTMNT02_294135,LVP SL,complete,eligible
ROL|LOLTMNT02_294140,ROL,complete,eligible
ROL|LOLTMNT02_295070,ROL,complete,eligible
LRS|LOLTMNT01_273464,LRS,complete,eligible
RL|LOLTMNT02_295091,RL,complete,eligible
LVP SL|LOLTMNT02_294154,LVP SL,complete,eligible
ROL|LOLTMNT02_295099,ROL,complete,eligible
RL|LOLTMNT02_294168,RL,complete,eligible
CD|LOLTMNT02_295125,CD,complete,eligible
RL|LOLTMNT02_295132,RL,complete,eligible
CD|LOLTMNT02_294199,CD,complete,eligible
CD|LOLTMNT02_295171,CD,complete,eligible
CD|LOLTMNT02_295183,CD,complete,eligible
LRS|LOLTMNT02_294235,LRS,complete,missing_player_id
CD|LOLTMNT02_294256,CD,complete,eligible
LRS|LOLTMNT02_294257,LRS,complete,eligible
LCKC|LOLTMNT02_294331,LCKC,complete,eligible
LCKC|LOLTMNT02_295274,LCKC,complete,eligible
LCKC|LOLTMNT02_294351,LCKC,complete,eligible
LCKC|LOLTMNT02_294360,LCKC,complete,eligible
LCK|LOLTMNT02_294403,LCK,complete,eligible
LCK|LOLTMNT02_295361,LCK,complete,eligible
LPL|12597-12597_game_1,LPL,partial,not_complete
LPL|12597-12597_game_2,LPL,partial,not_complete
LCK|LOLTMNT02_295398,LCK,complete,eligible
LPL|12597-12597_game_3,LPL,partial,not_complete
LCK|LOLTMNT02_294485,LCK,complete,eligible
LPL|12598-12598_game_1,LPL,partial,not_complete
LPL|12598-12598_game_2,LPL,partial,not_complete
HC|LOLTMNT02_294616,HC,complete,eligible
HC|LOLTMNT02_294633,HC,complete,eligible
LVP SL|LOLTMNT02_295565,LVP SL,complete,eligible
PRM|LOLTMNT05_145434,PRM,complete,eligible
LFL|LOLTMNT05_146435,LFL,complete,eligible
LVP SL|LOLTMNT02_295602,LVP SL,complete,eligible
NLC|LOLTMNT05_146444,NLC,complete,eligible
PRM|LOLTMNT05_146445,PRM,complete,eligible
HC|LOLTMNT02_294662,HC,complete,eligible
LFL|LOLTMNT05_145443,LFL,complete,eligible
NLC|LOLTMNT05_145444,NLC,complete,eligible
LVP SL|LOLTMNT02_295629,LVP SL,complete,eligible
EBL|LOLTMNT05_146447,EBL,complete,eligible
PRM|LOLTMNT05_146451,PRM,complete,eligible
RL|LOLTMNT02_294692,RL,complete,eligible
HC|LOLTMNT02_295637,HC,complete,eligible
LPLOL|LOLTMNT02_295634,LPLOL,complete,eligible
LFL|LOLTMNT05_146450,LFL,complete,eligible
LVP SL|LOLTMNT02_294707,LVP SL,complete,eligible
EBL|LOLTMNT05_145451,EBL,complete,eligible
NLC|LOLTMNT05_146456,NLC,complete,eligible
RL|LOLTMNT02_294715,RL,complete,eligible
LFL|LOLTMNT05_145452,LFL,complete,eligible
LPLOL|LOLTMNT02_294716,LPLOL,complete,missing_player_id
LFL|LOLTMNT05_145454,LFL,complete,eligible
LPLOL|LOLTMNT02_294737,LPLOL,complete,missing_player_id
LPLOL|LOLTMNT02_294753,LPLOL,complete,missing_player_id
NACL|LOLTMNT02_294756,NACL,complete,eligible
NACL|LOLTMNT02_295727,NACL,complete,eligible
NACL|LOLTMNT02_294775,NACL,complete,eligible
NACL|LOLTMNT02_294779,NACL,complete,eligible
NACL|LOLTMNT02_295752,NACL,complete,eligible
LCKC|LOLTMNT02_295790,LCKC,complete,eligible
LCKC|LOLTMNT02_294827,LCKC,complete,eligible
LCKC|LOLTMNT02_294839,LCKC,complete,eligible
LCKC|LOLTMNT02_294848,LCKC,complete,eligible
LCKC|LOLTMNT02_295824,LCKC,complete,eligible
LCK|LOLTMNT02_294883,LCK,complete,eligible
LCK|LOLTMNT02_294895,LCK,complete,eligible
LPL|12599-12599_game_1,LPL,partial,not_complete
LCK|LOLTMNT02_294910,LCK,complete,eligible
LPL|12599-12599_game_2,LPL,partial,not_complete
LPL|12600-12600_game_1,LPL,partial,not_complete
LCK|LOLTMNT02_295940,LCK,complete,eligible
LCK|LOLTMNT02_295962,LCK,complete,eligible
LPL|12600-12600_game_2,LPL,partial,not_complete
LCK|LOLTMNT02_295986,LCK,complete,eligible
LPL|12600-12600_game_3,LPL,partial,not_complete
TCL|LOLTMNT05_146494,TCL,complete,eligible
HC|LOLTMNT02_297031,HC,complete,eligible
TCL|LOLTMNT05_145498,TCL,complete,eligible
LVP SL|LOLTMNT02_297046,LVP SL,complete,eligible
LIT|LOLTMNT05_146523,LIT,complete,eligible
NLC|LOLTMNT05_146517,NLC,complete,eligible
LFL|LOLTMNT05_145520,LFL,complete,eligible
LFL|LOLTMNT05_146515,LFL,complete,eligible
HC|LOLTMNT02_297051,HC,complete,eligible
LVP SL|LOLTMNT02_297070,LVP SL,complete,eligible
TCL|LOLTMNT05_145524,TCL,complete,eligible
NLC|LOLTMNT05_146537,NLC,complete,eligible
LFL|LOLTMNT05_145527,LFL,complete,eligible
LFL|LOLTMNT05_145529,LFL,complete,eligible
HC|LOLTMNT02_297079,HC,complete,eligible
LIT|LOLTMNT05_146540,LIT,complete,eligible
ROL|LOLTMNT02_297075,ROL,complete,eligible
EBL|LOLTMNT05_145525,EBL,complete,eligible
LVP SL|LOLTMNT02_296124,LVP SL,complete,eligible
TCL|LOLTMNT05_145532,TCL,complete,eligible
LFL|LOLTMNT05_146545,LFL,complete,eligible
NLC|LOLTMNT05_145537,NLC,complete,eligible
LFL|LOLTMNT02_296141,LFL,complete,eligible
LIT|LOLTMNT05_146547,LIT,complete,eligible
ROL|LOLTMNT02_296136,ROL,complete,eligible
ROL|LOLTMNT02_297105,ROL,complete,eligible
LPLOL|LOLTMNT02_296148,LPLOL,complete,eligible
EBL|LOLTMNT05_145540,EBL,complete,eligible
HC|LOLTMNT02_297109,HC,complete,eligible
LVP SL|LOLTMNT02_297114,LVP SL,complete,eligible
LFL|LOLTMNT05_145544,LFL,complete,eligible
LIT|LOLTMNT05_146555,LIT,complete,eligible
NLC|LOLTMNT05_146554,NLC,complete,eligible
EBL|LOLTMNT05_145547,EBL,complete,eligible
ROL|LOLTMNT02_296161,ROL,complete,eligible
LFL|LOLTMNT02_297130,LFL,complete,eligible
HC|LOLTMNT02_297139,HC,complete,eligible
LPLOL|LOLTMNT02_296181,LPLOL,complete,missing_player_id
LIT|LOLTMNT05_146557,LIT,complete,eligible
LVP SL|LOLTMNT02_297159,LVP SL,complete,eligible
EBL|LOLTMNT05_146558,EBL,complete,eligible
NLC|LOLTMNT05_145552,NLC,complete,eligible
LFL|LOLTMNT02_296190,LFL,complete,eligible
LFL|LOLTMNT05_146559,LFL,complete,eligible
LPLOL|LOLTMNT02_296203,LPLOL,complete,eligible
LVP SL|LOLTMNT02_296204,LVP SL,complete,eligible
EBL|LOLTMNT05_146560,EBL,complete,eligible
NLC|LOLTMNT05_145553,NLC,complete,eligible
LFL|LOLTMNT05_146561,LFL,complete,eligible
NACL|LOLTMNT02_296231,NACL,complete,eligible
EBL|LOLTMNT05_145554,EBL,complete,eligible
NACL|LOLTMNT02_297221,NACL,complete,eligible
NACL|LOLTMNT02_297237,NACL,complete,eligible
NACL|LOLTMNT02_297254,NACL,complete,eligible
NACL|LOLTMNT02_297271,NACL,complete,eligible
LCKC|LOLTMNT02_296356,LCKC,complete,eligible
LCKC|LOLTMNT02_297328,LCKC,complete,eligible
LCKC|LOLTMNT02_297334,LCKC,complete,eligible
LCKC|LOLTMNT02_296367,LCKC,complete,eligible
LCKC|LOLTMNT02_297346,LCKC,complete,eligible
LCK|LOLTMNT02_296408,LCK,complete,eligible
LJL|LOLTMNT02_297382,LJL,complete,eligible
LCK|LOLTMNT02_296421,LCK,complete,eligible
LPL|12601-12601_game_1,LPL,partial,not_complete
LJL|LOLTMNT02_296426,LJL,complete,eligible
LPL|12601-12601_game_2,LPL,partial,not_complete
LCK|LOLTMNT02_296450,LCK,complete,eligible
LJL|LOLTMNT02_297427,LJL,complete,eligible
LPL|12601-12601_game_3,LPL,partial,not_complete
LCK|LOLTMNT02_296483,LCK,complete,eligible
LJL|LOLTMNT02_297463,LJL,complete,eligible
LPL|12602-12602_game_1,LPL,partial,not_complete
LPL|12602-12602_game_2,LPL,partial,not_complete
HM|LOLTMNT02_296538,HM,complete,eligible
LPL|12602-12602_game_3,LPL,partial,not_complete
TCL|LOLTMNT05_146601,TCL,complete,eligible
HM|LOLTMNT02_297538,HM,complete,eligible
TCL|LOLTMNT05_146610,TCL,complete,eligible
NLC|LOLTMNT05_146617,NLC,complete,eligible
PRMP|LOLTMNT05_145606,PRMP,complete,eligible
LIT|LOLTMNT05_145602,LIT,complete,eligible
LFL|LOLTMNT05_146619,LFL,complete,eligible
HM|LOLTMNT02_297560,HM,complete,eligible
TCL|LOLTMNT05_146624,TCL,complete,eligible
NLC|LOLTMNT05_146626,NLC,complete,eligible
LFL|LOLTMNT05_145619,LFL,complete,eligible
LIT|LOLTMNT05_146627,LIT,complete,eligible
HM|LOLTMNT02_296594,HM,complete,eligible
PRMP|LOLTMNT05_146628,PRMP,complete,eligible
TCL|LOLTMNT05_146629,TCL,complete,eligible
NLC|LOLTMNT05_146630,NLC,complete,eligible
LFL|LOLTMNT05_146631,LFL,complete,eligible
HM|LOLTMNT02_296623,HM,complete,eligible
LIT|LOLTMNT05_145622,LIT,complete,eligible
PRMP|LOLTMNT05_146632,PRMP,complete,eligible
NLC|LOLTMNT05_146633,NLC,complete,eligible
LFL|LOLTMNT05_145625,LFL,complete,eligible
LIT|LOLTMNT05_146634,LIT,complete,eligible
PRMP|LOLTMNT05_146635,PRMP,complete,eligible
LFL|LOLTMNT05_146637,LFL,complete,eligible
PRMP|LOLTMNT05_146638,PRMP,complete,eligible
NACL|LOLTMNT02_297694,NACL,complete,eligible
NACL|LOLTMNT02_297718,NACL,complete,eligible
NACL|LOLTMNT02_296747,NACL,complete,eligible
NACL|LOLTMNT02_296760,NACL,complete,eligible
NACL|LOLTMNT02_297760,NACL,complete,eligible
LCK|LOLTMNT02_296815,LCK,complete,eligible
LCK|LOLTMNT02_296825,LCK,complete,eligible
LPL|12603-12603_game_1,LPL,partial,not_complete
LCK|LOLTMNT02_296837,LCK,complete,eligible
LPL|12603-12603_game_2,LPL,partial,not_complete
LPL|12603-12603_game_3,LPL,partial,not_complete
LCK|LOLTMNT02_297840,LCK,complete,eligible
LCP|LOLTMNT02_296879,LCP,complete,eligible
LPL|12604-12604_game_1,LPL,partial,not_complete
LFL2|LOLTMNT05_145643,LFL2,complete,eligible
LCK|LOLTMNT02_297863,LCK,complete,eligible
LCP|LOLTMNT02_296892,LCP,complete,missing_player_id
LPL|12604-12604_game_2,LPL,partial,not_complete
LFL2|LOLTMNT05_146651,LFL2,complete,eligible
LCP|LOLTMNT02_297888,LCP,complete,eligible
LPL|12605-12605_game_1,LPL,partial,not_complete
LFL2|LOLTMNT05_146665,LFL2,complete,eligible
LCP|LOLTMNT02_296951,LCP,complete,eligible
LPL|12605-12605_game_2,LPL,partial,not_complete
LFL2|LOLTMNT05_146671,LFL2,complete,eligible
LCP|LOLTMNT02_297941,LCP,complete,eligible
LEC|LOLTMNT05_146696,LEC,complete,eligible
LTA S|LOLTMNT02_299001,LTA S,complete,eligible
LTA S|LOLTMNT02_299012,LTA S,complete,eligible
LEC|LOLTMNT05_146700,LEC,complete,eligible
LTA S|LOLTMNT02_299022,LTA S,complete,eligible
LEC|LOLTMNT05_146705,LEC,complete,eligible
LTA S|LOLTMNT02_299061,LTA S,complete,eligible
LEC|LOLTMNT05_145693,LEC,complete,eligible
LTA S|LOLTMNT02_299077,LTA S,complete,eligible
LEC|LOLTMNT05_146708,LEC,complete,eligible
LTA N|LOLTMNT02_299125,LTA N,complete,eligible
LTA N|LOLTMNT02_299145,LTA N,complete,eligible
LTA N|LOLTMNT02_299161,LTA N,complete,eligible
LTA N|LOLTMNT02_299175,LTA N,complete,eligible
LTA N|LOLTMNT02_299179,LTA N,complete,eligible
LCK|LOLTMNT02_298258,LCK,complete,eligible
LCK|LOLTMNT02_299237,LCK,complete,eligible
LCK|LOLTMNT02_299274,LCK,complete,eligible
LPL|12606-12606_game_1,LPL,partial,not_complete
LCK|LOLTMNT02_298318,LCK,complete,eligible
LCP|LOLTMNT02_298324,LCP,complete,eligible
LFL2|LOLTMNT05_146714,LFL2,complete,eligible
LPL|12606-12606_game_2,LPL,partial,not_complete
LCP|LOLTMNT02_298338,LCP,complete,eligible
LPL|12606-12606_game_3,LPL,partial,not_complete
LCP|LOLTMNT02_299326,LCP,complete,eligible
LFL2|LOLTMNT05_145702,LFL2,complete,eligible
LPL|12607-12607_game_1,LPL,partial,not_complete
LFL2|LOLTMNT05_145707,LFL2,complete,eligible
LCP|LOLTMNT02_299385,LCP,complete,eligible
LFL2|LOLTMNT05_146737,LFL2,complete,eligible
LPL|12607-12607_game_2,LPL,partial,not_complete
LCP|LOLTMNT02_299427,LCP,complete,eligible
LPL|12607-12607_game_3,LPL,partial,not_complete
LTA S|LOLTMNT02_298552,LTA S,complete,eligible
LEC|LOLTMNT05_146756,LEC,complete,eligible
LEC|LOLTMNT05_146759,LEC,complete,eligible
LTA S|LOLTMNT02_298566,LTA S,complete,eligible
LEC|LOLTMNT05_146760,LEC,complete,eligible
LTA S|LOLTMNT02_299540,LTA S,complete,eligible
LEC|LOLTMNT05_146765,LEC,complete,eligible
LTA S|LOLTMNT02_299571,LTA S,complete,eligible
LEC|LOLTMNT05_145755,LEC,complete,eligible
LTA N|LOLTMNT02_299643,LTA N,complete,eligible
LTA N|LOLTMNT02_299654,LTA N,complete,eligible
LTA N|LOLTMNT02_299679,LTA N,complete,eligible
LRN|LOLTMNT02_299683,LRN,complete,eligible
LTA N|LOLTMNT02_299690,LTA N,complete,eligible
LRN|LOLTMNT02_298710,LRN,complete,eligible
LTA N|LOLTMNT02_299694,LTA N,complete,eligible
LRN|LOLTMNT02_298716,LRN,complete,eligible
LRN|LOLTMNT02_298720,LRN,complete,eligible
LRN|LOLTMNT02_298727,LRN,complete,eligible
LCKC|LOLTMNT02_299782,LCKC,complete,eligible
PCS|LOLTMNT02_299792,PCS,complete,eligible
LPL|12608-12608_game_1,LPL,partial,not_complete
LCKC|LOLTMNT02_299798,LCKC,complete,eligible
PCS|LOLTMNT02_299802,PCS,complete,eligible
LPL|12608-12608_game_2,LPL,partial,not_complete
LCKC|LOLTMNT02_298833,LCKC,complete,eligible
PCS|LOLTMNT02_298837,PCS,complete,eligible
LPL|12609-12609_game_1,LPL,partial,not_complete
LCKC|LOLTMNT02_298856,LCKC,complete,eligible
LPL|12609-12609_game_2,LPL,partial,not_complete
HM|LOLTMNT02_299927,HM,complete,eligible
HM|LOLTMNT02_298951,HM,complete,eligible
PRM|LOLTMNT05_145767,PRM,complete,eligible
HM|LOLTMNT02_298972,HM,complete,eligible
PRM|LOLTMNT05_146800,PRM,complete,eligible
EBL|LOLTMNT05_146799,EBL,complete,eligible
HM|LOLTMNT02_301010,HM,complete,eligible
EBL|LOLTMNT05_146802,EBL,complete,eligible
PRM|LOLTMNT05_146801,PRM,complete,eligible
HM|LOLTMNT02_300031,HM,complete,eligible
EBL|LOLTMNT05_146805,EBL,complete,eligible
PRM|LOLTMNT05_146806,PRM,complete,eligible
EBL|LOLTMNT05_146809,EBL,complete,eligible
PRM|LOLTMNT05_146810,PRM,complete,eligible
CD|LOLTMNT02_300083,CD,complete,eligible
CD|LOLTMNT02_300093,CD,complete,eligible
CD|LOLTMNT02_301073,CD,complete,eligible
LRN|LOLTMNT02_301079,LRN,complete,eligible
CD|LOLTMNT02_301084,CD,complete,eligible
LRN|LOLTMNT02_300113,LRN,complete,eligible
CD|LOLTMNT02_301087,CD,complete,eligible
LRN|LOLTMNT02_300117,LRN,complete,eligible
LRN|LOLTMNT02_300120,LRN,complete,eligible
LCKC|LOLTMNT02_301158,LCKC,complete,eligible
PCS|LOLTMNT02_300178,PCS,complete,eligible
LCKC|LOLTMNT02_301175,LCKC,complete,eligible
LPL|12610-12610_game_1,LPL,partial,not_complete
PCS|LOLTMNT02_301188,PCS,complete,eligible
LCKC|LOLTMNT02_301193,LCKC,complete,eligible
LPL|12610-12610_game_2,LPL,partial,not_complete
LPL|12611-12611_game_1,LPL,partial,not_complete
LCKC|LOLTMNT02_301246,LCKC,complete,eligible
LPL|12611-12611_game_2,LPL,partial,not_complete
LCKC|LOLTMNT02_301266,LCKC,complete,eligible
LPL|12611-12611_game_3,LPL,partial,not_complete
HM|LOLTMNT02_301322,HM,complete,eligible
RL|LOLTMNT02_301352,RL,complete,eligible
HM|LOLTMNT02_300308,HM,complete,eligible
RL|LOLTMNT02_301374,RL,complete,eligible
PRM|LOLTMNT05_146885,PRM,complete,eligible
HM|LOLTMNT02_300329,HM,complete,eligible
LVP SL|LOLTMNT02_301403,LVP SL,complete,eligible
PRM|LOLTMNT05_146891,PRM,complete,eligible
EBL|LOLTMNT05_145876,EBL,complete,eligible
ROL|LOLTMNT02_300344,ROL,complete,eligible
HM|LOLTMNT02_301410,HM,complete,eligible
RL|LOLTMNT02_300347,RL,complete,eligible
LVP SL|LOLTMNT02_301415,LVP SL,complete,eligible
PRM|LOLTMNT05_146893,PRM,complete,eligible
EBL|LOLTMNT05_146894,EBL,complete,eligible
ROL|LOLTMNT02_301425,ROL,complete,eligible
ROL|LOLTMNT02_300367,ROL,complete,eligible
RL|LOLTMNT02_300376,RL,complete,eligible
PRM|LOLTMNT05_146896,PRM,complete,eligible
LVP SL|LOLTMNT02_300378,LVP SL,complete,eligible
EBL|LOLTMNT05_145883,EBL,complete,eligible
ROL|LOLTMNT02_301440,ROL,complete,eligible
ROL|LOLTMNT02_300387,ROL,complete,eligible
LRS|LOLTMNT02_301445,LRS,complete,eligible
RL|LOLTMNT02_300389,RL,complete,eligible
LVP SL|LOLTMNT02_301451,LVP SL,complete,eligible
EBL|LOLTMNT05_146899,EBL,complete,eligible
LRS|LOLTMNT02_301473,LRS,complete,eligible
CD|LOLTMNT02_301479,CD,complete,eligible
LRS|LOLTMNT02_301496,LRS,complete,eligible
CD|LOLTMNT02_301499,CD,complete,eligible
LRS|LOLTMNT02_301509,LRS,complete,eligible
CD|LOLTMNT02_300424,CD,complete,eligible
CD|LOLTMNT02_301511,CD,complete,eligible
CD|LOLTMNT02_300429,CD,complete,eligible
LCKC|LOLTMNT02_301554,LCKC,complete,eligible
LCKC|LOLTMNT02_301557,LCKC,complete,eligible
LCKC|LOLTMNT02_301563,LCKC,complete,eligible
LCKC|LOLTMNT02_301567,LCKC,complete,eligible
LCKC|LOLTMNT02_301578,LCKC,complete,eligible
LCKC|LOLTMNT02_301583,LCKC,complete,eligible
LCK|LOLTMNT02_301617,LCK,complete,eligible
LCK|LOLTMNT02_301624,LCK,complete,eligible
LPL|12612-12612_game_1,LPL,partial,not_complete
LPL|12612-12612_game_2,LPL,partial,not_complete
LCK|LOLTMNT02_301649,LCK,complete,eligible
LPL|12612-12612_game_3,LPL,partial,not_complete
LCK|LOLTMNT02_301669,LCK,complete,eligible
LCK|LOLTMNT02_301689,LCK,complete,eligible
LPL|12613-12613_game_1,LPL,partial,not_complete
LPL|12613-12613_game_2,LPL,partial,not_complete
LPL|12613-12613_game_3,LPL,partial,not_complete
HC|LOLTMNT02_301762,HC,complete,eligible
PRM|LOLTMNT05_145925,PRM,complete,eligible
LFL|LOLTMNT05_145926,LFL,complete,eligible
NLC|LOLTMNT05_146931,NLC,complete,eligible
HC|LOLTMNT02_300636,HC,complete,eligible
PRM|LOLTMNT05_145933,PRM,complete,eligible
NLC|LOLTMNT05_145934,NLC,complete,eligible
EBL|LOLTMNT05_145937,EBL,complete,eligible
LFL|LOLTMNT05_146937,LFL,complete,eligible
HC|LOLTMNT02_300648,HC,complete,eligible
PRM|LOLTMNT05_146938,PRM,complete,eligible
EBL|LOLTMNT05_146939,EBL,complete,eligible
NLC|LOLTMNT05_145939,NLC,complete,eligible
LPLOL|LOLTMNT02_301817,LPLOL,complete,eligible
LFL|LOLTMNT05_145940,LFL,complete,eligible
HC|LOLTMNT02_301825,HC,complete,eligible
RL|LOLTMNT02_300661,RL,complete,eligible
EBL|LOLTMNT05_145941,EBL,complete,eligible
PRM|LOLTMNT05_146940,PRM,complete,eligible
RL|LOLTMNT02_300685,RL,complete,eligible
LRS|LOLTMNT02_300688,LRS,complete,eligible
LPLOL|LOLTMNT02_301838,LPLOL,complete,missing_player_id
HC|LOLTMNT02_301846,HC,complete,eligible
LFL|LOLTMNT05_145942,LFL,complete,eligible
EBL|LOLTMNT05_146941,EBL,complete,eligible
PRM|LOLTMNT05_146942,PRM,complete,eligible
LRS|LOLTMNT02_301859,LRS,complete,eligible
EBL|LOLTMNT05_145945,EBL,complete,eligible
LPLOL|LOLTMNT02_300713,LPLOL,complete,eligible
LFL|LOLTMNT05_146944,LFL,complete,eligible
LRS|LOLTMNT02_301870,LRS,complete,eligible
LPLOL|LOLTMNT02_300719,LPLOL,complete,missing_player_id
LRS|LOLTMNT02_301881,LRS,complete,eligible
LRS|LOLTMNT02_300727,LRS,complete,eligible
LCKC|LOLTMNT02_301916,LCKC,complete,eligible
LCKC|LOLTMNT02_300756,LCKC,complete,eligible
LCKC|LOLTMNT02_301942,LCKC,complete,eligible
LCKC|LOLTMNT02_300777,LCKC,complete,eligible
LCKC|LOLTMNT02_300791,LCKC,complete,eligible
LCK|LOLTMNT02_301984,LCK,complete,eligible
LCK|LOLTMNT02_301999,LCK,complete,eligible
LJL|LOLTMNT02_301993,LJL,complete,eligible
LPL|12614-12614_game_1,LPL,partial,not_complete
LJL|LOLTMNT02_302021,LJL,complete,eligible
LCK|LOLTMNT02_300855,LCK,complete,eligible
LPL|12614-12614_game_2,LPL,partial,not_complete
LJL|LOLTMNT02_302035,LJL,complete,eligible
LPL|12614-12614_game_3,LPL,partial,not_complete
LCK|LOLTMNT02_300868,LCK,complete,eligible
LJL|LOLTMNT02_302049,LJL,complete,eligible
LPL|12615-12615_game_1,LPL,partial,not_complete
LJL|LOLTMNT02_302065,LJL,complete,eligible
LPL|12615-12615_game_2,LPL,partial,not_complete
TCL|LOLTMNT05_146979,TCL,complete,eligible
HC|LOLTMNT02_302102,HC,complete,eligible
TCL|LOLTMNT05_146983,TCL,complete,eligible
NLC|LOLTMNT05_146991,NLC,complete,eligible
LVP SL|LOLTMNT02_300921,LVP SL,complete,eligible
PRM|LOLTMNT05_146988,PRM,complete,eligible
HC|LOLTMNT02_300922,HC,complete,eligible
LFL|LOLTMNT05_146990,LFL,complete,eligible
LFL|LOLTMNT05_146987,LFL,complete,eligible
TCL|LOLTMNT05_145999,TCL,complete,eligible
LVP SL|LOLTMNT02_300925,LVP SL,complete,eligible
PRM|LOLTMNT05_147003,PRM,complete,eligible
LFL|LOLTMNT05_148002,LFL,complete,eligible
NLC|LOLTMNT05_147006,NLC,complete,eligible
HC|LOLTMNT02_302116,HC,complete,eligible
ROL|LOLTMNT02_300926,ROL,complete,eligible
EBL|LOLTMNT05_147005,EBL,complete,eligible
LFL|LOLTMNT05_148005,LFL,complete,eligible
TCL|LOLTMNT05_147014,TCL,complete,eligible
PRM|LOLTMNT05_147016,PRM,complete,eligible
LVP SL|LOLTMNT02_300930,LVP SL,complete,eligible
LFL|LOLTMNT05_148011,LFL,complete,eligible
NLC|LOLTMNT05_148013,NLC,complete,eligible
ROL|LOLTMNT02_302124,ROL,complete,eligible
EBL|LOLTMNT05_148014,EBL,complete,eligible
HC|LOLTMNT02_300942,HC,complete,eligible
LPLOL|LOLTMNT02_302120,LPLOL,complete,missing_player_id
ROL|LOLTMNT02_302126,ROL,complete,eligible
LFL|LOLTMNT05_147017,LFL,complete,eligible
PRM|LOLTMNT05_148015,PRM,complete,eligible
LFL|LOLTMNT05_147019,LFL,complete,eligible
EBL|LOLTMNT05_147020,EBL,complete,eligible
HC|LOLTMNT02_302137,HC,complete,eligible
LPLOL|LOLTMNT02_300949,LPLOL,complete,missing_player_id
LFL|LOLTMNT05_148016,LFL,complete,eligible
ROL|LOLTMNT02_302138,ROL,complete,eligible
EBL|LOLTMNT05_148017,EBL,complete,eligible
LFL|LOLTMNT05_148018,LFL,complete,eligible
LPLOL|LOLTMNT02_300954,LPLOL,complete,eligible
HC|LOLTMNT02_300957,HC,complete,eligible
EBL|LOLTMNT05_148019,EBL,complete,eligible
LFL|LOLTMNT05_147025,LFL,complete,eligible
LPLOL|LOLTMNT02_300965,LPLOL,complete,eligible
NACL|LOLTMNT03_280302,NACL,complete,eligible
NACL|LOLTMNT03_280311,NACL,complete,eligible
NACL|LOLTMNT03_280325,NACL,complete,eligible
NACL|LOLTMNT03_281334,NACL,complete,eligible
NACL|LOLTMNT03_280358,NACL,complete,eligible
LCKC|LOLTMNT02_300991,LCKC,complete,eligible
LCKC|LOLTMNT02_302184,LCKC,complete,eligible
LCKC|LOLTMNT02_302189,LCKC,complete,eligible
LCKC|LOLTMNT02_302197,LCKC,complete,eligible
LCKC|LOLTMNT02_302209,LCKC,complete,eligible
LCK|LOLTMNT02_302238,LCK,complete,eligible
LCK|LOLTMNT02_302252,LCK,complete,eligible
LPL|12616-12616_game_1,LPL,partial,not_complete
LCP|LOLTMNT03_281419,LCP,complete,eligible
LCK|LOLTMNT02_302264,LCK,complete,eligible
LPL|12616-12616_game_2,LPL,partial,not_complete
LCP|LOLTMNT03_280421,LCP,complete,eligible
LCK|LOLTMNT02_303069,LCK,complete,eligible
LPL|12617-12617_game_1,LPL,partial,not_complete
LCP|LOLTMNT03_280451,LCP,complete,eligible
LCK|LOLTMNT02_302301,LCK,complete,eligible
LCP|LOLTMNT03_280467,LCP,complete,eligible
LPL|12617-12617_game_2,LPL,partial,not_complete
LPL|12617-12617_game_3,LPL,partial,not_complete
TCL|LOLTMNT05_147125,TCL,complete,eligible
HC|LOLTMNT02_303098,HC,complete,eligible
TCL|LOLTMNT05_147133,TCL,complete,eligible
HC|LOLTMNT02_303106,HC,complete,eligible
PRM|LOLTMNT05_147136,PRM,complete,eligible
NLC|LOLTMNT05_148142,NLC,complete,eligible
LFL|LOLTMNT05_147135,LFL,complete,eligible
TCL|LOLTMNT05_147140,TCL,complete,eligible
PRM|LOLTMNT05_147143,PRM,complete,eligible
NLC|LOLTMNT05_147144,NLC,complete,eligible
LFL|LOLTMNT05_148151,LFL,complete,eligible
HC|LOLTMNT02_303110,HC,complete,eligible
TCL|LOLTMNT05_148152,TCL,complete,eligible
NLC|LOLTMNT05_148154,NLC,complete,eligible
LFL|LOLTMNT05_147147,LFL,complete,eligible
PRM|LOLTMNT05_148155,PRM,complete,eligible
HC|LOLTMNT02_303117,HC,complete,eligible
LFL|LOLTMNT05_148158,LFL,complete,eligible
PRM|LOLTMNT05_147150,PRM,complete,eligible
LFL|LOLTMNT05_147151,LFL,complete,eligible
HC|LOLTMNT02_302345,HC,complete,eligible
NACL|LOLTMNT03_281576,NACL,complete,eligible
NACL|LOLTMNT03_281593,NACL,complete,eligible
NACL|LOLTMNT03_281599,NACL,complete,eligible
NACL|LOLTMNT03_280603,NACL,complete,eligible
LCK|LOLTMNT02_303137,LCK,complete,eligible
LCK|LOLTMNT02_303138,LCK,complete,eligible
LPL|12618-12618_game_1,LPL,partial,not_complete
LCK|LOLTMNT02_303139,LCK,complete,eligible
LPL|12618-12618_game_2,LPL,partial,not_complete
LPL|12618-12618_game_3,LPL,partial,not_complete
LCK|LOLTMNT02_303157,LCK,complete,eligible
LCP|LOLTMNT03_281671,LCP,complete,eligible
LCK|LOLTMNT02_303158,LCK,complete,eligible
LPL|12619-12619_game_1,LPL,partial,not_complete
LFL2|LOLTMNT05_147164,LFL2,complete,eligible
HM|LOLTMNT03_280676,HM,complete,eligible
LCP|LOLTMNT03_280679,LCP,complete,eligible
LCK|LOLTMNT02_302398,LCK,complete,eligible
LPL|12619-12619_game_2,LPL,partial,not_complete
LFL2|LOLTMNT05_148177,LFL2,complete,eligible
HM|LOLTMNT03_281693,HM,complete,eligible
LCP|LOLTMNT03_280688,LCP,complete,eligible
LFL2|LOLTMNT05_148182,LFL2,complete,eligible
LPL|12619-12619_game_3,LPL,partial,not_complete
HM|LOLTMNT03_281706,HM,complete,eligible
LCP|LOLTMNT03_280720,LCP,complete,eligible
HM|LOLTMNT03_281726,HM,complete,eligible
LFL2|LOLTMNT05_147181,LFL2,complete,eligible
LPL|12620-12620_game_1,LPL,partial,not_complete
LCP|LOLTMNT03_280734,LCP,complete,eligible
LPL|12620-12620_game_2,LPL,partial,not_complete
HM|LOLTMNT03_281747,HM,complete,eligible
LPL|12620-12620_game_3,LPL,partial,not_complete
LEC|LOLTMNT06_133372,LEC,complete,eligible
LEC|LOLTMNT06_133374,LEC,complete,eligible
LTA S|LOLTMNT03_280786,LTA S,complete,eligible
LTA S|LOLTMNT03_281799,LTA S,complete,eligible
LEC|LOLTMNT06_132374,LEC,complete,eligible
LTA S|LOLTMNT03_280803,LTA S,complete,eligible
LEC|LOLTMNT06_133390,LEC,complete,eligible
LEC|LOLTMNT06_132386,LEC,complete,eligible
LTA N|LOLTMNT03_281842,LTA N,complete,eligible
LTA N|LOLTMNT03_280867,LTA N,complete,eligible
LTA N|LOLTMNT03_281867,LTA N,complete,eligible
LTA N|LOLTMNT03_281872,LTA N,complete,eligible
LTA N|LOLTMNT03_281876,LTA N,complete,eligible
LCK|LOLTMNT02_302438,LCK,complete,eligible
LCK|LOLTMNT02_303218,LCK,complete,eligible
LCK|LOLTMNT02_303220,LCK,complete,eligible
LCK|LOLTMNT02_302449,LCK,complete,eligible
LPL|12621-12621_game_1,LPL,partial,not_complete
HM|LOLTMNT03_280938,HM,complete,eligible
LCP|LOLTMNT03_281922,LCP,complete,eligible
HM|LOLTMNT03_281923,HM,complete,eligible
LPL|12621-12621_game_2,LPL,partial,not_complete
LFL2|LOLTMNT05_148221,LFL2,complete,eligible
LCK|LOLTMNT02_302450,LCK,complete,eligible
LCP|LOLTMNT03_281932,LCP,complete,eligible
HM|LOLTMNT03_281937,HM,complete,eligible
LFL2|LOLTMNT05_148226,LFL2,complete,eligible
LPL|12622-12622_game_1,LPL,partial,not_complete
HM|LOLTMNT03_281969,HM,complete,eligible
LCP|LOLTMNT03_280991,LCP,complete,eligible
LPL|12622-12622_game_2,LPL,partial,not_complete
LFL2|LOLTMNT05_148235,LFL2,complete,eligible
LCP|LOLTMNT03_282001,LCP,complete,eligible
LFL2|LOLTMNT05_148241,LFL2,complete,eligible
LCP|LOLTMNT03_282019,LCP,complete,eligible
LEC|LOLTMNT06_132462,LEC,complete,eligible
LEC|LOLTMNT06_132463,LEC,complete,eligible
LTA S|LOLTMNT03_282074,LTA S,complete,eligible
AL|LOLTMNT05_147272,AL,complete,eligible
AL|LOLTMNT05_147268,AL,complete,eligible
LEC|LOLTMNT06_132464,LEC,complete,eligible
LTA S|LOLTMNT03_283073,LTA S,complete,eligible
AL|LOLTMNT05_147273,AL,complete,eligible
LEC|LOLTMNT06_133477,LEC,complete,eligible
AL|LOLTMNT05_147274,AL,complete,eligible
LTA S|LOLTMNT03_282101,LTA S,complete,eligible
AL|LOLTMNT05_148303,AL,complete,eligible
LTA S|LOLTMNT03_282116,LTA S,complete,eligible
AL|LOLTMNT05_148304,AL,complete,eligible
AL|LOLTMNT05_147276,AL,complete,eligible
LTA N|LOLTMNT03_282144,LTA N,complete,eligible
LTA N|LOLTMNT03_282158,LTA N,complete,eligible
AL|LOLTMNT05_148306,AL,complete,eligible
LTA N|LOLTMNT03_283147,LTA N,complete,eligible
LRN|LOLTMNT03_282167,LRN,complete,eligible
LRN|LOLTMNT03_282173,LRN,complete,eligible
LRN|LOLTMNT03_283164,LRN,complete,eligible
LCKC|LOLTMNT03_282254,LCKC,complete,eligible
LCKC|LOLTMNT03_282261,LCKC,complete,eligible
PCS|LOLTMNT03_282260,PCS,complete,eligible
LPL|12623-12623_game_1,LPL,partial,not_complete
PCS|LOLTMNT03_282263,PCS,complete,eligible
LPL|12623-12623_game_2,LPL,partial,not_complete
LCKC|LOLTMNT03_282279,LCKC,complete,eligible
PCS|LOLTMNT03_283249,PCS,complete,eligible
LCKC|LOLTMNT03_282300,LCKC,complete,eligible
LPL|12624-12624_game_1,LPL,partial,not_complete
LCKC|LOLTMNT03_283277,LCKC,complete,eligible
LPL|12624-12624_game_2,LPL,partial,not_complete
LPL|12624-12624_game_3,LPL,partial,not_complete
LEC|LOLTMNT06_133504,LEC,complete,eligible
LEC|LOLTMNT06_133506,LEC,complete,eligible
AL|LOLTMNT05_148319,AL,complete,eligible
LEC|LOLTMNT06_133510,LEC,complete,eligible
AL|LOLTMNT05_147303,AL,complete,eligible
LEC|LOLTMNT06_133511,LEC,complete,eligible
AL|LOLTMNT05_147305,AL,complete,eligible
LEC|LOLTMNT06_133519,LEC,complete,eligible
AL|LOLTMNT05_148320,AL,complete,eligible
CD|LOLTMNT03_283495,CD,complete,eligible
CD|LOLTMNT03_283507,CD,complete,eligible
CD|LOLTMNT03_283521,CD,complete,eligible
LRN|LOLTMNT03_282559,LRN,complete,eligible
CD|LOLTMNT03_282565,CD,complete,eligible
CD|LOLTMNT03_283536,CD,complete,eligible
LRN|LOLTMNT03_283530,LRN,complete,eligible
LRN|LOLTMNT03_282578,LRN,complete,eligible
LCKC|LOLTMNT03_282662,LCKC,complete,eligible
LCKC|LOLTMNT03_283636,LCKC,complete,eligible
PCS|LOLTMNT03_283634,PCS,complete,eligible
LPL|12625-12625_game_1,LPL,partial,not_complete
PCS|LOLTMNT03_283643,PCS,complete,eligible
LPL|12625-12625_game_2,LPL,partial,not_complete
LCKC|LOLTMNT03_282695,LCKC,complete,eligible
PCS|LOLTMNT03_282697,PCS,complete,eligible
LCKC|LOLTMNT03_282716,LCKC,complete,eligible
LPL|12626-12626_game_1,LPL,partial,not_complete
LPL|12626-12626_game_2,LPL,partial,not_complete
HM|LOLTMNT03_282800,HM,complete,eligible
HM|LOLTMNT03_283796,HM,complete,eligible
HM|LOLTMNT03_282847,HM,complete,eligible
LVP SL|LOLTMNT03_283818,LVP SL,complete,eligible
PRM|LOLTMNT06_132504,PRM,complete,eligible
AL|LOLTMNT05_148341,AL,complete,eligible
LVP SL|LOLTMNT03_282863,LVP SL,complete,eligible
PRM|LOLTMNT06_132506,PRM,complete,eligible
ROL|LOLTMNT03_282861,ROL,complete,eligible
AL|LOLTMNT05_147333,AL,complete,eligible
LVP SL|LOLTMNT03_282883,LVP SL,complete,eligible
PRM|LOLTMNT06_133524,PRM,complete,eligible
ROL|LOLTMNT03_282889,ROL,complete,eligible
ROL|LOLTMNT03_282894,ROL,complete,eligible
RL|LOLTMNT03_283862,RL,complete,eligible
AL|LOLTMNT05_148343,AL,complete,eligible
PRM|LOLTMNT06_132507,PRM,complete,eligible
ROL|LOLTMNT03_283880,ROL,complete,eligible
ROL|LOLTMNT03_282923,ROL,complete,eligible
RL|LOLTMNT03_282919,RL,complete,eligible
PRM|LOLTMNT06_133525,PRM,complete,eligible
CD|LOLTMNT03_283901,CD,complete,eligible
LRS|LOLTMNT03_283902,LRS,complete,eligible
CD|LOLTMNT03_283911,CD,complete,eligible
ROL|LOLTMNT03_283914,ROL,complete,eligible
LRS|LOLTMNT03_282955,LRS,complete,eligible
CD|LOLTMNT03_283925,CD,complete,eligible
LRS|LOLTMNT03_282967,LRS,complete,eligible
CD|LOLTMNT06_133530,CD,complete,eligible
LRS|LOLTMNT03_282980,LRS,complete,eligible
CD|LOLTMNT06_132516,CD,complete,eligible
LCKC|LOLTMNT03_283998,LCKC,complete,eligible
LCKC|LOLTMNT03_284040,LCKC,complete,eligible
LCKC|LOLTMNT03_285012,LCKC,complete,eligible
LCKC|LOLTMNT03_284056,LCKC,complete,eligible
LCKC|LOLTMNT03_284067,LCKC,complete,eligible
LCK|LOLTMNT03_284103,LCK,complete,eligible
PCS|LOLTMNT03_285066,PCS,complete,eligible
LCK|LOLTMNT03_284115,LCK,complete,eligible
LPL|12627-12627_game_1,LPL,partial,not_complete
PCS|LOLTMNT03_285069,PCS,complete,eligible
LPL|12627-12627_game_2,LPL,partial,not_complete
LCK|LOLTMNT03_284142,LCK,complete,eligible
PCS|LOLTMNT03_285090,PCS,complete,eligible
LPL|12628-12628_game_1,LPL,partial,not_complete
LCK|LOLTMNT03_284170,LCK,complete,eligible
PCS|LOLTMNT03_284166,PCS,complete,eligible
LPL|12628-12628_game_2,LPL,partial,not_complete
RL|LOLTMNT03_285203,RL,complete,eligible
HC|LOLTMNT03_285213,HC,complete,eligible
NLC|LOLTMNT06_132531,NLC,complete,eligible
LFL|LOLTMNT06_133557,LFL,complete,eligible
HC|LOLTMNT03_284303,HC,complete,eligible
RL|LOLTMNT03_284302,RL,complete,eligible
NLC|LOLTMNT06_132543,NLC,complete,eligible
EBL|LOLTMNT06_133566,EBL,complete,eligible
HC|LOLTMNT03_284326,HC,complete,eligible
LFL|LOLTMNT06_133568,LFL,complete,eligible
RL|LOLTMNT03_284325,RL,complete,eligible
NLC|LOLTMNT06_133569,NLC,complete,eligible
HC|LOLTMNT03_285282,HC,complete,eligible
EBL|LOLTMNT06_132550,EBL,complete,eligible
LPLOL|LOLTMNT03_284356,LPLOL,complete,eligible
LFL|LOLTMNT06_132551,LFL,complete,eligible
NLC|LOLTMNT06_133575,NLC,complete,eligible
RL|LOLTMNT03_284367,RL,complete,eligible
HC|LOLTMNT03_284371,HC,complete,eligible
EBL|LOLTMNT06_132553,EBL,complete,eligible
LFL|LOLTMNT06_133579,LFL,complete,eligible
LPLOL|LOLTMNT03_285320,LPLOL,complete,missing_player_id
RL|LOLTMNT03_285321,RL,complete,eligible
EBL|LOLTMNT06_132557,EBL,complete,eligible
LFL|LOLTMNT06_132558,LFL,complete,eligible
LPLOL|LOLTMNT03_284421,LPLOL,complete,eligible
RL|LOLTMNT03_284422,RL,complete,eligible
NACL|LOLTMNT03_285354,NACL,complete,eligible
LPLOL|LOLTMNT03_285364,LPLOL,complete,eligible
NACL|LOLTMNT03_284454,NACL,complete,eligible
NACL|LOLTMNT03_284479,NACL,complete,eligible
NACL|LOLTMNT03_284489,NACL,complete,eligible
LCKC|LOLTMNT03_285468,LCKC,complete,eligible
LCKC|LOLTMNT03_285467,LCKC,complete,eligible
LCKC|LOLTMNT03_285479,LCKC,complete,eligible
LCKC|LOLTMNT03_285480,LCKC,complete,eligible
LCK|LOLTMNT03_284605,LCK,complete,eligible
LCK|LOLTMNT03_285537,LCK,complete,eligible
LPL|12629-12629_game_1,LPL,partial,not_complete
LPL|12629-12629_game_2,LPL,partial,not_complete
LCK|LOLTMNT03_285549,LCK,complete,eligible
LPL|12630-12630_game_1,LPL,partial,not_complete
LCK|LOLTMNT03_284666,LCK,complete,eligible
LPL|12630-12630_game_2,LPL,partial,not_complete
LCK|LOLTMNT03_284695,LCK,complete,eligible
LPL|12630-12630_game_3,LPL,partial,not_complete
LCK|LOLTMNT03_284713,LCK,complete,eligible
TCL|LOLTMNT06_132570,TCL,complete,eligible
HC|LOLTMNT03_284745,HC,complete,eligible
TCL|LOLTMNT06_133601,TCL,complete,eligible
HC|LOLTMNT03_285695,HC,complete,eligible
NLC|LOLTMNT06_133603,NLC,complete,eligible
LVP SL|LOLTMNT03_285694,LVP SL,complete,eligible
LFL|LOLTMNT06_133605,LFL,complete,eligible
TCL|LOLTMNT06_132589,TCL,complete,eligible
LVP SL|LOLTMNT03_285720,LVP SL,complete,eligible
NLC|LOLTMNT06_133621,NLC,complete,eligible
HC|LOLTMNT03_284794,HC,complete,eligible
EBL|LOLTMNT06_132597,EBL,complete,eligible
ROL|LOLTMNT03_285727,ROL,complete,eligible
LFL|LOLTMNT06_132601,LFL,complete,eligible
NLC|LOLTMNT06_133628,NLC,complete,eligible
TCL|LOLTMNT06_133627,TCL,complete,eligible
LVP SL|LOLTMNT03_284822,LVP SL,complete,eligible
EBL|LOLTMNT06_132606,EBL,complete,eligible
ROL|LOLTMNT03_285747,ROL,complete,eligible
HC|LOLTMNT03_285750,HC,complete,eligible
LFL|LOLTMNT06_132605,LFL,complete,eligible
ROL|LOLTMNT03_284825,ROL,complete,eligible
LPLOL|LOLTMNT03_285759,LPLOL,complete,eligible
EBL|LOLTMNT06_132608,EBL,complete,eligible
LVP SL|LOLTMNT03_285764,LVP SL,complete,eligible
ROL|LOLTMNT03_284849,ROL,complete,eligible
LFL|LOLTMNT06_133637,LFL,complete,eligible
LFL|LOLTMNT06_133638,LFL,complete,eligible
EBL|LOLTMNT06_132616,EBL,complete,eligible
LPLOL|LOLTMNT03_285779,LPLOL,complete,eligible
LVP SL|LOLTMNT03_285800,LVP SL,complete,eligible
EBL|LOLTMNT06_132621,EBL,complete,eligible
LPLOL|LOLTMNT03_285815,LPLOL,complete,eligible
LFL|LOLTMNT06_133640,LFL,complete,eligible
LFL|LOLTMNT06_133641,LFL,complete,eligible
LFL|LOLTMNT06_133642,LFL,complete,eligible
LPLOL|LOLTMNT03_284914,LPLOL,complete,missing_player_id
NACL|LOLTMNT03_285844,NACL,complete,eligible
LPLOL|LOLTMNT03_284930,LPLOL,complete,missing_player_id
NACL|LOLTMNT03_286004,NACL,complete,eligible
NACL|LOLTMNT03_286013,NACL,complete,eligible
LCKC|LOLTMNT03_287005,LCKC,complete,eligible
LCKC|LOLTMNT03_286073,LCKC,complete,eligible
LCKC|LOLTMNT03_287015,LCKC,complete,eligible
LCKC|LOLTMNT03_287019,LCKC,complete,eligible
LCKC|LOLTMNT03_287036,LCKC,complete,eligible
LCKC|LOLTMNT03_287037,LCKC,complete,eligible
LCK|LOLTMNT03_287069,LCK,complete,eligible
LCK|LOLTMNT03_287081,LCK,complete,eligible
LPL|12631-12631_game_1,LPL,partial,not_complete
LCP|LOLTMNT03_286147,LCP,complete,eligible
LCK|LOLTMNT03_287101,LCK,complete,eligible
LPL|12631-12631_game_2,LPL,partial,not_complete
LCP|LOLTMNT03_287110,LCP,complete,eligible
LCK|LOLTMNT03_286183,LCK,complete,eligible
LPL|12632-12632_game_1,LPL,partial,not_complete
LCP|LOLTMNT03_286201,LCP,complete,eligible
LCK|LOLTMNT03_286208,LCK,complete,eligible
LPL|12632-12632_game_2,LPL,partial,not_complete
LCP|LOLTMNT03_286227,LCP,complete,eligible
LCK|LOLTMNT03_286241,LCK,complete,eligible
TCL|LOLTMNT06_134017,TCL,complete,eligible
TCL|LOLTMNT06_133672,TCL,complete,eligible
HC|LOLTMNT03_287233,HC,complete,eligible
NLC|LOLTMNT06_134029,NLC,complete,eligible
LFL|LOLTMNT06_133678,LFL,complete,eligible
HC|LOLTMNT03_287263,HC,complete,eligible
TCL|LOLTMNT06_134040,TCL,complete,eligible
NLC|LOLTMNT06_133683,NLC,complete,eligible
LFL|LOLTMNT06_134043,LFL,complete,eligible
HC|LOLTMNT03_287286,HC,complete,eligible
TCL|LOLTMNT06_134045,TCL,complete,eligible
NLC|LOLTMNT06_133688,NLC,complete,eligible
LFL|LOLTMNT06_134049,LFL,complete,eligible
LPLOL|LOLTMNT03_286383,LPLOL,complete,missing_player_id
HC|LOLTMNT03_286389,HC,complete,eligible
LFL|LOLTMNT06_134055,LFL,complete,eligible
LPLOL|LOLTMNT03_286414,LPLOL,complete,missing_player_id
HC|LOLTMNT03_287329,HC,complete,eligible
LFL|LOLTMNT06_134059,LFL,complete,eligible
LPLOL|LOLTMNT03_286451,LPLOL,complete,missing_player_id
LPLOL|LOLTMNT03_286506,LPLOL,complete,missing_player_id
NACL|LOLTMNT03_286517,NACL,complete,eligible
NACL|LOLTMNT03_286563,NACL,complete,eligible
NACL|LOLTMNT03_287409,NACL,complete,eligible
NACL|LOLTMNT03_287424,NACL,complete,eligible
LCK|LOLTMNT03_286946,LCK,complete,eligible
LCK|LOLTMNT03_286952,LCK,complete,eligible
LPL|12633-12633_game_1,LPL,partial,not_complete
LCK|LOLTMNT03_287529,LCK,complete,eligible
LPL|12633-12633_game_2,LPL,partial,not_complete
LPL|12634-12634_game_1,LPL,partial,not_complete
LCK|LOLTMNT03_286994,LCK,complete,eligible
LCP|LOLTMNT03_287000,LCP,complete,eligible
LPL|12634-12634_game_2,LPL,partial,not_complete
LFL2|LOLTMNT06_133702,LFL2,complete,eligible
LCK|LOLTMNT03_287593,LCK,complete,eligible
LCP|LOLTMNT03_288014,LCP,complete,eligible
LPL|12634-12634_game_3,LPL,partial,not_complete
LFL2|LOLTMNT06_133703,LFL2,complete,eligible
HM|LOLTMNT03_288022,HM,complete,eligible
LCK|LOLTMNT03_287634,LCK,complete,eligible
LCP|LOLTMNT03_288046,LCP,complete,eligible
LPL|12635-12635_game_1,LPL,partial,not_complete
HM|LOLTMNT03_287647,HM,complete,eligible
LFL2|LOLTMNT06_133704,LFL2,complete,eligible
LCP|LOLTMNT03_287669,LCP,complete,eligible
LPL|12635-12635_game_2,LPL,partial,not_complete
HM|LOLTMNT03_288085,HM,complete,eligible
LFL2|LOLTMNT06_133706,LFL2,complete,eligible
LCP|LOLTMNT03_288101,LCP,complete,eligible
LPL|12635-12635_game_3,LPL,partial,not_complete
HM|LOLTMNT03_288108,HM,complete,eligible
LCP|LOLTMNT03_288133,LCP,complete,eligible
HM|LOLTMNT03_287714,HM,complete,eligible
HM|LOLTMNT03_288156,HM,complete,eligible
LVP SL|LOLTMNT03_287743,LVP SL,complete,eligible
LTA S|LOLTMNT03_287765,LTA S,complete,eligible
LVP SL|LOLTMNT03_288191,LVP SL,complete,eligible
EBL|LOLTMNT06_133712,EBL,complete,eligible
LTA S|LOLTMNT03_287786,LTA S,complete,eligible
LVP SL|LOLTMNT03_287795,LVP SL,complete,eligible
LTA S|LOLTMNT03_287800,LTA S,complete,eligible
EBL|LOLTMNT06_133713,EBL,complete,eligible
RL|LOLTMNT03_287799,RL,complete,eligible
EBL|LOLTMNT06_134085,EBL,complete,eligible
RL|LOLTMNT03_287817,RL,complete,eligible
RL|LOLTMNT03_287840,RL,complete,eligible
LTA N|LOLTMNT03_288294,LTA N,complete,eligible
LTA N|LOLTMNT03_287894,LTA N,complete,eligible
LTA N|LOLTMNT03_288338,LTA N,complete,eligible
LTA N|LOLTMNT03_287928,LTA N,complete,eligible
LCK|LOLTMNT03_288407,LCK,complete,eligible
LCK|LOLTMNT03_288421,LCK,complete,eligible
LCK|LOLTMNT03_288450,LCK,complete,eligible
LPL|12636-12636_game_1,LPL,partial,not_complete
LCK|LOLTMNT03_288467,LCK,complete,eligible
LCP|LOLTMNT03_288468,LCP,complete,eligible
LPL|12636-12636_game_2,LPL,partial,not_complete
LFL2|LOLTMNT06_133732,LFL2,complete,eligible
LCP|LOLTMNT03_288480,LCP,complete,eligible
LFL2|LOLTMNT06_134115,LFL2,complete,eligible
LPL|12637-12637_game_1,LPL,partial,not_complete
LCP|LOLTMNT03_288514,LCP,complete,eligible
LFL2|LOLTMNT06_133739,LFL2,complete,eligible
LPL|12637-12637_game_2,LPL,partial,not_complete
PRM|LOLTMNT06_134116,PRM,complete,eligible
LCP|LOLTMNT03_288554,LCP,complete,eligible
LFL2|LOLTMNT06_133741,LFL2,complete,eligible
PRM|LOLTMNT06_134118,PRM,complete,eligible
HM|LOLTMNT03_289147,HM,complete,eligible
PRM|LOLTMNT06_133745,PRM,complete,eligible
HM|LOLTMNT03_289182,HM,complete,eligible
RL|LOLTMNT03_289181,RL,complete,eligible
PRM|LOLTMNT06_133746,PRM,complete,eligible
HM|LOLTMNT03_288666,HM,complete,eligible
PRM|LOLTMNT06_133747,PRM,complete,eligible
RL|LOLTMNT03_288671,RL,complete,eligible
LTA S|LOLTMNT03_288681,LTA S,complete,eligible
EBL|LOLTMNT06_133749,EBL,complete,eligible
LTA S|LOLTMNT03_289257,LTA S,complete,eligible
RL|LOLTMNT03_288714,RL,complete,eligible
EBL|LOLTMNT06_134126,EBL,complete,eligible
LTA S|LOLTMNT03_288729,LTA S,complete,eligible
RL|LOLTMNT03_289284,RL,complete,eligible
EBL|LOLTMNT06_133753,EBL,complete,eligible
LTA S|LOLTMNT03_288748,LTA S,complete,eligible
EBL|LOLTMNT06_133755,EBL,complete,eligible
RL|LOLTMNT03_289299,RL,complete,eligible
LTA N|LOLTMNT03_289318,LTA N,complete,eligible
LTA S|LOLTMNT03_288776,LTA S,complete,eligible
EBL|LOLTMNT06_134128,EBL,complete,eligible
LTA N|LOLTMNT03_288797,LTA N,complete,eligible
LTA N|LOLTMNT03_289343,LTA N,complete,eligible
LRN|LOLTMNT03_289345,LRN,complete,eligible
LTA N|LOLTMNT03_289350,LTA N,complete,eligible
LRN|LOLTMNT03_289352,LRN,complete,eligible
LRN|LOLTMNT03_288818,LRN,complete,eligible
LRN|LOLTMNT03_288821,LRN,complete,eligible
LCKC|LOLTMNT03_289403,LCKC,complete,eligible
LCKC|LOLTMNT03_288904,LCKC,complete,eligible
PCS|LOLTMNT03_289410,PCS,complete,eligible
LPL|12638-12638_game_1,LPL,partial,not_complete
PCS|LOLTMNT03_289414,PCS,complete,eligible
LPL|12638-12638_game_2,LPL,partial,not_complete
LCKC|LOLTMNT03_289440,LCKC,complete,eligible
PCS|LOLTMNT03_288930,PCS,complete,eligible
LPL|12638-12638_game_3,LPL,partial,not_complete
LCKC|LOLTMNT03_289454,LCKC,complete,eligible
PCS|LOLTMNT03_289456,PCS,complete,eligible
LPL|12639-12639_game_1,LPL,partial,not_complete
PCS|LOLTMNT03_289482,PCS,complete,eligible
LPL|12639-12639_game_2,LPL,partial,not_complete
LEC|LOLTMNT06_134147,LEC,complete,eligible
LEC|LOLTMNT06_133782,LEC,complete,eligible
LEC|LOLTMNT06_133790,LEC,complete,eligible
LEC|LOLTMNT06_134153,LEC,complete,eligible
LEC|LOLTMNT06_134158,LEC,complete,eligible
CD|LOLTMNT03_289620,CD,complete,eligible
CD|LOLTMNT03_291033,CD,complete,eligible
CD|LOLTMNT03_289625,CD,complete,eligible
LRN|LOLTMNT03_289627,LRN,complete,eligible
CD|LOLTMNT03_289630,CD,complete,eligible
LRN|LOLTMNT03_291045,LRN,complete,eligible
LRN|LOLTMNT03_289639,LRN,complete,eligible
LRN|LOLTMNT03_291061,LRN,complete,eligible
LRN|LOLTMNT03_291075,LRN,complete,eligible
LCKC|LOLTMNT03_291189,LCKC,complete,eligible
LCKC|LOLTMNT03_291197,LCKC,complete,eligible
PCS|LOLTMNT03_289752,PCS,complete,eligible
LPL|12640-12640_game_1,LPL,partial,not_complete
PCS|LOLTMNT03_291203,PCS,complete,eligible
LPL|12640-12640_game_2,LPL,partial,not_complete
LCKC|LOLTMNT03_291236,LCKC,complete,eligible
PCS|LOLTMNT03_291234,PCS,complete,eligible
LPL|12641-12641_game_1,LPL,partial,not_complete
PCS|LOLTMNT03_291255,PCS,complete,eligible
LCKC|LOLTMNT03_291256,LCKC,complete,eligible
LPL|12641-12641_game_2,LPL,partial,not_complete
LCKC|LOLTMNT03_289836,LCKC,complete,eligible
PCS|LOLTMNT03_289830,PCS,complete,eligible
LPL|12641-12641_game_3,LPL,partial,not_complete
TCL|LOLTMNT06_135023,TCL,complete,eligible
LEC|LOLTMNT06_133844,LEC,complete,eligible
TCL|LOLTMNT06_135039,TCL,complete,eligible
LEC|LOLTMNT06_133849,LEC,complete,eligible
TCL|LOLTMNT06_135042,TCL,complete,eligible
ROL|LOLTMNT03_289908,ROL,complete,eligible
LEC|LOLTMNT06_133856,LEC,complete,eligible
TCL|LOLTMNT06_135051,TCL,complete,eligible
LEC|LOLTMNT06_133858,LEC,complete,eligible
ROL|LOLTMNT03_289922,ROL,complete,eligible
ROL|LOLTMNT03_289921,ROL,complete,eligible
ROL|LOLTMNT03_289937,ROL,complete,eligible
LRS|LOLTMNT03_289940,LRS,complete,eligible
ROL|LOLTMNT03_289941,ROL,complete,eligible
CD|LOLTMNT06_133869,CD,complete,eligible
LRS|LOLTMNT03_289950,LRS,complete,eligible
CD|LOLTMNT06_135065,CD,complete,eligible
CD|LOLTMNT06_135066,CD,complete,eligible
CD|LOLTMNT06_135067,CD,complete,eligible
CD|LOLTMNT06_135068,CD,complete,eligible
LCKC|LOLTMNT03_292033,LCKC,complete,eligible
LCKC|LOLTMNT03_291472,LCKC,complete,eligible
LCKC|LOLTMNT03_292040,LCKC,complete,eligible
LCKC|LOLTMNT03_291488,LCKC,complete,eligible
LCK|LOLTMNT03_292093,LCK,complete,eligible
LCK|LOLTMNT03_292099,LCK,complete,eligible
PCS|LOLTMNT03_291538,PCS,complete,eligible
LPL|12642-12642_game_1,LPL,partial,not_complete
PCS|LOLTMNT03_291543,PCS,complete,eligible
LCK|LOLTMNT03_291552,LCK,complete,eligible
LPL|12642-12642_game_2,LPL,partial,not_complete
PCS|LOLTMNT03_291559,PCS,complete,eligible
LPL|12643-12643_game_1,LPL,partial,not_complete
LCK|LOLTMNT03_291596,LCK,complete,eligible
PCS|LOLTMNT03_292142,PCS,complete,eligible
LPL|12643-12643_game_2,LPL,partial,not_complete
PCS|LOLTMNT03_291615,PCS,complete,eligible
LCK|LOLTMNT03_291623,LCK,complete,eligible
TCL|LOLTMNT06_133915,TCL,complete,eligible
TCL|LOLTMNT06_136001,TCL,complete,eligible
LIT|LOLTMNT06_137002,LIT,complete,eligible
LFL|LOLTMNT06_136012,LFL,complete,eligible
TCL|LOLTMNT06_137005,TCL,complete,eligible
LFL|LOLTMNT06_137010,LFL,complete,eligible
LIT|LOLTMNT06_136018,LIT,complete,eligible
TCL|LOLTMNT06_136022,TCL,complete,eligible
LIT|LOLTMNT06_137018,LIT,complete,eligible
LFL|LOLTMNT06_136026,LFL,complete,eligible
LIT|LOLTMNT06_137020,LIT,complete,eligible
LFL|LOLTMNT06_136027,LFL,complete,eligible
LIT|LOLTMNT06_137023,LIT,complete,eligible
NACL|LOLTMNT03_293043,NACL,complete,eligible
NACL|LOLTMNT03_293045,NACL,complete,eligible
NACL|LOLTMNT03_293046,NACL,complete,eligible
NACL|LOLTMNT03_293048,NACL,complete,eligible
NACL|LOLTMNT03_293050,NACL,complete,eligible
LCKC|LOLTMNT03_294071,LCKC,complete,eligible
LCKC|LOLTMNT03_294073,LCKC,complete,eligible
LCKC|LOLTMNT03_294080,LCKC,complete,eligible
LCKC|LOLTMNT03_294081,LCKC,complete,eligible
LCKC|LOLTMNT03_294088,LCKC,complete,eligible
LCK|LOLTMNT03_293104,LCK,complete,eligible
LCK|LOLTMNT03_294111,LCK,complete,eligible
LPL|12594-12594_game_1,LPL,partial,not_complete
LPL|12594-12594_game_2,LPL,partial,not_complete
LCK|LOLTMNT03_293145,LCK,complete,eligible
LPL|12594-12594_game_3,LPL,partial,not_complete
LCK|LOLTMNT03_293167,LCK,complete,eligible
LPL|12583-12583_game_1,LPL,partial,not_complete
LPL|12583-12583_game_2,LPL,partial,not_complete
HLL|LOLTMNT01_277099,HLL,complete,eligible
HLL|LOLTMNT01_277109,HLL,complete,eligible
HLL|LOLTMNT01_278139,HLL,complete,eligible
LIT|LOLTMNT06_136124,LIT,complete,eligible
LFL|LOLTMNT06_137088,LFL,complete,eligible
LIT|LOLTMNT06_137100,LIT,complete,eligible
ROL|LOLTMNT03_293252,ROL,complete,eligible
LFL|LOLTMNT06_137105,LFL,complete,eligible
LIT|LOLTMNT06_137106,LIT,complete,eligible
ROL|LOLTMNT03_294261,ROL,complete,eligible
ROL|LOLTMNT03_293263,ROL,complete,eligible
LPLOL|LOLTMNT03_293268,LPLOL,complete,eligible
LFL|LOLTMNT06_137107,LFL,complete,eligible
LIT|LOLTMNT06_136141,LIT,complete,eligible
LPLOL|LOLTMNT03_293277,LPLOL,complete,eligible
ROL|LOLTMNT03_294272,ROL,complete,eligible
LFL|LOLTMNT06_136142,LFL,complete,eligible
LPLOL|LOLTMNT03_294279,LPLOL,complete,missing_player_id
LFL|LOLTMNT06_136144,LFL,complete,eligible
LPLOL|LOLTMNT03_293294,LPLOL,complete,missing_player_id
NACL|LOLTMNT03_294289,NACL,complete,eligible
NACL|LOLTMNT03_293296,NACL,complete,eligible
NACL|LOLTMNT03_294293,NACL,complete,eligible
NACL|LOLTMNT03_293297,NACL,complete,eligible
NACL|LOLTMNT03_294294,NACL,complete,eligible
LCKC|LOLTMNT03_294324,LCKC,complete,eligible
LCKC|LOLTMNT03_293318,LCKC,complete,eligible
LCKC|LOLTMNT03_293321,LCKC,complete,eligible
LCKC|LOLTMNT03_294331,LCKC,complete,eligible
LCKC|LOLTMNT03_293331,LCKC,complete,eligible
LCKC|LOLTMNT03_294344,LCKC,complete,eligible
LCK|LOLTMNT03_293371,LCK,complete,eligible
LCK|LOLTMNT03_293376,LCK,complete,eligible
PCS|LOLTMNT03_294382,PCS,complete,eligible
LCK|LOLTMNT03_294392,LCK,complete,eligible
PCS|LOLTMNT03_293381,PCS,complete,eligible
PCS|LOLTMNT03_293389,PCS,complete,eligible
LCK|LOLTMNT03_293418,LCK,complete,eligible
PCS|LOLTMNT03_294422,PCS,complete,eligible
LCK|LOLTMNT03_294428,LCK,complete,eligible
HLL|LOLTMNT01_279125,HLL,complete,eligible
HLL|LOLTMNT01_278388,HLL,complete,eligible
HLL|LOLTMNT01_278399,HLL,complete,eligible
HM|LOLTMNT03_294477,HM,complete,eligible
LFL|LOLTMNT06_136179,LFL,complete,eligible
LTA S|LOLTMNT01_278424,LTA S,complete,eligible
HLL|LOLTMNT01_279198,HLL,complete,eligible
HM|LOLTMNT03_293477,HM,complete,eligible
LFL|LOLTMNT06_136183,LFL,complete,eligible
LTA S|LOLTMNT01_278443,LTA S,complete,eligible
HLL|LOLTMNT01_279215,HLL,complete,eligible
HM|LOLTMNT03_294521,HM,complete,eligible
LTA S|LOLTMNT01_279227,LTA S,complete,eligible
LFL|LOLTMNT06_137155,LFL,complete,eligible
LPLOL|LOLTMNT03_294528,LPLOL,complete,eligible
LTA S|LOLTMNT01_278484,LTA S,complete,eligible
LFL|LOLTMNT06_136189,LFL,complete,eligible
LPLOL|LOLTMNT03_293538,LPLOL,complete,eligible
LPLOL|LOLTMNT03_294551,LPLOL,complete,eligible
LTA N|LOLTMNT01_278533,LTA N,complete,eligible
LPLOL|LOLTMNT03_294562,LPLOL,complete,missing_player_id
LTA N|LOLTMNT01_278555,LTA N,complete,eligible
LTA N|LOLTMNT01_278563,LTA N,complete,eligible
LPLOL|LOLTMNT03_293555,LPLOL,complete,missing_player_id
LTA N|LOLTMNT01_279322,LTA N,complete,eligible
LTA N|LOLTMNT01_278600,LTA N,complete,eligible
LCK|LOLTMNT03_293580,LCK,complete,eligible
LCK|LOLTMNT03_293583,LCK,complete,eligible
LCK|LOLTMNT03_294600,LCK,complete,eligible
PCS|LOLTMNT03_293605,PCS,complete,eligible
LJL|LOLTMNT03_294616,LJL,complete,eligible
LPL|12795-12795_game_1,LPL,partial,not_complete
LCK|LOLTMNT03_294648,LCK,complete,eligible
PCS|LOLTMNT03_293627,PCS,complete,eligible
LFL2|LOLTMNT06_137180,LFL2,complete,eligible
LPL|12795-12795_game_2,LPL,partial,not_complete
LJL|LOLTMNT03_294651,LJL,complete,eligible
LVP SL|LOLTMNT03_294649,LVP SL,complete,eligible
LCK|LOLTMNT03_294664,LCK,complete,eligible
PCS|LOLTMNT03_293638,PCS,complete,eligible
LJL|LOLTMNT03_293642,LJL,complete,eligible
LFL2|LOLTMNT06_136234,LFL2,complete,eligible
LVP SL|LOLTMNT03_294671,LVP SL,complete,eligible
LPL|12795-12795_game_3,LPL,partial,not_complete
LCK|LOLTMNT03_293648,LCK,complete,eligible
LJL|LOLTMNT03_294680,LJL,complete,eligible
LVP SL|LOLTMNT03_293655,LVP SL,complete,eligible
LPL|12795-12795_game_4,LPL,partial,not_complete
LFL2|LOLTMNT06_136242,LFL2,complete,eligible
LVP SL|LOLTMNT03_294691,LVP SL,complete,eligible
LPL|12795-12795_game_5,LPL,partial,not_complete
LFL2|LOLTMNT06_137196,LFL2,complete,eligible
TCL|LOLTMNT04_130082,TCL,complete,eligible
HM|LOLTMNT03_293737,HM,complete,eligible
LVP SL|LOLTMNT03_294782,LVP SL,complete,eligible
TCL|LOLTMNT04_130086,TCL,complete,eligible
PRMP|LOLTMNT06_137217,PRMP,complete,eligible
HM|LOLTMNT03_293767,HM,complete,eligible
LTA S|LOLTMNT01_278773,LTA S,complete,eligible
NLC|LOLTMNT06_136270,NLC,complete,eligible
LVP SL|LOLTMNT03_294809,LVP SL,complete,eligible
TCL|LOLTMNT04_130087,TCL,complete,eligible
LTA S|LOLTMNT01_278784,LTA S,complete,eligible
PRMP|LOLTMNT06_136271,PRMP,complete,eligible
HM|LOLTMNT03_294825,HM,complete,eligible
LVP SL|LOLTMNT03_293790,LVP SL,complete,eligible
NLC|LOLTMNT06_137226,NLC,complete,eligible
PRMP|LOLTMNT06_137227,PRMP,complete,eligible
LTA S|LOLTMNT01_278806,LTA S,complete,eligible
LPLOL|LOLTMNT03_293809,LPLOL,complete,eligible
LVP SL|LOLTMNT03_293825,LVP SL,complete,eligible
PRMP|LOLTMNT06_136273,PRMP,complete,eligible
LPLOL|LOLTMNT03_293849,LPLOL,complete,eligible
LPLOL|LOLTMNT03_293856,LPLOL,complete,missing_player_id
LTA N|LOLTMNT01_278845,LTA N,complete,eligible
LPLOL|LOLTMNT03_293857,LPLOL,complete,missing_player_id
LTA N|LOLTMNT01_278856,LTA N,complete,eligible
LTA N|LOLTMNT01_279570,LTA N,complete,eligible
LCK|LOLTMNT03_294914,LCK,complete,eligible
LCK|LOLTMNT03_294918,LCK,complete,eligible
LCK|LOLTMNT03_294949,LCK,complete,eligible
PCS|LOLTMNT03_293918,PCS,complete,eligible
LCK|LOLTMNT03_294951,LCK,complete,eligible
LPL|12796-12796_game_1,LPL,partial,not_complete
PCS|LOLTMNT03_293921,PCS,complete,eligible
LFL2|LOLTMNT06_137243,LFL2,complete,eligible
LCK|LOLTMNT03_293923,LCK,complete,eligible
LPL|12796-12796_game_2,LPL,partial,not_complete
PCS|LOLTMNT03_294967,PCS,complete,eligible
LFL2|LOLTMNT06_137248,LFL2,complete,eligible
LPL|12796-12796_game_3,LPL,partial,not_complete
PCS|LOLTMNT03_294985,PCS,complete,eligible
LFL2|LOLTMNT06_136291,LFL2,complete,eligible
LPL|12796-12796_game_4,LPL,partial,not_complete
LFL2|LOLTMNT06_137253,LFL2,complete,eligible
LPLOL|LOLTMNT03_295020,LPLOL,complete,missing_player_id
TCL|LOLTMNT04_129088,TCL,complete,eligible
LPLOL|LOLTMNT03_293986,LPLOL,complete,missing_player_id
LVP SL|LOLTMNT03_295025,LVP SL,complete,eligible
TCL|LOLTMNT04_129093,TCL,complete,eligible
LPLOL|LOLTMNT03_295033,LPLOL,complete,missing_player_id
LTA S|LOLTMNT01_278985,LTA S,complete,eligible
LVP SL|LOLTMNT03_294000,LVP SL,complete,eligible
LPLOL|LOLTMNT03_296009,LPLOL,complete,missing_player_id
TCL|LOLTMNT04_130102,TCL,complete,eligible
LTA S|LOLTMNT01_279672,LTA S,complete,eligible
LVP SL|LOLTMNT03_295046,LVP SL,complete,eligible
LPLOL|LOLTMNT03_296031,LPLOL,complete,eligible
TCL|LOLTMNT04_130103,TCL,complete,eligible
LTA S|LOLTMNT01_279682,LTA S,complete,eligible
LVP SL|LOLTMNT03_295065,LVP SL,complete,eligible
LPLOL|LOLTMNT03_295067,LPLOL,complete,eligible
LTA S|LOLTMNT01_280013,LTA S,complete,eligible
LTA N|LOLTMNT01_279707,LTA N,complete,eligible
LTA N|LOLTMNT01_280063,LTA N,complete,eligible
LTA N|LOLTMNT01_279725,LTA N,complete,eligible
LRN|LOLTMNT01_280077,LRN,complete,eligible
LTA N|LOLTMNT01_279732,LTA N,complete,eligible
LRN|LOLTMNT01_279731,LRN,complete,eligible
LRN|LOLTMNT01_279737,LRN,complete,eligible
LCKC|LOLTMNT01_280126,LCKC,complete,eligible
LCKC|LOLTMNT01_280127,LCKC,complete,eligible
LCKC|LOLTMNT01_279786,LCKC,complete,eligible
LCKC|LOLTMNT01_280132,LCKC,complete,eligible
LCKC|LOLTMNT01_280137,LCKC,complete,eligible
LPL|12797-12797_game_1,LPL,partial,not_complete
LPL|12797-12797_game_2,LPL,partial,not_complete
LCKC|LOLTMNT01_279813,LCKC,complete,eligible
LPL|12797-12797_game_3,LPL,partial,not_complete
LCKC|LOLTMNT01_279821,LCKC,complete,eligible
LCKC|LOLTMNT01_279833,LCKC,complete,eligible
LRS|LOLTMNT01_280270,LRS,complete,eligible
LRS|LOLTMNT01_279930,LRS,complete,eligible
CD|LOLTMNT01_279935,CD,complete,eligible
LRS|LOLTMNT01_279941,LRS,complete,eligible
CD|LOLTMNT01_280298,CD,complete,eligible
CD|LOLTMNT01_280309,CD,complete,eligible
LRS|LOLTMNT01_280310,LRS,complete,eligible
CD|LOLTMNT01_279966,CD,complete,eligible
LRS|LOLTMNT01_279969,LRS,complete,eligible
LCKC|LOLTMNT01_280350,LCKC,complete,eligible
LCKC|LOLTMNT01_281018,LCKC,complete,eligible
LCKC|LOLTMNT01_280354,LCKC,complete,eligible
LCKC|LOLTMNT01_280359,LCKC,complete,eligible
LCKC|LOLTMNT01_280381,LCKC,complete,eligible
LPL|12798-12798_game_1,LPL,partial,not_complete
LCKC|LOLTMNT01_281044,LCKC,complete,eligible
LPL|12798-12798_game_2,LPL,partial,not_complete
LCKC|LOLTMNT01_280391,LCKC,complete,eligible
LPL|12798-12798_game_3,LPL,partial,not_complete
LCKC|LOLTMNT01_281064,LCKC,complete,eligible
LCKC|LOLTMNT01_280416,LCKC,complete,eligible
TCL|LOLTMNT04_129113,TCL,complete,eligible
TCL|LOLTMNT04_129117,TCL,complete,eligible
LFL|LOLTMNT04_129119,LFL,complete,eligible
PRM|LOLTMNT04_129116,PRM,complete,eligible
ROL|LOLTMNT01_281131,ROL,complete,eligible
TCL|LOLTMNT04_129121,TCL,complete,eligible
ROL|LOLTMNT01_281142,ROL,complete,eligible
PRM|LOLTMNT04_129125,PRM,complete,eligible
EBL|LOLTMNT04_130128,EBL,complete,eligible
LFL|LOLTMNT04_129127,LFL,complete,eligible
TCL|LOLTMNT04_129128,TCL,complete,eligible
EBL|LOLTMNT04_129131,EBL,complete,eligible
ROL|LOLTMNT01_280496,ROL,complete,eligible
PRM|LOLTMNT04_129132,PRM,complete,eligible
LPLOL|LOLTMNT01_281159,LPLOL,complete,eligible
LFL|LOLTMNT04_129133,LFL,complete,eligible
EBL|LOLTMNT04_129134,EBL,complete,eligible
ROL|LOLTMNT01_280527,ROL,complete,eligible
PRM|LOLTMNT04_130133,PRM,complete,eligible
LPLOL|LOLTMNT01_280533,LPLOL,complete,eligible
LRS|LOLTMNT01_281180,LRS,complete,eligible
ROL|LOLTMNT01_280551,ROL,complete,eligible
LPLOL|LOLTMNT01_281186,LPLOL,complete,eligible
CD|LOLTMNT01_281198,CD,complete,eligible
LRS|LOLTMNT01_280556,LRS,complete,eligible
CD|LOLTMNT01_281202,CD,complete,eligible
LRS|LOLTMNT01_281203,LRS,complete,eligible
CD|LOLTMNT01_280576,CD,complete,eligible
LRS|LOLTMNT01_281209,LRS,complete,eligible
CD|LOLTMNT01_280586,CD,complete,eligible
LCK|LOLTMNT01_281294,LCK,complete,eligible
LCK|LOLTMNT01_280651,LCK,complete,eligible
LCK|LOLTMNT01_280659,LCK,complete,eligible
LCK|LOLTMNT01_281315,LCK,complete,eligible
LCK|LOLTMNT01_280682,LCK,complete,eligible
HLL|LOLTMNT01_280709,HLL,complete,eligible
HLL|LOLTMNT01_281368,HLL,complete,eligible
TCL|LOLTMNT04_130139,TCL,complete,eligible
HLL|LOLTMNT01_281382,HLL,complete,eligible
TCL|LOLTMNT04_130144,TCL,complete,eligible
LFL|LOLTMNT04_129147,LFL,complete,eligible
LFL|LOLTMNT04_129156,LFL,complete,eligible
TCL|LOLTMNT04_130147,TCL,complete,eligible
EBL|LOLTMNT04_130148,EBL,complete,eligible
EBL|LOLTMNT04_129157,EBL,complete,eligible
LFL|LOLTMNT04_130149,LFL,complete,eligible
TCL|LOLTMNT04_130150,TCL,complete,eligible
LPLOL|LOLTMNT01_280794,LPLOL,complete,eligible
EBL|LOLTMNT04_129158,EBL,complete,eligible
LFL|LOLTMNT04_130151,LFL,complete,eligible
TCL|LOLTMNT04_130152,TCL,complete,eligible
LPLOL|LOLTMNT01_281454,LPLOL,complete,eligible
LPLOL|LOLTMNT01_280815,LPLOL,complete,eligible
LFL|LOLTMNT04_129159,LFL,complete,eligible
CD|LOLTMNT01_281482,CD,complete,eligible
CD|LOLTMNT01_280838,CD,complete,eligible
NACL|LOLTMNT01_280840,NACL,complete,eligible
NACL|LOLTMNT01_280846,NACL,complete,eligible
CD|LOLTMNT01_281511,CD,complete,eligible
CD|LOLTMNT01_280855,CD,complete,eligible
NACL|LOLTMNT01_280853,NACL,complete,eligible
NACL|LOLTMNT01_280856,NACL,complete,eligible
CD|LOLTMNT01_281519,CD,complete,eligible
LCK|LOLTMNT01_281588,LCK,complete,eligible
LCK|LOLTMNT01_280941,LCK,complete,eligible
LCK|LOLTMNT01_281603,LCK,complete,eligible
LCK|LOLTMNT01_280961,LCK,complete,eligible
LCK|LOLTMNT01_281636,LCK,complete,eligible
HLL|LOLTMNT01_282004,HLL,complete,eligible
HLL|LOLTMNT01_281671,HLL,complete,eligible
HLL|LOLTMNT01_282033,HLL,complete,eligible
LVP SL|LOLTMNT01_281709,LVP SL,complete,eligible
LFL|LOLTMNT04_129167,LFL,complete,eligible
ROL|LOLTMNT01_282057,ROL,complete,eligible
HLL|LOLTMNT01_281718,HLL,complete,eligible
LFL|LOLTMNT04_130164,LFL,complete,eligible
ROL|LOLTMNT01_281727,ROL,complete,eligible
LVP SL|LOLTMNT01_281731,LVP SL,complete,eligible
EBL|LOLTMNT04_129170,EBL,complete,eligible
LVP SL|LOLTMNT01_282095,LVP SL,complete,eligible
LFL|LOLTMNT04_130166,LFL,complete,eligible
EBL|LOLTMNT04_129173,EBL,complete,eligible
ROL|LOLTMNT01_282099,ROL,complete,eligible
LPLOL|LOLTMNT01_281769,LPLOL,complete,eligible
EBL|LOLTMNT04_130167,EBL,complete,eligible
LVP SL|LOLTMNT01_282116,LVP SL,complete,eligible
LFL|LOLTMNT04_129174,LFL,complete,eligible
LPLOL|LOLTMNT01_281783,LPLOL,complete,eligible
ROL|LOLTMNT01_282127,ROL,complete,eligible
LPLOL|LOLTMNT01_282141,LPLOL,complete,eligible
LFL|LOLTMNT04_129177,LFL,complete,eligible
ROL|LOLTMNT01_281796,ROL,complete,eligible
LPLOL|LOLTMNT01_282156,LPLOL,complete,eligible
NACL|LOLTMNT01_281807,NACL,complete,eligible
NACL|LOLTMNT01_282179,NACL,complete,eligible
NACL|LOLTMNT01_281822,NACL,complete,eligible
LCK|LOLTMNT01_281893,LCK,complete,eligible
LCK|LOLTMNT01_281906,LCK,complete,eligible
LCP|LOLTMNT01_281934,LCP,complete,eligible
LCK|LOLTMNT01_282298,LCK,complete,eligible
LCP|LOLTMNT01_282320,LCP,complete,eligible
LCK|LOLTMNT01_281961,LCK,complete,eligible
RL|LOLTMNT01_282352,RL,complete,eligible
LCP|LOLTMNT01_282381,LCP,complete,eligible
LCP|LOLTMNT01_283051,LCP,complete,eligible
RL|LOLTMNT01_282399,RL,complete,eligible
RL|LOLTMNT01_282447,RL,complete,eligible
TCL|LOLTMNT04_129201,TCL,complete,eligible
LEC|LOLTMNT04_130187,LEC,complete,eligible
RL|LOLTMNT01_283188,RL,complete,eligible
TCL|LOLTMNT04_129221,TCL,complete,eligible
PRM|LOLTMNT04_129225,PRM,complete,eligible
LEC|LOLTMNT04_129223,LEC,complete,eligible
LTA S|LOLTMNT01_283231,LTA S,complete,eligible
RL|LOLTMNT01_283223,RL,complete,eligible
TCL|LOLTMNT04_130197,TCL,complete,eligible
PRM|LOLTMNT04_130200,PRM,complete,eligible
LEC|LOLTMNT04_129231,LEC,complete,eligible
EBL|LOLTMNT04_129230,EBL,complete,eligible
LTA S|LOLTMNT01_282636,LTA S,complete,eligible
EBL|LOLTMNT04_129237,EBL,complete,eligible
TCL|LOLTMNT04_129235,TCL,complete,eligible
LEC|LOLTMNT04_129236,LEC,complete,eligible
PRM|LOLTMNT04_130203,PRM,complete,eligible
LTA S|LOLTMNT01_282677,LTA S,complete,eligible
LPLOL|LOLTMNT01_283315,LPLOL,complete,eligible
EBL|LOLTMNT04_130206,EBL,complete,eligible
PRM|LOLTMNT04_129240,PRM,complete,eligible
LTA S|LOLTMNT01_283342,LTA S,complete,eligible
RL|LOLTMNT01_283340,RL,complete,eligible
LPLOL|LOLTMNT01_283341,LPLOL,complete,eligible
EBL|LOLTMNT04_129242,EBL,complete,eligible
PRM|LOLTMNT04_130208,PRM,complete,eligible
LTA S|LOLTMNT01_283362,LTA S,complete,eligible
RL|LOLTMNT01_283355,RL,complete,eligible
LPLOL|LOLTMNT01_283361,LPLOL,complete,eligible
LTA N|LOLTMNT01_283382,LTA N,complete,eligible
LPLOL|LOLTMNT01_282777,LPLOL,complete,eligible
RL|LOLTMNT01_283389,RL,complete,eligible
LTA N|LOLTMNT01_283399,LTA N,complete,eligible
RL|LOLTMNT01_283405,RL,complete,eligible
LTA N|LOLTMNT01_283408,LTA N,complete,eligible
LTA N|LOLTMNT01_283424,LTA N,complete,eligible
LTA N|LOLTMNT01_283432,LTA N,complete,eligible
LCK|LOLTMNT01_282847,LCK,complete,eligible
LCK|LOLTMNT01_282855,LCK,complete,eligible
LCK|LOLTMNT01_283478,LCK,complete,eligible
LCK|LOLTMNT01_282880,LCK,complete,eligible
LCP|LOLTMNT01_283556,LCP,complete,eligible
LFL2|LOLTMNT04_130229,LFL2,complete,eligible
LCP|LOLTMNT01_282974,LCP,complete,eligible
LFL2|LOLTMNT04_130236,LFL2,complete,eligible
RL|LOLTMNT01_283629,RL,complete,eligible
LCP|LOLTMNT01_284017,LCP,complete,eligible
LFL2|LOLTMNT04_130240,LFL2,complete,eligible
LFL2|LOLTMNT04_129265,LFL2,complete,eligible
LCP|LOLTMNT01_284084,LCP,complete,eligible
RL|LOLTMNT01_283667,RL,complete,eligible
LFL2|LOLTMNT04_129272,LFL2,complete,eligible
LCP|LOLTMNT01_283744,LCP,complete,eligible
RL|LOLTMNT01_284128,RL,complete,eligible
RL|LOLTMNT01_283801,RL,complete,eligible
LEC|LOLTMNT04_130276,LEC,complete,eligible
LEC|LOLTMNT04_129302,LEC,complete,eligible
LTA S|LOLTMNT01_284299,LTA S,complete,eligible
LEC|LOLTMNT04_129307,LEC,complete,eligible
LTA S|LOLTMNT01_283921,LTA S,complete,eligible
LTA S|LOLTMNT01_284400,LTA S,complete,eligible
LTA N|LOLTMNT01_284517,LTA N,complete,eligible
LTA N|LOLTMNT01_284573,LTA N,complete,eligible
LTA N|LOLTMNT01_284603,LTA N,complete,eligible
LCK|LOLTMNT01_285206,LCK,complete,eligible
LPL|12799-12799_game_1,LPL,partial,not_complete
LPL|12799-12799_game_2,LPL,partial,not_complete
LCK|LOLTMNT01_284752,LCK,complete,eligible
LPL|12799-12799_game_3,LPL,partial,not_complete
LCK|LOLTMNT01_285222,LCK,complete,eligible
LPL|12799-12799_game_4,LPL,partial,not_complete
LCP|LOLTMNT01_285288,LCP,complete,eligible
LPL|12799-12799_game_5,LPL,partial,not_complete
LFL2|LOLTMNT04_130311,LFL2,complete,eligible
LCP|LOLTMNT01_285313,LCP,complete,eligible
RL|LOLTMNT01_284841,RL,complete,eligible
LFL2|LOLTMNT04_130318,LFL2,complete,eligible
LPL|12800-12800_game_1,LPL,partial,not_complete
LCP|LOLTMNT01_285352,LCP,complete,eligible
RL|LOLTMNT01_284866,RL,complete,eligible
LFL2|LOLTMNT04_129343,LFL2,complete,eligible
LCP|LOLTMNT01_285384,LCP,complete,eligible
LPL|12800-12800_game_2,LPL,partial,not_complete
RL|LOLTMNT01_285374,RL,complete,eligible
LPL|12800-12800_game_3,LPL,partial,not_complete
RL|LOLTMNT01_284940,RL,complete,eligible
LEC|LOLTMNT04_130365,LEC,complete,eligible
LEC|LOLTMNT04_130370,LEC,complete,eligible
LTA S|LOLTMNT01_285516,LTA S,complete,eligible
LEC|LOLTMNT04_129373,LEC,complete,eligible
LTA S|LOLTMNT01_285528,LTA S,complete,eligible
LEC|LOLTMNT04_129375,LEC,complete,eligible
LTA S|LOLTMNT01_285530,LTA S,complete,eligible
LTA N|LOLTMNT01_285575,LTA N,complete,eligible
LTA N|LOLTMNT01_285591,LTA N,complete,eligible
LTA N|LOLTMNT01_285605,LTA N,complete,eligible
LTA N|LOLTMNT01_285618,LTA N,complete,eligible
LPL|12801-12801_game_1,LPL,partial,not_complete
LPL|12801-12801_game_2,LPL,partial,not_complete
LPL|12801-12801_game_3,LPL,partial,not_complete
LCKC|LOLTMNT01_286185,LCKC,complete,eligible
LCKC|LOLTMNT01_285696,LCKC,complete,eligible
LPL|12801-12801_game_4,LPL,partial,not_complete
LCKC|LOLTMNT01_285702,LCKC,complete,eligible
LPL|12801-12801_game_5,LPL,partial,not_complete
LCKC|LOLTMNT01_286217,LCKC,complete,eligible
LPL|12802-12802_game_1,LPL,partial,not_complete
LPL|12802-12802_game_2,LPL,partial,not_complete
LPL|12802-12802_game_3,LPL,partial,not_complete
LPL|12802-12802_game_4,LPL,partial,not_complete
LEC|LOLTMNT04_129398,LEC,complete,eligible
LEC|LOLTMNT04_129399,LEC,complete,eligible
LEC|LOLTMNT04_129400,LEC,complete,eligible
LEC|LOLTMNT04_129401,LEC,complete,eligible
LEC|LOLTMNT04_129402,LEC,complete,eligible
CD|LOLTMNT01_285846,CD,complete,eligible
CD|LOLTMNT01_285850,CD,complete,eligible
CD|LOLTMNT01_286366,CD,complete,eligible
LRN|LOLTMNT01_286365,LRN,complete,eligible
CD|LOLTMNT01_285868,CD,complete,eligible
LRN|LOLTMNT01_286378,LRN,complete,eligible
CD|LOLTMNT04_129408,CD,complete,eligible
LRN|LOLTMNT01_286383,LRN,complete,eligible
LPL|12803-12803_game_1,LPL,partial,not_complete
LPL|12803-12803_game_2,LPL,partial,not_complete
LPL|12803-12803_game_3,LPL,partial,not_complete
LPL|12803-12803_game_4,LPL,partial,not_complete
PRM|LOLTMNT04_130420,PRM,complete,eligible
LVP SL|LOLTMNT01_287001,LVP SL,complete,eligible
AL|LOLTMNT06_137274,AL,complete,missing_player_id
ROL|LOLTMNT01_287003,ROL,complete,eligible
PRM|LOLTMNT04_129420,PRM,complete,eligible
AL|LOLTMNT06_137278,AL,complete,missing_player_id
LVP SL|LOLTMNT01_286526,LVP SL,complete,eligible
ROL|LOLTMNT01_287016,ROL,complete,eligible
PRM|LOLTMNT04_130422,PRM,complete,eligible
AL|LOLTMNT06_137279,AL,complete,missing_player_id
ROL|LOLTMNT01_287027,ROL,complete,eligible
LPLOL|LOLTMNT01_286548,LPLOL,complete,eligible
AL|LOLTMNT06_137280,AL,complete,missing_player_id
LVP SL|LOLTMNT01_287040,LVP SL,complete,eligible
LPLOL|LOLTMNT01_286559,LPLOL,complete,eligible
LRS|LOLTMNT01_286560,LRS,complete,eligible
ROL|LOLTMNT01_286561,ROL,complete,eligible
LRS|LOLTMNT01_287056,LRS,complete,eligible
CD|LOLTMNT01_286566,CD,complete,eligible
LPLOL|LOLTMNT01_287060,LPLOL,complete,eligible
LRS|LOLTMNT01_287065,LRS,complete,eligible
CD|LOLTMNT01_286573,CD,complete,eligible
LPLOL|LOLTMNT01_287066,LPLOL,complete,eligible
LRS|LOLTMNT01_286581,LRS,complete,eligible
CD|LOLTMNT01_286583,CD,complete,eligible
LPLOL|LOLTMNT01_287073,LPLOL,complete,eligible
CD|LOLTMNT01_286587,CD,complete,eligible
LCK|LOLTMNT01_286625,LCK,complete,eligible
LCK|LOLTMNT01_286643,LCK,complete,eligible
LPL|12804-12804_game_1,LPL,partial,not_complete
LCK|LOLTMNT01_286647,LCK,complete,eligible
LPL|12804-12804_game_2,LPL,partial,not_complete
LCK|LOLTMNT01_287140,LCK,complete,eligible
LPL|12804-12804_game_3,LPL,partial,not_complete
LCK|LOLTMNT01_286664,LCK,complete,eligible
LPL|12804-12804_game_4,LPL,partial,not_complete
HC|LOLTMNT01_286711,HC,complete,eligible
LFL|LOLTMNT04_129430,LFL,complete,eligible
AL|LOLTMNT06_139001,AL,complete,missing_player_id
HC|LOLTMNT01_286745,HC,complete,eligible
LFL|LOLTMNT04_130427,LFL,complete,eligible
HC|LOLTMNT01_286755,HC,complete,eligible
AL|LOLTMNT06_138004,AL,complete,missing_player_id
LFL|LOLTMNT04_129431,LFL,complete,eligible
EBL|LOLTMNT04_129433,EBL,complete,eligible
LPLOL|LOLTMNT01_286768,LPLOL,complete,eligible
AL|LOLTMNT06_138005,AL,complete,missing_player_id
LFL|LOLTMNT04_129434,LFL,complete,eligible
LPLOL|LOLTMNT01_286788,LPLOL,complete,eligible
EBL|LOLTMNT04_129435,EBL,complete,eligible
LRS|LOLTMNT01_287262,LRS,complete,eligible
EBL|LOLTMNT04_130430,EBL,complete,eligible
LPLOL|LOLTMNT01_287266,LPLOL,complete,eligible
CD|LOLTMNT01_286808,CD,complete,eligible
LRS|LOLTMNT01_287277,LRS,complete,eligible
EBL|LOLTMNT04_129436,EBL,complete,eligible
CD|LOLTMNT01_286811,CD,complete,eligible
EBL|LOLTMNT04_130431,EBL,complete,eligible
LRS|LOLTMNT01_286813,LRS,complete,eligible
CD|LOLTMNT01_287284,CD,complete,eligible
LRS|LOLTMNT01_287288,LRS,complete,eligible
CD|LOLTMNT01_286821,CD,complete,eligible
LCK|LOLTMNT01_287346,LCK,complete,eligible
LCK|LOLTMNT01_286890,LCK,complete,eligible
LPL|12805-12805_game_1,LPL,partial,not_complete
LCK|LOLTMNT01_286895,LCK,complete,eligible
LPL|12805-12805_game_2,LPL,partial,not_complete
LCK|LOLTMNT01_287373,LCK,complete,eligible
LPL|12805-12805_game_3,LPL,partial,not_complete
LPL|12805-12805_game_4,LPL,partial,not_complete
LPL|12805-12805_game_5,LPL,partial,not_complete
HC|LOLTMNT01_286987,HC,complete,eligible
AL|LOLTMNT06_138011,AL,complete,missing_player_id
LFL|LOLTMNT04_129450,LFL,complete,eligible
HC|LOLTMNT01_288013,HC,complete,eligible
LFL|LOLTMNT04_129452,LFL,complete,eligible
AL|LOLTMNT06_138012,AL,complete,missing_player_id
HC|LOLTMNT01_288020,HC,complete,eligible
HC|LOLTMNT01_287521,HC,complete,eligible
LFL|LOLTMNT04_129453,LFL,complete,eligible
AL|LOLTMNT06_138013,AL,complete,missing_player_id
LFL|LOLTMNT04_129454,LFL,complete,eligible
LPLOL|LOLTMNT01_287536,LPLOL,complete,eligible
LFL|LOLTMNT04_129456,LFL,complete,eligible
NACL|LOLTMNT01_287547,NACL,complete,eligible
NACL|LOLTMNT01_288061,NACL,complete,eligible
NACL|LOLTMNT01_287554,NACL,complete,eligible
NACL|LOLTMNT01_287555,NACL,complete,eligible
LPL|12806-12806_game_1,LPL,partial,not_complete
LCP|LOLTMNT01_287615,LCP,complete,eligible
LPL|12806-12806_game_2,LPL,partial,not_complete
LCP|LOLTMNT01_288150,LCP,complete,eligible
LPL|12806-12806_game_3,LPL,partial,not_complete
LCP|LOLTMNT01_288166,LCP,complete,eligible
LPL|12806-12806_game_4,LPL,partial,not_complete
LCP|LOLTMNT01_288184,LCP,complete,eligible
TCL|LOLTMNT04_130456,TCL,complete,eligible
LFL|LOLTMNT04_130457,LFL,complete,eligible
AL|LOLTMNT06_138018,AL,complete,missing_player_id
LVP SL|LOLTMNT01_288231,LVP SL,complete,eligible
TCL|LOLTMNT04_129468,TCL,complete,eligible
LFL|LOLTMNT04_129471,LFL,complete,eligible
LVP SL|LOLTMNT01_288264,LVP SL,complete,eligible
TCL|LOLTMNT04_129474,TCL,complete,eligible
LVP SL|LOLTMNT01_287738,LVP SL,complete,eligible
AL|LOLTMNT03_296121,AL,complete,missing_player_id
LFL|LOLTMNT04_130478,LFL,complete,eligible
TCL|LOLTMNT04_129484,TCL,complete,eligible
LPLOL|LOLTMNT01_288284,LPLOL,complete,eligible
AL|LOLTMNT03_295141,AL,complete,missing_player_id
LPLOL|LOLTMNT01_287748,LPLOL,complete,eligible
TCL|LOLTMNT04_130485,TCL,complete,eligible
LPLOL|LOLTMNT01_288324,LPLOL,complete,eligible
CD|LOLTMNT01_287765,CD,complete,eligible
LPLOL|LOLTMNT01_287768,LPLOL,complete,eligible
CD|LOLTMNT01_287772,CD,complete,eligible
NACL|LOLTMNT01_288332,NACL,complete,eligible
CD|LOLTMNT01_288337,CD,complete,eligible
NACL|LOLTMNT01_288336,NACL,complete,eligible
CD|LOLTMNT01_288342,CD,complete,eligible
NACL|LOLTMNT01_288341,NACL,complete,eligible
LCK|LOLTMNT01_287805,LCK,complete,eligible
LCK|LOLTMNT01_288374,LCK,complete,eligible
LCK|LOLTMNT01_288399,LCK,complete,eligible
HLL|LOLTMNT01_288428,HLL,complete,eligible
LCK|LOLTMNT01_288435,LCK,complete,eligible
LPL|12807-12807_game_1,LPL,partial,not_complete
ROL|LOLTMNT01_288425,ROL,complete,eligible
LCP|LOLTMNT01_287902,LCP,complete,eligible
LCK|LOLTMNT01_288450,LCK,complete,eligible
LPL|12807-12807_game_2,LPL,partial,not_complete
LFL2|LOLTMNT04_129499,LFL2,complete,eligible
HLL|LOLTMNT01_287911,HLL,complete,eligible
HC|LOLTMNT01_288451,HC,complete,eligible
ROL|LOLTMNT01_288458,ROL,complete,eligible
LCP|LOLTMNT01_287920,LCP,complete,eligible
LPL|12807-12807_game_3,LPL,partial,not_complete
LFL2|LOLTMNT04_129506,LFL2,complete,eligible
HC|LOLTMNT01_287930,HC,complete,eligible
HLL|LOLTMNT01_288472,HLL,complete,eligible
ROL|LOLTMNT01_287934,ROL,complete,eligible
LCP|LOLTMNT01_288482,LCP,complete,eligible
LPL|12807-12807_game_4,LPL,partial,not_complete
LFL2|LOLTMNT04_130501,LFL2,complete,eligible
HC|LOLTMNT01_287949,HC,complete,eligible
HLL|LOLTMNT01_287950,HLL,complete,eligible
LCP|LOLTMNT01_288498,LCP,complete,eligible
HC|LOLTMNT01_287958,HC,complete,eligible
HLL|LOLTMNT01_287963,HLL,complete,eligible
LEC|LOLTMNT04_129553,LEC,complete,eligible
LEC|LOLTMNT04_129556,LEC,complete,eligible
LIT|LOLTMNT04_130561,LIT,complete,eligible
LEC|LOLTMNT04_129559,LEC,complete,eligible
LIT|LOLTMNT04_130563,LIT,complete,eligible
LEC|LOLTMNT04_129562,LEC,complete,eligible
LIT|LOLTMNT04_130565,LIT,complete,eligible
LTA|LOLTMNT02_308236,LTA,complete,eligible
LTA|LOLTMNT02_308246,LTA,complete,eligible
LTA|LOLTMNT02_306917,LTA,complete,eligible
LCK|LOLTMNT01_288565,LCK,complete,eligible
LCK|LOLTMNT01_288570,LCK,complete,eligible
LCK|LOLTMNT01_289038,LCK,complete,eligible
LPL|12808-12808_game_1,LPL,partial,not_complete
HLL|LOLTMNT01_288593,HLL,complete,eligible
LCP|LOLTMNT01_289063,LCP,complete,eligible
LPL|12808-12808_game_2,LPL,partial,not_complete
LFL2|LOLTMNT04_130567,LFL2,complete,eligible
HLL|LOLTMNT01_289065,HLL,complete,eligible
HC|LOLTMNT01_289067,HC,complete,eligible
LCP|LOLTMNT01_288621,LCP,complete,eligible
LFL2|LOLTMNT04_129570,LFL2,complete,eligible
LPL|12808-12808_game_3,LPL,partial,not_complete
HC|LOLTMNT01_289077,HC,complete,eligible
LCP|LOLTMNT01_289080,LCP,complete,eligible
HLL|LOLTMNT01_288629,HLL,complete,eligible
LFL2|LOLTMNT04_130573,LFL2,complete,eligible
HC|LOLTMNT01_288690,HC,complete,eligible
LEC|LOLTMNT04_129596,LEC,complete,eligible
LIT|LOLTMNT04_130604,LIT,complete,eligible
LEC|LOLTMNT04_129599,LEC,complete,eligible
LIT|LOLTMNT04_130605,LIT,complete,eligible
LEC|LOLTMNT04_129602,LEC,complete,eligible
LIT|LOLTMNT04_130606,LIT,complete,eligible
LEC|LOLTMNT04_130607,LEC,complete,eligible
LTA|LOLTMNT02_308591,LTA,complete,eligible
LTA|LOLTMNT02_309283,LTA,complete,eligible
LTA|LOLTMNT02_308611,LTA,complete,eligible
LTA|LOLTMNT02_308622,LTA,complete,eligible
LTA|LOLTMNT02_309331,LTA,complete,eligible
LCKC|LOLTMNT01_288889,LCKC,complete,eligible
LCKC|LOLTMNT01_288916,LCKC,complete,eligible
LCKC|LOLTMNT01_288925,LCKC,complete,eligible
LCKC|LOLTMNT01_289356,LCKC,complete,eligible
LJL|LOLTMNT01_289359,LJL,complete,eligible
LCKC|LOLTMNT01_288946,LCKC,complete,eligible
LPL|12809-12809_game_1,LPL,partial,not_complete
LJL|LOLTMNT01_289377,LJL,complete,eligible
LCKC|LOLTMNT01_288950,LCKC,complete,eligible
LPL|12809-12809_game_2,LPL,partial,not_complete
LCKC|LOLTMNT01_288955,LCKC,complete,eligible
LJL|LOLTMNT01_289387,LJL,complete,eligible
LPL|12809-12809_game_3,LPL,partial,not_complete
LJL|LOLTMNT01_288959,LJL,complete,eligible
LPL|12809-12809_game_4,LPL,partial,not_complete
LPL|12809-12809_game_5,LPL,partial,not_complete
LEC|LOLTMNT04_129624,LEC,complete,eligible
LEC|LOLTMNT04_129625,LEC,complete,eligible
LEC|LOLTMNT04_129626,LEC,complete,eligible
CD|LOLTMNT02_309461,CD,complete,eligible
CD|LOLTMNT02_309468,CD,complete,eligible
NACL|LOLTMNT02_308773,NACL,complete,eligible
NACL|LOLTMNT02_309471,NACL,complete,eligible
CD|LOLTMNT02_309477,CD,complete,eligible
NACL|LOLTMNT02_309480,NACL,complete,eligible
NACL|LOLTMNT02_308776,NACL,complete,eligible
CD|LOLTMNT02_309483,CD,complete,eligible
NACL|LOLTMNT02_309484,NACL,complete,eligible
CD|LOLTMNT02_308782,CD,complete,eligible
NACL|LOLTMNT02_309486,NACL,complete,eligible
NACL|LOLTMNT02_308783,NACL,complete,eligible
CD|LOLTMNT02_309488,CD,complete,eligible
NACL|LOLTMNT02_309491,NACL,complete,eligible
LCKC|LOLTMNT01_289447,LCKC,complete,eligible
LPL|12810-12810_game_1,LPL,partial,not_complete
LCKC|LOLTMNT01_289456,LCKC,complete,eligible
LCKC|LOLTMNT01_290006,LCKC,complete,eligible
LPL|12810-12810_game_2,LPL,partial,not_complete
LCKC|LOLTMNT01_290030,LCKC,complete,eligible
LPL|12810-12810_game_3,LPL,partial,not_complete
LFL|LOLTMNT04_130635,LFL,complete,eligible
LFL|LOLTMNT04_129646,LFL,complete,eligible
LFL|LOLTMNT04_129647,LFL,complete,eligible
LFL|LOLTMNT04_129648,LFL,complete,eligible
CD|LOLTMNT02_309714,CD,complete,eligible
CD|LOLTMNT02_309755,CD,complete,eligible
NACL|LOLTMNT02_308934,NACL,complete,eligible
NACL|LOLTMNT02_309758,NACL,complete,eligible
NACL|LOLTMNT02_309795,NACL,complete,eligible
CD|LOLTMNT02_308950,CD,complete,eligible
NACL|LOLTMNT02_309797,NACL,complete,eligible
NACL|LOLTMNT02_309809,NACL,complete,eligible
CD|LOLTMNT02_309812,CD,complete,eligible
NACL|LOLTMNT02_309816,NACL,complete,eligible
NACL|LOLTMNT02_309823,NACL,complete,eligible
NACL|LOLTMNT02_308978,NACL,complete,eligible
NACL|LOLTMNT02_308980,NACL,complete,eligible
LCK|LOLTMNT01_290095,LCK,complete,eligible
LCK|LOLTMNT01_289566,LCK,complete,eligible
LCK|LOLTMNT01_290114,LCK,complete,eligible
LCK|LOLTMNT01_290125,LCK,complete,eligible
HC|LOLTMNT01_289628,HC,complete,eligible
HC|LOLTMNT01_290169,HC,complete,eligible
LFL|LOLTMNT04_129655,LFL,complete,eligible
HC|LOLTMNT01_289636,HC,complete,eligible
LFL|LOLTMNT04_129656,LFL,complete,eligible
LFL|LOLTMNT04_129657,LFL,complete,eligible
HC|LOLTMNT01_289641,HC,complete,eligible
CD|LOLTMNT02_310291,CD,complete,eligible
CD|LOLTMNT02_311181,CD,complete,eligible
NACL|LOLTMNT02_311185,NACL,complete,eligible
CD|LOLTMNT02_311200,CD,complete,eligible
NACL|LOLTMNT02_310346,NACL,complete,eligible
NACL|LOLTMNT02_311213,NACL,complete,eligible
NACL|LOLTMNT02_310370,NACL,complete,eligible
LCK|LOLTMNT01_289676,LCK,complete,eligible
LCK|LOLTMNT01_289688,LCK,complete,eligible
LCK|LOLTMNT01_289699,LCK,complete,eligible
LCK|LOLTMNT01_289712,LCK,complete,eligible
LFL|LOLTMNT04_130644,LFL,complete,eligible
HC|LOLTMNT01_290279,HC,complete,eligible
LFL|LOLTMNT04_129662,LFL,complete,eligible
HC|LOLTMNT01_290280,HC,complete,eligible
LFL|LOLTMNT04_129664,LFL,complete,eligible
HC|LOLTMNT01_290281,HC,complete,eligible
LFL|LOLTMNT04_129666,LFL,complete,eligible
HC|LOLTMNT01_289746,HC,complete,eligible
LFL|LOLTMNT04_130649,LFL,complete,eligible
CD|LOLTMNT02_310633,CD,complete,eligible
CD|LOLTMNT02_310645,CD,complete,eligible
NACL|LOLTMNT02_310648,NACL,complete,eligible
CD|LOLTMNT02_311438,CD,complete,eligible
NACL|LOLTMNT02_310655,NACL,complete,eligible
CD|LOLTMNT02_310676,CD,complete,eligible
NACL|LOLTMNT02_310677,NACL,complete,eligible
NACL|LOLTMNT02_310685,NACL,complete,eligible
CD|LOLTMNT02_311756,CD,complete,eligible
CD|LOLTMNT02_311764,CD,complete,eligible
CD|LOLTMNT02_312009,CD,complete,eligible
CD|LOLTMNT02_312027,CD,complete,eligible
LAS|LOLTMNT02_311904,LAS,complete,eligible
LAS|LOLTMNT02_311905,LAS,complete,eligible
LAS|LOLTMNT02_312135,LAS,complete,eligible
LAS|LOLTMNT02_311916,LAS,complete,eligible
LAS|LOLTMNT02_312145,LAS,complete,eligible
LCK|LOLTMNT01_290456,LCK,complete,eligible
LAS|LOLTMNT02_311922,LAS,complete,eligible
LAS|LOLTMNT02_311938,LAS,complete,eligible
LCK|LOLTMNT01_289914,LCK,complete,eligible
LAS|LOLTMNT02_312169,LAS,complete,eligible
LAS|LOLTMNT02_311941,LAS,complete,eligible
LAS|LOLTMNT02_311953,LAS,complete,eligible
LAS|LOLTMNT02_311955,LAS,complete,eligible
LCK|LOLTMNT01_289916,LCK,complete,eligible
LAS|LOLTMNT02_311957,LAS,complete,eligible
LPL|12811-12811_game_1,LPL,partial,not_complete
LAS|LOLTMNT02_312194,LAS,complete,eligible
LPL|12811-12811_game_2,LPL,partial,not_complete
LCP|LOLTMNT01_289948,LCP,complete,eligible
LPL|12811-12811_game_3,LPL,partial,not_complete
LCP|LOLTMNT01_289956,LCP,complete,eligible
LPL|12811-12811_game_4,LPL,partial,not_complete
LCP|LOLTMNT01_289962,LCP,complete,eligible
LCP|LOLTMNT01_290509,LCP,complete,eligible
HC|LOLTMNT01_289969,HC,complete,eligible
HC|LOLTMNT01_289974,HC,complete,eligible
HC|LOLTMNT01_290530,HC,complete,eligible
HC|LOLTMNT01_289984,HC,complete,eligible
HC|LOLTMNT01_290545,HC,complete,eligible
LTA|LOLTMNT02_312440,LTA,complete,eligible
LTA|LOLTMNT02_312451,LTA,complete,eligible
LTA|LOLTMNT02_312468,LTA,complete,eligible
LAS|LOLTMNT02_312529,LAS,complete,eligible
LAS|LOLTMNT02_312530,LAS,complete,eligible
LAS|LOLTMNT02_313304,LAS,complete,eligible
LAS|LOLTMNT02_312541,LAS,complete,eligible
LAS|LOLTMNT02_312544,LAS,complete,eligible
LAS|LOLTMNT02_312546,LAS,complete,eligible
LCK|LOLTMNT01_290576,LCK,complete,eligible
LAS|LOLTMNT02_312552,LAS,complete,eligible
LAS|LOLTMNT02_313323,LAS,complete,eligible
LCK|LOLTMNT01_290579,LCK,complete,eligible
LAS|LOLTMNT02_312562,LAS,complete,eligible
LCK|LOLTMNT01_291045,LCK,complete,eligible
LAS|LOLTMNT02_312588,LAS,complete,eligible
LAS|LOLTMNT02_312590,LAS,complete,eligible
LPL|12812-12812_game_1,LPL,partial,not_complete
LCK|LOLTMNT01_291064,LCK,complete,eligible
LAS|LOLTMNT02_312592,LAS,complete,eligible
LAS|LOLTMNT02_313340,LAS,complete,eligible
LPL|12812-12812_game_2,LPL,partial,not_complete
LAS|LOLTMNT02_313344,LAS,complete,eligible
LCK|LOLTMNT01_291071,LCK,complete,eligible
LAS|LOLTMNT02_313346,LAS,complete,eligible
LCP|LOLTMNT01_290622,LCP,complete,eligible
LPL|12812-12812_game_3,LPL,partial,not_complete
LPL|12812-12812_game_4,LPL,partial,not_complete
LCP|LOLTMNT01_290626,LCP,complete,eligible
LPL|12812-12812_game_5,LPL,partial,not_complete
LCP|LOLTMNT01_291088,LCP,complete,eligible
HC|LOLTMNT01_291096,HC,complete,eligible
HC|LOLTMNT01_290638,HC,complete,eligible
HC|LOLTMNT01_291098,HC,complete,eligible
LTA|LOLTMNT02_313483,LTA,complete,eligible
LTA|LOLTMNT02_313486,LTA,complete,eligible
LTA|LOLTMNT02_312712,LTA,complete,eligible
LCKC|LOLTMNT01_290648,LCKC,complete,eligible
LCKC|LOLTMNT01_290651,LCKC,complete,eligible
LCKC|LOLTMNT01_290652,LCKC,complete,eligible
LCKC|LOLTMNT01_291122,LCKC,complete,eligible
LCKC|LOLTMNT01_291142,LCKC,complete,eligible
LCKC|LOLTMNT01_290666,LCKC,complete,eligible
LCKC|LOLTMNT01_291145,LCKC,complete,eligible
LCKC|LOLTMNT01_290668,LCKC,complete,eligible
LFL2|LOLTMNT04_129682,LFL2,complete,eligible
LFL2|LOLTMNT04_130667,LFL2,complete,eligible
LFL2|LOLTMNT04_129683,LFL2,complete,eligible
LFL2|LOLTMNT04_130668,LFL2,complete,eligible
LFL2|LOLTMNT04_130669,LFL2,complete,eligible
LCKC|LOLTMNT01_291185,LCKC,complete,eligible
LCKC|LOLTMNT01_290696,LCKC,complete,eligible
LCKC|LOLTMNT01_290699,LCKC,complete,eligible
LCKC|LOLTMNT01_290707,LCKC,complete,eligible
LCKC|LOLTMNT01_291210,LCKC,complete,eligible
EM|LOLTMNT05_155149,EM,complete,eligible
EM|LOLTMNT05_154142,EM,complete,eligible
EM|LOLTMNT05_154150,EM,complete,eligible
LFL2|LOLTMNT04_130671,LFL2,complete,eligible
NLC|LOLTMNT05_154153,NLC,complete,eligible
NLC|LOLTMNT05_155166,NLC,complete,eligible
EM|LOLTMNT05_155165,EM,complete,eligible
LFL2|LOLTMNT04_130673,LFL2,complete,eligible
EM|LOLTMNT05_155178,EM,complete,eligible
NLC|LOLTMNT05_154168,NLC,complete,missing_player_id
EM|LOLTMNT05_155179,EM,complete,eligible
NLC|LOLTMNT05_155180,NLC,complete,missing_player_id
LFL2|LOLTMNT04_129685,LFL2,complete,eligible
EM|LOLTMNT05_155186,EM,complete,eligible
EM|LOLTMNT05_155189,EM,complete,eligible
NLC|LOLTMNT05_155190,NLC,complete,eligible
NLC|LOLTMNT05_154180,NLC,complete,eligible
LFL2|LOLTMNT04_130674,LFL2,complete,eligible
LFL2|LOLTMNT04_129686,LFL2,complete,eligible
EM|LOLTMNT05_155220,EM,complete,eligible
EM|LOLTMNT05_154199,EM,complete,eligible
EM|LOLTMNT05_155221,EM,complete,eligible
EM|LOLTMNT05_155223,EM,complete,eligible
EM|LOLTMNT05_154208,EM,complete,eligible
EM|LOLTMNT05_155230,EM,complete,eligible
EM|LOLTMNT05_155231,EM,complete,eligible
LFL2|LOLTMNT04_129687,LFL2,complete,eligible
NLC|LOLTMNT05_154211,NLC,complete,eligible
NLC|LOLTMNT05_154209,NLC,complete,eligible
EM|LOLTMNT05_154212,EM,complete,eligible
LFL2|LOLTMNT04_130675,LFL2,complete,eligible
EM|LOLTMNT05_155241,EM,complete,eligible
EM|LOLTMNT05_154225,EM,complete,eligible
NLC|LOLTMNT05_154226,NLC,complete,eligible
EM|LOLTMNT05_155243,EM,complete,eligible
NLC|LOLTMNT05_155244,NLC,complete,eligible
EM|LOLTMNT05_155245,EM,complete,eligible
EM|LOLTMNT05_154228,EM,complete,eligible
LFL2|LOLTMNT04_129688,LFL2,complete,eligible
EM|LOLTMNT05_154229,EM,complete,eligible
NLC|LOLTMNT05_154230,NLC,complete,eligible
NLC|LOLTMNT05_155253,NLC,complete,eligible
EM|LOLTMNT05_155254,EM,complete,eligible
EM|LOLTMNT02_314133,EM,complete,eligible
LFL2|LOLTMNT04_130676,LFL2,complete,eligible
EM|LOLTMNT05_154234,EM,complete,eligible
NLC|LOLTMNT05_155258,NLC,complete,eligible
NLC|LOLTMNT05_155260,NLC,complete,eligible
EM|LOLTMNT02_314135,EM,complete,eligible
LFL2|LOLTMNT04_130679,LFL2,complete,eligible
NLC|LOLTMNT05_154241,NLC,complete,eligible
NLC|LOLTMNT05_155261,NLC,complete,eligible
LCKC|LOLTMNT01_291309,LCKC,complete,eligible
LCKC|LOLTMNT01_291311,LCKC,complete,eligible
WLDs|12836-12836_game_1,WLDs,partial,not_complete
LCKC|LOLTMNT01_291312,LCKC,complete,eligible
WLDs|12836-12836_game_2,WLDs,partial,not_complete
LCKC|LOLTMNT01_290794,LCKC,complete,eligible
WLDs|12836-12836_game_3,WLDs,partial,not_complete
LCKC|LOLTMNT01_291316,LCKC,complete,eligible
WLDs|12836-12836_game_4,WLDs,partial,not_complete
EM|LOLTMNT05_154277,EM,complete,eligible
EM|LOLTMNT05_154278,EM,complete,eligible
EM|LOLTMNT05_155298,EM,complete,eligible
EM|LOLTMNT05_154282,EM,complete,eligible
NLC|LOLTMNT05_154286,NLC,complete,eligible
EM|LOLTMNT05_154295,EM,complete,eligible
EM|LOLTMNT05_155319,EM,complete,eligible
NLC|LOLTMNT05_154304,NLC,complete,eligible
NLC|LOLTMNT05_155327,NLC,complete,eligible
NLC|LOLTMNT05_155329,NLC,complete,eligible
LCKC|LOLTMNT01_291368,LCKC,complete,eligible
LCKC|LOLTMNT01_291369,LCKC,complete,eligible
WLDs|12837-12837_game_1,WLDs,partial,not_complete
LCKC|LOLTMNT01_291370,LCKC,complete,eligible
WLDs|12837-12837_game_2,WLDs,partial,not_complete
LCKC|LOLTMNT01_290856,LCKC,complete,eligible
WLDs|12837-12837_game_3,WLDs,partial,not_complete
LCKC|LOLTMNT01_291388,LCKC,complete,eligible
WLDs|12837-12837_game_4,WLDs,partial,not_complete
LEC|LOLTMNT05_154344,LEC,complete,eligible
NLC|LOLTMNT05_154346,NLC,complete,eligible
LEC|LOLTMNT05_154348,LEC,complete,eligible
NLC|LOLTMNT05_155373,NLC,complete,eligible
NLC|LOLTMNT05_155375,NLC,complete,eligible
LAS|LOLTMNT02_315183,LAS,complete,eligible
LAS|LOLTMNT02_314356,LAS,complete,eligible
LCK|LOLTMNT01_290897,LCK,complete,eligible
LAS|LOLTMNT02_315190,LAS,complete,eligible
LAS|LOLTMNT02_314361,LAS,complete,eligible
LCK|LOLTMNT01_290898,LCK,complete,eligible
LCK|LOLTMNT01_291427,LCK,complete,eligible
LAS|LOLTMNT02_314371,LAS,complete,eligible
LAS|LOLTMNT02_314372,LAS,complete,eligible
LAS|LOLTMNT02_314375,LAS,complete,eligible
LAS|LOLTMNT02_314376,LAS,complete,eligible
LAS|LOLTMNT02_314377,LAS,complete,eligible
WLDs|12838-12838_game_1,WLDs,partial,not_complete
WLDs|12838-12838_game_2,WLDs,partial,not_complete
WLDs|12838-12838_game_3,WLDs,partial,not_complete
WLDs|12838-12838_game_4,WLDs,partial,not_complete
LEC|LOLTMNT05_155399,LEC,complete,eligible
LEC|LOLTMNT05_154390,LEC,complete,eligible
NLC|LOLTMNT06_143127,NLC,complete,eligible
LEC|LOLTMNT05_154392,LEC,complete,eligible
NLC|LOLTMNT06_143128,NLC,complete,eligible
LEC|LOLTMNT05_155401,LEC,complete,eligible
NLC|LOLTMNT06_144087,NLC,complete,eligible
NLC|LOLTMNT06_143130,NLC,complete,eligible
LTA|LOLTMNT02_315263,LTA,complete,eligible
LTA|LOLTMNT02_315264,LTA,complete,eligible
LTA|LOLTMNT02_315265,LTA,complete,eligible
LTA|LOLTMNT02_314463,LTA,complete,eligible
LAS|LOLTMNT02_314506,LAS,complete,eligible
LAS|LOLTMNT02_314507,LAS,complete,eligible
LAS|LOLTMNT02_315291,LAS,complete,eligible
LCK|LOLTMNT01_290949,LCK,complete,eligible
LAS|LOLTMNT02_314512,LAS,complete,eligible
LAS|LOLTMNT02_315292,LAS,complete,eligible
LAS|LOLTMNT02_314515,LAS,complete,eligible
LCK|LOLTMNT01_290950,LCK,complete,eligible
LAS|LOLTMNT02_314520,LAS,complete,eligible
LAS|LOLTMNT02_315297,LAS,complete,eligible
LCK|LOLTMNT01_290952,LCK,complete,eligible
LAS|LOLTMNT02_315299,LAS,complete,eligible
LAS|LOLTMNT02_314523,LAS,complete,eligible
LCK|LOLTMNT01_290953,LCK,complete,eligible
LAS|LOLTMNT02_314524,LAS,complete,eligible
LEC|LOLTMNT05_155418,LEC,complete,eligible
LEC|LOLTMNT05_154417,LEC,complete,eligible
NLC|LOLTMNT06_143141,NLC,complete,eligible
NLC|LOLTMNT06_143143,NLC,complete,eligible
LEC|LOLTMNT05_154418,LEC,complete,eligible
NLC|LOLTMNT06_143144,NLC,complete,eligible
NLC|LOLTMNT06_144092,NLC,complete,eligible
NLC|LOLTMNT06_144093,NLC,complete,eligible
LTA|LOLTMNT02_314584,LTA,complete,eligible
LTA|LOLTMNT02_314585,LTA,complete,eligible
LTA|LOLTMNT02_314587,LTA,complete,eligible
LTA|LOLTMNT02_314588,LTA,complete,eligible
LCKC|LOLTMNT01_290988,LCKC,complete,eligible
LCKC|LOLTMNT01_290989,LCKC,complete,eligible
LCKC|LOLTMNT01_290992,LCKC,complete,eligible
LCKC|LOLTMNT01_290994,LCKC,complete,eligible
LCKC|LOLTMNT01_291506,LCKC,complete,eligible
EM|LOLTMNT06_144103,EM,complete,eligible
EM|LOLTMNT06_143186,EM,complete,eligible
EM|LOLTMNT03_297801,EM,complete,eligible
EM|LOLTMNT03_298900,EM,complete,eligible
EM|LOLTMNT06_144114,EM,complete,eligible
EM|LOLTMNT06_144118,EM,complete,eligible
EM|LOLTMNT06_144120,EM,complete,eligible
EM|LOLTMNT06_144127,EM,complete,eligible
EM|LOLTMNT06_144128,EM,complete,eligible
EM|LOLTMNT06_144135,EM,complete,eligible
EM|LOLTMNT06_144136,EM,complete,eligible
EM|LOLTMNT06_144139,EM,complete,eligible
EM|LOLTMNT06_144140,EM,complete,eligible
EM|LOLTMNT03_297854,EM,complete,eligible
EM|LOLTMNT06_144143,EM,complete,eligible
EM|LOLTMNT06_144147,EM,complete,eligible
LCKC|LOLTMNT01_293013,LCKC,complete,eligible
LCKC|LOLTMNT01_291530,LCKC,complete,eligible
LCKC|LOLTMNT01_293014,LCKC,complete,eligible
LCKC|LOLTMNT01_291534,LCKC,complete,eligible
EM|LOLTMNT06_143211,EM,complete,eligible
EM|LOLTMNT06_144151,EM,complete,eligible
EM|LOLTMNT06_143212,EM,complete,eligible
EM|LOLTMNT06_144152,EM,complete,eligible
EM|LOLTMNT06_144154,EM,complete,eligible
EM|LOLTMNT06_143219,EM,complete,eligible
EM|LOLTMNT06_143220,EM,complete,eligible
EM|LOLTMNT06_144155,EM,complete,eligible
LTA S|LOLTMNT03_300075,LTA S,complete,eligible
EM|LOLTMNT06_143237,EM,complete,eligible
EM|LOLTMNT06_143238,EM,complete,eligible
EM|LOLTMNT06_144156,EM,complete,eligible
EM|LOLTMNT06_144157,EM,complete,eligible
LTA S|LOLTMNT03_299290,LTA S,complete,eligible
EM|LOLTMNT06_144159,EM,complete,eligible
EM|LOLTMNT06_143245,EM,complete,eligible
EM|LOLTMNT06_143244,EM,complete,eligible
LTA S|LOLTMNT03_300090,LTA S,complete,eligible
EM|LOLTMNT06_144160,EM,complete,eligible
Asia Master|LOLTMNT01_293032,Asia Master,complete,eligible
LCP|LOLTMNT03_299367,LCP,complete,eligible
LCP|LOLTMNT03_300182,LCP,complete,eligible
LCP|LOLTMNT03_299375,LCP,complete,eligible
LCP|LOLTMNT03_300202,LCP,complete,eligible
LCP|LOLTMNT03_300209,LCP,complete,eligible
LCP|LOLTMNT03_300213,LCP,complete,eligible
LCP|LOLTMNT03_299390,LCP,complete,eligible
EM|LOLTMNT06_143271,EM,complete,eligible
EM|LOLTMNT06_144191,EM,complete,eligible
EM|LOLTMNT06_143273,EM,complete,eligible
EM|LOLTMNT06_144192,EM,complete,eligible
EM|LOLTMNT06_143284,EM,complete,eligible
EM|LOLTMNT06_144201,EM,complete,eligible
EM|LOLTMNT06_143287,EM,complete,eligible
EM|LOLTMNT06_144205,EM,complete,eligible
LTA S|LOLTMNT03_301009,LTA S,complete,eligible
EM|LOLTMNT06_143293,EM,complete,eligible
EM|LOLTMNT06_144214,EM,complete,eligible
LTA S|LOLTMNT03_301021,LTA S,complete,eligible
EM|LOLTMNT06_144215,EM,complete,eligible
EM|LOLTMNT06_143295,EM,complete,eligible
EM|LOLTMNT06_143297,EM,complete,eligible
EM|LOLTMNT06_144218,EM,complete,eligible
EM|LOLTMNT06_144219,EM,complete,eligible
LTA S|LOLTMNT03_301034,LTA S,complete,eligible
EM|LOLTMNT06_143299,EM,complete,eligible
LTA S|LOLTMNT03_299522,LTA S,complete,eligible
LCP|LOLTMNT03_301301,LCP,complete,eligible
LCP|LOLTMNT03_301307,LCP,complete,eligible
LCP|LOLTMNT03_299803,LCP,complete,eligible
EM|LOLTMNT06_144245,EM,complete,eligible
EM|LOLTMNT06_143325,EM,complete,eligible
EM|LOLTMNT06_144246,EM,complete,eligible
EM|LOLTMNT06_143326,EM,complete,eligible
EM|LOLTMNT06_143330,EM,complete,eligible
EM|LOLTMNT06_144250,EM,complete,eligible
EM|LOLTMNT06_144251,EM,complete,eligible
EM|LOLTMNT06_143332,EM,complete,eligible
LTA S|LOLTMNT03_299902,LTA S,complete,eligible
EM|LOLTMNT06_143337,EM,complete,eligible
EM|LOLTMNT06_144257,EM,complete,eligible
EM|LOLTMNT06_143338,EM,complete,eligible
EM|LOLTMNT06_144259,EM,complete,eligible
LTA S|LOLTMNT03_301418,LTA S,complete,eligible
EM|LOLTMNT06_144261,EM,complete,eligible
EM|LOLTMNT06_143341,EM,complete,eligible
LTA S|LOLTMNT03_299936,LTA S,complete,eligible
EM|LOLTMNT06_143343,EM,complete,eligible
EM|LOLTMNT06_143342,EM,complete,eligible
EM|LOLTMNT06_144262,EM,complete,eligible
EM|LOLTMNT06_143345,EM,complete,eligible
LTA S|LOLTMNT03_299948,LTA S,complete,eligible
EM|LOLTMNT06_143348,EM,complete,eligible
EM|LOLTMNT06_144265,EM,complete,eligible
LTA S|LOLTMNT03_301455,LTA S,complete,eligible
EM|LOLTMNT06_143349,EM,complete,eligible
LCP|LOLTMNT03_302125,LCP,complete,eligible
LCP|LOLTMNT03_302144,LCP,complete,eligible
LCP|LOLTMNT03_302157,LCP,complete,eligible
LCP|LOLTMNT03_301740,LCP,complete,eligible
LTA S|LOLTMNT03_302252,LTA S,complete,eligible
LTA S|LOLTMNT03_302272,LTA S,complete,eligible
LTA S|LOLTMNT03_302289,LTA S,complete,eligible
LAS|LOLTMNT03_303024,LAS,complete,eligible
LAS|LOLTMNT03_302459,LAS,complete,eligible
LAS|LOLTMNT03_302467,LAS,complete,eligible
LAS|LOLTMNT03_303041,LAS,complete,eligible
LAS|LOLTMNT03_303055,LAS,complete,eligible
LAS|LOLTMNT03_303057,LAS,complete,eligible
LAS|LOLTMNT03_303058,LAS,complete,eligible
LAS|LOLTMNT03_303070,LAS,complete,eligible
LAS|LOLTMNT03_302502,LAS,complete,eligible
LAS|LOLTMNT03_303073,LAS,complete,eligible
LCP|LOLTMNT03_302566,LCP,complete,eligible
LCP|LOLTMNT03_303133,LCP,complete,eligible
LCP|LOLTMNT03_302593,LCP,complete,eligible
LCP|LOLTMNT03_302629,LCP,complete,eligible
LTA S|LOLTMNT03_303343,LTA S,complete,eligible
NLC|LOLTMNT06_143390,NLC,complete,eligible
LTA S|LOLTMNT03_302871,LTA S,complete,eligible
NLC|LOLTMNT06_144319,NLC,complete,eligible
NLC|LOLTMNT06_144320,NLC,complete,eligible
LTA S|LOLTMNT03_302899,LTA S,complete,eligible
LTA S|LOLTMNT03_303480,LTA S,complete,eligible
LTA S|LOLTMNT03_302995,LTA S,complete,eligible
LTA N|LOLTMNT03_303586,LTA N,complete,eligible
LTA N|LOLTMNT03_304116,LTA N,complete,eligible
LTA N|LOLTMNT03_303722,LTA N,complete,eligible
LTA N|LOLTMNT03_304178,LTA N,complete,eligible
LTA N|LOLTMNT03_303842,LTA N,complete,eligible
LAS|LOLTMNT03_303967,LAS,complete,eligible
LAS|LOLTMNT03_304317,LAS,complete,eligible
LAS|LOLTMNT03_303966,LAS,complete,eligible
LAS|LOLTMNT03_303969,LAS,complete,eligible
LAS|LOLTMNT03_304321,LAS,complete,eligible
LAS|LOLTMNT03_303975,LAS,complete,eligible
LAS|LOLTMNT03_303982,LAS,complete,eligible
LAS|LOLTMNT03_303992,LAS,complete,eligible
LAS|LOLTMNT03_304000,LAS,complete,eligible
LAS|LOLTMNT03_304346,LAS,complete,eligible
LAS|LOLTMNT03_304347,LAS,complete,eligible
LAS|LOLTMNT03_304349,LAS,complete,eligible
LAS|LOLTMNT03_304351,LAS,complete,eligible
LAS|LOLTMNT03_304352,LAS,complete,eligible
LAS|LOLTMNT03_304362,LAS,complete,eligible
LTA S|LOLTMNT03_304523,LTA S,complete,eligible
NLC|LOLTMNT06_144344,NLC,complete,eligible
NLC|LOLTMNT06_143406,NLC,complete,eligible
LTA S|LOLTMNT03_305144,LTA S,complete,eligible
NLC|LOLTMNT06_143408,NLC,complete,eligible
LTA S|LOLTMNT03_304559,LTA S,complete,eligible
NLC|LOLTMNT06_143410,NLC,complete,eligible
LTA S|LOLTMNT03_305189,LTA S,complete,eligible
LTA S|LOLTMNT03_305196,LTA S,complete,eligible
LTA N|LOLTMNT03_305228,LTA N,complete,eligible
LTA N|LOLTMNT03_305274,LTA N,complete,eligible
LTA N|LOLTMNT03_305326,LTA N,complete,eligible
Asia Master|LOLTMNT03_304773,Asia Master,complete,eligible
Asia Master|LOLTMNT03_305501,Asia Master,complete,eligible
Asia Master|LOLTMNT03_304778,Asia Master,complete,eligible
Asia Master|LOLTMNT03_304779,Asia Master,complete,eligible
ASI|LOLTMNT03_304786,ASI,complete,eligible
Asia Master|LOLTMNT03_304790,Asia Master,complete,eligible
ASI|LOLTMNT03_304795,ASI,complete,eligible
Asia Master|LOLTMNT03_305519,Asia Master,complete,eligible
Asia Master|LOLTMNT03_305526,Asia Master,complete,eligible
Asia Master|LOLTMNT03_304811,Asia Master,complete,eligible
ASI|LOLTMNT03_305528,ASI,complete,eligible
Asia Master|LOLTMNT03_304829,Asia Master,complete,eligible
Asia Master|LOLTMNT03_304831,Asia Master,complete,eligible
ASI|LOLTMNT03_304835,ASI,complete,eligible
Asia Master|LOLTMNT03_304837,Asia Master,complete,eligible
Asia Master|LOLTMNT03_304839,Asia Master,complete,eligible
Asia Master|LOLTMNT03_305543,Asia Master,complete,eligible
ASI|LOLTMNT03_304847,ASI,complete,eligible
Asia Master|LOLTMNT03_304849,Asia Master,complete,eligible
Asia Master|LOLTMNT03_305548,Asia Master,complete,eligible
ASI|LOLTMNT03_304858,ASI,complete,eligible
EM|LOLTMNT06_144353,EM,complete,eligible
EM|LOLTMNT06_143425,EM,complete,eligible
Asia Master|LOLTMNT03_304864,Asia Master,complete,eligible
EM|LOLTMNT06_144355,EM,complete,eligible
ASI|LOLTMNT03_304867,ASI,complete,eligible
EM|LOLTMNT06_143430,EM,complete,eligible
EM|LOLTMNT06_144357,EM,complete,eligible
EM|LOLTMNT06_144358,EM,complete,eligible
EM|LOLTMNT06_144363,EM,complete,eligible
EM|LOLTMNT06_143436,EM,complete,eligible
EM|LOLTMNT06_143437,EM,complete,eligible
EM|LOLTMNT06_143438,EM,complete,eligible
EM|LOLTMNT06_143439,EM,complete,eligible
EM|LOLTMNT06_144365,EM,complete,eligible
EM|LOLTMNT06_144366,EM,complete,eligible
EM|LOLTMNT06_144367,EM,complete,eligible
EM|LOLTMNT06_143443,EM,complete,eligible
EM|LOLTMNT06_144377,EM,complete,eligible
EM|LOLTMNT06_143444,EM,complete,eligible
EM|LOLTMNT06_143445,EM,complete,eligible
EM|LOLTMNT06_144388,EM,complete,eligible
EM|LOLTMNT06_143458,EM,complete,eligible
EM|LOLTMNT06_144390,EM,complete,eligible
EM|LOLTMNT06_144391,EM,complete,eligible
EM|LOLTMNT06_143459,EM,complete,eligible
EM|LOLTMNT06_143460,EM,complete,eligible
EM|LOLTMNT06_143461,EM,complete,eligible
EM|LOLTMNT06_144393,EM,complete,eligible
LTA N|LOLTMNT03_304954,LTA N,complete,eligible
LTA N|LOLTMNT03_305596,LTA N,complete,eligible
LTA N|LOLTMNT03_305606,LTA N,complete,eligible
Asia Master|LOLTMNT03_304993,Asia Master,complete,eligible
Asia Master|LOLTMNT03_304994,Asia Master,complete,eligible
Asia Master|LOLTMNT03_305000,Asia Master,complete,eligible
Asia Master|LOLTMNT03_306003,Asia Master,complete,eligible
ASI|LOLTMNT03_306004,ASI,complete,eligible
Asia Master|LOLTMNT03_306014,Asia Master,complete,eligible
Asia Master|LOLTMNT03_306017,Asia Master,complete,eligible
ASI|LOLTMNT03_305642,ASI,complete,eligible
Asia Master|LOLTMNT03_306018,Asia Master,complete,eligible
Asia Master|LOLTMNT03_306021,Asia Master,complete,eligible
Asia Master|LOLTMNT03_305651,Asia Master,complete,eligible
ASI|LOLTMNT03_305652,ASI,complete,eligible
Asia Master|LOLTMNT03_306025,Asia Master,complete,eligible
ASI|LOLTMNT03_305659,ASI,complete,eligible
Asia Master|LOLTMNT03_305660,Asia Master,complete,eligible
Asia Master|LOLTMNT03_305662,Asia Master,complete,eligible
Asia Master|LOLTMNT03_306031,Asia Master,complete,eligible
ASI|LOLTMNT03_306037,ASI,complete,eligible
ASI|LOLTMNT03_305673,ASI,complete,eligible
EM|LOLTMNT06_143465,EM,complete,eligible
EM|LOLTMNT06_144402,EM,complete,eligible
EM|LOLTMNT06_144401,EM,complete,eligible
EM|LOLTMNT06_143466,EM,complete,eligible
EM|LOLTMNT06_144405,EM,complete,eligible
EM|LOLTMNT06_144407,EM,complete,eligible
EM|LOLTMNT06_144408,EM,complete,eligible
EM|LOLTMNT06_144411,EM,complete,eligible
EM|LOLTMNT06_144415,EM,complete,eligible
EM|LOLTMNT06_144416,EM,complete,eligible
EM|LOLTMNT06_143472,EM,complete,eligible
EM|LOLTMNT06_144420,EM,complete,eligible
EM|LOLTMNT06_143474,EM,complete,eligible
EM|LOLTMNT06_143475,EM,complete,eligible
EM|LOLTMNT06_144424,EM,complete,eligible
EM|LOLTMNT06_143479,EM,complete,eligible
EM|LOLTMNT06_143480,EM,complete,eligible
EM|LOLTMNT06_144426,EM,complete,eligible
EM|LOLTMNT06_143481,EM,complete,eligible
EM|LOLTMNT06_144427,EM,complete,eligible
EM|LOLTMNT06_143482,EM,complete,eligible
EM|LOLTMNT06_144428,EM,complete,eligible
LTA N|LOLTMNT03_305746,LTA N,complete,eligible
Asia Master|LOLTMNT03_305774,Asia Master,complete,eligible
Asia Master|LOLTMNT03_306153,Asia Master,complete,eligible
ASI|LOLTMNT03_306157,ASI,complete,eligible
Asia Master|LOLTMNT03_306168,Asia Master,complete,eligible
ASI|LOLTMNT03_306173,ASI,complete,eligible
Asia Master|LOLTMNT03_305784,Asia Master,complete,eligible
ASI|LOLTMNT03_305786,ASI,complete,eligible
Asia Master|LOLTMNT03_305788,Asia Master,complete,eligible
ASI|LOLTMNT03_306191,ASI,complete,eligible
Asia Master|LOLTMNT03_305801,Asia Master,complete,eligible
ASI|LOLTMNT03_306193,ASI,complete,eligible
Asia Master|LOLTMNT03_306195,Asia Master,complete,eligible
ASI|LOLTMNT03_305816,ASI,complete,eligible
ASI|LOLTMNT03_305826,ASI,complete,eligible
EM|LOLTMNT06_144436,EM,complete,eligible
EM|LOLTMNT06_143495,EM,complete,eligible
EM|LOLTMNT06_144437,EM,complete,eligible
EM|LOLTMNT06_144439,EM,complete,eligible
EM|LOLTMNT06_144441,EM,complete,eligible
LTA S|LOLTMNT03_306233,LTA S,complete,eligible
EM|LOLTMNT06_144443,EM,complete,eligible
EM|LOLTMNT06_144442,EM,complete,eligible
LTA S|LOLTMNT03_305861,LTA S,complete,eligible
EM|LOLTMNT06_144444,EM,complete,eligible
EM|LOLTMNT06_144449,EM,complete,eligible
EM|LOLTMNT06_144448,EM,complete,eligible
LTA S|LOLTMNT03_306244,LTA S,complete,eligible
EM|LOLTMNT06_144450,EM,complete,eligible
EM|LOLTMNT06_144451,EM,complete,eligible
LTA N|LOLTMNT03_306267,LTA N,complete,eligible
LTA N|LOLTMNT03_306271,LTA N,complete,eligible
LTA N|LOLTMNT03_305882,LTA N,complete,eligible
Asia Master|LOLTMNT03_305912,Asia Master,complete,eligible
Asia Master|LOLTMNT03_305916,Asia Master,complete,eligible
ASI|LOLTMNT03_305917,ASI,complete,eligible
Asia Master|LOLTMNT03_306294,Asia Master,complete,eligible
ASI|LOLTMNT03_305919,ASI,complete,eligible
Asia Master|LOLTMNT03_306301,Asia Master,complete,eligible
ASI|LOLTMNT03_305928,ASI,complete,eligible
Asia Master|LOLTMNT03_306309,Asia Master,complete,eligible
ASI|LOLTMNT03_306310,ASI,complete,eligible
Asia Master|LOLTMNT03_306313,Asia Master,complete,eligible
ASI|LOLTMNT03_306314,ASI,complete,eligible
Asia Master|LOLTMNT03_306318,Asia Master,complete,eligible
ASI|LOLTMNT03_305936,ASI,complete,eligible
Asia Master|LOLTMNT03_305940,Asia Master,complete,eligible
LTA N|LOLTMNT03_306344,LTA N,complete,eligible
LTA N|LOLTMNT03_306345,LTA N,complete,eligible
LTA N|LOLTMNT03_306351,LTA N,complete,eligible
Asia Master|LOLTMNT03_305999,Asia Master,complete,eligible
Asia Master|LOLTMNT03_307009,Asia Master,complete,eligible
ASI|LOLTMNT03_307010,ASI,complete,eligible
Asia Master|LOLTMNT03_307012,Asia Master,complete,eligible
ASI|LOLTMNT03_306372,ASI,complete,eligible
Asia Master|LOLTMNT03_307020,Asia Master,complete,eligible
ASI|LOLTMNT03_306373,ASI,complete,eligible
Asia Master|LOLTMNT03_306379,Asia Master,complete,eligible
ASI|LOLTMNT03_306382,ASI,complete,eligible
Asia Master|LOLTMNT03_307026,Asia Master,complete,eligible
ASI|LOLTMNT03_307029,ASI,complete,eligible
Asia Master|LOLTMNT03_306389,Asia Master,complete,eligible
Asia Master|LOLTMNT03_306395,Asia Master,complete,eligible
ASI|LOLTMNT03_306397,ASI,complete,eligible
ASI|LOLTMNT03_307035,ASI,complete,eligible
LTA N|LOLTMNT03_307055,LTA N,complete,eligible
LTA N|LOLTMNT03_306449,LTA N,complete,eligible
LTA N|LOLTMNT03_306451,LTA N,complete,eligible
LAS|LOLTMNT03_306533,LAS,complete,eligible
LAS|LOLTMNT03_307103,LAS,complete,eligible
LAS|LOLTMNT03_307104,LAS,complete,eligible
LAS|LOLTMNT03_307117,LAS,complete,eligible
LAS|LOLTMNT03_306536,LAS,complete,eligible
LAS|LOLTMNT03_307119,LAS,complete,eligible
Asia Master|LOLTMNT03_306538,Asia Master,complete,eligible
LAS|LOLTMNT03_307132,LAS,complete,eligible
LAS|LOLTMNT03_307134,LAS,complete,eligible
Asia Master|LOLTMNT03_306542,Asia Master,complete,eligible
Asia Master|LOLTMNT03_307139,Asia Master,complete,eligible
LAS|LOLTMNT03_307140,LAS,complete,eligible
LAS|LOLTMNT03_306543,LAS,complete,eligible
LAS|LOLTMNT03_307141,LAS,complete,eligible
Asia Master|LOLTMNT03_306550,Asia Master,complete,eligible
LAS|LOLTMNT03_307148,LAS,complete,eligible
LAS|LOLTMNT03_307149,LAS,complete,eligible
ASI|LOLTMNT03_307152,ASI,complete,eligible
Asia Master|LOLTMNT03_307154,Asia Master,complete,eligible
LAS|LOLTMNT03_306552,LAS,complete,eligible
ASI|LOLTMNT03_307158,ASI,complete,eligible
Asia Master|LOLTMNT03_307165,Asia Master,complete,eligible
ASI|LOLTMNT03_307174,ASI,complete,eligible
Asia Master|LOLTMNT03_306562,Asia Master,complete,eligible
ASI|LOLTMNT03_306565,ASI,complete,eligible
EM|LOLTMNT04_135172,EM,complete,eligible
EM|LOLTMNT04_135173,EM,complete,eligible
EM|LOLTMNT04_135174,EM,complete,eligible
EM|LOLTMNT04_136189,EM,complete,eligible
EM|LOLTMNT04_135178,EM,complete,eligible
EM|LOLTMNT04_136192,EM,complete,eligible
EM|LOLTMNT04_135179,EM,complete,eligible
EM|LOLTMNT04_135180,EM,complete,eligible
EM|LOLTMNT04_135183,EM,complete,eligible
EM|LOLTMNT04_136195,EM,complete,eligible
EM|LOLTMNT04_136197,EM,complete,eligible
EM|LOLTMNT04_136198,EM,complete,eligible
EM|LOLTMNT04_135184,EM,complete,eligible
EM|LOLTMNT04_136199,EM,complete,eligible
EM|LOLTMNT04_135185,EM,complete,eligible
LAS|LOLTMNT03_307315,LAS,complete,eligible
LAS|LOLTMNT03_307316,LAS,complete,eligible
LAS|LOLTMNT03_306644,LAS,complete,eligible
LAS|LOLTMNT03_306648,LAS,complete,eligible
LAS|LOLTMNT03_307327,LAS,complete,eligible
LAS|LOLTMNT03_306649,LAS,complete,eligible
LAS|LOLTMNT03_307337,LAS,complete,eligible
LAS|LOLTMNT03_306654,LAS,complete,eligible
LAS|LOLTMNT03_307359,LAS,complete,eligible
LAS|LOLTMNT03_307360,LAS,complete,eligible
LAS|LOLTMNT03_306695,LAS,complete,eligible
LAS|LOLTMNT03_306697,LAS,complete,eligible
LAS|LOLTMNT03_307372,LAS,complete,eligible
LAS|LOLTMNT03_307373,LAS,complete,eligible
LAS|LOLTMNT03_307377,LAS,complete,eligible
LAS|LOLTMNT03_306706,LAS,complete,eligible
Asia Master|LOLTMNT03_307383,Asia Master,complete,eligible
Asia Master|LOLTMNT03_307389,Asia Master,complete,eligible
Asia Master|LOLTMNT03_307404,Asia Master,complete,eligible
ASI|LOLTMNT03_307433,ASI,complete,eligible
ASI|LOLTMNT03_307438,ASI,complete,eligible
ASI|LOLTMNT03_306737,ASI,complete,eligible
ASI|LOLTMNT03_306745,ASI,complete,eligible
ASI|LOLTMNT03_306747,ASI,complete,eligible
EM|LOLTMNT04_135318,EM,complete,eligible
EM|LOLTMNT04_136291,EM,complete,eligible
EM|LOLTMNT04_135319,EM,complete,eligible
EM|LOLTMNT04_136292,EM,complete,eligible
EM|LOLTMNT04_135320,EM,complete,eligible
EM|LOLTMNT04_135321,EM,complete,eligible
EM|LOLTMNT04_136294,EM,complete,eligible
EM|LOLTMNT04_136295,EM,complete,eligible
EM|LOLTMNT04_135322,EM,complete,eligible
EM|LOLTMNT04_135323,EM,complete,eligible
EM|LOLTMNT04_135324,EM,complete,eligible
EM|LOLTMNT04_136296,EM,complete,eligible
EM|LOLTMNT04_135326,EM,complete,eligible
EM|LOLTMNT04_136297,EM,complete,eligible
EM|LOLTMNT04_135327,EM,complete,eligible
EM|LOLTMNT04_135328,EM,complete,eligible
LTA N|LOLTMNT03_307497,LTA N,complete,eligible
LTA N|LOLTMNT03_307498,LTA N,complete,eligible
LTA N|LOLTMNT03_307499,LTA N,complete,eligible
LTA N|LOLTMNT03_306785,LTA N,complete,eligible
Asia Master|LOLTMNT03_306803,Asia Master,complete,eligible
Asia Master|LOLTMNT03_307503,Asia Master,complete,eligible
Asia Master|LOLTMNT03_306805,Asia Master,complete,eligible
WLDs|LOLTMNT01_296586,WLDs,complete,eligible
WLDs|LOLTMNT01_297545,WLDs,complete,eligible
WLDs|LOLTMNT01_296589,WLDs,complete,eligible
WLDs|LOLTMNT01_297554,WLDs,complete,eligible
WLDs|LOLTMNT01_297691,WLDs,complete,eligible
WLDs|LOLTMNT01_296718,WLDs,complete,eligible
WLDs|LOLTMNT01_297721,WLDs,complete,eligible
WLDs|LOLTMNT01_297733,WLDs,complete,eligible
WLDs|LOLTMNT01_296748,WLDs,complete,eligible
WLDs|LOLTMNT01_296764,WLDs,complete,eligible
WLDs|LOLTMNT01_297767,WLDs,complete,eligible
WLDs|LOLTMNT01_296795,WLDs,complete,eligible
WLDs|LOLTMNT01_296903,WLDs,complete,eligible
WLDs|LOLTMNT01_296921,WLDs,complete,eligible
WLDs|LOLTMNT01_296936,WLDs,complete,eligible
WLDs|LOLTMNT01_297965,WLDs,complete,eligible
WLDs|LOLTMNT01_296949,WLDs,complete,eligible
WLDs|LOLTMNT01_297998,WLDs,complete,eligible
WLDs|LOLTMNT01_296976,WLDs,complete,eligible
WLDs|LOLTMNT01_296993,WLDs,complete,eligible
EM|LOLTMNT04_136419,EM,complete,eligible
EM|LOLTMNT04_136418,EM,complete,eligible
EM|LOLTMNT04_136423,EM,complete,eligible
EM|LOLTMNT04_135441,EM,complete,eligible
EM|LOLTMNT04_135455,EM,complete,eligible
EM|LOLTMNT01_298093,EM,complete,eligible
EM|LOLTMNT01_298096,EM,complete,eligible
WLDs|LOLTMNT01_298178,WLDs,complete,eligible
WLDs|LOLTMNT01_298180,WLDs,complete,eligible
WLDs|LOLTMNT01_299149,WLDs,complete,eligible
WLDs|LOLTMNT01_299154,WLDs,complete,eligible
WLDs|LOLTMNT01_299160,WLDs,complete,eligible
EM|LOLTMNT04_136457,EM,complete,eligible
EM|LOLTMNT04_135479,EM,complete,eligible
EM|LOLTMNT04_135480,EM,complete,eligible
EM|LOLTMNT04_136458,EM,complete,eligible
EM|LOLTMNT04_136459,EM,complete,eligible
EM|LOLTMNT04_135481,EM,complete,eligible
EM|LOLTMNT04_135483,EM,complete,eligible
EM|LOLTMNT04_136460,EM,complete,eligible
LAS|LOLTMNT01_298391,LAS,complete,eligible
LAS|LOLTMNT01_298392,LAS,complete,eligible
LAS|LOLTMNT01_299363,LAS,complete,eligible
LAS|LOLTMNT01_298399,LAS,complete,eligible
LAS|LOLTMNT01_299370,LAS,complete,eligible
LAS|LOLTMNT01_299369,LAS,complete,eligible
LAS|LOLTMNT01_298415,LAS,complete,eligible
LAS|LOLTMNT01_299383,LAS,complete,eligible
LAS|LOLTMNT01_298416,LAS,complete,eligible
LAS|LOLTMNT01_298418,LAS,complete,eligible
LAS|LOLTMNT01_299388,LAS,complete,eligible
LAS|LOLTMNT01_299391,LAS,complete,eligible
WLDs|LOLTMNT01_298440,WLDs,complete,eligible
LAS|LOLTMNT01_298441,LAS,complete,eligible
LAS|LOLTMNT01_298442,LAS,complete,eligible
WLDs|LOLTMNT01_299401,WLDs,complete,eligible
LAS|LOLTMNT01_298457,LAS,complete,eligible
WLDs|LOLTMNT01_298463,WLDs,complete,eligible
WLDs|LOLTMNT01_298478,WLDs,complete,eligible
LAS|LOLTMNT01_298616,LAS,complete,eligible
LAS|LOLTMNT01_299599,LAS,complete,eligible
LAS|LOLTMNT01_298617,LAS,complete,eligible
LAS|LOLTMNT01_299601,LAS,complete,eligible
LAS|LOLTMNT01_298618,LAS,complete,eligible
LAS|LOLTMNT01_299602,LAS,complete,eligible
LAS|LOLTMNT01_299614,LAS,complete,eligible
LAS|LOLTMNT01_299619,LAS,complete,eligible
LAS|LOLTMNT01_299624,LAS,complete,eligible
LAS|LOLTMNT01_298639,LAS,complete,eligible
LAS|LOLTMNT01_299643,LAS,complete,eligible
WLDs|LOLTMNT01_298640,WLDs,complete,eligible
LAS|LOLTMNT01_298642,LAS,complete,eligible
LAS|LOLTMNT01_298646,LAS,complete,eligible
LAS|LOLTMNT01_299649,LAS,complete,eligible
WLDs|LOLTMNT01_299650,WLDs,complete,eligible
LAS|LOLTMNT01_299653,LAS,complete,eligible
WLDs|LOLTMNT01_298653,WLDs,complete,eligible
LAS|LOLTMNT01_299656,LAS,complete,eligible
WLDs|LOLTMNT01_299677,WLDs,complete,eligible
WLDs|LOLTMNT01_299686,WLDs,complete,eligible
WLDs|LOLTMNT01_299703,WLDs,complete,eligible
EM|LOLTMNT04_136668,EM,complete,eligible
EM|LOLTMNT04_136673,EM,complete,eligible
EM|LOLTMNT04_135686,EM,complete,eligible
EM|LOLTMNT04_135707,EM,complete,eligible
EM|LOLTMNT04_135714,EM,complete,eligible
EM|LOLTMNT04_135720,EM,complete,eligible
WLDs|LOLTMNT01_301255,WLDs,complete,eligible
WLDs|LOLTMNT01_301259,WLDs,complete,eligible
WLDs|LOLTMNT01_301279,WLDs,complete,eligible
WLDs|LOLTMNT01_301282,WLDs,complete,eligible
WLDs|LOLTMNT01_301286,WLDs,complete,eligible
WLDs|LOLTMNT01_301407,WLDs,complete,eligible
WLDs|LOLTMNT01_301409,WLDs,complete,eligible
WLDs|LOLTMNT01_301411,WLDs,complete,eligible
WLDs|LOLTMNT01_301421,WLDs,complete,eligible
WLDs|LOLTMNT01_300439,WLDs,complete,eligible
WLDs|LOLTMNT01_300568,WLDs,complete,eligible
WLDs|LOLTMNT01_301547,WLDs,complete,eligible
WLDs|LOLTMNT01_300584,WLDs,complete,eligible
WLDs|LOLTMNT01_300598,WLDs,complete,eligible
LAS|LOLTMNT01_300729,LAS,complete,eligible
LAS|LOLTMNT01_301739,LAS,complete,eligible
WLDs|LOLTMNT01_300730,WLDs,complete,eligible
LAS|LOLTMNT01_300733,LAS,complete,eligible
LAS|LOLTMNT01_301741,LAS,complete,eligible
WLDs|LOLTMNT01_300740,WLDs,complete,eligible
LAS|LOLTMNT01_301746,LAS,complete,eligible
LAS|LOLTMNT01_300741,LAS,complete,eligible
LAS|LOLTMNT01_301748,LAS,complete,eligible
LAS|LOLTMNT01_301756,LAS,complete,eligible
LAS|LOLTMNT01_301757,LAS,complete,eligible
WLDs|LOLTMNT01_301758,WLDs,complete,eligible
LAS|LOLTMNT01_300758,LAS,complete,eligible
LAS|LOLTMNT01_301764,LAS,complete,eligible
WLDs|LOLTMNT01_300765,WLDs,complete,eligible
LAS|LOLTMNT01_300767,LAS,complete,eligible
WLDs|LOLTMNT01_300771,WLDs,complete,eligible
WLDs|LOLTMNT01_300794,WLDs,complete,eligible
WLDs|LOLTMNT01_301778,WLDs,complete,eligible
LAS|LOLTMNT01_300922,LAS,complete,eligible
LAS|LOLTMNT01_301844,LAS,complete,eligible
LAS|LOLTMNT01_300932,LAS,complete,eligible
LAS|LOLTMNT01_300931,LAS,complete,eligible
LAS|LOLTMNT01_301853,LAS,complete,eligible
LAS|LOLTMNT01_300949,LAS,complete,eligible
LAS|LOLTMNT01_300959,LAS,complete,eligible
LAS|LOLTMNT01_300960,LAS,complete,eligible
LAS|LOLTMNT01_300966,LAS,complete,eligible
LAS|LOLTMNT01_300975,LAS,complete,eligible
WLDs|LOLTMNT01_303065,WLDs,complete,eligible
WLDs|LOLTMNT01_303066,WLDs,complete,eligible
WLDs|LOLTMNT01_303068,WLDs,complete,eligible
WLDs|LOLTMNT01_302140,WLDs,complete,eligible
WLDs|LOLTMNT01_303118,WLDs,complete,eligible
WLDs|LOLTMNT01_303120,WLDs,complete,eligible
WLDs|LOLTMNT01_302189,WLDs,complete,eligible
WLDs|LOLTMNT01_302227,WLDs,complete,eligible
WLDs|LOLTMNT01_303163,WLDs,complete,eligible
WLDs|LOLTMNT01_303164,WLDs,complete,eligible
WLDs|LOLTMNT01_303171,WLDs,complete,eligible
WLDs|LOLTMNT01_303213,WLDs,complete,eligible
WLDs|LOLTMNT01_302251,WLDs,complete,eligible
WLDs|LOLTMNT01_303214,WLDs,complete,eligible
WLDs|LOLTMNT01_303216,WLDs,complete,eligible
WLDs|LOLTMNT01_303219,WLDs,complete,eligible
LAS|LOLTMNT02_322464,LAS,complete,eligible
LAS|LOLTMNT02_321470,LAS,complete,eligible
LAS|LOLTMNT02_321471,LAS,complete,eligible
LAS|LOLTMNT02_321474,LAS,complete,eligible
LAS|LOLTMNT02_322467,LAS,complete,eligible
LAS|LOLTMNT02_321475,LAS,complete,eligible
LAS|LOLTMNT02_322474,LAS,complete,eligible
LAS|LOLTMNT02_321480,LAS,complete,eligible
LAS|LOLTMNT02_322475,LAS,complete,eligible
WLDs|LOLTMNT01_303255,WLDs,complete,eligible
LAS|LOLTMNT02_321486,LAS,complete,eligible
LAS|LOLTMNT02_321487,LAS,complete,eligible
LAS|LOLTMNT02_322485,LAS,complete,eligible
LAS|LOLTMNT02_322487,LAS,complete,eligible
WLDs|LOLTMNT01_303257,WLDs,complete,eligible
LAS|LOLTMNT02_322488,LAS,complete,eligible
LAS|LOLTMNT02_321489,LAS,complete,eligible
WLDs|LOLTMNT01_303258,WLDs,complete,eligible
WLDs|LOLTMNT01_302318,WLDs,complete,eligible
LAS|LOLTMNT02_322626,LAS,complete,eligible
LAS|LOLTMNT02_321630,LAS,complete,eligible
LAS|LOLTMNT02_322627,LAS,complete,eligible
LAS|LOLTMNT02_322628,LAS,complete,eligible
LAS|LOLTMNT02_322629,LAS,complete,eligible
LAS|LOLTMNT02_322630,LAS,complete,eligible
LAS|LOLTMNT02_322632,LAS,complete,eligible
LAS|LOLTMNT02_321632,LAS,complete,eligible
WLDs|LOLTMNT01_303337,WLDs,complete,eligible
WLDs|LOLTMNT01_303341,WLDs,complete,eligible
WLDs|LOLTMNT01_303342,WLDs,complete,eligible
EM|LOLTMNT04_135952,EM,complete,eligible
EM|LOLTMNT04_135954,EM,complete,eligible
EM|LOLTMNT04_135955,EM,complete,eligible
IC|LOLTMNT02_322881,IC,complete,eligible
IC|LOLTMNT02_321864,IC,complete,eligible
IC|LOLTMNT02_321882,IC,complete,eligible
IC|LOLTMNT02_322894,IC,complete,eligible
IC|LOLTMNT02_322900,IC,complete,eligible
IC|LOLTMNT02_323056,IC,complete,eligible
IC|LOLTMNT02_323059,IC,complete,eligible
IC|LOLTMNT02_323070,IC,complete,eligible
IC|LOLTMNT02_323081,IC,complete,eligible
LAS|LOLTMNT02_323286,LAS,complete,eligible
LAS|LOLTMNT02_323292,LAS,complete,eligible
LAS|LOLTMNT02_323301,LAS,complete,eligible
LAS|LOLTMNT02_324238,LAS,complete,eligible
LAS|LOLTMNT02_324267,LAS,complete,eligible
LAS|LOLTMNT02_324287,LAS,complete,eligible
LAS|LOLTMNT02_324299,LAS,complete,eligible
LAS|LOLTMNT02_323521,LAS,complete,eligible
LAS|LOLTMNT02_323526,LAS,complete,eligible
LAS|LOLTMNT02_323543,LAS,complete,eligible
WLDs|LOLTMNT01_307101,WLDs,complete,eligible
LAS|LOLTMNT02_323552,LAS,complete,eligible
WLDs|LOLTMNT01_307103,WLDs,complete,eligible
LAS|LOLTMNT02_323559,LAS,complete,eligible
WLDs|LOLTMNT01_306141,WLDs,complete,eligible
LAS|LOLTMNT02_323565,LAS,complete,eligible
LAS|LOLTMNT02_323567,LAS,complete,eligible
WLDs|LOLTMNT01_307104,WLDs,complete,eligible
WLDs|LOLTMNT01_307105,WLDs,complete,eligible
IC|LOLTMNT03_311507,IC,complete,eligible
IC|LOLTMNT03_311515,IC,complete,eligible
IC|LOLTMNT03_311521,IC,complete,eligible
IC|LOLTMNT03_311528,IC,complete,eligible
IC|LOLTMNT03_313062,IC,complete,eligible
IC|LOLTMNT03_313094,IC,complete,eligible
IC|LOLTMNT03_313122,IC,complete,eligible
IC|LOLTMNT03_313130,IC,complete,eligible
LAS|LOLTMNT02_325093,LAS,complete,eligible
LAS|LOLTMNT02_325094,LAS,complete,eligible
LAS|LOLTMNT02_326074,LAS,complete,eligible
LAS|LOLTMNT02_325098,LAS,complete,eligible
LAS|LOLTMNT02_325102,LAS,complete,eligible
LAS|LOLTMNT02_325103,LAS,complete,eligible
LAS|LOLTMNT02_326096,LAS,complete,eligible
LAS|LOLTMNT02_326101,LAS,complete,eligible
LAS|LOLTMNT02_325124,LAS,complete,eligible
LAS|LOLTMNT02_326107,LAS,complete,eligible
LAS|LOLTMNT02_325133,LAS,complete,eligible
LAS|LOLTMNT02_325137,LAS,complete,eligible
LAS|LOLTMNT02_325138,LAS,complete,eligible
LAS|LOLTMNT02_326112,LAS,complete,eligible
IC|LOLTMNT03_320021,IC,complete,eligible
IC|LOLTMNT03_320029,IC,complete,eligible
IC|LOLTMNT03_322018,IC,complete,eligible
IC|LOLTMNT03_323002,IC,complete,eligible
IC|LOLTMNT03_323053,IC,complete,eligible
IC|LOLTMNT03_322059,IC,complete,eligible
IC|LOLTMNT03_322062,IC,complete,eligible
IC|LOLTMNT03_323124,IC,complete,eligible
IC|LOLTMNT03_323128,IC,complete,eligible
IC|LOLTMNT03_323130,IC,complete,eligible
IC|LOLTMNT03_323132,IC,complete,eligible
KeSPA|LOLTMNT02_337126,KeSPA,complete,eligible
KeSPA|LOLTMNT02_337145,KeSPA,complete,eligible
KeSPA|LOLTMNT02_338071,KeSPA,complete,eligible
KeSPA|LOLTMNT02_338092,KeSPA,complete,eligible
KeSPA|LOLTMNT02_338099,KeSPA,complete,eligible
KeSPA|LOLTMNT02_337177,KeSPA,complete,eligible
KeSPA|LOLTMNT02_337190,KeSPA,complete,eligible
KeSPA|LOLTMNT02_338157,KeSPA,complete,eligible
KeSPA|LOLTMNT02_337219,KeSPA,complete,eligible
KeSPA|LOLTMNT02_337337,KeSPA,complete,eligible
KeSPA|LOLTMNT02_338246,KeSPA,complete,eligible
KeSPA|LOLTMNT02_338256,KeSPA,complete,eligible
KeSPA|LOLTMNT02_337357,KeSPA,complete,eligible
KeSPA|LOLTMNT02_337369,KeSPA,complete,eligible
KeSPA|LOLTMNT02_337377,KeSPA,complete,eligible
KeSPA|LOLTMNT02_337388,KeSPA,complete,eligible
KeSPA|LOLTMNT02_337395,KeSPA,complete,eligible
KeSPA|LOLTMNT02_337403,KeSPA,complete,eligible
KeSPA|LOLTMNT02_338377,KeSPA,complete,eligible
KeSPA|LOLTMNT02_338392,KeSPA,complete,eligible
KeSPA|LOLTMNT02_337468,KeSPA,complete,eligible
KeSPA|LOLTMNT02_337473,KeSPA,complete,eligible
KeSPA|LOLTMNT02_337489,KeSPA,complete,eligible
KeSPA|LOLTMNT02_338424,KeSPA,complete,eligible
KeSPA|LOLTMNT02_337503,KeSPA,complete,eligible
KeSPA|LOLTMNT02_338452,KeSPA,complete,eligible
KeSPA|LOLTMNT02_337548,KeSPA,complete,eligible
KeSPA|LOLTMNT02_337552,KeSPA,complete,eligible
KeSPA|LOLTMNT02_338508,KeSPA,complete,eligible
KeSPA|LOLTMNT02_337559,KeSPA,complete,eligible
KeSPA|LOLTMNT02_338512,KeSPA,complete,eligible
KeSPA|LOLTMNT02_338519,KeSPA,complete,eligible
KeSPA|LOLTMNT02_338521,KeSPA,complete,eligible
KeSPA|LOLTMNT02_338572,KeSPA,complete,eligible
KeSPA|LOLTMNT02_337613,KeSPA,complete,eligible
KeSPA|LOLTMNT02_338576,KeSPA,complete,eligible
KeSPA|LOLTMNT02_338587,KeSPA,complete,eligible
KeSPA|LOLTMNT02_338588,KeSPA,complete,eligible
KeSPA|LOLTMNT02_338589,KeSPA,complete,eligible
KeSPA|LOLTMNT02_337638,KeSPA,complete,eligible
KeSPA|LOLTMNT02_338592,KeSPA,complete,eligible
KeSPA|LOLTMNT02_338624,KeSPA,complete,eligible
KeSPA|LOLTMNT02_338639,KeSPA,complete,eligible
KeSPA|LOLTMNT02_338647,KeSPA,complete,eligible
KeSPA|LOLTMNT02_338648,KeSPA,complete,eligible
KeSPA|LOLTMNT02_337686,KeSPA,complete,eligible
KeSPA|LOLTMNT02_338685,KeSPA,complete,eligible
KeSPA|LOLTMNT02_337729,KeSPA,complete,eligible
KeSPA|LOLTMNT02_337744,KeSPA,complete,eligible
KeSPA|LOLTMNT02_338710,KeSPA,complete,eligible
KeSPA|LOLTMNT02_338712,KeSPA,complete,eligible
KeSPA|LOLTMNT02_337782,KeSPA,complete,eligible
KeSPA|LOLTMNT02_338735,KeSPA,complete,eligible
KeSPA|LOLTMNT02_338736,KeSPA,complete,eligible
KeSPA|LOLTMNT02_338737,KeSPA,complete,eligible
KeSPA|LOLTMNT02_338739,KeSPA,complete,eligible
DCup|13021-13021_game_1,DCup,partial,not_complete
DCup|13021-13021_game_3,DCup,partial,not_complete
DCup|13023-13023_game_1,DCup,partial,not_complete
DCup|LOLTMNT03_326992,DCup,complete,eligible
DCup|LOLTMNT03_328619,DCup,complete,eligible
DCup|LOLTMNT03_328631,DCup,complete,eligible
DCup|LOLTMNT03_328645,DCup,complete,eligible
DCup|LOLTMNT03_329137,DCup,complete,eligible
DCup|LOLTMNT03_328772,DCup,complete,eligible
DCup|LOLTMNT03_328788,DCup,complete,eligible
DCup|LOLTMNT03_328796,DCup,complete,eligible
DCup|LOLTMNT03_329164,DCup,complete,eligible
DCup|LOLTMNT03_329166,DCup,complete,eligible
DCup|LOLTMNT03_328811,DCup,complete,eligible
DCup|LOLTMNT03_328820,DCup,complete,eligible
DCup|LOLTMNT03_328894,DCup,complete,eligible
DCup|LOLTMNT03_329235,DCup,complete,eligible
DCup|LOLTMNT03_328913,DCup,complete,eligible
DCup|LOLTMNT03_329258,DCup,complete,eligible
DCup|LOLTMNT03_328935,DCup,complete,eligible
DCup|LOLTMNT03_328953,DCup,complete,eligible
DCup|LOLTMNT03_329297,DCup,complete,eligible
DCup|LOLTMNT03_329421,DCup,complete,eligible
DCup|LOLTMNT03_329433,DCup,complete,eligible
DCup|LOLTMNT03_330149,DCup,complete,eligible
DCup|LOLTMNT03_330181,DCup,complete,eligible
DCup|LOLTMNT03_330187,DCup,complete,eligible
DCup|LOLTMNT03_330205,DCup,complete,eligible
DCup|LOLTMNT03_329667,DCup,complete,eligible
DCup|LOLTMNT03_330395,DCup,complete,eligible
DCup|LOLTMNT03_329689,DCup,complete,eligible
DCup|LOLTMNT03_329706,DCup,complete,eligible
DCup|LOLTMNT03_329768,DCup,complete,eligible
DCup|LOLTMNT03_329850,DCup,complete,eligible
DCup|LOLTMNT03_329857,DCup,complete,eligible
DCup|LOLTMNT03_329962,DCup,complete,eligible
DCup|LOLTMNT03_330600,DCup,complete,eligible
DCup|LOLTMNT03_330613,DCup,complete,eligible
DCup|LOLTMNT03_330639,DCup,complete,eligible
DCup|LOLTMNT03_330645,DCup,complete,eligible
DCup|LOLTMNT03_330651,DCup,complete,eligible
DCup|LOLTMNT03_329985,DCup,complete,eligible
DCup|LOLTMNT03_331032,DCup,complete,eligible
DCup|LOLTMNT03_330726,DCup,complete,eligible
DCup|LOLTMNT03_330734,DCup,complete,eligible
DCup|LOLTMNT03_330737,DCup,complete,eligible
DCup|LOLTMNT03_330743,DCup,complete,eligible
DCup|LOLTMNT03_331048,DCup,complete,eligible
DCup|LOLTMNT03_331149,DCup,complete,eligible
DCup|LOLTMNT03_331154,DCup,complete,eligible
DCup|LOLTMNT03_331168,DCup,complete,eligible
DCup|LOLTMNT03_330858,DCup,complete,eligible
DCup|LOLTMNT03_330866,DCup,complete,eligible
DCup|LOLTMNT03_331178,DCup,complete,eligible
DCup|LOLTMNT03_331217,DCup,complete,eligible
DCup|LOLTMNT03_331221,DCup,complete,eligible
DCup|LOLTMNT03_331232,DCup,complete,eligible
DCup|LOLTMNT03_331238,DCup,complete,eligible
DCup|LOLTMNT03_331240,DCup,complete,eligible
DCup|LOLTMNT03_331251,DCup,complete,eligible
DCup|LOLTMNT03_331254,DCup,complete,eligible
DCup|LOLTMNT03_331280,DCup,complete,eligible
DCup|LOLTMNT03_331281,DCup,complete,eligible
DCup|LOLTMNT03_331302,DCup,complete,eligible
DCup|LOLTMNT03_330975,DCup,complete,eligible
DCup|LOLTMNT03_330976,DCup,complete,eligible
DCup|LOLTMNT03_331452,DCup,complete,eligible
DCup|LOLTMNT03_331453,DCup,complete,eligible
DCup|LOLTMNT03_331455,DCup,complete,eligible
DCup|LOLTMNT03_331457,DCup,complete,eligible
DCup|LOLTMNT03_331477,DCup,complete,eligible
DCup|LOLTMNT03_331478,DCup,complete,eligible
DCup|LOLTMNT03_331479,DCup,complete,eligible
DCup|LOLTMNT03_331481,DCup,complete,eligible
DCup|LOLTMNT03_331482,DCup,complete,eligible
DCup|LOLTMNT03_332178,DCup,complete,eligible
DCup|LOLTMNT03_331511,DCup,complete,eligible
DCup|LOLTMNT03_332179,DCup,complete,eligible
